user_id,order_id,order_value,order_date,delivery_pincode
U000001,O000001,2240.18,2025-10-01,106885
U000002,O000002,2248.29,2025-10-01,504056
U000002,O000003,2239.03,2025-10-01,504056
U000003,O000004,2249.6,2025-10-02,158186
U000004,O000005,2234.14,2025-10-02,638505
U000005,O000006,2238.71,2025-10-03,737036
U000005,O000007,2240.01,2025-10-04,737036
U000006,O000008,2241.46,2025-10-02,205839
U000007,O000009,2251.61,2025-10-03,810913
U000007,O000010,2259.18,2025-10-03,810913
U000008,O000011,2252.21,2025-10-02,750011
U000009,O000012,1440.5,2026-04-30,169667
U000010,O000013,1441.29,2026-05-02,644458
U000010,O000014,1420.44,2026-05-02,644458
U000011,O000015,1424.62,2026-05-02,272846
U000012,O000016,1442.32,2026-04-30,326540
U000013,O000017,1424.2,2026-05-01,729419
U000014,O000018,1425.51,2026-05-01,629392
U000014,O000019,1427.92,2026-05-02,629392
U000015,O000020,1268.91,2026-05-25,102803
U000016,O000021,1255.25,2026-05-23,588204
U000017,O000022,1273.22,2026-05-22,522192
U000017,O000023,1269.34,2026-05-23,522192
U000018,O000024,1260.12,2026-05-23,898077
U000018,O000025,1268.83,2026-05-23,898077
U000019,O000026,1275.14,2026-05-23,613868
U000019,O000027,1268.07,2026-05-23,613868
U000020,O000028,1252.39,2026-05-25,135287
U000021,O000029,1249.67,2026-05-23,496479
U000021,O000030,1266.48,2026-05-24,496479
U000022,O000031,1594.28,2026-07-02,615451
U000022,O000032,1613.87,2026-07-03,615451
U000023,O000033,1618.25,2026-07-02,697969
U000023,O000034,1610.08,2026-07-02,697969
U000024,O000035,1612.7,2026-07-01,506321
U000025,O000036,1616.26,2026-07-01,133887
U000025,O000037,1619.42,2026-07-01,133887
U000026,O000038,1621.34,2026-07-01,561270
U000026,O000039,1606.78,2026-07-02,561270
U000027,O000040,961.56,2026-01-28,520233
U000028,O000041,982.12,2026-01-30,494272
U000029,O000042,970.44,2026-01-31,374963
U000030,O000043,968.27,2026-01-28,363112
U000030,O000044,979.31,2026-01-29,363112
U000031,O000045,965.66,2026-01-30,507158
U000031,O000046,957.95,2026-01-31,507158
U000032,O000047,977.98,2026-01-30,730980
U000033,O000048,969.22,2026-01-29,657681
U000034,O000049,981.62,2026-01-30,356842
U000034,O000050,970.65,2026-01-30,356842
U000035,O000051,759.61,2025-09-18,819558
U000036,O000052,758.85,2025-09-17,344198
U000036,O000053,767.92,2025-09-17,344198
U000037,O000054,755.89,2025-09-18,467739
U000038,O000055,763.21,2025-09-17,804162
U000038,O000056,769.34,2025-09-17,804162
U000039,O000057,781.11,2025-09-18,179727
U000040,O000058,768.3,2025-09-18,698612
U000040,O000059,760.29,2025-09-18,698612
U000041,O000060,780.76,2025-09-17,842133
U000041,O000061,780.82,2025-09-18,842133
U000042,O000062,764.95,2025-09-19,476286
U000042,O000063,774.4,2025-09-19,476286
U000043,O000064,778.01,2025-09-19,503216
U000044,O000065,772.18,2025-09-17,364704
U000044,O000066,760.35,2025-09-18,364704
U000045,O000067,783.6,2025-09-17,631214
U000045,O000068,771.33,2025-09-18,631214
U000046,O000069,756.19,2025-09-17,421832
U000047,O000070,762.61,2025-09-16,544023
U000048,O000071,782.11,2025-09-18,569399
U000048,O000072,781.9,2025-09-19,569399
U000049,O000073,2386.9,2025-10-18,470528
U000049,O000074,2385.21,2025-10-19,470528
U000050,O000075,2377.55,2025-10-19,705545
U000051,O000076,2370.96,2025-10-19,127805
U000051,O000077,2364.79,2025-10-19,127805
U000052,O000078,2363.82,2025-10-20,211368
U000053,O000079,601.33,2026-07-22,151249
U000053,O000080,610.49,2026-07-22,151249
U000054,O000081,606.89,2026-07-21,198721
U000054,O000082,583.47,2026-07-21,198721
U000055,O000083,601.13,2026-07-21,358853
U000055,O000084,602.41,2026-07-21,358853
U000056,O000085,585.66,2026-07-23,668042
U000056,O000086,598.3,2026-07-24,668042
U000057,O000087,2092.91,2026-05-05,587961
U000057,O000088,2107.85,2026-05-06,587961
U000058,O000089,2111.34,2026-05-06,644021
U000058,O000090,2101.89,2026-05-07,644021
U000059,O000091,2108.55,2026-05-07,892352
U000059,O000092,2088.18,2026-05-07,892352
U000060,O000093,2089.24,2026-05-06,361523
U000060,O000094,2092.57,2026-05-06,361523
U000061,O000095,2100.37,2026-05-06,346422
U000061,O000096,2101.34,2026-05-06,346422
U000062,O000097,2092.7,2026-05-07,898435
U000063,O000098,2088.35,2026-05-05,692517
U000063,O000099,2105.79,2026-05-05,692517
U000064,O000100,2112.95,2026-05-06,888010
U000065,O000101,2103.95,2026-05-05,393177
U000066,O000102,2107.88,2026-05-06,380411
U000066,O000103,2090.02,2026-05-07,380411
U000067,O000104,2099.49,2026-05-07,640737
U000068,O000105,2093.19,2026-05-05,664455
U000069,O000106,2108.25,2026-05-05,647158
U000069,O000107,2109.38,2026-05-05,647158
U000070,O000108,2011.64,2026-04-12,821624
U000071,O000109,1998.32,2026-04-13,676244
U000071,O000110,1988.79,2026-04-13,676244
U000072,O000111,1989.8,2026-04-12,592151
U000073,O000112,2007.91,2026-04-13,217293
U000074,O000113,1994.55,2026-04-11,859783
U000075,O000114,2012.66,2026-04-14,533552
U000075,O000115,2007.67,2026-04-15,533552
U000076,O000116,2009.58,2026-04-12,262720
U000077,O000117,2007.06,2026-04-11,568295
U000077,O000118,2005.14,2026-04-12,568295
U000078,O000119,1990.02,2026-04-11,671612
U000079,O000120,289.02,2025-12-13,603867
U000079,O000121,299.81,2025-12-14,603867
U000080,O000122,276.88,2025-12-13,524140
U000081,O000123,272.0,2025-12-12,433890
U000081,O000124,281.13,2025-12-13,433890
U000082,O000125,283.68,2025-12-12,237807
U000083,O000126,280.29,2025-12-12,100473
U000083,O000127,291.55,2025-12-13,100473
U000084,O000128,297.19,2025-12-12,889367
U000085,O000129,292.33,2025-12-12,669177
U000086,O000130,294.06,2025-12-11,788187
U000087,O000131,281.64,2025-12-11,596356
U000088,O000132,274.63,2025-12-11,112203
U000089,O000133,287.38,2025-12-12,386306
U000090,O000134,293.36,2025-12-12,410158
U000090,O000135,276.15,2025-12-13,410158
U000091,O000136,271.88,2025-12-11,473282
U000092,O000137,284.75,2025-12-13,689668
U000092,O000138,288.38,2025-12-14,689668
U000093,O000139,280.62,2025-12-12,205900
U000093,O000140,298.34,2025-12-13,205900
U000094,O000141,2334.34,2025-10-23,457241
U000094,O000142,2306.88,2025-10-24,457241
U000095,O000143,2321.79,2025-10-24,398397
U000095,O000144,2308.86,2025-10-25,398397
U000096,O000145,2317.88,2025-10-22,749298
U000097,O000146,2307.68,2025-10-23,607692
U000097,O000147,2331.12,2025-10-23,607692
U000098,O000148,2326.69,2025-10-22,722155
U000099,O000149,2318.55,2025-10-22,299617
U000100,O000150,2308.04,2025-10-24,227218
U000101,O000151,2306.14,2025-10-24,361854
U000101,O000152,2316.42,2025-10-24,361854
U000102,O000153,2335.62,2025-10-23,511573
U000102,O000154,2326.96,2025-10-23,511573
U000103,O000155,2335.46,2025-10-24,166383
U000104,O000156,1157.3,2026-03-11,157508
U000105,O000157,1162.25,2026-03-11,794683
U000106,O000158,1168.92,2026-03-12,541270
U000107,O000159,1158.67,2026-03-12,806939
U000108,O000160,1170.78,2026-03-10,342112
U000109,O000161,1153.55,2026-03-12,418488
U000109,O000162,1169.87,2026-03-13,418488
U000110,O000163,1153.74,2026-03-09,684401
U000110,O000164,1153.13,2026-03-09,684401
U000111,O000165,1159.78,2026-03-12,332336
U000111,O000166,1159.22,2026-03-12,332336
U000112,O000167,1169.33,2026-03-10,367547
U000113,O000168,1154.34,2026-03-12,134109
U000114,O000169,1166.37,2026-03-11,631890
U000114,O000170,1155.45,2026-03-12,631890
U000115,O000171,1168.29,2026-03-10,738852
U000116,O000172,410.26,2025-10-03,296812
U000117,O000173,423.98,2025-10-05,303927
U000118,O000174,412.94,2025-10-05,174508
U000119,O000175,417.82,2025-10-05,450885
U000120,O000176,433.21,2025-10-04,172889
U000121,O000177,416.94,2025-10-04,404085
U000122,O000178,414.1,2025-10-06,130194
U000123,O000179,1932.46,2025-10-01,558490
U000123,O000180,1939.2,2025-10-02,558490
U000124,O000181,1923.88,2025-10-01,644695
U000124,O000182,1926.14,2025-10-02,644695
U000125,O000183,1926.41,2025-09-30,328040
U000125,O000184,1932.88,2025-10-01,328040
U000126,O000185,1936.54,2025-09-30,823364
U000127,O000186,1925.38,2025-10-01,178464
U000128,O000187,1933.05,2025-09-30,735968
U000129,O000188,1926.07,2025-09-29,716340
U000130,O000189,1923.9,2025-09-30,609358
U000130,O000190,1950.58,2025-10-01,609358
U000131,O000191,1942.83,2025-10-01,108731
U000132,O000192,1930.74,2025-10-01,727706
U000132,O000193,1936.48,2025-10-02,727706
U000133,O000194,1939.36,2025-10-01,516854
U000134,O000195,1926.57,2025-09-30,133082
U000135,O000196,1936.07,2025-10-02,758061
U000135,O000197,1940.52,2025-10-03,758061
U000136,O000198,1941.57,2025-09-30,786619
U000136,O000199,1933.26,2025-09-30,786619
U000137,O000200,1933.41,2025-10-01,684734
U000137,O000201,1922.68,2025-10-02,684734
U000138,O000202,362.99,2026-05-05,397342
U000139,O000203,386.72,2026-05-06,890581
U000139,O000204,385.8,2026-05-07,890581
U000140,O000205,363.13,2026-05-05,492591
U000141,O000206,364.38,2026-05-03,719274
U000141,O000207,385.69,2026-05-04,719274
U000142,O000208,368.32,2026-05-06,600561
U000143,O000209,359.25,2026-05-06,759684
U000144,O000210,369.08,2026-05-04,456250
U000145,O000211,358.23,2026-05-05,634770
U000146,O000212,368.8,2026-05-04,474576
U000147,O000213,366.25,2026-05-06,790628
U000148,O000214,376.73,2026-05-06,124957
U000148,O000215,376.26,2026-05-07,124957
U000149,O000216,795.3,2025-12-01,651960
U000149,O000217,789.22,2025-12-02,651960
U000150,O000218,777.23,2025-12-01,466340
U000151,O000219,791.6,2025-12-01,534501
U000152,O000220,793.74,2025-11-30,179211
U000152,O000221,801.34,2025-12-01,179211
U000153,O000222,797.61,2025-12-01,762261
U000154,O000223,787.66,2025-12-01,504104
U000155,O000224,775.58,2025-12-01,191730
U000156,O000225,800.11,2025-12-01,108115
U000157,O000226,792.66,2025-12-01,787047
U000158,O000227,796.59,2025-12-01,468861
U000159,O000228,292.91,2026-02-24,841853
U000160,O000229,317.23,2026-02-24,698353
U000160,O000230,310.0,2026-02-25,698353
U000161,O000231,313.72,2026-02-26,479420
U000161,O000232,301.04,2026-02-26,479420
U000162,O000233,310.83,2026-02-26,429312
U000162,O000234,318.8,2026-02-27,429312
U000163,O000235,299.67,2026-02-26,710602
U000164,O000236,307.62,2026-02-24,493959
U000165,O000237,298.31,2026-02-26,750434
U000165,O000238,308.04,2026-02-27,750434
U000166,O000239,293.23,2026-02-26,724641
U000166,O000240,306.07,2026-02-26,724641
U000167,O000241,296.24,2026-02-26,862089
U000167,O000242,318.11,2026-02-27,862089
U000168,O000243,309.09,2026-02-25,609789
U000169,O000244,2123.83,2026-01-19,467880
U000170,O000245,2125.45,2026-01-18,567346
U000171,O000246,2136.41,2026-01-18,865065
U000172,O000247,2144.82,2026-01-20,636800
U000172,O000248,2122.78,2026-01-21,636800
U000173,O000249,2149.9,2026-01-18,509111
U000173,O000250,2134.28,2026-01-19,509111
U000174,O000251,2141.85,2026-01-19,677105
U000175,O000252,2144.22,2026-01-19,777970
U000176,O000253,2150.29,2026-01-20,801714
U000177,O000254,2150.93,2026-01-20,638376
U000177,O000255,2150.31,2026-01-21,638376
U000178,O000256,2124.87,2026-01-20,302345
U000178,O000257,2126.82,2026-01-21,302345
U000179,O000258,2131.13,2026-01-20,690556
U000179,O000259,2130.86,2026-01-21,690556
U000180,O000260,2132.28,2026-01-20,126092
U000181,O000261,2138.07,2026-04-14,725095
U000182,O000262,2123.7,2026-04-16,230962
U000182,O000263,2139.94,2026-04-16,230962
U000183,O000264,2128.06,2026-04-16,176651
U000184,O000265,2145.3,2026-04-17,640650
U000184,O000266,2136.28,2026-04-18,640650
U000185,O000267,2124.84,2026-04-17,152994
U000186,O000268,2146.41,2026-04-17,253602
U000186,O000269,2119.52,2026-04-18,253602
U000187,O000270,2140.48,2026-04-15,159188
U000187,O000271,2146.58,2026-04-15,159188
U000188,O000272,2124.97,2026-04-16,223766
U000189,O000273,2119.14,2026-04-15,856233
U000189,O000274,2139.65,2026-04-15,856233
U000190,O000275,2123.24,2026-04-17,392983
U000191,O000276,2143.46,2026-04-17,609870
U000191,O000277,2141.33,2026-04-17,609870
U000192,O000278,2120.23,2026-04-15,595555
U000192,O000279,2145.15,2026-04-16,595555
U000193,O000280,2120.99,2026-04-16,176266
U000194,O000281,812.31,2026-04-08,528039
U000194,O000282,814.43,2026-04-09,528039
U000195,O000283,813.06,2026-04-09,375242
U000195,O000284,803.39,2026-04-10,375242
U000196,O000285,829.72,2026-04-08,478095
U000196,O000286,803.05,2026-04-08,478095
U000197,O000287,827.95,2026-04-08,670371
U000198,O000288,806.99,2026-04-08,182536
U000198,O000289,808.5,2026-04-09,182536
U000199,O000290,807.0,2026-04-08,789670
U000200,O000291,819.2,2026-04-08,354849
U000201,O000292,823.02,2026-04-09,658288
U000201,O000293,817.08,2026-04-10,658288
U000202,O000294,803.27,2026-04-08,495062
U000202,O000295,813.0,2026-04-09,495062
U000203,O000296,810.48,2026-04-08,654380
U000203,O000297,827.13,2026-04-08,654380
U000204,O000298,816.1,2026-04-09,349496
U000205,O000299,809.18,2026-04-07,352316
U000205,O000300,828.21,2026-04-07,352316
U000206,O000301,826.71,2026-04-09,691958
U000207,O000302,1433.96,2026-02-28,153410
U000207,O000303,1441.6,2026-03-01,153410
U000208,O000304,1434.51,2026-03-03,591254
U000209,O000305,1449.24,2026-03-01,604636
U000209,O000306,1438.07,2026-03-01,604636
U000210,O000307,1440.13,2026-03-02,795562
U000210,O000308,1425.79,2026-03-02,795562
U000211,O000309,1431.89,2026-02-28,804679
U000211,O000310,1436.26,2026-03-01,804679
U000212,O000311,1438.62,2026-02-28,237589
U000212,O000312,1436.36,2026-02-28,237589
U000213,O000313,1434.1,2026-03-01,879832
U000214,O000314,1453.13,2026-03-02,445617
U000214,O000315,1427.51,2026-03-02,445617
U000215,O000316,1441.88,2026-03-01,167944
U000215,O000317,1431.15,2026-03-01,167944
U000216,O000318,862.13,2025-12-27,651561
U000217,O000319,872.89,2025-12-26,583693
U000217,O000320,877.43,2025-12-27,583693
U000218,O000321,886.79,2025-12-27,418900
U000218,O000322,884.02,2025-12-28,418900
U000219,O000323,882.94,2025-12-27,160485
U000220,O000324,865.83,2025-12-26,798032
U000220,O000325,878.8,2025-12-26,798032
U000221,O000326,878.63,2025-12-26,195778
U000222,O000327,863.47,2025-12-25,513113
U000223,O000328,1623.45,2026-04-04,793710
U000223,O000329,1635.07,2026-04-04,793710
U000224,O000330,1649.94,2026-04-05,401746
U000224,O000331,1639.52,2026-04-06,401746
U000225,O000332,1629.24,2026-04-05,763009
U000225,O000333,1646.17,2026-04-06,763009
U000226,O000334,1623.57,2026-04-05,172391
U000226,O000335,1640.09,2026-04-06,172391
U000227,O000336,1641.11,2026-04-05,158331
U000228,O000337,1627.08,2026-04-05,516611
U000228,O000338,1647.98,2026-04-06,516611
U000229,O000339,1623.36,2026-04-04,885099
U000229,O000340,1640.69,2026-04-05,885099
U000230,O000341,1643.72,2026-04-04,150712
U000230,O000342,1641.9,2026-04-04,150712
U000231,O000343,1640.43,2026-04-03,899430
U000231,O000344,1651.19,2026-04-04,899430
U000232,O000345,1643.03,2026-04-04,898975
U000233,O000346,1637.07,2026-04-04,569252
U000234,O000347,1624.56,2026-04-06,187434
U000234,O000348,1651.48,2026-04-06,187434
U000235,O000349,2135.18,2026-07-18,305624
U000236,O000350,2112.48,2026-07-19,876616
U000236,O000351,2133.48,2026-07-19,876616
U000237,O000352,2123.07,2026-07-17,103657
U000237,O000353,2116.68,2026-07-18,103657
U000238,O000354,2120.81,2026-07-18,108494
U000239,O000355,2128.6,2026-07-18,835184
U000240,O000356,2125.95,2026-07-17,450548
U000240,O000357,2127.35,2026-07-17,450548
U000241,O000358,1164.66,2026-06-15,417055
U000242,O000359,1171.04,2026-06-17,696469
U000243,O000360,1171.58,2026-06-17,732241
U000243,O000361,1165.57,2026-06-17,732241
U000244,O000362,1147.84,2026-06-15,131802
U000244,O000363,1170.23,2026-06-16,131802
U000245,O000364,1673.45,2026-07-13,303482
U000246,O000365,1680.94,2026-07-14,423502
U000246,O000366,1668.96,2026-07-14,423502
U000247,O000367,1663.89,2026-07-12,656507
U000248,O000368,1660.35,2026-07-14,474755
U000249,O000369,1681.17,2026-07-14,821326
U000249,O000370,1670.56,2026-07-15,821326
U000250,O000371,1675.78,2026-07-12,758679
U000251,O000372,266.9,2026-01-02,635579
U000251,O000373,283.04,2026-01-02,635579
U000252,O000374,272.04,2026-01-02,254447
U000252,O000375,273.34,2026-01-03,254447
U000253,O000376,288.22,2026-01-03,494331
U000254,O000377,295.01,2026-01-04,206036
U000254,O000378,291.93,2026-01-05,206036
U000255,O000379,281.5,2026-01-05,719140
U000255,O000380,289.58,2026-01-05,719140
U000256,O000381,269.69,2026-01-04,706896
U000257,O000382,273.05,2026-01-03,169590
U000257,O000383,272.35,2026-01-04,169590
U000258,O000384,269.13,2026-01-02,593426
U000258,O000385,285.16,2026-01-02,593426
U000259,O000386,267.55,2026-01-02,563454
U000260,O000387,291.87,2026-01-03,590409
U000261,O000388,1757.15,2026-03-24,837030
U000262,O000389,1752.96,2026-03-25,749052
U000263,O000390,1750.33,2026-03-25,857034
U000263,O000391,1762.69,2026-03-26,857034
U000264,O000392,2357.95,2026-06-10,356707
U000264,O000393,2367.24,2026-06-10,356707
U000265,O000394,2353.88,2026-06-11,764526
U000265,O000395,2356.67,2026-06-12,764526
U000266,O000396,2357.61,2026-06-09,208030
U000266,O000397,2354.3,2026-06-10,208030
U000267,O000398,151.33,2026-05-09,493491
U000268,O000399,167.94,2026-05-10,542119
U000269,O000400,169.03,2026-05-08,702394
U000269,O000401,167.93,2026-05-09,702394
U000270,O000402,177.47,2026-05-10,322496
U000270,O000403,171.33,2026-05-11,322496
U000271,O000404,172.98,2026-05-10,345993
U000272,O000405,167.52,2026-05-11,599825
U000273,O000406,1192.42,2025-11-16,295513
U000274,O000407,1172.89,2025-11-16,148343
U000274,O000408,1174.05,2025-11-16,148343
U000275,O000409,1170.51,2025-11-15,439531
U000275,O000410,1191.9,2025-11-16,439531
U000276,O000411,1168.29,2025-11-15,274004
U000276,O000412,1179.07,2025-11-16,274004
U000277,O000413,1167.27,2025-11-14,871905
U000277,O000414,1186.5,2025-11-15,871905
U000278,O000415,1181.18,2025-11-14,392191
U000278,O000416,1172.23,2025-11-15,392191
U000279,O000417,1168.53,2025-11-14,809534
U000279,O000418,1187.59,2025-11-14,809534
U000280,O000419,585.0,2026-06-26,819437
U000280,O000420,583.04,2026-06-27,819437
U000281,O000421,598.67,2026-06-25,140697
U000282,O000422,584.26,2026-06-25,118101
U000283,O000423,595.53,2026-06-26,130031
U000284,O000424,610.71,2026-06-24,817818
U000285,O000425,601.79,2026-06-27,147035
U000285,O000426,599.09,2026-06-28,147035
U000286,O000427,609.9,2026-06-25,251064
U000287,O000428,601.96,2026-06-26,831619
U000288,O000429,606.91,2026-06-26,467706
U000288,O000430,603.19,2026-06-27,467706
U000289,O000431,585.56,2026-06-24,248946
U000289,O000432,589.45,2026-06-25,248946
U000290,O000433,597.35,2026-06-27,245099
U000290,O000434,586.23,2026-06-27,245099
U000291,O000435,597.37,2026-06-24,607185
U000291,O000436,610.13,2026-06-24,607185
U000292,O000437,600.85,2026-06-25,814874
U000293,O000438,603.93,2026-06-27,456546
U000294,O000439,433.64,2025-11-28,740945
U000295,O000440,438.83,2025-11-26,418255
U000295,O000441,421.39,2025-11-27,418255
U000296,O000442,434.14,2025-11-27,745765
U000297,O000443,441.87,2025-11-29,635009
U000298,O000444,433.66,2025-11-29,866544
U000299,O000445,436.89,2025-11-28,245274
U000299,O000446,443.11,2025-11-29,245274
U000300,O000447,746.6,2026-03-25,626112
U000301,O000448,735.72,2026-03-25,289626
U000302,O000449,754.63,2026-03-27,237442
U000302,O000450,736.59,2026-03-27,237442
U000303,O000451,751.09,2026-03-28,103369
U000304,O000452,748.68,2026-03-28,127385
U000305,O000453,2313.71,2026-04-16,287331
U000305,O000454,2316.95,2026-04-16,287331
U000306,O000455,2333.08,2026-04-16,105172
U000306,O000456,2306.34,2026-04-17,105172
U000307,O000457,2314.99,2026-04-17,824429
U000308,O000458,2311.22,2026-04-17,196400
U000309,O000459,2332.67,2026-04-17,272838
U000310,O000460,2310.52,2026-04-15,877192
U000311,O000461,441.03,2025-09-19,115587
U000312,O000462,443.97,2025-09-19,284705
U000312,O000463,447.73,2025-09-20,284705
U000313,O000464,435.23,2025-09-20,512549
U000313,O000465,446.04,2025-09-20,512549
U000314,O000466,455.26,2025-09-19,870362
U000315,O000467,428.99,2025-09-18,288229
U000316,O000468,437.11,2025-09-18,757383
U000316,O000469,443.31,2025-09-19,757383
U000317,O000470,438.51,2025-09-19,753114
U000317,O000471,453.94,2025-09-20,753114
U000318,O000472,439.18,2025-09-20,188947
U000318,O000473,447.18,2025-09-20,188947
U000319,O000474,435.47,2025-09-19,601764
U000320,O000475,446.88,2025-09-19,420867
U000320,O000476,434.4,2025-09-19,420867
U000321,O000477,442.77,2025-09-19,341413
U000321,O000478,431.6,2025-09-19,341413
U000322,O000479,455.46,2025-09-20,453337
U000323,O000480,429.53,2025-09-18,246303
U000323,O000481,449.46,2025-09-19,246303
U000324,O000482,1710.24,2026-03-28,630732
U000324,O000483,1684.08,2026-03-29,630732
U000325,O000484,1706.37,2026-03-30,659775
U000326,O000485,1685.31,2026-03-27,168056
U000327,O000486,1696.19,2026-03-26,284806
U000328,O000487,1688.29,2026-03-28,173330
U000329,O000488,1697.05,2026-03-29,778340
U000330,O000489,1704.13,2026-03-26,221983
U000331,O000490,1700.56,2026-03-29,832999
U000331,O000491,1693.95,2026-03-29,832999
U000332,O000492,1709.59,2026-03-28,268306
U000332,O000493,1682.88,2026-03-28,268306
U000333,O000494,1706.67,2026-03-29,579842
U000333,O000495,1708.86,2026-03-29,579842
U000334,O000496,1553.7,2026-03-29,260595
U000334,O000497,1564.01,2026-03-29,260595
U000335,O000498,1558.36,2026-03-28,493264
U000336,O000499,1546.02,2026-03-27,256087
U000337,O000500,1559.86,2026-03-27,490207
U000338,O000501,1539.23,2026-03-30,759904
U000338,O000502,1538.08,2026-03-30,759904
U000339,O000503,1544.14,2026-03-27,763370
U000340,O000504,1962.8,2026-01-13,696286
U000341,O000505,1974.4,2026-01-12,426365
U000342,O000506,1959.28,2026-01-12,337348
U000342,O000507,1981.95,2026-01-12,337348
U000343,O000508,1963.06,2026-01-13,101561
U000344,O000509,1965.53,2026-01-13,396091
U000345,O000510,1979.11,2026-01-11,118416
U000345,O000511,1981.39,2026-01-12,118416
U000346,O000512,1985.72,2026-01-11,328015
U000346,O000513,1959.76,2026-01-12,328015
U000347,O000514,1965.71,2026-01-13,864094
U000348,O000515,1982.78,2026-01-13,206054
U000348,O000516,1978.87,2026-01-13,206054
U000349,O000517,1980.58,2026-01-12,383878
U000349,O000518,1960.93,2026-01-12,383878
U000350,O000519,1979.13,2026-01-11,780762
U000351,O000520,1966.12,2026-01-14,605252
U000352,O000521,1976.19,2026-01-12,737289
U000352,O000522,1984.74,2026-01-13,737289
U000353,O000523,499.21,2026-02-18,237316
U000354,O000524,502.71,2026-02-18,139435
U000354,O000525,479.13,2026-02-19,139435
U000355,O000526,502.15,2026-02-18,801298
U000355,O000527,503.55,2026-02-19,801298
U000356,O000528,480.29,2026-02-19,336237
U000356,O000529,477.85,2026-02-19,336237
U000357,O000530,500.15,2026-02-18,411299
U000357,O000531,485.11,2026-02-19,411299
U000358,O000532,486.33,2026-02-19,388960
U000359,O000533,491.46,2026-02-18,898512
U000359,O000534,479.95,2026-02-19,898512
U000360,O000535,499.69,2026-02-19,125209
U000361,O000536,498.25,2026-02-18,172759
U000362,O000537,489.44,2026-02-19,515940
U000363,O000538,478.94,2026-02-19,720862
U000363,O000539,504.28,2026-02-20,720862
U000364,O000540,480.49,2026-02-19,418788
U000364,O000541,488.21,2026-02-20,418788
U000365,O000542,489.89,2026-02-19,619321
U000366,O000543,486.17,2026-02-19,474954
U000366,O000544,488.05,2026-02-20,474954
U000367,O000545,2493.68,2025-11-18,319979
U000368,O000546,2364.43,2025-11-18,473585
U000368,O000547,2232.22,2025-11-18,473585
U000369,O000548,2384.99,2025-11-18,312538
U000370,O000549,2564.07,2025-11-18,203203
U000371,O000550,2268.76,2025-11-19,583231
U000372,O000551,2162.5,2025-11-20,118009
U000373,O000552,2251.78,2025-11-20,802356
U000373,O000553,2338.79,2025-11-21,802356
U000374,O000554,2393.69,2025-11-22,135505
U000375,O000555,2374.67,2025-11-21,369559
U000376,O000556,2116.56,2025-11-24,588349
U000376,O000557,2520.32,2025-11-25,588349
U000377,O000558,2460.59,2025-11-24,872761
U000377,O000559,2213.27,2025-11-25,872761
U000378,O000560,2378.87,2025-11-22,203957
U000379,O000561,2238.32,2025-11-24,404661
U000379,O000562,2396.26,2025-11-25,404661
U000380,O000563,2157.79,2025-11-22,828280
U000380,O000564,2205.5,2025-11-22,828280
U000381,O000565,2605.07,2025-11-22,510535
U000382,O000566,795.76,2026-06-21,726668
U000382,O000567,789.74,2026-06-22,726668
U000383,O000568,794.79,2026-06-22,129171
U000383,O000569,798.54,2026-06-23,129171
U000384,O000570,792.38,2026-06-22,726378
U000384,O000571,775.7,2026-06-22,726378
U000385,O000572,798.79,2026-06-22,539277
U000386,O000573,781.14,2026-06-22,529433
U000386,O000574,780.31,2026-06-23,529433
U000387,O000575,781.42,2026-06-23,221706
U000387,O000576,791.68,2026-06-23,221706
U000388,O000577,171.7,2025-12-07,527137
U000389,O000578,169.29,2025-12-07,381835
U000389,O000579,184.29,2025-12-08,381835
U000390,O000580,186.05,2025-12-08,227357
U000390,O000581,174.33,2025-12-09,227357
U000391,O000582,156.66,2025-12-08,494015
U000392,O000583,167.04,2025-12-09,461815
U000392,O000584,184.16,2025-12-09,461815
U000393,O000585,1899.27,2026-03-21,131418
U000394,O000586,1891.49,2026-03-20,671609
U000394,O000587,1912.6,2026-03-20,671609
U000395,O000588,1899.35,2026-03-21,779153
U000395,O000589,1887.91,2026-03-21,779153
U000396,O000590,1895.54,2026-03-20,834497
U000397,O000591,1915.62,2026-03-20,452091
U000397,O000592,1903.17,2026-03-20,452091
U000398,O000593,1887.82,2026-03-20,743746
U000398,O000594,1908.4,2026-03-21,743746
U000399,O000595,1900.09,2026-03-21,849998
U000400,O000596,1898.77,2026-03-21,607146
U000401,O000597,1916.72,2026-03-21,475112
U000401,O000598,1898.35,2026-03-21,475112
U000402,O000599,1909.8,2026-03-21,180766
U000402,O000600,1914.35,2026-03-21,180766
U000403,O000601,1913.61,2026-03-21,194272
U000404,O000602,1887.47,2026-03-21,420915
U000405,O000603,1915.75,2026-03-21,731025
U000405,O000604,1916.78,2026-03-21,731025
U000406,O000605,1912.7,2026-03-21,199220
U000407,O000606,1901.74,2026-03-22,204077
U000407,O000607,1913.01,2026-03-22,204077
U000408,O000608,2369.87,2026-03-14,702175
U000408,O000609,2356.03,2026-03-15,702175
U000409,O000610,2376.26,2026-03-15,620110
U000410,O000611,2357.13,2026-03-15,546665
U000411,O000612,2364.07,2026-03-15,793272
U000412,O000613,2356.05,2026-03-14,620108
U000412,O000614,2348.96,2026-03-15,620108
U000413,O000615,2367.37,2026-03-15,143926
U000413,O000616,2357.91,2026-03-15,143926
U000414,O000617,2350.22,2026-03-15,595619
U000415,O000618,2361.82,2026-03-16,188972
U000415,O000619,2374.6,2026-03-17,188972
U000416,O000620,2376.17,2026-03-16,821625
U000417,O000621,668.4,2026-05-01,378130
U000418,O000622,744.84,2026-05-01,777253
U000419,O000623,656.42,2026-05-03,511409
U000419,O000624,662.71,2026-05-03,511409
U000420,O000625,609.92,2026-05-04,792334
U000421,O000626,676.54,2026-05-02,539950
U000422,O000627,714.98,2026-05-04,756110
U000423,O000628,613.32,2026-05-05,482676
U000423,O000629,723.58,2026-05-06,482676
U000424,O000630,1856.46,2026-07-16,616676
U000425,O000631,1849.35,2026-07-16,787027
U000425,O000632,1858.42,2026-07-16,787027
U000426,O000633,1870.49,2026-07-17,479820
U000426,O000634,1855.97,2026-07-17,479820
U000427,O000635,1864.7,2026-07-17,632853
U000427,O000636,1850.99,2026-07-17,632853
U000428,O000637,1873.07,2026-07-16,330105
U000429,O000638,1856.27,2026-07-17,776894
U000429,O000639,1858.1,2026-07-17,776894
U000430,O000640,1848.75,2026-07-17,222417
U000431,O000641,1869.77,2026-07-17,339531
U000431,O000642,1856.47,2026-07-18,339531
U000432,O000643,1862.99,2026-07-17,505740
U000432,O000644,1846.66,2026-07-18,505740
U000433,O000645,1873.09,2026-07-17,518781
U000434,O000646,1863.76,2026-07-17,749399
U000435,O000647,1405.19,2026-06-09,572629
U000435,O000648,1561.28,2026-06-09,572629
U000436,O000649,1725.46,2026-06-09,553341
U000436,O000650,1667.21,2026-06-10,553341
U000437,O000651,1439.68,2026-06-09,851863
U000438,O000652,1699.97,2026-06-09,776905
U000438,O000653,1626.17,2026-06-10,776905
U000439,O000654,1470.26,2026-06-11,708773
U000439,O000655,1474.04,2026-06-12,708773
U000440,O000656,1535.14,2026-06-12,112721
U000440,O000657,1419.8,2026-06-13,112721
U000441,O000658,942.09,2025-12-09,395129
U000441,O000659,916.79,2025-12-10,395129
U000442,O000660,939.74,2025-12-10,220703
U000443,O000661,928.75,2025-12-09,668472
U000444,O000662,922.69,2025-12-10,237394
U000445,O000663,918.38,2025-12-10,803597
U000446,O000664,927.18,2025-12-10,715176
U000447,O000665,943.33,2025-12-11,155183
U000448,O000666,924.08,2025-12-10,214496
U000448,O000667,937.84,2025-12-11,214496
U000449,O000668,936.19,2025-12-11,554150
U000449,O000669,939.57,2025-12-11,554150
U000450,O000670,943.57,2025-12-10,140130
U000450,O000671,943.77,2025-12-10,140130
U000451,O000672,929.3,2025-12-10,788056
U000452,O000673,941.28,2025-12-11,656761
U000453,O000674,926.61,2025-12-10,740372
U000453,O000675,919.33,2025-12-11,740372
U000454,O000676,2285.75,2026-03-12,636855
U000455,O000677,2273.53,2026-03-12,656651
U000455,O000678,2279.79,2026-03-13,656651
U000456,O000679,2266.85,2026-03-12,277796
U000456,O000680,2263.97,2026-03-12,277796
U000457,O000681,2265.07,2026-03-13,513299
U000458,O000682,2286.33,2026-03-12,744472
U000458,O000683,2261.67,2026-03-13,744472
U000459,O000684,2282.62,2026-03-13,231891
U000459,O000685,2263.35,2026-03-14,231891
U000460,O000686,2262.12,2026-03-13,677847
U000461,O000687,812.2,2025-09-30,251521
U000462,O000688,967.86,2025-09-30,440179
U000463,O000689,936.11,2025-09-30,166654
U000463,O000690,851.45,2025-10-01,166654
U000464,O000691,913.39,2025-10-01,312013
U000465,O000692,876.58,2025-10-02,267124
U000466,O000693,936.6,2025-10-03,449106
U000466,O000694,775.17,2025-10-04,449106
U000467,O000695,803.13,2025-10-02,679511
U000467,O000696,836.87,2025-10-03,679511
U000468,O000697,821.79,2025-10-04,509399
U000469,O000698,971.83,2025-10-05,187335
U000470,O000699,848.4,2025-10-06,536918
U000470,O000700,859.62,2025-10-06,536918
U000471,O000701,972.51,2025-10-07,269908
U000472,O000702,877.22,2025-10-04,286144
U000473,O000703,968.67,2025-10-02,681881
U000473,O000704,796.32,2025-10-03,681881
U000474,O000705,903.91,2025-10-07,224341
U000475,O000706,1048.89,2025-11-29,426676
U000476,O000707,1058.44,2025-11-29,556171
U000476,O000708,1064.11,2025-11-30,556171
U000477,O000709,1057.7,2025-11-29,239351
U000478,O000710,1055.53,2025-11-29,722491
U000479,O000711,1066.01,2025-11-29,640696
U000479,O000712,1051.94,2025-11-30,640696
U000480,O000713,1065.8,2025-11-29,874592
U000480,O000714,1065.57,2025-11-30,874592
U000481,O000715,1049.27,2025-11-29,568269
U000482,O000716,1064.31,2025-11-30,312070
U000482,O000717,1073.79,2025-12-01,312070
U000483,O000718,1072.39,2025-11-29,218132
U000483,O000719,1050.12,2025-11-30,218132
U000484,O000720,1065.65,2025-11-29,777192
U000484,O000721,1051.47,2025-11-30,777192
U000485,O000722,1070.77,2025-11-30,272350
U000486,O000723,1068.28,2025-11-29,133267
U000486,O000724,1061.87,2025-11-30,133267
U000487,O000725,609.32,2026-07-01,473518
U000488,O000726,696.21,2026-07-01,478524
U000489,O000727,617.65,2026-07-02,518655
U000489,O000728,616.17,2026-07-02,518655
U000490,O000729,728.52,2026-07-04,809948
U000491,O000730,679.26,2026-07-04,766193
U000492,O000731,679.49,2026-07-04,266489
U000492,O000732,628.74,2026-07-05,266489
U000493,O000733,766.9,2026-07-05,617121
U000494,O000734,713.43,2026-07-04,806930
U000495,O000735,720.98,2026-07-05,811752
U000495,O000736,741.51,2026-07-05,811752
U000496,O000737,619.0,2026-07-04,539766
U000496,O000738,643.53,2026-07-05,539766
U000497,O000739,682.69,2026-07-10,364224
U000497,O000740,751.77,2026-07-10,364224
U000498,O000741,701.84,2026-07-08,744271
U000498,O000742,676.75,2026-07-08,744271
U000499,O000743,752.6,2026-07-07,612417
U000499,O000744,698.96,2026-07-08,612417
U000500,O000745,2331.73,2026-01-14,261692
U000500,O000746,2329.73,2026-01-15,261692
U000501,O000747,2330.63,2026-01-14,442184
U000502,O000748,2323.93,2026-01-14,173012
U000502,O000749,2308.61,2026-01-15,173012
U000503,O000750,2310.22,2026-01-14,110849
U000504,O000751,2307.04,2026-01-14,312773
U000504,O000752,2328.17,2026-01-15,312773
U000505,O000753,2319.03,2026-01-14,677068
U000505,O000754,2323.83,2026-01-14,677068
U000506,O000755,2315.54,2026-01-14,149017
U000507,O000756,2310.61,2026-01-15,228417
U000507,O000757,2314.86,2026-01-16,228417
U000508,O000758,1945.54,2025-11-03,599009
U000509,O000759,1939.59,2025-11-03,558108
U000509,O000760,1938.93,2025-11-04,558108
U000510,O000761,1928.71,2025-11-03,865814
U000510,O000762,1924.4,2025-11-03,865814
U000511,O000763,1940.09,2025-11-03,776830
U000511,O000764,1944.07,2025-11-04,776830
U000512,O000765,1938.05,2025-11-03,889620
U000512,O000766,1921.37,2025-11-04,889620
U000513,O000767,1930.56,2025-11-03,178511
U000514,O000768,1053.7,2026-04-30,428689
U000514,O000769,1203.59,2026-04-30,428689
U000515,O000770,1101.96,2026-04-30,744591
U000515,O000771,1254.11,2026-05-01,744591
U000516,O000772,1091.8,2026-05-01,544085
U000516,O000773,1278.55,2026-05-01,544085
U000517,O000774,1067.5,2026-05-02,395121
U000517,O000775,1035.34,2026-05-03,395121
U000518,O000776,1102.14,2026-05-03,221641
U000518,O000777,1295.67,2026-05-03,221641
U000519,O000778,2132.02,2026-03-10,444983
U000520,O000779,2119.62,2026-03-10,358438
U000521,O000780,2106.62,2026-03-10,701121
U000521,O000781,2117.32,2026-03-10,701121
U000522,O000782,2126.88,2026-03-10,726207
U000522,O000783,2113.62,2026-03-10,726207
U000523,O000784,2114.21,2026-03-10,212373
U000524,O000785,2130.44,2026-03-11,653983
U000524,O000786,2110.34,2026-03-11,653983
U000525,O000787,2129.02,2026-03-10,600633
U000526,O000788,2108.96,2026-03-10,388963
U000527,O000789,2129.8,2026-03-10,335251
U000527,O000790,2129.56,2026-03-11,335251
U000528,O000791,2113.16,2026-03-11,852880
U000528,O000792,2123.12,2026-03-12,852880
U000529,O000793,2120.16,2026-03-11,118658
U000529,O000794,2119.24,2026-03-12,118658
U000530,O000795,2121.79,2026-03-11,130345
U000530,O000796,2116.07,2026-03-11,130345
U000531,O000797,2130.02,2026-03-10,456148
U000532,O000798,2110.61,2026-03-11,776030
U000532,O000799,2125.89,2026-03-11,776030
U000533,O000800,1529.69,2025-11-12,139040
U000533,O000801,1920.04,2025-11-13,139040
U000534,O000802,1567.82,2025-11-13,772857
U000535,O000803,1870.7,2025-11-13,342154
U000535,O000804,1753.52,2025-11-14,342154
U000536,O000805,1622.46,2025-11-15,704247
U000537,O000806,1883.02,2025-11-15,618427
U000538,O000807,1703.75,2025-11-17,233887
U000538,O000808,1844.37,2025-11-18,233887
U000539,O000809,1911.72,2025-11-15,697912
U000539,O000810,1777.36,2025-11-16,697912
U000540,O000811,1601.57,2025-11-14,521042
U000541,O000812,1927.59,2025-11-17,155483
U000542,O000813,1585.45,2025-11-13,380262
U000542,O000814,1709.33,2025-11-14,380262
U000543,O000815,1858.06,2025-11-19,328158
U000543,O000816,1842.49,2025-11-19,328158
U000544,O000817,1768.04,2025-11-14,576953
U000545,O000818,1225.77,2025-12-29,655009
U000546,O000819,1223.23,2025-12-30,862703
U000546,O000820,1202.19,2025-12-30,862703
U000547,O000821,1224.74,2025-12-29,854056
U000547,O000822,1225.83,2025-12-30,854056
U000548,O000823,1202.15,2025-12-30,843509
U000548,O000824,1221.18,2025-12-30,843509
U000549,O000825,1227.72,2025-12-30,460013
U000549,O000826,1201.97,2025-12-31,460013
U000550,O000827,1208.94,2025-12-30,146502
U000551,O000828,1214.03,2025-12-31,315640
U000551,O000829,1229.42,2025-12-31,315640
U000552,O000830,1208.58,2025-12-30,202448
U000553,O000831,1220.14,2025-12-30,644761
U000553,O000832,1228.94,2025-12-31,644761
U000554,O000833,1215.89,2025-12-30,142995
U000554,O000834,1220.25,2025-12-30,142995
U000555,O000835,1114.05,2026-04-15,187341
U000556,O000836,1135.09,2026-04-15,230042
U000557,O000837,1121.93,2026-04-14,727904
U000557,O000838,1128.22,2026-04-15,727904
U000558,O000839,1114.2,2026-04-14,354187
U000558,O000840,1120.82,2026-04-15,354187
U000559,O000841,1122.44,2026-04-14,276011
U000559,O000842,1106.5,2026-04-15,276011
U000560,O000843,1956.04,2026-01-15,846838
U000561,O000844,2104.34,2026-01-16,778678
U000562,O000845,2009.2,2026-01-16,424702
U000563,O000846,2242.7,2026-01-17,500773
U000564,O000847,1816.66,2026-01-17,398813
U000565,O000848,1912.56,2026-01-16,602958
U000566,O000849,2258.06,2026-01-20,473989
U000566,O000850,1972.2,2026-01-20,473989
U000567,O000851,1901.44,2026-01-21,109378
U000567,O000852,1839.11,2026-01-21,109378
U000568,O000853,1797.66,2026-01-20,288337
U000569,O000854,2037.85,2026-01-21,303857
U000570,O000855,1904.17,2026-01-22,218833
U000571,O000856,2157.39,2026-01-19,717223
U000572,O000857,1799.97,2026-01-19,534246
U000573,O000858,2011.73,2026-01-25,650303
U000574,O000859,1139.71,2025-10-05,439907
U000575,O000860,1153.36,2025-10-05,215901
U000575,O000861,1156.06,2025-10-05,215901
U000576,O000862,1135.14,2025-10-05,187488
U000576,O000863,1130.1,2025-10-06,187488
U000577,O000864,1153.4,2025-10-05,690183
U000578,O000865,1140.53,2025-10-06,869591
U000579,O000866,1150.25,2025-10-05,712593
U000579,O000867,1156.57,2025-10-06,712593
U000580,O000868,1137.31,2025-10-05,690236
U000580,O000869,1129.0,2025-10-06,690236
U000581,O000870,1135.4,2025-10-06,410357
U000582,O000871,1129.42,2025-10-05,335053
U000582,O000872,1149.99,2025-10-06,335053
U000583,O000873,1153.69,2025-10-06,761723
U000583,O000874,1146.24,2025-10-07,761723
U000584,O000875,1148.04,2025-10-05,831858
U000585,O000876,1151.12,2025-10-05,763194
U000586,O000877,1135.3,2025-10-07,814415
U000586,O000878,1130.49,2025-10-08,814415
U000587,O000879,625.41,2026-03-13,831537
U000588,O000880,652.4,2026-03-13,747901
U000589,O000881,572.44,2026-03-14,766638
U000589,O000882,575.59,2026-03-15,766638
U000590,O000883,637.62,2026-03-15,487670
U000590,O000884,638.37,2026-03-15,487670
U000591,O000885,628.77,2026-03-14,715849
U000592,O000886,634.52,2026-03-16,301095
U000592,O000887,604.06,2026-03-16,301095
U000593,O000888,640.24,2026-03-15,494065
U000593,O000889,607.09,2026-03-15,494065
U000594,O000890,617.63,2026-03-14,465612
U000595,O000891,648.32,2026-03-14,809426
U000595,O000892,546.87,2026-03-15,809426
U000596,O000893,590.62,2026-03-17,606467
U000596,O000894,539.49,2026-03-18,606467
U000597,O000895,606.12,2026-03-15,388876
U000598,O000896,377.33,2026-07-20,170918
U000599,O000897,359.22,2026-07-20,242743
U000599,O000898,363.46,2026-07-21,242743
U000600,O000899,379.75,2026-07-20,865603
U000601,O000900,386.88,2026-07-20,154407
U000602,O000901,362.31,2026-07-21,618187
U000602,O000902,380.95,2026-07-21,618187
U000603,O000903,384.58,2026-07-21,574252
U000603,O000904,385.6,2026-07-21,574252
U000604,O000905,376.07,2026-07-21,607772
U000605,O000906,378.84,2026-07-21,863292
U000606,O000907,374.25,2026-07-21,881646
U000607,O000908,387.38,2026-07-21,208656
U000608,O000909,369.79,2026-07-22,823530
U000609,O000910,370.8,2026-07-21,241729
U000609,O000911,374.69,2026-07-22,241729
U000610,O000912,2185.37,2026-03-15,118070
U000611,O000913,2167.71,2026-03-15,782601
U000612,O000914,2186.99,2026-03-15,856773
U000613,O000915,2172.73,2026-03-15,108993
U000613,O000916,2177.86,2026-03-15,108993
U000614,O000917,2182.41,2026-03-15,790435
U000615,O000918,2184.53,2026-03-15,395274
U000616,O000919,2187.97,2026-03-15,221956
U000617,O000920,2171.56,2026-03-15,310455
U000618,O000921,2168.15,2026-03-15,873077
U000619,O000922,2191.38,2026-03-16,551626
U000620,O000923,1991.73,2026-04-14,644173
U000620,O000924,1691.87,2026-04-15,644173
U000621,O000925,1764.98,2026-04-14,349285
U000621,O000926,1582.5,2026-04-14,349285
U000622,O000927,1991.52,2026-04-16,430340
U000622,O000928,1701.8,2026-04-17,430340
U000623,O000929,1733.26,2026-04-15,426462
U000623,O000930,1809.23,2026-04-16,426462
U000624,O000931,1952.22,2026-04-14,732135
U000624,O000932,1911.29,2026-04-15,732135
U000625,O000933,1707.88,2026-04-17,154537
U000626,O000934,1905.12,2026-04-18,185100
U000626,O000935,1612.21,2026-04-19,185100
U000627,O000936,1721.03,2026-04-18,567954
U000628,O000937,1663.03,2026-04-19,653218
U000629,O000938,1148.41,2026-07-23,364807
U000630,O000939,1148.28,2026-07-23,278389
U000631,O000940,1132.57,2026-07-23,576056
U000632,O000941,1154.52,2026-07-23,195882
U000633,O000942,1131.21,2026-07-23,416046
U000633,O000943,1141.84,2026-07-23,416046
U000634,O000944,1147.08,2026-07-23,242546
U000635,O000945,1151.08,2026-07-24,159946
U000636,O000946,1132.9,2026-07-24,429533
U000637,O000947,1223.4,2026-07-27,780142
U000638,O000948,1077.6,2026-07-27,493683
U000638,O000949,1216.33,2026-07-28,493683
U000639,O000950,1203.38,2026-07-28,674235
U000639,O000951,1246.42,2026-07-28,674235
U000640,O000952,1286.48,2026-07-28,436255
U000641,O000953,1298.34,2026-07-28,671793
U000641,O000954,1312.6,2026-07-28,671793
U000642,O000955,1220.2,2026-07-29,109059
U000642,O000956,1085.77,2026-07-29,109059
U000643,O000957,1286.07,2026-07-29,835281
U000643,O000958,1078.77,2026-07-30,835281
U000644,O000959,1210.8,2026-07-29,408429
U000644,O000960,1195.94,2026-07-30,408429
U000645,O000961,1141.29,2026-08-01,343934
U000646,O000962,1085.93,2026-07-29,783254
U000647,O000963,1887.32,2026-04-08,265848
U000647,O000964,1899.7,2026-04-08,265848
U000648,O000965,1880.29,2026-04-08,830356
U000648,O000966,1884.89,2026-04-09,830356
U000649,O000967,1900.93,2026-04-08,827916
U000650,O000968,1885.95,2026-04-08,874027
U000651,O000969,1905.61,2026-04-08,155738
U000651,O000970,1884.35,2026-04-08,155738
U000652,O000971,1896.51,2026-04-08,189433
U000652,O000972,1905.82,2026-04-08,189433
U000653,O000973,1887.62,2026-04-08,642827
U000653,O000974,1903.9,2026-04-08,642827
U000654,O000975,1885.77,2026-04-09,549980
U000655,O000976,1900.92,2026-04-08,788593
U000656,O000977,1890.36,2026-04-08,573880
U000657,O000978,1905.1,2026-04-10,677097
U000658,O000979,1889.79,2026-04-09,288722
U000659,O000980,1901.11,2026-04-09,137256
U000660,O000981,1901.32,2026-05-11,419037
U000661,O000982,1910.13,2026-05-11,789782
U000661,O000983,1902.28,2026-05-11,789782
U000662,O000984,1917.55,2026-05-11,341811
U000662,O000985,1902.82,2026-05-11,341811
U000663,O000986,1911.54,2026-05-11,303019
U000664,O000987,1904.58,2026-05-11,491639
U000665,O000988,1903.75,2026-05-11,403054
U000665,O000989,1913.13,2026-05-12,403054
U000666,O000990,1929.61,2026-05-11,232353
U000666,O000991,1927.66,2026-05-11,232353
U000667,O000992,1918.97,2026-05-11,584394
U000667,O000993,1912.75,2026-05-12,584394
U000668,O000994,1914.51,2026-05-12,380265
U000669,O000995,1901.94,2026-05-12,471055
U000670,O000996,1901.31,2026-05-12,650784
U000671,O000997,1904.57,2026-05-11,860153
U000671,O000998,1912.92,2026-05-11,860153
U000672,O000999,1906.5,2026-05-12,185412
U000673,O001000,1142.44,2025-11-10,134326
U000673,O001001,1149.47,2025-11-11,134326
U000674,O001002,1168.43,2025-11-10,832120
U000675,O001003,1083.95,2025-11-11,229322
U000675,O001004,1046.01,2025-11-11,229322
U000676,O001005,1204.21,2025-11-10,802842
U000676,O001006,1029.51,2025-11-11,802842
U000677,O001007,953.4,2025-11-11,161285
U000677,O001008,1068.48,2025-11-11,161285
U000678,O001009,955.36,2025-11-11,166136
U000678,O001010,1074.38,2025-11-12,166136
U000679,O001011,1172.66,2025-11-15,294486
U000680,O001012,968.97,2025-11-11,548389
U000680,O001013,1206.33,2025-11-11,548389
U000681,O001014,1116.44,2025-11-12,712791
U000681,O001015,1135.27,2025-11-13,712791
U000682,O001016,1136.64,2025-11-15,831854
U000683,O001017,2304.22,2025-09-16,738017
U000684,O001018,2317.64,2025-09-17,537901
U000685,O001019,2302.83,2025-09-17,742803
U000685,O001020,2306.14,2025-09-17,742803
U000686,O001021,2296.24,2025-09-17,361200
U000686,O001022,2310.87,2025-09-18,361200
U000687,O001023,2294.18,2025-09-17,285688
U000687,O001024,2312.94,2025-09-17,285688
U000688,O001025,2301.43,2025-09-17,559560
U000688,O001026,2316.02,2025-09-17,559560
U000689,O001027,2301.44,2025-09-17,281947
U000690,O001028,2310.81,2025-09-17,252425
U000690,O001029,2317.35,2025-09-17,252425
U000691,O001030,2297.68,2025-09-17,398527
U000692,O001031,2328.48,2026-04-16,749431
U000693,O001032,2280.54,2026-04-16,869529
U000693,O001033,2677.31,2026-04-17,869529
U000694,O001034,2531.18,2026-04-17,403251
U000695,O001035,2264.45,2026-04-18,768276
U000696,O001036,2522.73,2026-04-19,337352
U000696,O001037,2269.93,2026-04-20,337352
U000697,O001038,2138.23,2026-04-19,551782
U000698,O001039,2214.38,2026-04-18,278764
U000699,O001040,2663.02,2026-04-18,590078
U000699,O001041,2419.37,2026-04-19,590078
U000700,O001042,2202.23,2026-04-21,856907
U000701,O001043,2195.33,2026-04-23,601626
U000702,O001044,2418.52,2026-04-23,468477
U000702,O001045,2201.22,2026-04-23,468477
U000703,O001046,2393.46,2026-04-22,492534
U000704,O001047,2529.99,2026-04-22,174903
U000704,O001048,2385.79,2026-04-22,174903
U000705,O001049,2615.33,2026-04-27,717371
U000705,O001050,2187.35,2026-04-27,717371
U000706,O001051,784.72,2025-10-25,664895
U000707,O001052,765.56,2025-10-24,432739
U000708,O001053,765.57,2025-10-24,105391
U000708,O001054,764.2,2025-10-25,105391
U000709,O001055,773.6,2025-10-24,707083
U000709,O001056,781.39,2025-10-25,707083
U000710,O001057,774.74,2025-10-25,789550
U000711,O001058,774.19,2025-10-25,519831
U000712,O001059,761.86,2025-10-24,763380
U000713,O001060,784.57,2025-12-05,571555
U000714,O001061,783.52,2025-12-05,154065
U000715,O001062,785.67,2025-12-05,596817
U000715,O001063,770.1,2025-12-05,596817
U000716,O001064,795.54,2025-12-06,817693
U000717,O001065,776.35,2025-12-05,625769
U000717,O001066,776.64,2025-12-05,625769
U000718,O001067,795.14,2025-12-06,874456
U000718,O001068,778.31,2025-12-07,874456
U000719,O001069,541.86,2026-04-12,117138
U000720,O001070,506.14,2026-04-13,436108
U000721,O001071,561.28,2026-04-13,385338
U000721,O001072,454.6,2026-04-14,385338
U000722,O001073,569.28,2026-04-14,190988
U000722,O001074,481.48,2026-04-14,190988
U000723,O001075,534.38,2026-04-15,418802
U000723,O001076,479.17,2026-04-16,418802
U000724,O001077,476.81,2026-04-15,456948
U000725,O001078,471.02,2026-04-14,331284
U000725,O001079,463.95,2026-04-14,331284
U000726,O001080,556.74,2026-04-16,351954
U000727,O001081,806.21,2025-11-10,844320
U000727,O001082,817.9,2025-11-11,844320
U000728,O001083,799.91,2025-11-10,107341
U000728,O001084,801.37,2025-11-11,107341
U000729,O001085,798.27,2025-11-11,739678
U000729,O001086,808.01,2025-11-11,739678
U000730,O001087,817.78,2025-11-10,347249
U000730,O001088,802.39,2025-11-11,347249
U000731,O001089,811.4,2025-11-11,280212
U000731,O001090,795.93,2025-11-11,280212
U000732,O001091,819.32,2025-11-11,840179
U000732,O001092,792.72,2025-11-11,840179
U000733,O001093,814.27,2025-11-11,341454
U000733,O001094,790.02,2025-11-11,341454
U000734,O001095,794.96,2025-11-11,593474
U000734,O001096,799.85,2025-11-12,593474
U000735,O001097,811.47,2025-11-12,385491
U000736,O001098,809.5,2025-11-11,576092
U000737,O001099,797.88,2025-11-10,259807
U000737,O001100,808.83,2025-11-11,259807
U000738,O001101,804.18,2025-11-12,203790
U000739,O001102,803.87,2025-11-11,113501
U000740,O001103,808.65,2025-11-12,708740
U000741,O001104,803.93,2025-11-13,185366
U000741,O001105,804.6,2025-11-13,185366
U000742,O001106,1967.54,2025-10-07,670824
U000742,O001107,1948.51,2025-10-08,670824
U000743,O001108,1832.88,2025-10-08,795785
U000743,O001109,2159.38,2025-10-08,795785
U000744,O001110,1859.21,2025-10-07,738127
U000745,O001111,1826.95,2025-10-08,845277
U000745,O001112,2173.18,2025-10-09,845277
U000746,O001113,1901.96,2025-10-09,355020
U000747,O001114,2040.97,2025-10-08,138584
U000748,O001115,2157.28,2025-10-12,621614
U000748,O001116,1821.65,2025-10-12,621614
U000749,O001117,1813.77,2025-10-12,448604
U000749,O001118,1978.74,2025-10-12,448604
U000750,O001119,2142.56,2025-10-13,282788
U000750,O001120,1845.21,2025-10-13,282788
U000751,O001121,1905.99,2025-10-11,642832
U000752,O001122,1406.98,2025-09-18,858028
U000752,O001123,1425.78,2025-09-19,858028
U000753,O001124,1428.55,2025-09-19,124951
U000754,O001125,1414.49,2025-09-19,684452
U000755,O001126,1415.31,2025-09-19,286990
U000756,O001127,1423.58,2025-09-19,119787
U000757,O001128,1412.78,2025-09-19,212323
U000757,O001129,1425.11,2025-09-19,212323
U000758,O001130,866.79,2026-07-14,886691
U000758,O001131,480.58,2026-08-09,886691
U000759,O001132,596.95,2026-07-27,384530
U000760,O001133,791.4,2026-07-04,445726
U000760,O001134,293.29,2026-07-12,445726
U000760,O001135,914.07,2026-07-22,445726
U000760,O001136,659.95,2026-08-01,445726
U000760,O001137,459.75,2026-08-22,445726
U000762,O001138,277.39,2026-07-09,878410
U000762,O001139,240.53,2026-07-21,878410
U000762,O001140,481.6,2026-07-31,878410
U000763,O001141,1508.72,2026-05-13,499170
U000763,O001142,703.03,2026-06-25,499170
U000764,O001143,593.21,2026-06-08,515846
U000764,O001144,113.44,2026-06-29,515846
U000765,O001145,1213.06,2026-07-01,205309
U000765,O001146,1038.01,2026-07-16,205309
U000765,O001147,1177.51,2026-08-03,205309
U000766,O001148,49.0,2026-07-29,124173
U000767,O001149,412.68,2026-06-21,466932
U000767,O001150,582.73,2026-07-09,466932
U000768,O001151,829.23,2026-02-13,565046
U000768,O001152,1068.48,2026-03-31,565046
U000768,O001153,506.8,2026-04-10,565046
U000768,O001154,872.41,2026-04-19,565046
U000769,O001155,1037.8,2025-12-01,105671
U000769,O001156,507.46,2025-12-16,105671
U000769,O001157,928.89,2026-04-13,105671
U000769,O001158,663.76,2026-05-15,105671
U000769,O001159,49.0,2026-06-09,105671
U000769,O001160,496.18,2026-06-30,105671
U000770,O001161,913.42,2025-12-30,126862
U000770,O001162,617.06,2026-01-24,126862
U000770,O001163,1305.14,2026-03-12,126862
U000770,O001164,536.8,2026-04-20,126862
U000770,O001165,932.18,2026-06-12,126862
U000770,O001166,378.76,2026-06-20,126862
U000771,O001167,621.89,2025-12-09,596796
U000771,O001168,435.94,2025-12-21,596796
U000771,O001169,983.05,2026-01-29,596796
U000772,O001170,725.49,2025-12-11,300211
U000772,O001171,527.0,2025-12-13,300211
U000772,O001172,1519.39,2026-01-11,300211
U000773,O001173,827.49,2025-12-11,281695
U000773,O001174,381.61,2025-12-22,281695
U000774,O001175,49.0,2026-02-25,122492
U000774,O001176,634.93,2026-03-25,122492
U000774,O001177,662.55,2026-03-27,122492
U000774,O001178,204.05,2026-04-30,122492
U000774,O001179,410.56,2026-05-07,122492
U000774,O001180,469.13,2026-05-12,122492
U000774,O001181,1091.19,2026-05-20,122492
U000774,O001182,663.36,2026-05-28,122492
U000774,O001183,757.58,2026-06-26,122492
U000774,O001184,600.9,2026-07-01,122492
U000775,O001185,1291.92,2026-03-27,526553
U000775,O001186,732.91,2026-05-10,526553
U000775,O001187,1077.26,2026-05-30,526553
U000775,O001188,61.73,2026-06-05,526553
U000775,O001189,685.77,2026-06-11,526553
U000775,O001190,371.0,2026-06-22,526553
U000775,O001191,466.03,2026-08-03,526553
U000775,O001192,231.82,2026-08-11,526553
U000776,O001193,1258.63,2026-07-14,550612
U000776,O001194,155.03,2026-07-31,550612
U000776,O001195,1160.3,2026-08-15,550612
U000777,O001196,703.87,2026-06-12,687156
U000777,O001197,1151.84,2026-06-22,687156
U000777,O001198,578.87,2026-07-07,687156
U000778,O001199,142.66,2026-07-16,472289
U000778,O001200,632.13,2026-08-01,472289
U000779,O001201,909.8,2026-07-05,793761
U000779,O001202,665.71,2026-07-30,793761
U000779,O001203,793.37,2026-08-20,793761
U000780,O001204,49.0,2026-04-02,466807
U000780,O001205,710.25,2026-04-12,466807
U000780,O001206,896.02,2026-05-14,466807
U000781,O001207,653.3,2025-12-18,436997
U000781,O001208,49.0,2026-01-29,436997
U000781,O001209,95.64,2026-03-22,436997
U000781,O001210,563.71,2026-04-24,436997
U000781,O001211,750.37,2026-05-16,436997
U000781,O001212,791.79,2026-05-24,436997
U000781,O001213,899.84,2026-06-07,436997
U000781,O001214,1472.88,2026-06-22,436997
U000781,O001215,758.65,2026-07-17,436997
U000782,O001216,1094.22,2026-01-02,637429
U000782,O001217,880.45,2026-03-11,637429
U000782,O001218,287.61,2026-03-28,637429
U000782,O001219,876.4,2026-04-01,637429
U000782,O001220,833.31,2026-06-13,637429
U000782,O001221,447.11,2026-06-25,637429
U000782,O001222,547.91,2026-07-26,637429
U000782,O001223,81.89,2026-07-31,637429
U000783,O001224,1341.64,2026-03-13,809062
U000783,O001225,884.31,2026-03-22,809062
U000783,O001226,661.88,2026-03-30,809062
U000783,O001227,869.42,2026-05-14,809062
U000783,O001228,350.39,2026-05-31,809062
U000783,O001229,1129.56,2026-06-12,809062
U000783,O001230,1230.98,2026-06-28,809062
U000783,O001231,1224.32,2026-06-30,809062
U000783,O001232,49.0,2026-07-06,809062
U000783,O001233,940.05,2026-07-25,809062
U000784,O001234,737.96,2025-10-30,107755
U000784,O001235,1456.74,2025-12-07,107755
U000784,O001236,49.0,2025-12-10,107755
U000784,O001237,492.96,2026-01-13,107755
U000784,O001238,947.78,2026-01-25,107755
U000784,O001239,1006.07,2026-02-05,107755
U000785,O001240,1136.98,2026-04-19,578543
U000785,O001241,907.28,2026-05-23,578543
U000785,O001242,997.76,2026-05-29,578543
U000785,O001243,1317.62,2026-07-30,578543
U000785,O001244,750.52,2026-08-20,578543
U000786,O001245,565.12,2026-03-26,460606
U000786,O001246,637.7,2026-05-13,460606
U000786,O001247,118.86,2026-05-28,460606
U000786,O001248,242.25,2026-06-11,460606
U000786,O001249,474.93,2026-07-26,460606
U000787,O001250,1235.14,2025-12-18,498652
U000787,O001251,781.22,2025-12-24,498652
U000787,O001252,1240.5,2026-02-07,498652
U000787,O001253,799.85,2026-02-15,498652
U000787,O001254,966.3,2026-03-11,498652
U000787,O001255,850.45,2026-04-25,498652
U000788,O001256,894.86,2026-02-19,676266
U000788,O001257,259.56,2026-02-24,676266
U000788,O001258,348.69,2026-04-27,676266
U000788,O001259,944.0,2026-07-03,676266
U000788,O001260,533.13,2026-07-19,676266
U000788,O001261,469.45,2026-08-08,676266
U000789,O001262,1167.41,2025-12-30,405753
U000789,O001263,800.02,2026-01-06,405753
U000789,O001264,630.77,2026-01-27,405753
U000789,O001265,1493.4,2026-01-31,405753
U000789,O001266,835.05,2026-03-03,405753
U000789,O001267,582.63,2026-03-16,405753
U000789,O001268,510.41,2026-03-21,405753
U000789,O001269,49.0,2026-04-17,405753
U000789,O001270,969.12,2026-06-05,405753
U000789,O001271,806.37,2026-06-19,405753
U000789,O001272,887.95,2026-06-26,405753
U000790,O001273,201.41,2026-04-29,696763
U000790,O001274,1123.88,2026-05-16,696763
U000790,O001275,951.24,2026-07-25,696763
U000791,O001276,1058.38,2026-02-04,249105
U000791,O001277,1157.95,2026-02-14,249105
U000791,O001278,512.09,2026-06-17,249105
U000791,O001279,927.73,2026-08-14,249105
U000791,O001280,311.01,2026-08-22,249105
U000792,O001281,1370.95,2026-04-04,325863
U000792,O001282,320.34,2026-04-15,325863
U000792,O001283,608.65,2026-05-14,325863
U000792,O001284,478.32,2026-06-08,325863
U000792,O001285,754.28,2026-06-17,325863
U000792,O001286,49.0,2026-06-30,325863
U000792,O001287,770.55,2026-07-15,325863
U000792,O001288,522.04,2026-08-06,325863
U000792,O001289,574.54,2026-08-13,325863
U000793,O001290,1600.04,2026-02-22,539419
U000793,O001291,488.52,2026-03-22,539419
U000793,O001292,950.25,2026-03-25,539419
U000793,O001293,548.34,2026-03-30,539419
U000793,O001294,501.14,2026-04-18,539419
U000793,O001295,645.29,2026-05-02,539419
U000793,O001296,831.11,2026-05-11,539419
U000793,O001297,207.17,2026-05-14,539419
U000794,O001298,1087.65,2025-12-24,172884
U000794,O001299,1239.54,2026-01-08,172884
U000794,O001300,1156.33,2026-01-27,172884
U000794,O001301,1292.47,2026-02-05,172884
U000795,O001302,1279.1,2026-02-07,671153
U000795,O001303,1184.52,2026-03-02,671153
U000795,O001304,488.06,2026-05-06,671153
U000795,O001305,946.28,2026-05-11,671153
U000795,O001306,49.0,2026-06-10,671153
U000796,O001307,610.06,2026-03-30,808533
U000796,O001308,422.35,2026-04-22,808533
U000796,O001309,1179.79,2026-04-25,808533
U000796,O001310,294.16,2026-05-09,808533
U000796,O001311,543.22,2026-06-01,808533
U000796,O001312,653.99,2026-06-06,808533
U000797,O001313,622.79,2026-03-23,331765
U000797,O001314,289.5,2026-04-25,331765
U000797,O001315,1481.39,2026-05-05,331765
U000797,O001316,1042.02,2026-05-12,331765
U000797,O001317,894.75,2026-06-16,331765
U000797,O001318,934.04,2026-06-22,331765
U000798,O001319,993.27,2025-11-13,830604
U000798,O001320,673.51,2025-11-30,830604
U000798,O001321,1174.52,2025-12-31,830604
U000799,O001322,731.98,2026-03-24,220476
U000799,O001323,611.93,2026-04-26,220476
U000799,O001324,258.77,2026-06-23,220476
U000799,O001325,772.61,2026-06-26,220476
U000800,O001326,610.71,2026-03-22,231958
U000800,O001327,258.45,2026-06-05,231958
U000800,O001328,766.02,2026-07-18,231958
U000800,O001329,351.69,2026-07-29,231958
U000800,O001330,685.89,2026-08-02,231958
U000800,O001331,452.81,2026-08-16,231958
U000801,O001332,1310.87,2026-03-16,837831
U000801,O001333,488.4,2026-04-05,837831
U000801,O001334,494.84,2026-04-24,837831
U000801,O001335,465.98,2026-06-13,837831
U000801,O001336,1039.07,2026-06-24,837831
U000801,O001337,741.0,2026-07-08,837831
U000801,O001338,1055.9,2026-07-22,837831
U000801,O001339,210.23,2026-07-31,837831
U000801,O001340,980.51,2026-08-20,837831
U000801,O001341,1346.85,2026-08-25,837831
U000802,O001342,645.12,2026-02-11,324447
U000802,O001343,514.11,2026-03-25,324447
U000802,O001344,552.88,2026-03-28,324447
U000802,O001345,567.31,2026-05-16,324447
U000802,O001346,916.84,2026-05-25,324447
U000802,O001347,856.07,2026-06-22,324447
U000802,O001348,455.86,2026-07-09,324447
U000802,O001349,883.76,2026-07-17,324447
U000802,O001350,1162.68,2026-07-19,324447
U000803,O001351,761.23,2026-03-12,567910
U000803,O001352,1045.09,2026-04-13,567910
U000803,O001353,812.49,2026-05-18,567910
U000803,O001354,816.43,2026-06-22,567910
U000803,O001355,559.05,2026-07-05,567910
U000803,O001356,314.13,2026-07-08,567910
U000803,O001357,210.23,2026-08-06,567910
U000805,O001358,1261.12,2026-03-17,487006
U000805,O001359,1085.51,2026-04-15,487006
U000805,O001360,694.08,2026-04-24,487006
U000805,O001361,953.62,2026-05-20,487006
U000806,O001362,49.0,2026-05-05,225483
U000806,O001363,892.97,2026-06-24,225483
U000806,O001364,419.9,2026-07-19,225483
U000806,O001365,383.9,2026-07-29,225483
U000807,O001366,802.76,2026-02-28,772957
U000807,O001367,627.92,2026-03-08,772957
U000807,O001368,975.67,2026-04-16,772957
U000807,O001369,1474.01,2026-04-22,772957
U000807,O001370,1027.8,2026-04-29,772957
U000807,O001371,768.64,2026-05-03,772957
U000807,O001372,857.78,2026-05-05,772957
U000808,O001373,1339.77,2026-01-20,688250
U000808,O001374,621.54,2026-03-19,688250
U000808,O001375,690.32,2026-03-31,688250
U000808,O001376,839.13,2026-04-12,688250
U000808,O001377,685.32,2026-04-28,688250
U000808,O001378,889.86,2026-07-24,688250
U000808,O001379,315.74,2026-07-30,688250
U000808,O001380,132.16,2026-08-11,688250
U000808,O001381,983.89,2026-08-20,688250
U000808,O001382,311.2,2026-08-26,688250
U000809,O001383,979.63,2026-07-25,534979
U000809,O001384,799.72,2026-07-31,534979
U000809,O001385,49.0,2026-08-18,534979
U000809,O001386,1431.97,2026-08-23,534979
U000810,O001387,1164.61,2026-01-28,687253
U000810,O001388,98.19,2026-02-19,687253
U000810,O001389,626.07,2026-03-08,687253
U000810,O001390,49.0,2026-05-26,687253
U000810,O001391,571.36,2026-07-09,687253
U000810,O001392,469.27,2026-08-14,687253
U000811,O001393,665.4,2026-03-18,241966
U000811,O001394,1096.33,2026-04-08,241966
U000811,O001395,1073.24,2026-04-24,241966
U000811,O001396,491.15,2026-05-03,241966
U000811,O001397,621.15,2026-08-26,241966
U000812,O001398,862.43,2026-02-23,668090
U000812,O001399,813.23,2026-03-11,668090
U000812,O001400,399.44,2026-03-26,668090
U000812,O001401,740.3,2026-03-29,668090
U000812,O001402,833.57,2026-04-18,668090
U000812,O001403,670.8,2026-06-23,668090
U000813,O001404,743.91,2026-04-29,421279
U000813,O001405,663.1,2026-07-04,421279
U000813,O001406,49.0,2026-07-06,421279
U000813,O001407,898.3,2026-07-23,421279
U000813,O001408,1011.58,2026-08-02,421279
U000814,O001409,726.88,2026-03-24,231836
U000814,O001410,482.9,2026-04-08,231836
U000814,O001411,726.03,2026-05-12,231836
U000814,O001412,951.51,2026-06-23,231836
U000814,O001413,264.05,2026-08-03,231836
U000815,O001414,1389.68,2025-12-08,622982
U000815,O001415,606.62,2025-12-12,622982
U000815,O001416,597.69,2025-12-19,622982
U000816,O001417,938.97,2026-01-19,450385
U000816,O001418,571.84,2026-04-17,450385
U000816,O001419,809.83,2026-05-11,450385
U000817,O001420,481.22,2026-01-05,488898
U000817,O001421,756.21,2026-03-27,488898
U000817,O001422,842.8,2026-03-31,488898
U000817,O001423,511.32,2026-06-16,488898
U000818,O001424,536.18,2025-12-22,482339
U000818,O001425,335.99,2026-03-21,482339
U000818,O001426,697.06,2026-05-02,482339
U000818,O001427,49.0,2026-05-06,482339
U000818,O001428,1171.61,2026-06-01,482339
U000818,O001429,247.66,2026-07-07,482339
U000818,O001430,1036.72,2026-07-16,482339
U000818,O001431,72.71,2026-08-05,482339
U000819,O001432,287.45,2025-12-11,241387
U000819,O001433,750.13,2026-01-17,241387
U000819,O001434,1360.24,2026-02-04,241387
U000819,O001435,507.59,2026-02-11,241387
U000819,O001436,279.45,2026-02-17,241387
U000820,O001437,1062.91,2026-03-22,666166
U000820,O001438,186.72,2026-05-06,666166
U000820,O001439,422.38,2026-05-31,666166
U000820,O001440,825.58,2026-06-09,666166
U000821,O001441,691.88,2026-04-15,343747
U000821,O001442,365.11,2026-05-16,343747
U000821,O001443,49.0,2026-05-22,343747
U000821,O001444,674.11,2026-06-12,343747
U000821,O001445,705.2,2026-06-30,343747
U000822,O001446,1330.75,2025-10-30,485501
U000822,O001447,694.51,2025-12-05,485501
U000822,O001448,403.09,2026-02-06,485501
U000822,O001449,603.56,2026-03-12,485501
U000822,O001450,1222.33,2026-05-07,485501
U000822,O001451,849.93,2026-05-23,485501
U000822,O001452,1316.28,2026-07-04,485501
U000822,O001453,560.18,2026-07-12,485501
U000823,O001454,713.05,2026-03-08,225681
U000823,O001455,474.52,2026-04-08,225681
U000823,O001456,301.36,2026-04-20,225681
U000823,O001457,370.93,2026-05-01,225681
U000823,O001458,330.58,2026-05-11,225681
U000824,O001459,1043.19,2025-11-16,579958
U000824,O001460,728.52,2026-01-06,579958
U000824,O001461,537.81,2026-01-27,579958
U000824,O001462,717.14,2026-04-04,579958
U000824,O001463,1076.24,2026-04-06,579958
U000824,O001464,740.53,2026-05-08,579958
U000824,O001465,49.0,2026-05-20,579958
U000824,O001466,1039.15,2026-07-01,579958
U000824,O001467,848.55,2026-07-05,579958
U000825,O001468,956.13,2026-04-27,555835
U000825,O001469,604.26,2026-04-30,555835
U000826,O001470,102.76,2026-02-11,807472
U000826,O001471,1187.7,2026-03-01,807472
U000826,O001472,735.97,2026-03-16,807472
U000826,O001473,535.5,2026-04-04,807472
U000826,O001474,378.85,2026-05-25,807472
U000826,O001475,224.33,2026-06-06,807472
U000826,O001476,519.62,2026-06-18,807472
U000826,O001477,49.0,2026-07-01,807472
U000826,O001478,552.29,2026-07-12,807472
U000827,O001479,555.25,2025-10-13,458516
U000827,O001480,443.81,2025-11-16,458516
U000827,O001481,444.99,2025-11-20,458516
U000827,O001482,596.08,2025-11-26,458516
U000827,O001483,930.32,2025-12-23,458516
U000827,O001484,1234.25,2026-01-15,458516
U000827,O001485,828.36,2026-01-23,458516
U000827,O001486,1284.8,2026-02-27,458516
U000828,O001487,56.65,2026-04-14,149636
U000828,O001488,206.95,2026-05-01,149636
U000828,O001489,318.85,2026-06-09,149636
U000828,O001490,190.48,2026-06-16,149636
U000828,O001491,973.42,2026-08-02,149636
U000828,O001492,1004.57,2026-08-07,149636
U000829,O001493,576.41,2026-04-07,781572
U000829,O001494,890.86,2026-04-23,781572
U000829,O001495,556.75,2026-05-02,781572
U000829,O001496,98.45,2026-06-20,781572
U000829,O001497,581.55,2026-07-04,781572
U000830,O001498,333.94,2026-05-09,625323
U000830,O001499,1032.63,2026-08-10,625323
U000830,O001500,213.72,2026-08-17,625323
U000830,O001501,469.81,2026-08-26,625323
U000831,O001502,1087.73,2025-10-23,620059
U000831,O001503,956.5,2025-10-26,620059
U000831,O001504,469.82,2025-11-08,620059
U000831,O001505,1239.89,2026-01-05,620059
U000831,O001506,1128.76,2026-01-15,620059
U000831,O001507,184.63,2026-04-15,620059
U000831,O001508,107.61,2026-04-17,620059
U000832,O001509,1007.35,2026-03-27,625851
U000832,O001510,784.91,2026-04-11,625851
U000833,O001511,294.66,2026-03-09,150479
U000833,O001512,439.04,2026-04-26,150479
U000833,O001513,377.3,2026-06-06,150479
U000833,O001514,561.52,2026-07-05,150479
U000833,O001515,658.62,2026-07-11,150479
U000833,O001516,1435.66,2026-07-16,150479
U000834,O001517,668.79,2025-12-30,847054
U000834,O001518,1014.44,2026-01-17,847054
U000834,O001519,49.0,2026-02-02,847054
U000834,O001520,724.31,2026-03-26,847054
U000834,O001521,395.81,2026-05-08,847054
U000835,O001522,759.09,2026-02-11,263902
U000835,O001523,617.0,2026-05-12,263902
U000835,O001524,1801.59,2026-05-27,263902
U000836,O001525,164.38,2026-01-30,109336
U000836,O001526,356.0,2026-03-01,109336
U000837,O001527,641.47,2025-11-30,561979
U000837,O001528,405.1,2025-12-14,561979
U000837,O001529,619.37,2025-12-20,561979
U000837,O001530,207.19,2025-12-23,561979
U000837,O001531,576.66,2026-02-25,561979
U000837,O001532,457.08,2026-03-02,561979
U000837,O001533,717.54,2026-03-04,561979
U000837,O001534,1019.59,2026-03-06,561979
U000838,O001535,245.34,2026-01-23,282290
U000838,O001536,1072.47,2026-01-25,282290
U000838,O001537,49.0,2026-02-06,282290
U000838,O001538,1355.64,2026-02-16,282290
U000838,O001539,791.22,2026-03-23,282290
U000838,O001540,722.99,2026-04-30,282290
U000838,O001541,1034.7,2026-05-04,282290
U000838,O001542,808.53,2026-05-18,282290
U000838,O001543,1098.6,2026-06-19,282290
U000839,O001544,1667.47,2026-02-10,624968
U000839,O001545,899.99,2026-02-27,624968
U000839,O001546,1251.95,2026-04-29,624968
U000840,O001547,667.9,2026-02-20,137484
U000840,O001548,956.08,2026-04-03,137484
U000840,O001549,955.57,2026-05-09,137484
U000840,O001550,49.0,2026-08-12,137484
U000840,O001551,1030.16,2026-08-17,137484
U000841,O001552,390.79,2026-02-04,191546
U000841,O001553,1575.18,2026-02-20,191546
U000841,O001554,640.17,2026-03-10,191546
U000841,O001555,444.75,2026-03-20,191546
U000841,O001556,679.93,2026-03-27,191546
U000841,O001557,489.25,2026-04-04,191546
U000841,O001558,49.0,2026-04-11,191546
U000841,O001559,1446.73,2026-04-14,191546
U000841,O001560,1091.7,2026-04-23,191546
U000842,O001561,1601.6,2026-04-04,204467
U000842,O001562,220.36,2026-05-20,204467
U000842,O001563,553.83,2026-06-28,204467
U000842,O001564,1088.19,2026-08-07,204467
U000843,O001565,1027.0,2026-01-20,604183
U000843,O001566,722.21,2026-03-04,604183
U000843,O001567,69.48,2026-03-08,604183
U000844,O001568,396.39,2026-05-14,160071
U000844,O001569,724.05,2026-06-20,160071
U000844,O001570,719.37,2026-07-20,160071
U000844,O001571,207.74,2026-08-01,160071
U000844,O001572,494.57,2026-08-10,160071
U000844,O001573,1486.63,2026-08-16,160071
U000845,O001574,410.49,2025-12-22,635863
U000845,O001575,1046.65,2026-02-11,635863
U000845,O001576,676.08,2026-02-19,635863
U000845,O001577,651.04,2026-02-26,635863
U000845,O001578,950.56,2026-04-25,635863
U000845,O001579,1018.97,2026-06-03,635863
U000845,O001580,975.89,2026-06-23,635863
U000845,O001581,490.97,2026-06-26,635863
U000846,O001582,1030.55,2026-03-03,571249
U000846,O001583,470.88,2026-03-17,571249
U000846,O001584,1217.05,2026-04-12,571249
U000846,O001585,525.4,2026-06-19,571249
U000846,O001586,534.91,2026-06-24,571249
U000847,O001587,963.17,2026-03-30,474462
U000847,O001588,534.29,2026-04-05,474462
U000847,O001589,605.68,2026-04-11,474462
U000847,O001590,674.48,2026-06-16,474462
U000847,O001591,639.48,2026-07-03,474462
U000847,O001592,1031.28,2026-07-07,474462
U000847,O001593,545.63,2026-07-18,474462
U000847,O001594,1254.59,2026-07-20,474462
U000847,O001595,410.08,2026-08-13,474462
U000848,O001596,49.0,2026-03-02,146095
U000848,O001597,901.56,2026-03-18,146095
U000848,O001598,651.41,2026-03-31,146095
U000848,O001599,439.15,2026-05-17,146095
U000849,O001600,49.0,2026-06-05,609463
U000849,O001601,792.67,2026-07-20,609463
U000849,O001602,1040.22,2026-08-08,609463
U000850,O001603,676.17,2026-05-21,801225
U000850,O001604,487.63,2026-07-04,801225
U000850,O001605,685.14,2026-07-19,801225
U000850,O001606,306.96,2026-07-29,801225
U000851,O001607,455.0,2025-12-13,385125
U000851,O001608,992.19,2026-01-04,385125
U000851,O001609,348.0,2026-01-09,385125
U000851,O001610,729.96,2026-04-19,385125
U000851,O001611,841.54,2026-05-30,385125
U000852,O001612,953.02,2026-02-01,554708
U000852,O001613,425.61,2026-03-08,554708
U000852,O001614,683.77,2026-03-31,554708
U000852,O001615,1443.65,2026-04-02,554708
U000852,O001616,249.78,2026-04-10,554708
U000852,O001617,918.11,2026-05-24,554708
U000852,O001618,691.72,2026-06-14,554708
U000852,O001619,473.83,2026-07-02,554708
U000853,O001620,1129.61,2026-05-13,790378
U000853,O001621,1011.5,2026-05-19,790378
U000853,O001622,699.29,2026-07-10,790378
U000853,O001623,167.21,2026-07-15,790378
U000854,O001624,1144.96,2026-03-12,182933
U000854,O001625,1163.32,2026-05-10,182933
U000854,O001626,211.92,2026-06-05,182933
U000855,O001627,831.76,2026-06-07,724033
U000855,O001628,729.16,2026-07-07,724033
U000855,O001629,1006.16,2026-07-28,724033
U000856,O001630,893.78,2026-01-05,757529
U000856,O001631,473.59,2026-02-19,757529
U000856,O001632,183.35,2026-03-29,757529
U000856,O001633,601.8,2026-06-01,757529
U000856,O001634,257.74,2026-06-21,757529
U000856,O001635,376.92,2026-08-25,757529
U000857,O001636,1316.39,2025-10-26,753804
U000857,O001637,1009.54,2025-11-04,753804
U000857,O001638,1241.24,2025-12-03,753804
U000857,O001639,316.94,2025-12-19,753804
U000857,O001640,1052.55,2026-01-08,753804
U000857,O001641,255.04,2026-02-09,753804
U000857,O001642,1361.32,2026-03-16,753804
U000858,O001643,464.04,2026-05-31,854782
U000858,O001644,376.02,2026-06-10,854782
U000858,O001645,1005.46,2026-06-28,854782
U000858,O001646,137.42,2026-07-08,854782
U000858,O001647,147.86,2026-08-25,854782
U000859,O001648,574.76,2026-05-10,201233
U000859,O001649,155.09,2026-06-08,201233
U000860,O001650,461.48,2025-12-10,243830
U000860,O001651,1103.96,2025-12-22,243830
U000860,O001652,1244.19,2025-12-28,243830
U000860,O001653,315.99,2026-02-10,243830
U000860,O001654,549.72,2026-03-15,243830
U000860,O001655,1047.62,2026-04-02,243830
U000861,O001656,616.73,2026-03-04,378767
U000861,O001657,688.98,2026-03-22,378767
U000861,O001658,49.0,2026-04-29,378767
U000861,O001659,532.35,2026-05-28,378767
U000861,O001660,1153.07,2026-06-07,378767
U000861,O001661,920.87,2026-06-19,378767
U000861,O001662,49.0,2026-07-02,378767
U000861,O001663,1265.4,2026-08-08,378767
U000861,O001664,591.98,2026-08-18,378767
U000862,O001665,581.72,2026-05-08,426043
U000862,O001666,530.04,2026-06-12,426043
U000862,O001667,752.05,2026-07-30,426043
U000863,O001668,811.9,2025-12-16,804919
U000863,O001669,705.51,2025-12-22,804919
U000863,O001670,997.39,2026-01-04,804919
U000863,O001671,773.26,2026-03-06,804919
U000863,O001672,641.81,2026-03-16,804919
U000863,O001673,821.13,2026-04-25,804919
U000863,O001674,1288.43,2026-07-05,804919
U000863,O001675,1018.09,2026-08-05,804919
U000864,O001676,1061.81,2026-06-10,398061
U000864,O001677,895.59,2026-07-10,398061
U000864,O001678,366.64,2026-07-27,398061
U000865,O001679,1375.45,2026-03-14,894530
U000865,O001680,676.36,2026-04-27,894530
U000865,O001681,49.0,2026-05-09,894530
U000865,O001682,1112.69,2026-05-11,894530
U000865,O001683,870.61,2026-06-20,894530
U000865,O001684,437.21,2026-07-25,894530
U000865,O001685,889.66,2026-08-18,894530
U000866,O001686,256.14,2026-02-27,600321
U000866,O001687,772.95,2026-04-01,600321
U000866,O001688,816.49,2026-04-03,600321
U000866,O001689,444.3,2026-06-29,600321
U000866,O001690,1125.85,2026-08-20,600321
U000866,O001691,866.22,2026-08-25,600321
U000867,O001692,1111.59,2025-11-26,222368
U000867,O001693,534.75,2025-12-14,222368
U000867,O001694,1079.53,2026-01-23,222368
U000867,O001695,49.0,2026-05-21,222368
U000867,O001696,49.0,2026-05-27,222368
U000868,O001697,871.54,2026-03-28,749081
U000868,O001698,646.84,2026-04-08,749081
U000868,O001699,1054.47,2026-04-13,749081
U000869,O001700,1155.36,2026-01-30,598194
U000869,O001701,992.26,2026-02-28,598194
U000869,O001702,271.16,2026-03-10,598194
U000869,O001703,1018.57,2026-03-25,598194
U000869,O001704,902.95,2026-04-12,598194
U000869,O001705,1053.28,2026-05-20,598194
U000869,O001706,1431.34,2026-05-29,598194
U000869,O001707,1028.6,2026-06-24,598194
U000869,O001708,544.64,2026-07-30,598194
U000870,O001709,1028.82,2026-01-05,674468
U000870,O001710,49.0,2026-01-10,674468
U000870,O001711,49.0,2026-01-16,674468
U000870,O001712,920.92,2026-01-29,674468
U000870,O001713,974.6,2026-02-02,674468
U000870,O001714,1073.82,2026-04-18,674468
U000870,O001715,522.87,2026-05-07,674468
U000871,O001716,1334.66,2026-03-03,287858
U000871,O001717,204.06,2026-03-06,287858
U000871,O001718,752.79,2026-04-14,287858
U000872,O001719,804.89,2025-12-17,500825
U000872,O001720,507.12,2026-01-10,500825
U000872,O001721,940.12,2026-03-15,500825
U000872,O001722,947.8,2026-03-29,500825
U000872,O001723,49.0,2026-04-11,500825
U000872,O001724,503.99,2026-04-18,500825
U000872,O001725,1426.93,2026-05-06,500825
U000872,O001726,521.66,2026-05-18,500825
U000872,O001727,1123.08,2026-06-15,500825
U000872,O001728,849.15,2026-07-04,500825
U000873,O001729,49.0,2026-01-29,889833
U000873,O001730,302.13,2026-03-01,889833
U000873,O001731,49.0,2026-03-25,889833
U000873,O001732,1348.83,2026-04-16,889833
U000873,O001733,295.03,2026-04-25,889833
U000874,O001734,861.81,2026-06-19,281706
U000874,O001735,470.7,2026-06-22,281706
U000874,O001736,259.39,2026-08-17,281706
U000875,O001737,887.12,2026-03-08,768122
U000875,O001738,594.09,2026-03-16,768122
U000875,O001739,1322.35,2026-05-08,768122
U000875,O001740,476.66,2026-05-24,768122
U000875,O001741,1262.63,2026-06-26,768122
U000875,O001742,493.88,2026-08-19,768122
U000875,O001743,936.34,2026-08-24,768122
U000876,O001744,1074.54,2026-02-06,525901
U000876,O001745,360.34,2026-02-11,525901
U000877,O001746,637.62,2026-02-24,451033
U000877,O001747,853.09,2026-03-09,451033
U000877,O001748,1218.9,2026-03-18,451033
U000877,O001749,1003.13,2026-03-24,451033
U000877,O001750,746.01,2026-04-14,451033
U000877,O001751,1835.2,2026-06-29,451033
U000877,O001752,296.88,2026-07-06,451033
U000877,O001753,454.03,2026-07-19,451033
U000877,O001754,49.0,2026-08-16,451033
U000878,O001755,1276.0,2026-01-03,129690
U000878,O001756,672.36,2026-01-09,129690
U000878,O001757,1575.18,2026-01-27,129690
U000878,O001758,431.19,2026-03-16,129690
U000878,O001759,784.24,2026-04-23,129690
U000878,O001760,704.42,2026-04-26,129690
U000878,O001761,546.68,2026-05-12,129690
U000879,O001762,1078.6,2026-07-09,665602
U000879,O001763,1520.63,2026-07-27,665602
U000879,O001764,984.15,2026-08-11,665602
U000880,O001765,1594.86,2025-12-29,606328
U000880,O001766,962.32,2026-01-14,606328
U000880,O001767,737.77,2026-01-22,606328
U000880,O001768,49.0,2026-02-11,606328
U000880,O001769,1096.97,2026-03-07,606328
U000880,O001770,488.36,2026-03-12,606328
U000880,O001771,1306.04,2026-04-28,606328
U000880,O001772,894.78,2026-06-10,606328
U000881,O001773,675.48,2026-06-30,198215
U000881,O001774,464.75,2026-08-13,198215
U000882,O001775,623.86,2026-02-02,481476
U000882,O001776,358.13,2026-03-04,481476
U000882,O001777,1255.22,2026-03-08,481476
U000883,O001778,889.65,2026-05-18,127405
U000883,O001779,1227.26,2026-06-26,127405
U000883,O001780,667.87,2026-07-18,127405
U000883,O001781,1048.92,2026-08-07,127405
U000884,O001782,746.96,2026-07-18,441779
U000884,O001783,856.18,2026-08-04,441779
U000884,O001784,1214.67,2026-08-16,441779
U000884,O001785,623.96,2026-08-22,441779
U000885,O001786,918.15,2026-04-03,438470
U000885,O001787,49.0,2026-04-08,438470
U000885,O001788,127.12,2026-04-14,438470
U000885,O001789,1436.09,2026-06-05,438470
U000885,O001790,669.75,2026-07-02,438470
U000886,O001791,715.82,2026-06-27,695485
U000886,O001792,749.75,2026-06-29,695485
U000886,O001793,731.03,2026-07-14,695485
U000887,O001794,554.07,2026-06-15,196065
U000887,O001795,1112.31,2026-07-02,196065
U000887,O001796,493.34,2026-07-18,196065
U000888,O001797,825.86,2026-03-17,701046
U000888,O001798,334.16,2026-04-25,701046
U000888,O001799,334.37,2026-05-14,701046
U000888,O001800,570.41,2026-05-31,701046
U000888,O001801,520.34,2026-06-05,701046
U000888,O001802,885.04,2026-07-04,701046
U000888,O001803,1820.19,2026-07-25,701046
U000889,O001804,541.4,2026-05-08,132893
U000889,O001805,924.98,2026-05-24,132893
U000889,O001806,1248.62,2026-06-01,132893
U000889,O001807,372.86,2026-06-15,132893
U000889,O001808,1303.11,2026-06-27,132893
U000889,O001809,1118.59,2026-08-05,132893
U000890,O001810,1102.63,2026-01-06,859685
U000890,O001811,1001.68,2026-02-07,859685
U000890,O001812,691.79,2026-02-20,859685
U000890,O001813,1060.1,2026-02-26,859685
U000890,O001814,512.77,2026-03-11,859685
U000890,O001815,191.53,2026-03-22,859685
U000890,O001816,1136.58,2026-06-10,859685
U000890,O001817,484.79,2026-07-05,859685
U000890,O001818,709.41,2026-07-20,859685
U000890,O001819,704.44,2026-07-22,859685
U000891,O001820,1015.85,2026-08-02,164871
U000891,O001821,705.87,2026-08-13,164871
U000892,O001822,49.0,2026-03-13,359226
U000892,O001823,517.86,2026-03-26,359226
U000892,O001824,658.87,2026-05-19,359226
U000892,O001825,400.99,2026-05-28,359226
U000892,O001826,314.23,2026-06-07,359226
U000892,O001827,994.04,2026-07-31,359226
U000892,O001828,314.7,2026-08-12,359226
U000893,O001829,1355.66,2026-02-01,732777
U000893,O001830,1043.16,2026-02-17,732777
U000893,O001831,586.01,2026-03-07,732777
U000894,O001832,106.76,2026-03-26,406698
U000894,O001833,807.09,2026-04-21,406698
U000894,O001834,302.02,2026-05-31,406698
U000894,O001835,893.37,2026-06-23,406698
U000894,O001836,158.75,2026-06-26,406698
U000895,O001837,476.19,2026-03-15,556453
U000895,O001838,49.0,2026-05-07,556453
U000895,O001839,805.77,2026-06-21,556453
U000895,O001840,699.45,2026-06-24,556453
U000895,O001841,1500.41,2026-06-29,556453
U000895,O001842,926.5,2026-07-17,556453
U000896,O001843,707.14,2026-01-13,327379
U000896,O001844,1265.61,2026-03-02,327379
U000896,O001845,660.99,2026-03-14,327379
U000896,O001846,1461.8,2026-04-25,327379
U000896,O001847,996.14,2026-05-24,327379
U000896,O001848,745.83,2026-05-29,327379
U000896,O001849,1045.91,2026-07-31,327379
U000897,O001850,419.07,2026-07-26,206041
U000897,O001851,659.96,2026-08-04,206041
U000898,O001852,882.0,2026-02-26,401887
U000898,O001853,1653.31,2026-04-04,401887
U000898,O001854,1366.26,2026-04-25,401887
U000898,O001855,896.89,2026-04-28,401887
U000899,O001856,590.27,2026-05-29,738724
U000899,O001857,1562.88,2026-06-10,738724
U000900,O001858,1121.75,2025-12-31,659707
U000900,O001859,1086.2,2026-02-12,659707
U000900,O001860,170.58,2026-02-28,659707
U000900,O001861,177.05,2026-05-01,659707
U000901,O001862,333.31,2025-12-18,296443
U000901,O001863,1107.46,2026-01-28,296443
U000901,O001864,1614.19,2026-02-11,296443
U000901,O001865,79.46,2026-04-28,296443
U000901,O001866,431.65,2026-05-08,296443
U000901,O001867,49.0,2026-05-23,296443
U000901,O001868,1015.42,2026-05-26,296443
U000902,O001869,49.0,2026-05-12,497852
U000902,O001870,979.85,2026-06-07,497852
U000903,O001871,981.11,2026-06-02,191772
U000903,O001872,1610.25,2026-07-05,191772
U000903,O001873,782.8,2026-07-20,191772
U000903,O001874,1141.63,2026-08-07,191772
U000904,O001875,442.94,2026-04-11,233664
U000904,O001876,821.96,2026-05-21,233664
U000904,O001877,49.0,2026-06-18,233664
U000905,O001878,49.0,2026-06-04,478421
U000905,O001879,761.4,2026-06-23,478421
U000906,O001880,708.22,2026-02-07,328411
U000906,O001881,321.92,2026-03-11,328411
U000906,O001882,387.47,2026-04-21,328411
U000906,O001883,536.73,2026-06-28,328411
U000906,O001884,963.33,2026-07-19,328411
U000906,O001885,1043.93,2026-07-23,328411
U000907,O001886,639.96,2026-02-04,357266
U000907,O001887,366.41,2026-02-11,357266
U000907,O001888,840.88,2026-02-25,357266
U000908,O001889,1607.18,2026-01-29,287742
U000908,O001890,442.95,2026-02-11,287742
U000908,O001891,1112.44,2026-02-28,287742
U000908,O001892,1116.52,2026-05-08,287742
U000908,O001893,998.39,2026-06-22,287742
U000909,O001894,142.01,2026-04-12,517044
U000909,O001895,820.06,2026-06-08,517044
U000909,O001896,156.23,2026-06-26,517044
U000909,O001897,1564.36,2026-07-08,517044
U000909,O001898,776.64,2026-07-13,517044
U000910,O001899,1329.29,2026-05-03,352317
U000910,O001900,1385.03,2026-05-15,352317
U000911,O001901,567.65,2026-05-03,859060
U000912,O001902,559.64,2026-04-18,336661
U000912,O001903,1087.58,2026-05-07,336661
U000912,O001904,1395.42,2026-06-26,336661
U000912,O001905,1135.05,2026-07-18,336661
U000912,O001906,49.0,2026-08-09,336661
U000913,O001907,627.43,2026-06-07,532309
U000913,O001908,794.91,2026-06-09,532309
U000913,O001909,518.84,2026-07-22,532309
U000913,O001910,865.53,2026-08-01,532309
U000913,O001911,1234.16,2026-08-11,532309
U000913,O001912,399.69,2026-08-21,532309
U000914,O001913,865.65,2026-04-23,725668
U000914,O001914,1252.47,2026-04-30,725668
U000914,O001915,860.94,2026-06-21,725668
U000914,O001916,708.16,2026-07-02,725668
U000915,O001917,990.12,2026-02-07,883895
U000915,O001918,581.8,2026-02-20,883895
U000915,O001919,1022.62,2026-03-14,883895
U000915,O001920,139.77,2026-04-25,883895
U000915,O001921,841.28,2026-04-28,883895
U000915,O001922,199.15,2026-05-01,883895
U000915,O001923,286.07,2026-05-10,883895
U000916,O001924,219.03,2025-12-10,838404
U000916,O001925,756.14,2025-12-30,838404
U000916,O001926,1007.35,2026-01-08,838404
U000916,O001927,681.21,2026-01-27,838404
U000917,O001928,745.1,2026-04-03,746219
U000917,O001929,1204.47,2026-04-23,746219
U000917,O001930,446.5,2026-05-01,746219
U000918,O001931,355.75,2026-05-21,220949
U000918,O001932,672.68,2026-07-04,220949
U000919,O001933,613.88,2026-04-20,859016
U000919,O001934,964.32,2026-04-26,859016
U000919,O001935,266.71,2026-05-25,859016
U000919,O001936,423.27,2026-07-07,859016
U000919,O001937,1116.62,2026-07-19,859016
U000919,O001938,849.07,2026-07-26,859016
U000920,O001939,1259.74,2026-08-13,430789
U000921,O001940,496.23,2026-07-13,832771
U000921,O001941,203.72,2026-08-01,832771
U000922,O001942,728.39,2026-05-15,763543
U000922,O001943,203.6,2026-06-18,763543
U000922,O001944,842.3,2026-08-12,763543
U000922,O001945,557.07,2026-08-22,763543
U000923,O001946,657.0,2026-04-06,718624
U000923,O001947,796.28,2026-04-21,718624
U000923,O001948,315.27,2026-07-25,718624
U000923,O001949,49.0,2026-07-31,718624
U000924,O001950,1664.27,2026-07-03,497714
U000924,O001951,454.6,2026-08-09,497714
U000924,O001952,794.21,2026-08-24,497714
U000925,O001953,1038.47,2026-04-17,317251
U000925,O001954,1269.04,2026-06-01,317251
U000926,O001955,530.85,2026-03-21,571606
U000926,O001956,776.98,2026-04-02,571606
U000926,O001957,976.92,2026-06-05,571606
U000926,O001958,822.14,2026-06-08,571606
U000926,O001959,571.38,2026-06-21,571606
U000926,O001960,1161.72,2026-07-05,571606
U000926,O001961,819.48,2026-08-06,571606
U000926,O001962,1213.69,2026-08-21,571606
U000927,O001963,567.33,2026-07-22,244513
U000927,O001964,1082.67,2026-08-13,244513
U000928,O001965,188.08,2026-01-27,261527
U000928,O001966,1617.3,2026-02-13,261527
U000928,O001967,90.81,2026-05-04,261527
U000928,O001968,485.25,2026-05-21,261527
U000928,O001969,634.02,2026-05-28,261527
U000929,O001970,430.26,2026-03-07,322915
U000929,O001971,771.41,2026-04-28,322915
U000930,O001972,281.59,2026-05-07,611515
U000930,O001973,568.84,2026-06-30,611515
U000930,O001974,621.11,2026-07-05,611515
U000930,O001975,431.14,2026-07-14,611515
U000930,O001976,1348.3,2026-08-02,611515
U000932,O001977,783.44,2026-05-17,752816
U000932,O001978,231.62,2026-05-20,752816
U000932,O001979,806.13,2026-06-10,752816
U000932,O001980,943.15,2026-06-17,752816
U000932,O001981,236.72,2026-08-17,752816
U000933,O001982,664.34,2026-02-24,867981
U000933,O001983,998.27,2026-03-01,867981
U000933,O001984,1043.63,2026-03-07,867981
U000933,O001985,586.21,2026-03-17,867981
U000933,O001986,930.41,2026-04-19,867981
U000933,O001987,739.81,2026-04-23,867981
U000933,O001988,822.3,2026-05-12,867981
U000934,O001989,1003.21,2026-01-21,813973
U000934,O001990,1372.06,2026-02-12,813973
U000934,O001991,320.7,2026-02-18,813973
U000934,O001992,503.0,2026-04-07,813973
U000934,O001993,844.13,2026-04-17,813973
U000934,O001994,562.27,2026-04-21,813973
U000934,O001995,412.89,2026-05-31,813973
U000935,O001996,1131.11,2026-03-30,238699
U000935,O001997,128.57,2026-07-03,238699
U000935,O001998,315.09,2026-07-24,238699
U000936,O001999,49.0,2026-01-26,508603
U000936,O002000,988.43,2026-02-01,508603
U000936,O002001,387.09,2026-02-19,508603
U000936,O002002,1550.48,2026-03-06,508603
U000936,O002003,674.97,2026-03-19,508603
U000936,O002004,888.18,2026-05-02,508603
U000936,O002005,1100.86,2026-05-04,508603
U000936,O002006,690.51,2026-06-06,508603
U000936,O002007,842.39,2026-07-02,508603
U000936,O002008,1274.78,2026-07-22,508603
U000937,O002009,1236.79,2025-12-05,592306
U000937,O002010,1252.97,2026-01-16,592306
U000937,O002011,786.32,2026-03-10,592306
U000937,O002012,343.16,2026-05-02,592306
U000937,O002013,523.96,2026-05-28,592306
U000937,O002014,1026.43,2026-07-30,592306
U000938,O002015,623.27,2026-06-11,104496
U000938,O002016,174.49,2026-06-17,104496
U000938,O002017,934.48,2026-06-28,104496
U000938,O002018,764.56,2026-07-12,104496
U000939,O002019,915.84,2025-12-06,190875
U000939,O002020,1057.79,2025-12-13,190875
U000939,O002021,1064.7,2025-12-23,190875
U000940,O002022,1328.82,2025-11-20,801877
U000940,O002023,1099.07,2025-12-15,801877
U000940,O002024,137.42,2025-12-17,801877
U000940,O002025,1375.6,2025-12-31,801877
U000940,O002026,968.13,2026-01-10,801877
U000941,O002027,523.41,2026-02-01,810104
U000941,O002028,737.13,2026-06-02,810104
U000941,O002029,715.25,2026-07-18,810104
U000942,O002030,49.0,2026-03-15,472061
U000942,O002031,254.9,2026-04-09,472061
U000942,O002032,179.94,2026-04-25,472061
U000942,O002033,941.67,2026-05-08,472061
U000942,O002034,398.97,2026-05-13,472061
U000942,O002035,1054.08,2026-06-05,472061
U000942,O002036,340.78,2026-06-22,472061
U000943,O002037,573.41,2026-05-03,858408
U000943,O002038,431.05,2026-06-21,858408
U000944,O002039,384.05,2025-11-07,282552
U000944,O002040,707.72,2025-11-23,282552
U000944,O002041,429.62,2026-01-06,282552
U000944,O002042,57.17,2026-01-27,282552
U000944,O002043,992.77,2026-01-31,282552
U000944,O002044,1059.94,2026-02-07,282552
U000945,O002045,1314.9,2026-06-07,416888
U000945,O002046,481.71,2026-06-14,416888
U000945,O002047,870.8,2026-06-21,416888
U000945,O002048,670.87,2026-07-05,416888
U000946,O002049,780.04,2025-12-30,849559
U000946,O002050,606.47,2026-01-08,849559
U000947,O002051,890.24,2026-06-09,564298
U000947,O002052,761.1,2026-06-17,564298
U000947,O002053,1333.66,2026-07-09,564298
U000947,O002054,121.4,2026-07-13,564298
U000947,O002055,864.43,2026-07-31,564298
U000948,O002056,625.93,2026-02-10,734258
U000948,O002057,679.17,2026-04-27,734258
U000948,O002058,796.25,2026-05-18,734258
U000948,O002059,429.38,2026-07-15,734258
U000949,O002060,940.18,2026-01-21,897034
U000949,O002061,71.35,2026-02-13,897034
U000949,O002062,691.96,2026-02-21,897034
U000949,O002063,1465.01,2026-04-27,897034
U000949,O002064,1000.09,2026-06-09,897034
U000949,O002065,622.49,2026-06-14,897034
U000949,O002066,111.17,2026-07-04,897034
U000949,O002067,552.53,2026-08-13,897034
U000950,O002068,207.41,2026-05-29,448054
U000950,O002069,753.87,2026-06-13,448054
U000950,O002070,49.0,2026-06-21,448054
U000950,O002071,1265.61,2026-06-29,448054
U000951,O002072,820.06,2026-02-12,379689
U000951,O002073,766.25,2026-05-21,379689
U000951,O002074,1096.93,2026-05-23,379689
U000951,O002075,49.0,2026-07-18,379689
U000951,O002076,352.14,2026-07-28,379689
U000952,O002077,280.67,2026-03-06,156018
U000952,O002078,223.95,2026-06-02,156018
U000952,O002079,684.45,2026-08-13,156018
U000953,O002080,890.66,2026-01-27,570355
U000953,O002081,924.35,2026-02-27,570355
U000953,O002082,1167.3,2026-04-22,570355
U000953,O002083,791.9,2026-05-30,570355
U000953,O002084,317.57,2026-07-08,570355
U000954,O002085,156.29,2026-04-02,577752
U000954,O002086,884.14,2026-06-15,577752
U000954,O002087,981.13,2026-07-02,577752
U000954,O002088,774.73,2026-07-09,577752
U000954,O002089,965.65,2026-08-04,577752
U000954,O002090,1070.04,2026-08-23,577752
U000955,O002091,331.07,2025-12-30,760012
U000955,O002092,992.7,2026-02-05,760012
U000955,O002093,526.06,2026-03-12,760012
U000956,O002094,1291.66,2026-04-24,891241
U000956,O002095,98.8,2026-06-10,891241
U000956,O002096,226.55,2026-06-18,891241
U000957,O002097,684.01,2026-05-04,859247
U000957,O002098,728.67,2026-06-24,859247
U000957,O002099,462.65,2026-06-29,859247
U000957,O002100,49.0,2026-07-13,859247
U000957,O002101,926.53,2026-08-22,859247
U000958,O002102,846.74,2026-08-02,464693
U000958,O002103,54.91,2026-08-07,464693
U000960,O002104,287.2,2026-05-13,771317
U000960,O002105,1012.32,2026-06-18,771317
U000960,O002106,914.41,2026-07-14,771317
U000960,O002107,648.47,2026-07-22,771317
U000960,O002108,1051.02,2026-08-02,771317
U000961,O002109,808.59,2026-01-20,544281
U000961,O002110,563.55,2026-04-07,544281
U000961,O002111,606.86,2026-05-02,544281
U000962,O002112,49.0,2026-07-10,517264
U000962,O002113,511.46,2026-08-09,517264
U000963,O002114,986.04,2026-03-11,202000
U000963,O002115,402.17,2026-04-21,202000
U000963,O002116,536.08,2026-05-07,202000
U000963,O002117,1381.01,2026-05-26,202000
U000963,O002118,988.38,2026-06-11,202000
U000964,O002119,256.03,2026-05-23,524641
U000964,O002120,268.28,2026-05-30,524641
U000964,O002121,634.15,2026-06-04,524641
U000965,O002122,653.57,2026-07-19,398654
U000965,O002123,654.83,2026-07-25,398654
U000966,O002124,167.36,2026-03-11,432349
U000966,O002125,57.87,2026-04-01,432349
U000966,O002126,796.63,2026-04-12,432349
U000966,O002127,732.72,2026-05-31,432349
U000968,O002128,789.62,2026-01-11,712030
U000968,O002129,483.85,2026-02-16,712030
U000968,O002130,679.26,2026-03-25,712030
U000968,O002131,789.57,2026-04-17,712030
U000968,O002132,49.0,2026-05-16,712030
U000968,O002133,624.73,2026-06-07,712030
U000968,O002134,926.86,2026-07-29,712030
U000968,O002135,910.99,2026-08-05,712030
U000969,O002136,1389.24,2026-07-12,820623
U000969,O002137,724.3,2026-07-27,820623
U000969,O002138,891.98,2026-08-03,820623
U000969,O002139,542.27,2026-08-15,820623
U000970,O002140,1184.57,2025-11-07,205120
U000970,O002141,1270.21,2025-12-07,205120
U000970,O002142,766.22,2026-01-02,205120
U000970,O002143,1180.44,2026-01-15,205120
U000971,O002144,1430.08,2026-01-08,824925
U000971,O002145,1546.53,2026-01-13,824925
U000971,O002146,453.94,2026-01-28,824925
U000971,O002147,966.38,2026-05-05,824925
U000972,O002148,370.23,2026-05-25,472579
U000972,O002149,965.93,2026-06-11,472579
U000972,O002150,291.15,2026-06-27,472579
U000973,O002151,483.95,2026-01-15,660001
U000973,O002152,327.49,2026-01-30,660001
U000973,O002153,995.31,2026-02-02,660001
U000973,O002154,1050.5,2026-04-14,660001
U000973,O002155,49.0,2026-05-11,660001
U000974,O002156,844.21,2026-01-01,169601
U000974,O002157,691.62,2026-01-18,169601
U000975,O002158,830.72,2025-12-13,118108
U000975,O002159,670.6,2026-01-04,118108
U000975,O002160,433.76,2026-01-07,118108
U000975,O002161,639.89,2026-01-28,118108
U000975,O002162,1142.81,2026-02-04,118108
U000976,O002163,255.72,2026-02-27,196456
U000976,O002164,650.89,2026-03-25,196456
U000976,O002165,212.58,2026-04-04,196456
U000976,O002166,87.29,2026-04-17,196456
U000977,O002167,640.46,2026-03-19,726610
U000977,O002168,1245.78,2026-03-24,726610
U000977,O002169,169.85,2026-04-03,726610
U000977,O002170,781.5,2026-06-19,726610
U000978,O002171,90.92,2026-01-19,580763
U000978,O002172,651.82,2026-05-05,580763
U000978,O002173,611.01,2026-05-22,580763
U000979,O002174,1106.79,2025-10-23,703925
U000979,O002175,977.44,2025-11-24,703925
U000979,O002176,482.74,2025-12-15,703925
U000979,O002177,582.55,2025-12-27,703925
U000979,O002178,816.63,2026-01-14,703925
U000979,O002179,816.94,2026-03-11,703925
U000979,O002180,1410.13,2026-03-23,703925
U000980,O002181,869.63,2026-04-14,823595
U000980,O002182,786.12,2026-04-23,823595
U000980,O002183,223.41,2026-05-09,823595
U000980,O002184,915.99,2026-05-30,823595
U000980,O002185,1311.39,2026-06-04,823595
U000980,O002186,1240.96,2026-06-13,823595
U000981,O002187,375.22,2026-02-21,174109
U000981,O002188,624.34,2026-02-26,174109
U000981,O002189,1327.5,2026-05-07,174109
U000982,O002190,700.84,2025-12-24,484091
U000982,O002191,373.33,2026-01-09,484091
U000982,O002192,623.37,2026-01-14,484091
U000982,O002193,530.28,2026-02-02,484091
U000982,O002194,527.7,2026-04-06,484091
U000983,O002195,134.02,2025-10-14,208852
U000983,O002196,392.04,2025-11-22,208852
U000984,O002197,943.65,2025-11-08,103111
U000984,O002198,435.52,2025-11-12,103111
U000984,O002199,1012.79,2026-01-02,103111
U000984,O002200,907.61,2026-02-06,103111
U000984,O002201,1339.94,2026-03-03,103111
U000984,O002202,639.29,2026-03-24,103111
U000984,O002203,1542.15,2026-04-06,103111
U000984,O002204,843.73,2026-05-01,103111
U000984,O002205,369.88,2026-06-09,103111
U000984,O002206,842.55,2026-06-12,103111
U000985,O002207,1108.96,2026-03-19,471125
U000985,O002208,644.79,2026-04-15,471125
U000985,O002209,956.26,2026-05-18,471125
U000985,O002210,415.93,2026-06-11,471125
U000985,O002211,521.95,2026-06-30,471125
U000985,O002212,49.0,2026-08-19,471125
U000986,O002213,49.0,2025-10-09,440253
U000986,O002214,1407.44,2025-10-19,440253
U000986,O002215,743.97,2025-11-22,440253
U000987,O002216,1439.28,2026-03-16,543876
U000987,O002217,1395.73,2026-03-20,543876
U000987,O002218,1643.79,2026-06-02,543876
U000987,O002219,763.39,2026-07-25,543876
U000988,O002220,1183.63,2026-03-24,388989
U000988,O002221,560.03,2026-06-14,388989
U000988,O002222,1109.68,2026-06-22,388989
U000989,O002223,803.09,2026-04-04,859262
U000989,O002224,1338.3,2026-04-22,859262
U000989,O002225,726.82,2026-05-17,859262
U000990,O002226,1116.5,2025-11-15,379863
U000990,O002227,1072.1,2025-11-27,379863
U000990,O002228,664.51,2026-01-11,379863
U000990,O002229,49.0,2026-01-28,379863
U000990,O002230,956.76,2026-02-24,379863
U000990,O002231,1379.95,2026-04-03,379863
U000990,O002232,692.6,2026-05-09,379863
U000990,O002233,86.7,2026-05-12,379863
U000990,O002234,878.91,2026-05-14,379863
U000991,O002235,584.39,2025-11-25,536094
U000991,O002236,121.0,2025-12-08,536094
U000991,O002237,473.38,2026-01-11,536094
U000991,O002238,865.74,2026-02-03,536094
U000991,O002239,1322.72,2026-02-08,536094
U000991,O002240,600.37,2026-02-12,536094
U000991,O002241,740.62,2026-02-17,536094
U000991,O002242,461.11,2026-03-02,536094
U000992,O002243,943.55,2026-03-28,859620
U000992,O002244,1213.16,2026-04-16,859620
U000992,O002245,1214.82,2026-05-18,859620
U000992,O002246,107.63,2026-07-21,859620
U000992,O002247,912.31,2026-07-26,859620
U000992,O002248,739.17,2026-08-09,859620
U000993,O002249,629.95,2025-10-16,588630
U000993,O002250,1209.46,2025-11-06,588630
U000993,O002251,442.1,2026-02-27,588630
U000993,O002252,947.53,2026-05-17,588630
U000993,O002253,529.29,2026-07-16,588630
U000994,O002254,727.72,2026-03-21,528216
U000994,O002255,657.56,2026-05-02,528216
U000994,O002256,697.04,2026-05-31,528216
U000994,O002257,1553.01,2026-06-18,528216
U000995,O002258,791.09,2026-02-10,182492
U000995,O002259,787.85,2026-03-12,182492
U000995,O002260,1448.87,2026-04-13,182492
U000995,O002261,625.58,2026-06-01,182492
U000995,O002262,1151.75,2026-06-11,182492
U000995,O002263,829.18,2026-06-22,182492
U000996,O002264,383.47,2026-06-12,364031
U000996,O002265,464.51,2026-06-20,364031
U000996,O002266,755.66,2026-06-23,364031
U000996,O002267,704.53,2026-07-03,364031
U000996,O002268,882.73,2026-07-05,364031
U000996,O002269,915.11,2026-08-07,364031
U000997,O002270,1027.56,2025-10-24,745959
U000997,O002271,966.9,2025-10-30,745959
U000997,O002272,1232.5,2025-11-20,745959
U000997,O002273,134.61,2025-12-20,745959
U000997,O002274,944.18,2025-12-22,745959
U000997,O002275,608.78,2025-12-26,745959
U000997,O002276,194.97,2026-01-01,745959
U000998,O002277,1250.83,2025-10-30,245721
U000998,O002278,187.54,2025-11-06,245721
U000998,O002279,1016.9,2025-11-19,245721
U000998,O002280,1094.89,2025-11-28,245721
U000998,O002281,979.8,2025-12-14,245721
U000998,O002282,593.63,2025-12-27,245721
U000998,O002283,49.0,2026-01-11,245721
U000998,O002284,972.44,2026-02-18,245721
U000998,O002285,1065.19,2026-04-22,245721
U000999,O002286,1289.97,2026-06-12,456100
U000999,O002287,928.31,2026-07-20,456100
U001000,O002288,853.38,2025-11-09,259959
U001000,O002289,232.32,2025-11-21,259959
U001000,O002290,236.12,2025-12-24,259959
U001000,O002291,924.32,2026-01-04,259959
U001000,O002292,173.88,2026-03-05,259959
U001000,O002293,1111.8,2026-05-11,259959
U001000,O002294,1322.86,2026-06-01,259959
U001001,O002295,49.0,2025-11-12,594818
U001001,O002296,1011.54,2025-11-15,594818
U001001,O002297,1472.7,2026-03-14,594818
U001001,O002298,749.08,2026-03-18,594818
U001002,O002299,196.74,2026-03-08,141276
U001002,O002300,944.04,2026-05-06,141276
U001003,O002301,1033.28,2025-11-20,243859
U001003,O002302,791.15,2025-12-17,243859
U001004,O002303,59.26,2026-07-10,822921
U001004,O002304,726.41,2026-07-19,822921
U001004,O002305,906.56,2026-08-11,822921
U001004,O002306,1195.86,2026-08-25,822921
U001005,O002307,1055.87,2026-03-24,577315
U001005,O002308,331.37,2026-04-04,577315
U001005,O002309,710.99,2026-04-27,577315
U001005,O002310,888.73,2026-05-12,577315
U001005,O002311,1394.87,2026-05-24,577315
U001005,O002312,579.68,2026-07-09,577315
U001005,O002313,1496.67,2026-07-28,577315
U001006,O002314,349.27,2025-11-29,409946
U001006,O002315,1413.25,2025-12-09,409946
U001006,O002316,1857.05,2025-12-19,409946
U001006,O002317,530.17,2026-01-09,409946
U001006,O002318,557.59,2026-03-18,409946
U001007,O002319,977.87,2026-02-15,815322
U001007,O002320,1173.89,2026-05-19,815322
U001008,O002321,49.0,2026-04-23,295161
U001009,O002322,258.48,2026-02-14,290930
U001009,O002323,1043.35,2026-03-02,290930
U001009,O002324,69.36,2026-03-26,290930
U001009,O002325,379.08,2026-04-22,290930
U001009,O002326,1697.55,2026-05-26,290930
U001010,O002327,1128.99,2025-12-30,527567
U001010,O002328,849.59,2026-01-12,527567
U001010,O002329,1351.14,2026-02-04,527567
U001010,O002330,573.15,2026-04-08,527567
U001010,O002331,834.89,2026-04-21,527567
U001010,O002332,697.63,2026-04-30,527567
U001010,O002333,486.46,2026-05-10,527567
U001011,O002334,1004.74,2026-04-09,886938
U001011,O002335,1134.46,2026-05-31,886938
U001011,O002336,49.0,2026-06-07,886938
U001011,O002337,864.9,2026-06-29,886938
U001011,O002338,263.33,2026-08-08,886938
U001012,O002339,668.12,2026-01-27,134762
U001012,O002340,822.86,2026-02-28,134762
U001012,O002341,950.18,2026-05-12,134762
U001012,O002342,599.43,2026-06-19,134762
U001012,O002343,1003.39,2026-07-18,134762
U001012,O002344,699.56,2026-07-31,134762
U001012,O002345,1159.12,2026-08-15,134762
U001013,O002346,626.35,2026-01-03,592366
U001013,O002347,1153.62,2026-01-15,592366
U001013,O002348,605.29,2026-01-31,592366
U001013,O002349,1079.39,2026-02-25,592366
U001013,O002350,910.86,2026-07-23,592366
U001013,O002351,756.68,2026-07-26,592366
U001013,O002352,689.11,2026-07-29,592366
U001013,O002353,750.52,2026-08-11,592366
U001014,O002354,414.35,2026-03-18,837478
U001014,O002355,433.1,2026-04-03,837478
U001014,O002356,554.7,2026-05-17,837478
U001015,O002357,1091.7,2026-06-23,781457
U001015,O002358,851.09,2026-08-13,781457
U001015,O002359,703.0,2026-08-15,781457
U001015,O002360,719.39,2026-08-17,781457
U001016,O002361,872.72,2026-02-28,657577
U001016,O002362,158.7,2026-03-31,657577
U001016,O002363,1529.74,2026-04-16,657577
U001016,O002364,603.54,2026-06-12,657577
U001016,O002365,753.93,2026-08-10,657577
U001017,O002366,296.25,2026-02-22,298160
U001017,O002367,1140.06,2026-05-11,298160
U001017,O002368,672.78,2026-05-15,298160
U001017,O002369,491.12,2026-06-20,298160
U001017,O002370,426.64,2026-07-18,298160
U001017,O002371,960.87,2026-07-23,298160
U001017,O002372,49.0,2026-08-11,298160
U001018,O002373,496.52,2025-12-07,816577
U001018,O002374,424.07,2026-01-15,816577
U001018,O002375,1108.73,2026-01-22,816577
U001018,O002376,668.33,2026-02-18,816577
U001018,O002377,543.97,2026-03-01,816577
U001018,O002378,682.57,2026-03-25,816577
U001019,O002379,772.26,2026-02-14,538745
U001019,O002380,948.55,2026-02-21,538745
U001019,O002381,1127.62,2026-06-03,538745
U001020,O002382,919.92,2026-07-07,880439
U001020,O002383,717.05,2026-07-13,880439
U001020,O002384,845.13,2026-07-27,880439
U001021,O002385,49.0,2026-06-28,422366
U001021,O002386,415.5,2026-07-02,422366
U001021,O002387,635.93,2026-07-15,422366
U001021,O002388,444.04,2026-07-28,422366
U001021,O002389,332.25,2026-08-20,422366
U001022,O002390,461.82,2026-01-14,141650
U001022,O002391,619.81,2026-02-03,141650
U001022,O002392,445.19,2026-03-22,141650
U001022,O002393,353.25,2026-04-29,141650
U001022,O002394,582.51,2026-05-25,141650
U001023,O002395,486.5,2026-03-02,627909
U001023,O002396,570.97,2026-03-26,627909
U001024,O002397,549.96,2026-07-19,389534
U001024,O002398,93.51,2026-08-09,389534
U001024,O002399,821.15,2026-08-26,389534
U001025,O002400,422.3,2026-06-11,182468
U001025,O002401,1034.69,2026-07-01,182468
U001026,O002402,533.4,2026-02-01,239564
U001026,O002403,49.0,2026-02-06,239564
U001027,O002404,842.59,2025-12-29,252138
U001027,O002405,224.14,2026-01-03,252138
U001027,O002406,215.82,2026-01-21,252138
U001027,O002407,751.46,2026-01-29,252138
U001027,O002408,858.1,2026-03-13,252138
U001027,O002409,297.54,2026-04-08,252138
U001027,O002410,1268.02,2026-04-15,252138
U001027,O002411,309.33,2026-07-27,252138
U001028,O002412,761.27,2026-04-19,312561
U001029,O002413,1127.72,2025-12-18,877243
U001029,O002414,208.72,2025-12-25,877243
U001029,O002415,1778.63,2026-01-03,877243
U001029,O002416,882.49,2026-01-26,877243
U001029,O002417,301.69,2026-02-23,877243
U001029,O002418,625.25,2026-02-28,877243
U001029,O002419,49.0,2026-03-09,877243
U001029,O002420,572.41,2026-04-03,877243
U001029,O002421,900.59,2026-05-14,877243
U001029,O002422,980.36,2026-06-04,877243
U001029,O002423,531.06,2026-07-07,877243
U001029,O002424,909.93,2026-07-17,877243
U001029,O002425,49.0,2026-08-21,877243
U001030,O002426,306.86,2026-01-15,452040
U001030,O002427,425.66,2026-01-20,452040
U001030,O002428,1187.97,2026-01-31,452040
U001030,O002429,1572.11,2026-02-15,452040
U001030,O002430,1026.32,2026-03-21,452040
U001030,O002431,925.78,2026-04-29,452040
U001030,O002432,407.67,2026-05-12,452040
U001030,O002433,281.97,2026-06-12,452040
U001030,O002434,343.87,2026-07-03,452040
U001030,O002435,811.73,2026-07-06,452040
U001031,O002436,899.01,2026-08-04,779907
U001031,O002437,305.72,2026-08-22,779907
U001032,O002438,308.79,2026-07-01,358683
U001032,O002439,772.09,2026-07-06,358683
U001032,O002440,428.97,2026-07-20,358683
U001032,O002441,503.16,2026-08-16,358683
U001033,O002442,1083.74,2026-07-14,794823
U001033,O002443,928.2,2026-07-21,794823
U001034,O002444,536.12,2026-01-25,592119
U001034,O002445,624.23,2026-02-15,592119
U001034,O002446,1386.08,2026-02-22,592119
U001034,O002447,1311.65,2026-04-19,592119
U001034,O002448,1093.19,2026-05-02,592119
U001034,O002449,1675.31,2026-05-06,592119
U001034,O002450,746.59,2026-06-01,592119
U001035,O002451,500.94,2026-01-29,563806
U001035,O002452,352.81,2026-02-07,563806
U001035,O002453,1151.07,2026-02-23,563806
U001035,O002454,945.58,2026-02-27,563806
U001035,O002455,899.51,2026-03-04,563806
U001035,O002456,978.96,2026-03-12,563806
U001035,O002457,1106.74,2026-04-09,563806
U001036,O002458,898.1,2026-03-10,491205
U001036,O002459,444.67,2026-03-18,491205
U001036,O002460,49.0,2026-07-23,491205
U001037,O002461,714.2,2026-04-16,395568
U001037,O002462,304.24,2026-05-01,395568
U001037,O002463,462.01,2026-05-23,395568
U001037,O002464,425.64,2026-06-01,395568
U001037,O002465,669.68,2026-06-12,395568
U001037,O002466,138.6,2026-06-29,395568
U001037,O002467,402.28,2026-07-22,395568
U001038,O002468,360.95,2026-05-28,767536
U001038,O002469,939.3,2026-07-02,767536
U001038,O002470,279.36,2026-07-14,767536
U001038,O002471,376.7,2026-07-20,767536
U001038,O002472,946.38,2026-08-07,767536
U001038,O002473,1190.41,2026-08-12,767536
U001039,O002474,49.0,2026-07-06,180062
U001039,O002475,254.96,2026-07-20,180062
U001039,O002476,1068.07,2026-08-11,180062
U001040,O002477,564.21,2026-05-25,448287
U001040,O002478,250.83,2026-06-14,448287
U001040,O002479,823.76,2026-07-09,448287
U001041,O002480,411.42,2026-07-15,174806
U001041,O002481,568.29,2026-07-24,174806
U001042,O002482,742.39,2025-12-29,523363
U001042,O002483,185.16,2026-01-07,523363
U001042,O002484,944.38,2026-03-09,523363
U001042,O002485,98.09,2026-03-14,523363
U001042,O002486,1500.97,2026-03-21,523363
U001042,O002487,575.56,2026-05-21,523363
U001042,O002488,824.45,2026-06-17,523363
U001043,O002489,279.18,2026-03-31,474713
U001043,O002490,49.0,2026-05-07,474713
U001044,O002491,745.93,2026-07-20,700573
U001044,O002492,568.63,2026-07-22,700573
U001044,O002493,505.11,2026-08-18,700573
U001045,O002494,909.48,2026-05-16,655180
U001045,O002495,1293.34,2026-07-20,655180
U001046,O002496,182.41,2025-11-28,547763
U001046,O002497,156.92,2025-12-12,547763
U001047,O002498,1079.76,2026-04-02,389455
U001048,O002499,1403.09,2026-05-18,306806
U001049,O002500,1010.99,2026-05-14,799053
U001049,O002501,49.0,2026-05-28,799053
U001049,O002502,1555.37,2026-06-01,799053
U001050,O002503,390.71,2026-05-28,341651
U001050,O002504,699.3,2026-06-07,341651
U001050,O002505,988.64,2026-06-12,341651
U001050,O002506,805.46,2026-07-21,341651
U001050,O002507,1000.94,2026-08-13,341651
U001051,O002508,617.47,2026-05-23,821361
U001051,O002509,322.16,2026-06-02,821361
U001051,O002510,654.27,2026-07-16,821361
U001051,O002511,960.56,2026-07-21,821361
U001051,O002512,1086.52,2026-07-27,821361
U001051,O002513,508.69,2026-08-08,821361
U001052,O002514,382.56,2026-05-29,714739
U001052,O002515,559.1,2026-07-16,714739
U001052,O002516,591.76,2026-07-23,714739
U001052,O002517,816.02,2026-08-12,714739
U001053,O002518,718.62,2026-04-24,101521
U001053,O002519,236.95,2026-05-08,101521
U001054,O002520,1023.65,2026-01-20,313422
U001054,O002521,730.0,2026-01-28,313422
U001055,O002522,1049.32,2026-03-17,789710
U001055,O002523,1744.24,2026-04-27,789710
U001056,O002524,858.95,2025-11-23,109299
U001056,O002525,274.76,2026-04-01,109299
U001056,O002526,282.95,2026-04-07,109299
U001056,O002527,694.08,2026-05-25,109299
U001056,O002528,49.0,2026-06-02,109299
U001057,O002529,510.16,2026-07-31,788534
U001058,O002530,235.57,2026-03-18,726650
U001058,O002531,1273.25,2026-04-12,726650
U001058,O002532,365.23,2026-05-03,726650
U001058,O002533,832.27,2026-05-26,726650
U001058,O002534,780.42,2026-07-05,726650
U001058,O002535,835.69,2026-08-06,726650
U001058,O002536,1331.27,2026-08-13,726650
U001059,O002537,895.52,2025-12-31,139183
U001059,O002538,675.43,2026-01-07,139183
U001059,O002539,975.92,2026-01-26,139183
U001059,O002540,344.56,2026-02-18,139183
U001059,O002541,541.68,2026-03-07,139183
U001059,O002542,1065.61,2026-04-02,139183
U001059,O002543,607.22,2026-05-09,139183
U001059,O002544,49.0,2026-05-27,139183
U001060,O002545,1106.85,2026-07-26,422110
U001060,O002546,762.81,2026-07-28,422110
U001060,O002547,825.84,2026-08-12,422110
U001060,O002548,613.86,2026-08-16,422110
U001060,O002549,649.63,2026-08-25,422110
U001061,O002550,621.43,2026-02-02,147312
U001061,O002551,957.89,2026-02-22,147312
U001061,O002552,1203.56,2026-03-31,147312
U001061,O002553,852.4,2026-04-13,147312
U001061,O002554,371.21,2026-05-30,147312
U001061,O002555,1309.32,2026-06-02,147312
U001062,O002556,178.43,2026-02-26,756258
U001062,O002557,499.6,2026-03-10,756258
U001062,O002558,1057.79,2026-03-14,756258
U001063,O002559,900.68,2026-05-18,627799
U001064,O002560,655.15,2026-07-13,450434
U001065,O002561,865.68,2026-05-20,650225
U001066,O002562,373.8,2026-03-05,699267
U001067,O002563,1245.71,2026-03-29,824162
U001067,O002564,292.11,2026-04-26,824162
U001067,O002565,497.57,2026-05-06,824162
U001067,O002566,1258.6,2026-06-15,824162
U001067,O002567,712.45,2026-06-29,824162
U001067,O002568,49.0,2026-08-17,824162
U001068,O002569,638.83,2026-05-06,714854
U001068,O002570,1013.04,2026-05-13,714854
U001068,O002571,707.0,2026-08-11,714854
U001068,O002572,760.36,2026-08-21,714854
U001069,O002573,645.23,2026-03-24,345191
U001069,O002574,486.0,2026-04-12,345191
U001069,O002575,1412.88,2026-04-17,345191
U001069,O002576,1115.78,2026-05-19,345191
U001069,O002577,1171.16,2026-06-27,345191
U001070,O002578,1220.11,2025-11-06,274793
U001070,O002579,1125.12,2025-12-26,274793
U001070,O002580,132.56,2026-01-07,274793
U001070,O002581,307.21,2026-03-09,274793
U001070,O002582,1285.89,2026-03-12,274793
U001070,O002583,72.58,2026-05-07,274793
U001070,O002584,755.96,2026-05-13,274793
U001070,O002585,1280.65,2026-06-27,274793
U001070,O002586,481.05,2026-08-14,274793
U001071,O002587,1258.0,2025-11-11,670282
U001071,O002588,303.71,2026-03-19,670282
U001071,O002589,756.43,2026-05-13,670282
U001071,O002590,771.7,2026-05-19,670282
U001071,O002591,1303.09,2026-05-27,670282
U001071,O002592,1442.57,2026-05-30,670282
U001071,O002593,559.35,2026-06-03,670282
U001071,O002594,49.0,2026-06-07,670282
U001071,O002595,714.49,2026-08-05,670282
U001071,O002596,1002.73,2026-08-11,670282
U001072,O002597,307.43,2026-03-24,133216
U001072,O002598,764.99,2026-04-04,133216
U001072,O002599,710.85,2026-04-15,133216
U001072,O002600,873.84,2026-04-17,133216
U001072,O002601,676.26,2026-05-02,133216
U001072,O002602,562.98,2026-05-10,133216
U001072,O002603,714.9,2026-05-22,133216
U001072,O002604,1116.26,2026-05-27,133216
U001073,O002605,443.43,2026-04-25,812872
U001073,O002606,280.3,2026-05-26,812872
U001074,O002607,927.67,2025-11-26,716789
U001074,O002608,742.23,2025-12-05,716789
U001074,O002609,838.83,2025-12-10,716789
U001074,O002610,801.3,2025-12-23,716789
U001074,O002611,949.75,2025-12-25,716789
U001074,O002612,1203.83,2026-01-01,716789
U001074,O002613,721.1,2026-01-17,716789
U001074,O002614,846.47,2026-02-04,716789
U001074,O002615,526.01,2026-02-19,716789
U001074,O002616,317.53,2026-02-25,716789
U001075,O002617,280.3,2026-06-03,200662
U001076,O002618,733.74,2026-03-18,580985
U001076,O002619,1129.17,2026-03-30,580985
U001077,O002620,205.81,2026-07-07,503890
U001077,O002621,49.0,2026-07-27,503890
U001077,O002622,664.21,2026-08-21,503890
U001078,O002623,195.17,2026-04-26,567973
U001079,O002624,401.95,2026-07-15,629483
U001080,O002625,568.86,2025-11-29,618532
U001080,O002626,558.11,2025-12-04,618532
U001080,O002627,1152.16,2025-12-30,618532
U001080,O002628,656.89,2026-01-20,618532
U001080,O002629,520.1,2026-02-10,618532
U001080,O002630,1085.45,2026-03-08,618532
U001082,O002631,560.63,2026-05-10,464807
U001082,O002632,855.44,2026-06-05,464807
U001083,O002633,563.25,2026-01-02,188905
U001083,O002634,962.36,2026-01-06,188905
U001084,O002635,807.42,2026-04-15,196983
U001084,O002636,879.09,2026-06-15,196983
U001084,O002637,49.0,2026-06-20,196983
U001084,O002638,917.12,2026-07-11,196983
U001084,O002639,142.89,2026-07-16,196983
U001084,O002640,593.45,2026-08-21,196983
U001085,O002641,1708.43,2025-11-28,672364
U001085,O002642,751.79,2025-12-07,672364
U001085,O002643,723.69,2025-12-12,672364
U001085,O002644,905.25,2026-01-09,672364
U001085,O002645,752.24,2026-03-10,672364
U001085,O002646,525.0,2026-03-28,672364
U001085,O002647,95.63,2026-05-01,672364
U001085,O002648,479.37,2026-05-09,672364
U001086,O002649,932.7,2026-06-15,819949
U001087,O002650,62.05,2026-03-12,807707
U001087,O002651,264.84,2026-03-19,807707
U001087,O002652,894.06,2026-04-05,807707
U001087,O002653,49.0,2026-07-01,807707
U001089,O002654,241.05,2026-01-10,806051
U001089,O002655,1127.83,2026-02-13,806051
U001089,O002656,747.49,2026-04-06,806051
U001090,O002657,603.14,2026-04-20,351543
U001090,O002658,673.24,2026-04-29,351543
U001090,O002659,158.8,2026-07-11,351543
U001090,O002660,201.57,2026-07-15,351543
U001090,O002661,441.82,2026-07-31,351543
U001091,O002662,667.31,2025-12-20,336095
U001091,O002663,238.11,2025-12-26,336095
U001091,O002664,834.8,2026-01-23,336095
U001091,O002665,258.35,2026-01-25,336095
U001091,O002666,1426.26,2026-02-11,336095
U001091,O002667,569.8,2026-04-17,336095
U001091,O002668,591.13,2026-05-26,336095
U001092,O002669,424.4,2026-03-11,723914
U001092,O002670,400.74,2026-04-05,723914
U001092,O002671,1176.89,2026-04-27,723914
U001092,O002672,546.35,2026-07-28,723914
U001093,O002673,605.07,2025-12-23,301934
U001093,O002674,1268.33,2026-02-14,301934
U001093,O002675,967.53,2026-02-17,301934
U001093,O002676,861.44,2026-04-26,301934
U001093,O002677,455.93,2026-05-04,301934
U001093,O002678,255.93,2026-05-29,301934
U001093,O002679,787.36,2026-06-29,301934
U001094,O002680,930.36,2026-05-19,565261
U001094,O002681,1076.67,2026-06-16,565261
U001094,O002682,982.18,2026-06-19,565261
U001095,O002683,803.26,2026-01-09,301560
U001095,O002684,1320.94,2026-01-29,301560
U001096,O002685,951.76,2026-03-07,662591
U001096,O002686,49.0,2026-03-10,662591
U001096,O002687,449.2,2026-03-25,662591
U001096,O002688,784.77,2026-04-01,662591
U001096,O002689,860.74,2026-04-23,662591
U001096,O002690,1147.19,2026-05-08,662591
U001096,O002691,1616.41,2026-05-11,662591
U001097,O002692,739.34,2026-06-08,332337
U001097,O002693,442.85,2026-06-22,332337
U001097,O002694,516.89,2026-06-27,332337
U001097,O002695,1076.34,2026-07-03,332337
U001098,O002696,49.19,2025-11-08,124745
U001098,O002697,743.43,2025-11-27,124745
U001098,O002698,511.34,2025-12-11,124745
U001098,O002699,589.03,2026-02-04,124745
U001098,O002700,49.0,2026-02-10,124745
U001098,O002701,1064.42,2026-03-08,124745
U001098,O002702,49.0,2026-05-31,124745
U001099,O002703,670.14,2026-04-26,360430
U001099,O002704,49.0,2026-05-10,360430
U001100,O002705,1131.04,2026-06-18,838472
U001100,O002706,621.0,2026-07-19,838472
U001100,O002707,928.91,2026-08-17,838472
U001100,O002708,238.95,2026-08-20,838472
U001101,O002709,1059.66,2026-07-16,129796
U001101,O002710,876.28,2026-07-23,129796
U001102,O002711,927.93,2025-12-27,703068
U001102,O002712,819.48,2026-01-05,703068
U001102,O002713,1080.81,2026-03-07,703068
U001102,O002714,664.37,2026-03-28,703068
U001102,O002715,673.65,2026-05-14,703068
U001102,O002716,457.32,2026-05-24,703068
U001102,O002717,260.68,2026-05-31,703068
U001103,O002718,255.88,2025-12-05,794362
U001103,O002719,532.13,2026-01-07,794362
U001103,O002720,1145.37,2026-05-02,794362
U001103,O002721,980.83,2026-05-05,794362
U001103,O002722,1320.16,2026-06-11,794362
U001103,O002723,1017.95,2026-06-26,794362
U001103,O002724,1234.58,2026-07-10,794362
U001103,O002725,397.56,2026-07-20,794362
U001103,O002726,1071.5,2026-07-23,794362
U001104,O002727,571.41,2026-02-02,335593
U001104,O002728,49.0,2026-02-05,335593
U001104,O002729,553.01,2026-02-09,335593
U001104,O002730,862.03,2026-03-31,335593
U001105,O002731,430.77,2026-03-19,243581
U001105,O002732,49.0,2026-04-14,243581
U001105,O002733,616.41,2026-06-07,243581
U001105,O002734,838.22,2026-06-14,243581
U001105,O002735,136.24,2026-06-21,243581
U001105,O002736,635.92,2026-06-27,243581
U001105,O002737,433.75,2026-07-31,243581
U001105,O002738,239.78,2026-08-11,243581
U001106,O002739,1270.75,2026-04-11,763034
U001106,O002740,972.57,2026-05-11,763034
U001106,O002741,1089.22,2026-06-19,763034
U001106,O002742,898.47,2026-06-21,763034
U001106,O002743,368.57,2026-06-26,763034
U001107,O002744,757.23,2025-12-26,104107
U001108,O002745,1213.54,2025-12-27,152122
U001108,O002746,650.02,2026-01-12,152122
U001108,O002747,349.1,2026-03-21,152122
U001108,O002748,1361.83,2026-04-02,152122
U001108,O002749,1121.26,2026-05-20,152122
U001108,O002750,443.58,2026-06-14,152122
U001109,O002751,1389.03,2026-07-18,186145
U001109,O002752,438.97,2026-07-30,186145
U001109,O002753,548.42,2026-08-24,186145
U001110,O002754,779.49,2025-10-22,711199
U001110,O002755,95.04,2025-11-07,711199
U001110,O002756,548.71,2025-11-29,711199
U001111,O002757,801.31,2025-10-13,462702
U001111,O002758,677.25,2025-11-27,462702
U001111,O002759,901.35,2026-02-25,462702
U001111,O002760,1010.98,2026-03-04,462702
U001111,O002761,338.66,2026-03-14,462702
U001111,O002762,585.23,2026-04-01,462702
U001111,O002763,1163.48,2026-05-10,462702
U001111,O002764,607.09,2026-05-16,462702
U001111,O002765,1292.62,2026-05-19,462702
U001112,O002766,1040.44,2025-12-01,142071
U001112,O002767,955.58,2025-12-27,142071
U001112,O002768,49.0,2026-01-22,142071
U001113,O002769,328.14,2026-03-03,490956
U001113,O002770,49.0,2026-05-31,490956
U001113,O002771,964.12,2026-07-24,490956
U001113,O002772,590.65,2026-08-15,490956
U001114,O002773,357.92,2025-12-01,429730
U001114,O002774,523.95,2025-12-10,429730
U001114,O002775,135.3,2026-01-12,429730
U001114,O002776,92.69,2026-01-30,429730
U001114,O002777,614.2,2026-04-09,429730
U001114,O002778,1274.85,2026-04-20,429730
U001114,O002779,49.0,2026-05-03,429730
U001114,O002780,782.57,2026-06-15,429730
U001114,O002781,1306.13,2026-06-29,429730
U001115,O002782,620.43,2026-03-21,122581
U001116,O002783,340.24,2025-12-17,893218
U001116,O002784,975.51,2026-01-02,893218
U001116,O002785,1231.25,2026-03-08,893218
U001116,O002786,1292.6,2026-03-17,893218
U001116,O002787,141.75,2026-04-15,893218
U001116,O002788,49.0,2026-04-20,893218
U001116,O002789,478.8,2026-05-14,893218
U001116,O002790,1082.92,2026-06-23,893218
U001116,O002791,211.1,2026-06-29,893218
U001116,O002792,229.45,2026-08-09,893218
U001117,O002793,534.94,2025-12-10,807489
U001117,O002794,606.43,2026-02-10,807489
U001117,O002795,865.14,2026-02-13,807489
U001117,O002796,1708.79,2026-03-03,807489
U001117,O002797,969.54,2026-04-18,807489
U001117,O002798,639.9,2026-05-02,807489
U001117,O002799,590.12,2026-05-13,807489
U001117,O002800,1413.94,2026-08-06,807489
U001117,O002801,727.14,2026-08-19,807489
U001118,O002802,605.23,2025-11-19,826288
U001118,O002803,1240.73,2026-01-04,826288
U001118,O002804,737.71,2026-03-13,826288
U001118,O002805,98.37,2026-04-01,826288
U001118,O002806,618.73,2026-04-10,826288
U001118,O002807,1566.05,2026-04-30,826288
U001119,O002808,96.32,2026-05-06,446251
U001119,O002809,1392.82,2026-06-04,446251
U001119,O002810,707.78,2026-06-25,446251
U001119,O002811,487.63,2026-08-23,446251
U001120,O002812,793.19,2026-03-04,215806
U001120,O002813,49.0,2026-03-22,215806
U001120,O002814,49.0,2026-04-10,215806
U001120,O002815,414.96,2026-04-22,215806
U001120,O002816,1148.36,2026-04-30,215806
U001120,O002817,1034.33,2026-05-10,215806
U001120,O002818,755.95,2026-06-09,215806
U001120,O002819,1080.6,2026-06-30,215806
U001120,O002820,1323.77,2026-08-19,215806
U001121,O002821,111.93,2026-04-14,363944
U001121,O002822,49.0,2026-04-26,363944
U001121,O002823,973.38,2026-07-17,363944
U001121,O002824,628.37,2026-07-24,363944
U001122,O002825,1546.21,2025-10-10,310282
U001122,O002826,1431.08,2025-12-02,310282
U001122,O002827,1126.79,2026-01-12,310282
U001122,O002828,374.85,2026-01-21,310282
U001122,O002829,1119.29,2026-02-04,310282
U001122,O002830,1347.05,2026-02-09,310282
U001123,O002831,187.27,2026-02-17,858004
U001123,O002832,942.41,2026-03-05,858004
U001123,O002833,1278.83,2026-03-08,858004
U001123,O002834,878.65,2026-03-30,858004
U001123,O002835,467.86,2026-04-06,858004
U001123,O002836,49.0,2026-05-01,858004
U001123,O002837,704.68,2026-06-05,858004
U001123,O002838,1093.53,2026-06-14,858004
U001123,O002839,443.22,2026-06-18,858004
U001124,O002840,364.68,2026-05-11,596220
U001124,O002841,564.2,2026-05-22,596220
U001124,O002842,1155.53,2026-06-27,596220
U001124,O002843,646.72,2026-07-08,596220
U001124,O002844,827.2,2026-08-03,596220
U001125,O002845,276.23,2026-07-19,487808
U001126,O002846,1018.05,2026-01-26,410521
U001126,O002847,49.0,2026-02-04,410521
U001127,O002848,1665.63,2026-05-07,188144
U001127,O002849,1134.63,2026-06-01,188144
U001127,O002850,647.75,2026-06-13,188144
U001127,O002851,214.76,2026-06-20,188144
U001127,O002852,1371.68,2026-06-27,188144
U001127,O002853,106.17,2026-07-16,188144
U001127,O002854,989.35,2026-07-25,188144
U001127,O002855,594.61,2026-08-08,188144
U001128,O002856,726.78,2026-03-13,747546
U001128,O002857,923.91,2026-05-03,747546
U001128,O002858,905.36,2026-05-10,747546
U001128,O002859,700.4,2026-05-31,747546
U001129,O002860,49.0,2026-04-07,462472
U001130,O002861,685.81,2026-03-28,433758
U001130,O002862,422.27,2026-04-09,433758
U001130,O002863,868.98,2026-06-08,433758
U001130,O002864,611.71,2026-06-13,433758
U001130,O002865,640.06,2026-08-04,433758
U001131,O002866,466.06,2026-03-16,891759
U001131,O002867,854.39,2026-04-05,891759
U001131,O002868,284.2,2026-04-12,891759
U001132,O002869,275.52,2026-05-18,160887
U001132,O002870,615.95,2026-06-13,160887
U001133,O002871,589.28,2026-06-09,543719
U001133,O002872,58.08,2026-06-29,543719
U001133,O002873,630.71,2026-08-04,543719
U001134,O002874,615.97,2026-05-06,235257
U001134,O002875,1119.71,2026-06-25,235257
U001135,O002876,1317.16,2026-04-10,416085
U001135,O002877,351.31,2026-04-27,416085
U001135,O002878,281.51,2026-05-29,416085
U001135,O002879,387.29,2026-06-03,416085
U001135,O002880,462.77,2026-08-16,416085
U001135,O002881,546.69,2026-08-22,416085
U001136,O002882,51.3,2025-10-04,717253
U001137,O002883,854.55,2025-10-12,292023
U001137,O002884,1291.76,2025-10-15,292023
U001137,O002885,49.0,2025-10-21,292023
U001138,O002886,1684.17,2026-03-12,415391
U001138,O002887,621.96,2026-03-25,415391
U001138,O002888,1030.15,2026-04-14,415391
U001138,O002889,746.82,2026-06-01,415391
U001138,O002890,409.01,2026-07-19,415391
U001138,O002891,416.16,2026-08-23,415391
U001139,O002892,312.42,2025-09-27,518264
U001139,O002893,49.0,2025-10-04,518264
U001139,O002894,1072.12,2025-10-27,518264
U001139,O002895,713.16,2025-11-23,518264
U001140,O002896,49.0,2026-01-05,353038
U001140,O002897,692.72,2026-02-06,353038
U001140,O002898,49.0,2026-03-05,353038
U001140,O002899,1292.51,2026-04-28,353038
U001140,O002900,803.09,2026-05-22,353038
U001140,O002901,394.78,2026-05-29,353038
U001140,O002902,1199.62,2026-06-05,353038
U001141,O002903,496.92,2026-02-19,112283
U001141,O002904,870.38,2026-03-15,112283
U001141,O002905,434.87,2026-05-12,112283
U001141,O002906,80.01,2026-05-30,112283
U001141,O002907,338.12,2026-06-12,112283
U001141,O002908,709.05,2026-07-21,112283
U001141,O002909,443.48,2026-08-11,112283
U001142,O002910,1592.6,2025-11-21,270048
U001142,O002911,1231.78,2025-12-14,270048
U001142,O002912,955.87,2026-01-18,270048
U001142,O002913,49.0,2026-04-01,270048
U001142,O002914,424.41,2026-04-05,270048
U001142,O002915,633.0,2026-05-24,270048
U001142,O002916,1339.82,2026-06-24,270048
U001142,O002917,878.51,2026-07-19,270048
U001142,O002918,388.74,2026-08-17,270048
U001142,O002919,181.65,2026-08-23,270048
U001143,O002920,1018.97,2026-08-08,685420
U001143,O002921,473.02,2026-08-24,685420
U001144,O002922,1186.36,2026-01-29,739084
U001144,O002923,66.54,2026-04-19,739084
U001144,O002924,413.41,2026-04-24,739084
U001144,O002925,230.89,2026-05-24,739084
U001144,O002926,792.31,2026-05-31,739084
U001144,O002927,777.99,2026-06-18,739084
U001144,O002928,1378.24,2026-07-20,739084
U001145,O002929,49.0,2026-02-16,370234
U001145,O002930,93.11,2026-02-22,370234
U001145,O002931,649.56,2026-02-26,370234
U001145,O002932,361.84,2026-03-14,370234
U001145,O002933,1316.8,2026-04-19,370234
U001145,O002934,736.54,2026-05-11,370234
U001145,O002935,718.34,2026-05-15,370234
U001145,O002936,830.46,2026-05-23,370234
U001145,O002937,546.43,2026-05-31,370234
U001145,O002938,399.49,2026-06-05,370234
U001146,O002939,90.18,2026-04-29,212988
U001146,O002940,726.0,2026-05-09,212988
U001146,O002941,396.86,2026-07-12,212988
U001146,O002942,1131.03,2026-08-15,212988
U001147,O002943,731.65,2026-01-05,648934
U001147,O002944,708.38,2026-01-14,648934
U001148,O002945,625.94,2026-02-26,860118
U001148,O002946,436.84,2026-03-23,860118
U001148,O002947,783.19,2026-04-22,860118
U001148,O002948,671.96,2026-05-12,860118
U001148,O002949,719.3,2026-06-03,860118
U001148,O002950,880.16,2026-06-09,860118
U001148,O002951,1438.5,2026-08-11,860118
U001148,O002952,955.36,2026-08-16,860118
U001149,O002953,777.39,2026-01-09,562114
U001149,O002954,1262.53,2026-01-23,562114
U001149,O002955,622.06,2026-02-02,562114
U001149,O002956,673.02,2026-03-16,562114
U001149,O002957,688.64,2026-04-16,562114
U001149,O002958,442.32,2026-04-29,562114
U001150,O002959,207.5,2026-01-19,345885
U001150,O002960,1155.4,2026-02-03,345885
U001150,O002961,59.41,2026-02-21,345885
U001150,O002962,1149.06,2026-03-07,345885
U001151,O002963,49.0,2026-06-19,726486
U001151,O002964,492.46,2026-08-06,726486
U001152,O002965,1530.37,2025-12-25,534612
U001153,O002966,702.49,2026-08-09,738238
U001154,O002967,969.3,2026-04-13,797995
U001154,O002968,711.64,2026-05-27,797995
U001154,O002969,939.72,2026-06-16,797995
U001155,O002970,894.04,2026-06-10,614833
U001155,O002971,627.32,2026-08-23,614833
U001156,O002972,717.99,2026-03-04,161714
U001156,O002973,941.95,2026-03-21,161714
U001156,O002974,219.48,2026-04-27,161714
U001156,O002975,387.47,2026-08-15,161714
U001157,O002976,388.14,2026-02-03,637691
U001157,O002977,785.79,2026-02-08,637691
U001157,O002978,49.0,2026-02-16,637691
U001157,O002979,1036.6,2026-03-05,637691
U001157,O002980,318.69,2026-03-11,637691
U001157,O002981,184.33,2026-04-19,637691
U001157,O002982,898.87,2026-05-09,637691
U001157,O002983,487.18,2026-05-12,637691
U001158,O002984,49.0,2026-05-20,372896
U001158,O002985,998.03,2026-06-18,372896
U001158,O002986,1169.18,2026-07-24,372896
U001159,O002987,881.87,2026-02-28,624572
U001159,O002988,360.91,2026-03-10,624572
U001160,O002989,703.72,2026-08-08,187412
U001160,O002990,1014.38,2026-08-12,187412
U001160,O002991,199.64,2026-08-26,187412
U001161,O002992,431.79,2026-06-26,288778
U001161,O002993,1468.89,2026-08-11,288778
U001162,O002994,516.87,2026-08-17,327037
U001162,O002995,1181.5,2026-08-25,327037
U001163,O002996,1417.77,2026-03-06,589685
U001163,O002997,254.78,2026-07-16,589685
U001163,O002998,570.5,2026-08-17,589685
U001164,O002999,711.21,2026-01-13,841674
U001164,O003000,1390.07,2026-03-14,841674
U001164,O003001,984.17,2026-04-09,841674
U001164,O003002,917.7,2026-05-26,841674
U001165,O003003,987.98,2026-01-28,876736
U001165,O003004,550.39,2026-02-16,876736
U001165,O003005,607.32,2026-02-18,876736
U001165,O003006,762.17,2026-05-03,876736
U001165,O003007,1543.86,2026-06-09,876736
U001165,O003008,102.52,2026-07-30,876736
U001166,O003009,901.44,2025-12-30,607670
U001166,O003010,49.0,2026-01-03,607670
U001167,O003011,1082.57,2025-12-23,544741
U001167,O003012,425.69,2025-12-29,544741
U001167,O003013,585.28,2026-01-15,544741
U001167,O003014,1299.31,2026-03-26,544741
U001168,O003015,49.0,2026-07-05,153078
U001168,O003016,486.91,2026-07-12,153078
U001169,O003017,327.96,2025-11-19,846288
U001169,O003018,1091.37,2025-12-08,846288
U001169,O003019,219.06,2025-12-15,846288
U001169,O003020,49.0,2026-02-09,846288
U001169,O003021,909.86,2026-03-15,846288
U001169,O003022,890.33,2026-03-29,846288
U001169,O003023,799.72,2026-04-14,846288
U001170,O003024,539.6,2026-04-20,193361
U001170,O003025,995.54,2026-05-29,193361
U001170,O003026,1174.94,2026-07-14,193361
U001171,O003027,138.49,2026-01-30,303379
U001171,O003028,1084.36,2026-03-04,303379
U001172,O003029,101.23,2026-05-12,588893
U001173,O003030,1071.39,2026-08-09,294871
U001174,O003031,191.15,2026-02-25,687514
U001174,O003032,816.66,2026-03-16,687514
U001175,O003033,528.48,2026-06-06,767340
U001175,O003034,77.39,2026-06-30,767340
U001176,O003035,1775.55,2025-12-04,478134
U001176,O003036,49.0,2025-12-11,478134
U001176,O003037,1106.41,2025-12-17,478134
U001176,O003038,1178.39,2026-01-12,478134
U001176,O003039,278.24,2026-01-26,478134
U001177,O003040,693.23,2026-05-16,436850
U001178,O003041,1477.52,2026-05-30,126753
U001178,O003042,474.36,2026-06-12,126753
U001179,O003043,789.6,2025-09-13,712159
U001179,O003044,397.7,2025-10-01,712159
U001179,O003045,1236.9,2025-10-25,712159
U001179,O003046,447.37,2025-11-30,712159
U001179,O003047,425.72,2025-12-03,712159
U001179,O003048,940.04,2025-12-14,712159
U001179,O003049,624.02,2025-12-23,712159
U001179,O003050,740.21,2026-01-04,712159
U001179,O003051,502.09,2026-01-11,712159
U001179,O003052,764.12,2026-01-31,712159
U001179,O003053,196.44,2026-02-04,712159
U001179,O003054,1036.92,2026-02-28,712159
U001179,O003055,645.68,2026-04-07,712159
U001179,O003056,543.29,2026-06-17,712159
U001180,O003057,923.32,2026-05-21,618107
U001181,O003058,577.11,2025-12-17,548515
U001181,O003059,362.33,2025-12-22,548515
U001182,O003060,1596.42,2026-01-14,318160
U001182,O003061,673.17,2026-01-26,318160
U001182,O003062,806.44,2026-02-15,318160
U001182,O003063,223.13,2026-02-18,318160
U001182,O003064,1009.01,2026-03-02,318160
U001182,O003065,1054.36,2026-03-14,318160
U001182,O003066,529.57,2026-03-18,318160
U001183,O003067,562.51,2026-05-14,622851
U001183,O003068,716.47,2026-07-29,622851
U001183,O003069,690.76,2026-08-24,622851
U001184,O003070,813.88,2025-11-20,280555
U001184,O003071,905.56,2025-12-01,280555
U001184,O003072,405.6,2025-12-12,280555
U001185,O003073,851.73,2025-10-27,394370
U001185,O003074,530.75,2025-11-17,394370
U001185,O003075,797.53,2025-11-29,394370
U001185,O003076,1239.27,2026-01-27,394370
U001185,O003077,1331.23,2026-02-02,394370
U001186,O003078,815.61,2025-10-25,851997
U001186,O003079,1075.4,2025-11-04,851997
U001186,O003080,955.85,2025-11-13,851997
U001186,O003081,661.25,2025-11-24,851997
U001186,O003082,531.55,2025-12-07,851997
U001186,O003083,400.74,2025-12-19,851997
U001186,O003084,567.73,2026-02-27,851997
U001187,O003085,359.02,2026-04-06,473153
U001187,O003086,574.3,2026-04-13,473153
U001187,O003087,750.23,2026-05-01,473153
U001187,O003088,1043.43,2026-05-24,473153
U001187,O003089,361.73,2026-05-30,473153
U001187,O003090,1558.24,2026-06-07,473153
U001187,O003091,1046.55,2026-06-14,473153
U001188,O003092,625.09,2025-12-30,187100
U001188,O003093,728.92,2026-01-04,187100
U001188,O003094,1126.86,2026-02-07,187100
U001188,O003095,1520.48,2026-02-26,187100
U001188,O003096,781.78,2026-04-07,187100
U001188,O003097,1106.41,2026-05-20,187100
U001189,O003098,937.95,2025-11-20,236183
U001189,O003099,49.0,2026-01-06,236183
U001189,O003100,1336.17,2026-02-07,236183
U001189,O003101,618.8,2026-03-05,236183
U001189,O003102,616.05,2026-03-11,236183
U001189,O003103,617.36,2026-04-05,236183
U001189,O003104,919.27,2026-04-24,236183
U001189,O003105,663.81,2026-05-13,236183
U001189,O003106,224.83,2026-05-17,236183
U001190,O003107,1008.69,2025-10-16,361134
U001191,O003108,1107.8,2025-11-06,285478
U001191,O003109,824.86,2025-12-12,285478
U001191,O003110,1159.5,2025-12-19,285478
U001191,O003111,49.0,2025-12-22,285478
U001191,O003112,393.19,2025-12-25,285478
U001192,O003113,725.05,2025-10-28,274567
U001193,O003114,697.28,2025-11-27,164600
U001193,O003115,1077.84,2025-12-16,164600
U001193,O003116,600.2,2026-01-03,164600
U001193,O003117,364.88,2026-03-03,164600
U001194,O003118,128.65,2026-05-30,823874
U001194,O003119,412.97,2026-06-08,823874
U001194,O003120,932.75,2026-06-13,823874
U001194,O003121,162.64,2026-06-18,823874
U001194,O003122,1557.45,2026-08-06,823874
U001194,O003123,678.59,2026-08-13,823874
U001195,O003124,511.32,2026-02-24,376308
U001196,O003125,481.91,2026-05-08,695036
U001197,O003126,1038.45,2025-10-09,652575
U001197,O003127,952.57,2026-02-06,652575
U001197,O003128,1085.18,2026-02-19,652575
U001197,O003129,1149.24,2026-03-05,652575
U001198,O003130,49.0,2026-01-25,817259
U001198,O003131,761.16,2026-03-03,817259
U001198,O003132,1028.28,2026-03-12,817259
U001198,O003133,706.84,2026-03-17,817259
U001199,O003134,538.4,2026-06-19,399677
U001199,O003135,187.15,2026-07-15,399677
U001200,O003136,1170.43,2026-03-27,203860
U001200,O003137,741.45,2026-04-20,203860
U001200,O003138,1138.92,2026-05-26,203860
U001200,O003139,477.15,2026-05-30,203860
U001201,O003140,499.68,2026-01-07,876279
U001201,O003141,1105.89,2026-01-09,876279
U001202,O003142,759.88,2026-03-20,728247
U001202,O003143,922.08,2026-03-26,728247
U001202,O003144,558.59,2026-04-08,728247
U001202,O003145,1145.8,2026-04-14,728247
U001202,O003146,463.35,2026-04-27,728247
U001202,O003147,815.54,2026-06-09,728247
U001203,O003148,1569.55,2026-06-21,223352
U001204,O003149,876.48,2026-05-27,108061
U001205,O003150,1021.05,2026-02-27,192239
U001205,O003151,96.47,2026-03-05,192239
U001205,O003152,584.55,2026-03-20,192239
U001205,O003153,448.88,2026-06-09,192239
U001205,O003154,830.3,2026-08-02,192239
U001205,O003155,462.2,2026-08-18,192239
U001206,O003156,656.01,2026-06-13,623452
U001206,O003157,146.48,2026-07-13,623452
U001206,O003158,333.28,2026-07-17,623452
U001206,O003159,261.75,2026-08-15,623452
U001206,O003160,268.95,2026-08-18,623452
U001207,O003161,1315.76,2026-03-24,735311
U001207,O003162,508.65,2026-06-03,735311
U001207,O003163,388.71,2026-06-14,735311
U001208,O003164,165.32,2026-03-02,509917
U001209,O003165,64.1,2026-03-15,460033
U001209,O003166,431.99,2026-04-06,460033
U001209,O003167,755.53,2026-06-27,460033
U001210,O003168,1217.39,2026-04-14,587599
U001210,O003169,992.29,2026-05-23,587599
U001210,O003170,625.21,2026-06-30,587599
U001210,O003171,1051.09,2026-07-15,587599
U001210,O003172,323.71,2026-08-23,587599
U001211,O003173,1201.51,2026-03-30,168038
U001211,O003174,910.35,2026-05-03,168038
U001211,O003175,1064.76,2026-05-29,168038
U001211,O003176,880.43,2026-08-01,168038
U001211,O003177,848.74,2026-08-17,168038
U001212,O003178,756.34,2026-04-18,480226
U001212,O003179,1226.39,2026-04-22,480226
U001212,O003180,501.25,2026-05-01,480226
U001212,O003181,587.53,2026-05-31,480226
U001212,O003182,1545.01,2026-06-21,480226
U001212,O003183,218.41,2026-06-28,480226
U001212,O003184,604.17,2026-07-10,480226
U001213,O003185,330.98,2026-01-12,438618
U001213,O003186,609.87,2026-02-12,438618
U001213,O003187,903.87,2026-03-18,438618
U001213,O003188,785.72,2026-04-28,438618
U001214,O003189,1320.23,2026-01-05,778447
U001214,O003190,226.01,2026-02-06,778447
U001214,O003191,1026.45,2026-02-16,778447
U001215,O003192,795.23,2026-07-31,120538
U001216,O003193,195.06,2026-05-17,350166
U001216,O003194,424.11,2026-05-28,350166
U001216,O003195,604.61,2026-07-01,350166
U001216,O003196,1333.84,2026-07-21,350166
U001216,O003197,1029.02,2026-07-29,350166
U001217,O003198,1243.35,2025-10-21,496454
U001217,O003199,480.47,2025-12-07,496454
U001217,O003200,1142.84,2025-12-19,496454
U001217,O003201,535.92,2025-12-26,496454
U001217,O003202,1010.29,2025-12-31,496454
U001217,O003203,813.5,2026-01-17,496454
U001217,O003204,683.37,2026-01-20,496454
U001217,O003205,534.63,2026-02-04,496454
U001217,O003206,791.08,2026-03-15,496454
U001217,O003207,503.42,2026-04-26,496454
U001217,O003208,49.0,2026-05-30,496454
U001217,O003209,1141.89,2026-06-11,496454
U001217,O003210,409.24,2026-06-21,496454
U001217,O003211,645.01,2026-06-29,496454
U001218,O003212,603.21,2026-05-13,667041
U001218,O003213,752.23,2026-06-19,667041
U001218,O003214,1346.09,2026-06-23,667041
U001218,O003215,855.52,2026-06-25,667041
U001218,O003216,711.15,2026-08-25,667041
U001219,O003217,535.41,2026-04-02,732750
U001219,O003218,513.3,2026-05-15,732750
U001219,O003219,778.59,2026-06-05,732750
U001219,O003220,368.61,2026-06-21,732750
U001219,O003221,717.68,2026-07-26,732750
U001220,O003222,1023.85,2025-11-14,642980
U001220,O003223,946.34,2025-12-01,642980
U001220,O003224,49.0,2025-12-19,642980
U001221,O003225,1314.72,2026-06-09,250787
U001221,O003226,1405.89,2026-06-28,250787
U001221,O003227,900.81,2026-08-06,250787
U001221,O003228,1270.96,2026-08-14,250787
U001222,O003229,956.27,2026-01-09,648482
U001222,O003230,1108.16,2026-02-14,648482
U001222,O003231,318.96,2026-02-18,648482
U001223,O003232,1000.71,2026-03-16,437025
U001223,O003233,290.96,2026-04-20,437025
U001224,O003234,873.85,2025-12-23,746108
U001224,O003235,699.92,2025-12-27,746108
U001224,O003236,717.84,2026-02-14,746108
U001224,O003237,766.57,2026-04-20,746108
U001224,O003238,1265.98,2026-04-29,746108
U001224,O003239,1197.05,2026-05-20,746108
U001224,O003240,509.12,2026-06-11,746108
U001224,O003241,713.29,2026-06-19,746108
U001224,O003242,1078.37,2026-06-23,746108
U001225,O003243,1404.99,2026-07-07,737354
U001225,O003244,659.2,2026-08-23,737354
U001226,O003245,1673.38,2026-01-09,328963
U001227,O003246,470.78,2026-06-10,502994
U001228,O003247,592.62,2025-11-16,575948
U001228,O003248,783.92,2025-11-30,575948
U001228,O003249,442.83,2025-12-17,575948
U001228,O003250,635.18,2026-02-07,575948
U001229,O003251,1514.86,2026-07-02,173740
U001229,O003252,577.62,2026-07-29,173740
U001229,O003253,871.8,2026-08-05,173740
U001229,O003254,585.8,2026-08-11,173740
U001229,O003255,656.59,2026-08-23,173740
U001229,O003256,910.23,2026-08-25,173740
U001230,O003257,1014.19,2026-01-27,810566
U001230,O003258,1288.94,2026-02-06,810566
U001230,O003259,1046.52,2026-03-06,810566
U001230,O003260,861.08,2026-03-22,810566
U001230,O003261,920.78,2026-04-09,810566
U001230,O003262,428.41,2026-04-22,810566
U001230,O003263,690.54,2026-04-28,810566
U001230,O003264,594.42,2026-05-18,810566
U001230,O003265,839.35,2026-05-23,810566
U001231,O003266,1016.25,2026-03-31,213529
U001231,O003267,49.0,2026-06-09,213529
U001231,O003268,580.02,2026-07-15,213529
U001232,O003269,598.53,2026-08-03,655837
U001233,O003270,660.95,2026-01-22,369518
U001233,O003271,376.07,2026-02-08,369518
U001233,O003272,78.8,2026-03-21,369518
U001233,O003273,976.28,2026-04-18,369518
U001233,O003274,1406.18,2026-05-16,369518
U001233,O003275,437.81,2026-06-09,369518
U001233,O003276,1273.57,2026-06-16,369518
U001234,O003277,334.1,2026-01-25,469939
U001234,O003278,596.51,2026-02-21,469939
U001234,O003279,878.19,2026-03-22,469939
U001235,O003280,429.99,2026-04-09,549755
U001235,O003281,587.48,2026-04-20,549755
U001235,O003282,291.37,2026-04-29,549755
U001235,O003283,530.87,2026-05-22,549755
U001235,O003284,1002.46,2026-07-11,549755
U001235,O003285,1055.86,2026-08-08,549755
U001236,O003286,587.3,2026-01-15,647311
U001236,O003287,611.81,2026-02-22,647311
U001236,O003288,712.6,2026-03-24,647311
U001236,O003289,1343.41,2026-06-17,647311
U001236,O003290,1153.19,2026-07-14,647311
U001236,O003291,495.4,2026-07-29,647311
U001236,O003292,1031.04,2026-08-01,647311
U001236,O003293,750.26,2026-08-04,647311
U001237,O003294,1314.79,2026-05-23,430190
U001237,O003295,960.79,2026-06-06,430190
U001237,O003296,841.11,2026-07-01,430190
U001238,O003297,1319.82,2026-01-08,543298
U001239,O003298,494.63,2025-12-08,869779
U001239,O003299,488.74,2025-12-20,869779
U001239,O003300,709.17,2026-01-30,869779
U001240,O003301,399.78,2026-03-20,235770
U001240,O003302,936.33,2026-05-02,235770
U001240,O003303,1102.93,2026-05-15,235770
U001240,O003304,305.04,2026-08-05,235770
U001241,O003305,1004.7,2025-12-23,630855
U001241,O003306,671.24,2026-01-21,630855
U001241,O003307,686.55,2026-01-31,630855
U001241,O003308,1084.56,2026-03-06,630855
U001242,O003309,611.91,2026-04-28,883116
U001242,O003310,1185.29,2026-05-08,883116
U001242,O003311,919.9,2026-05-15,883116
U001243,O003312,882.56,2026-04-17,548636
U001243,O003313,1004.61,2026-05-16,548636
U001243,O003314,569.75,2026-05-26,548636
U001243,O003315,252.94,2026-06-21,548636
U001243,O003316,899.89,2026-06-23,548636
U001243,O003317,259.52,2026-07-31,548636
U001244,O003318,974.8,2026-05-22,134365
U001244,O003319,315.43,2026-05-28,134365
U001244,O003320,786.08,2026-06-14,134365
U001245,O003321,1009.45,2026-02-21,566879
U001245,O003322,806.57,2026-07-10,566879
U001246,O003323,576.98,2026-02-14,452010
U001246,O003324,1068.62,2026-03-10,452010
U001246,O003325,503.49,2026-03-31,452010
U001246,O003326,340.26,2026-04-27,452010
U001246,O003327,234.46,2026-05-07,452010
U001246,O003328,717.18,2026-05-22,452010
U001247,O003329,1352.86,2026-07-11,492981
U001247,O003330,959.95,2026-08-05,492981
U001248,O003331,1255.89,2025-11-20,861497
U001248,O003332,978.48,2025-11-30,861497
U001248,O003333,343.69,2025-12-05,861497
U001248,O003334,726.54,2026-01-11,861497
U001248,O003335,709.1,2026-02-28,861497
U001249,O003336,890.19,2026-04-06,134372
U001249,O003337,808.93,2026-04-17,134372
U001249,O003338,1070.09,2026-04-20,134372
U001249,O003339,816.23,2026-04-24,134372
U001250,O003340,1448.19,2025-12-24,421411
U001250,O003341,959.5,2026-01-07,421411
U001252,O003342,499.23,2026-07-11,871650
U001252,O003343,508.62,2026-07-26,871650
U001252,O003344,49.0,2026-08-02,871650
U001253,O003345,1045.41,2025-11-19,602458
U001253,O003346,746.0,2026-03-10,602458
U001253,O003347,1631.78,2026-05-17,602458
U001253,O003348,519.97,2026-06-27,602458
U001253,O003349,291.94,2026-07-21,602458
U001253,O003350,729.21,2026-08-01,602458
U001253,O003351,319.61,2026-08-07,602458
U001254,O003352,688.68,2026-03-10,166136
U001254,O003353,648.05,2026-03-28,166136
U001255,O003354,162.48,2026-07-27,686823
U001255,O003355,1062.84,2026-07-31,686823
U001256,O003356,159.87,2026-05-18,748354
U001257,O003357,917.78,2026-04-04,229786
U001258,O003358,587.45,2026-07-08,847561
U001258,O003359,1000.76,2026-07-21,847561
U001258,O003360,49.0,2026-08-08,847561
U001259,O003361,309.42,2025-12-26,351321
U001259,O003362,422.68,2026-01-19,351321
U001259,O003363,660.63,2026-02-01,351321
U001259,O003364,181.75,2026-02-18,351321
U001259,O003365,485.25,2026-03-03,351321
U001259,O003366,473.23,2026-03-23,351321
U001259,O003367,264.56,2026-06-17,351321
U001259,O003368,359.64,2026-06-28,351321
U001260,O003369,329.23,2026-07-20,789746
U001260,O003370,342.88,2026-08-06,789746
U001261,O003371,1109.07,2026-03-17,284962
U001261,O003372,745.99,2026-03-28,284962
U001261,O003373,845.68,2026-04-20,284962
U001261,O003374,774.15,2026-05-17,284962
U001261,O003375,558.34,2026-05-29,284962
U001261,O003376,49.0,2026-07-03,284962
U001261,O003377,708.74,2026-07-27,284962
U001261,O003378,550.89,2026-08-15,284962
U001262,O003379,1363.75,2026-05-21,407384
U001262,O003380,1017.54,2026-06-03,407384
U001262,O003381,863.37,2026-07-26,407384
U001263,O003382,1051.55,2025-11-23,353220
U001263,O003383,1163.94,2025-12-09,353220
U001263,O003384,1019.77,2025-12-14,353220
U001263,O003385,1151.51,2025-12-23,353220
U001263,O003386,949.52,2025-12-27,353220
U001263,O003387,567.25,2026-01-09,353220
U001263,O003388,382.66,2026-01-21,353220
U001264,O003389,268.22,2026-08-01,792962
U001266,O003390,562.54,2026-02-08,438503
U001266,O003391,1076.55,2026-03-18,438503
U001266,O003392,397.9,2026-03-20,438503
U001266,O003393,511.54,2026-04-08,438503
U001266,O003394,680.07,2026-05-12,438503
U001266,O003395,49.0,2026-05-17,438503
U001268,O003396,232.55,2026-03-24,565074
U001268,O003397,49.0,2026-03-31,565074
U001268,O003398,306.0,2026-04-09,565074
U001268,O003399,1146.17,2026-04-20,565074
U001268,O003400,957.71,2026-08-25,565074
U001270,O003401,49.53,2026-07-11,779396
U001270,O003402,225.03,2026-07-28,779396
U001270,O003403,808.92,2026-08-05,779396
U001271,O003404,851.46,2026-03-06,398075
U001271,O003405,851.32,2026-03-15,398075
U001272,O003406,1032.74,2026-03-15,281314
U001272,O003407,470.65,2026-04-10,281314
U001272,O003408,655.96,2026-05-01,281314
U001272,O003409,122.49,2026-05-08,281314
U001273,O003410,872.47,2026-02-06,260913
U001273,O003411,913.15,2026-02-10,260913
U001273,O003412,912.94,2026-02-14,260913
U001274,O003413,1424.29,2026-06-30,775938
U001275,O003414,859.66,2025-11-20,807182
U001275,O003415,1482.76,2025-11-24,807182
U001275,O003416,260.17,2025-12-02,807182
U001275,O003417,904.26,2025-12-12,807182
U001275,O003418,96.05,2026-01-09,807182
U001275,O003419,335.92,2026-01-24,807182
U001275,O003420,1716.27,2026-04-07,807182
U001275,O003421,758.45,2026-05-14,807182
U001276,O003422,388.68,2026-08-02,805041
U001276,O003423,329.3,2026-08-04,805041
U001277,O003424,1172.61,2026-03-27,176797
U001277,O003425,679.61,2026-04-14,176797
U001277,O003426,397.02,2026-04-26,176797
U001277,O003427,323.17,2026-04-29,176797
U001278,O003428,49.0,2026-07-25,736935
U001278,O003429,671.67,2026-08-07,736935
U001280,O003430,696.69,2026-03-14,423280
U001280,O003431,517.85,2026-04-12,423280
U001280,O003432,49.0,2026-04-21,423280
U001280,O003433,839.93,2026-05-10,423280
U001280,O003434,258.5,2026-05-21,423280
U001282,O003435,537.77,2026-03-09,514755
U001282,O003436,949.79,2026-04-21,514755
U001282,O003437,880.04,2026-06-19,514755
U001282,O003438,530.31,2026-07-21,514755
U001283,O003439,435.08,2026-03-26,576481
U001283,O003440,73.53,2026-03-28,576481
U001283,O003441,1338.93,2026-05-11,576481
U001283,O003442,1280.46,2026-05-17,576481
U001283,O003443,646.48,2026-07-02,576481
U001284,O003444,760.11,2026-03-03,573404
U001284,O003445,501.72,2026-03-09,573404
U001284,O003446,523.95,2026-03-29,573404
U001284,O003447,485.54,2026-05-13,573404
U001284,O003448,989.62,2026-05-23,573404
U001284,O003449,849.7,2026-06-17,573404
U001284,O003450,556.66,2026-07-07,573404
U001287,O003451,538.65,2025-12-31,318097
U001287,O003452,571.17,2026-02-16,318097
U001287,O003453,150.85,2026-02-24,318097
U001287,O003454,1129.12,2026-03-06,318097
U001287,O003455,472.94,2026-04-01,318097
U001287,O003456,135.84,2026-05-17,318097
U001287,O003457,218.8,2026-06-24,318097
U001288,O003458,707.21,2026-02-22,821315
U001288,O003459,843.08,2026-04-19,821315
U001289,O003460,278.73,2026-06-11,399817
U001290,O003461,866.92,2026-02-15,824088
U001290,O003462,1674.99,2026-02-21,824088
U001290,O003463,739.34,2026-03-16,824088
U001290,O003464,230.57,2026-04-11,824088
U001290,O003465,213.87,2026-04-21,824088
U001290,O003466,891.93,2026-06-18,824088
U001291,O003467,798.15,2025-12-24,183489
U001291,O003468,539.25,2025-12-28,183489
U001291,O003469,1253.76,2026-01-04,183489
U001291,O003470,982.86,2026-02-04,183489
U001292,O003471,49.0,2026-08-01,169129
U001292,O003472,582.85,2026-08-12,169129
U001292,O003473,248.51,2026-08-18,169129
U001293,O003474,818.26,2026-07-05,764807
U001293,O003475,826.72,2026-07-13,764807
U001294,O003476,688.05,2026-01-15,176662
U001294,O003477,49.0,2026-03-02,176662
U001295,O003478,1151.05,2026-08-04,460791
U001295,O003479,330.79,2026-08-07,460791
U001296,O003480,992.64,2026-04-07,366092
U001296,O003481,1052.39,2026-04-15,366092
U001296,O003482,854.01,2026-04-27,366092
U001296,O003483,1184.65,2026-05-02,366092
U001296,O003484,1222.45,2026-05-11,366092
U001297,O003485,1150.5,2026-08-09,414087
U001297,O003486,1064.72,2026-08-19,414087
U001298,O003487,697.51,2025-11-29,831573
U001298,O003488,1421.6,2025-12-28,831573
U001299,O003489,1759.06,2026-06-30,471077
U001299,O003490,902.5,2026-07-07,471077
U001299,O003491,1059.78,2026-07-31,471077
U001299,O003492,543.79,2026-08-09,471077
U001299,O003493,1303.2,2026-08-25,471077
U001300,O003494,533.35,2025-11-16,540316
U001300,O003495,683.84,2025-12-07,540316
U001300,O003496,927.72,2026-01-21,540316
U001300,O003497,730.45,2026-01-23,540316
U001301,O003498,918.92,2026-04-27,463823
U001301,O003499,909.94,2026-05-20,463823
U001302,O003500,100.79,2025-12-31,440295
U001302,O003501,573.73,2026-02-02,440295
U001303,O003502,1187.67,2025-11-18,597147
U001303,O003503,1426.53,2025-12-25,597147
U001303,O003504,1458.8,2026-01-02,597147
U001303,O003505,907.24,2026-01-14,597147
U001303,O003506,1275.52,2026-02-22,597147
U001303,O003507,928.37,2026-02-26,597147
U001304,O003508,723.49,2026-05-27,654151
U001304,O003509,915.72,2026-06-07,654151
U001304,O003510,683.4,2026-07-19,654151
U001305,O003511,658.93,2025-10-14,112402
U001306,O003512,540.77,2025-12-04,807921
U001306,O003513,1048.43,2025-12-06,807921
U001306,O003514,853.31,2026-01-26,807921
U001306,O003515,385.31,2026-02-03,807921
U001306,O003516,587.29,2026-04-16,807921
U001306,O003517,328.37,2026-06-06,807921
U001306,O003518,476.55,2026-06-11,807921
U001307,O003519,973.31,2026-03-31,619353
U001308,O003520,619.84,2026-05-27,629915
U001308,O003521,880.18,2026-07-14,629915
U001308,O003522,581.36,2026-07-23,629915
U001308,O003523,1014.68,2026-08-12,629915
U001308,O003524,505.84,2026-08-17,629915
U001309,O003525,988.94,2026-07-05,460301
U001309,O003526,49.0,2026-08-01,460301
U001310,O003527,836.94,2026-02-15,446509
U001310,O003528,1372.49,2026-02-28,446509
U001310,O003529,233.53,2026-03-17,446509
U001310,O003530,570.73,2026-05-05,446509
U001310,O003531,1039.1,2026-06-05,446509
U001311,O003532,121.25,2026-01-19,497510
U001311,O003533,493.02,2026-01-24,497510
U001311,O003534,1031.86,2026-01-30,497510
U001311,O003535,1083.27,2026-02-26,497510
U001311,O003536,345.21,2026-03-14,497510
U001311,O003537,1014.92,2026-03-27,497510
U001312,O003538,1298.22,2026-03-15,430502
U001312,O003539,1218.14,2026-03-31,430502
U001312,O003540,505.56,2026-06-11,430502
U001312,O003541,1074.14,2026-07-19,430502
U001312,O003542,785.42,2026-08-22,430502
U001313,O003543,1120.45,2025-09-29,526244
U001313,O003544,378.55,2025-11-13,526244
U001313,O003545,1418.68,2026-02-16,526244
U001313,O003546,1387.74,2026-04-24,526244
U001313,O003547,738.71,2026-04-27,526244
U001314,O003548,1360.87,2026-04-22,673610
U001314,O003549,395.78,2026-05-13,673610
U001314,O003550,883.86,2026-06-02,673610
U001314,O003551,1691.03,2026-06-27,673610
U001314,O003552,791.08,2026-07-16,673610
U001316,O003553,441.66,2026-02-04,593702
U001316,O003554,959.57,2026-02-09,593702
U001316,O003555,871.46,2026-02-20,593702
U001316,O003556,263.97,2026-02-28,593702
U001316,O003557,315.13,2026-03-07,593702
U001317,O003558,765.6,2025-11-08,858232
U001317,O003559,49.0,2025-12-07,858232
U001317,O003560,805.49,2025-12-27,858232
U001317,O003561,899.15,2026-01-21,858232
U001317,O003562,332.97,2026-02-03,858232
U001317,O003563,353.43,2026-02-07,858232
U001317,O003564,821.25,2026-02-12,858232
U001317,O003565,801.51,2026-03-12,858232
U001318,O003566,367.11,2025-10-14,307066
U001318,O003567,434.86,2025-10-26,307066
U001319,O003568,92.73,2026-06-09,327130
U001319,O003569,482.19,2026-07-04,327130
U001319,O003570,356.59,2026-07-15,327130
U001319,O003571,569.37,2026-08-24,327130
U001320,O003572,881.2,2026-08-26,456964
U001321,O003573,916.49,2026-08-23,669110
U001323,O003574,543.87,2025-12-07,645083
U001323,O003575,678.86,2025-12-12,645083
U001323,O003576,701.98,2025-12-19,645083
U001323,O003577,279.86,2025-12-29,645083
U001324,O003578,446.13,2026-04-04,576069
U001324,O003579,494.46,2026-05-04,576069
U001324,O003580,1088.78,2026-05-26,576069
U001324,O003581,513.56,2026-07-01,576069
U001324,O003582,1335.99,2026-07-09,576069
U001324,O003583,792.52,2026-08-05,576069
U001324,O003584,953.11,2026-08-23,576069
U001326,O003585,49.0,2025-12-07,346957
U001326,O003586,762.01,2025-12-14,346957
U001327,O003587,49.0,2025-12-14,437047
U001327,O003588,1079.92,2026-01-05,437047
U001327,O003589,529.82,2026-03-16,437047
U001327,O003590,1269.79,2026-04-06,437047
U001327,O003591,314.57,2026-05-03,437047
U001328,O003592,879.23,2026-05-31,421318
U001328,O003593,922.18,2026-07-02,421318
U001328,O003594,1026.56,2026-07-05,421318
U001328,O003595,869.35,2026-07-13,421318
U001328,O003596,49.0,2026-08-09,421318
U001329,O003597,1178.62,2026-05-26,447118
U001329,O003598,238.61,2026-05-31,447118
U001329,O003599,408.49,2026-06-02,447118
U001329,O003600,628.02,2026-06-10,447118
U001329,O003601,1225.45,2026-06-25,447118
U001330,O003602,463.84,2026-06-26,685745
U001330,O003603,1465.47,2026-07-06,685745
U001331,O003604,735.88,2026-08-20,147926
U001332,O003605,126.34,2026-05-31,582742
U001332,O003606,1002.76,2026-07-13,582742
U001332,O003607,821.04,2026-07-29,582742
U001333,O003608,637.36,2025-10-22,614301
U001333,O003609,265.68,2026-01-18,614301
U001333,O003610,574.39,2026-03-09,614301
U001333,O003611,662.06,2026-03-24,614301
U001333,O003612,732.24,2026-04-03,614301
U001333,O003613,453.48,2026-04-11,614301
U001333,O003614,846.03,2026-05-19,614301
U001333,O003615,833.51,2026-06-17,614301
U001334,O003616,667.16,2026-02-01,112951
U001334,O003617,869.14,2026-03-01,112951
U001334,O003618,568.61,2026-04-02,112951
U001335,O003619,1161.0,2026-02-22,827369
U001335,O003620,1063.08,2026-04-17,827369
U001335,O003621,1039.76,2026-04-30,827369
U001335,O003622,818.53,2026-06-06,827369
U001335,O003623,169.83,2026-06-22,827369
U001336,O003624,1007.72,2025-12-15,848490
U001336,O003625,523.76,2025-12-23,848490
U001336,O003626,1160.13,2026-02-12,848490
U001336,O003627,49.0,2026-02-16,848490
U001336,O003628,1052.36,2026-02-26,848490
U001336,O003629,720.36,2026-03-05,848490
U001337,O003630,1408.82,2026-04-03,398786
U001338,O003631,554.33,2026-01-12,140786
U001338,O003632,850.45,2026-04-30,140786
U001338,O003633,447.63,2026-05-09,140786
U001339,O003634,215.54,2026-08-25,698492
U001340,O003635,361.23,2026-05-30,179268
U001340,O003636,774.17,2026-06-09,179268
U001340,O003637,257.52,2026-06-30,179268
U001340,O003638,1165.77,2026-07-13,179268
U001340,O003639,734.75,2026-08-17,179268
U001340,O003640,343.6,2026-08-21,179268
U001341,O003641,540.61,2026-05-07,299199
U001341,O003642,924.94,2026-05-24,299199
U001341,O003643,441.41,2026-06-01,299199
U001341,O003644,679.65,2026-06-19,299199
U001341,O003645,172.95,2026-07-06,299199
U001343,O003646,1133.18,2026-04-06,494675
U001343,O003647,1532.64,2026-04-29,494675
U001343,O003648,710.55,2026-07-04,494675
U001343,O003649,1019.11,2026-07-12,494675
U001344,O003650,195.54,2026-03-17,521569
U001344,O003651,847.61,2026-04-03,521569
U001344,O003652,1293.24,2026-04-29,521569
U001344,O003653,1120.09,2026-05-05,521569
U001345,O003654,49.0,2026-01-05,198493
U001345,O003655,502.13,2026-03-09,198493
U001346,O003656,783.06,2025-11-04,152998
U001346,O003657,712.73,2025-11-07,152998
U001346,O003658,812.35,2025-12-02,152998
U001346,O003659,454.42,2025-12-10,152998
U001347,O003660,748.38,2026-06-25,222439
U001347,O003661,407.67,2026-07-28,222439
U001347,O003662,521.57,2026-08-17,222439
U001349,O003663,498.84,2026-01-17,454071
U001349,O003664,505.71,2026-02-10,454071
U001349,O003665,857.64,2026-02-22,454071
U001349,O003666,267.81,2026-04-15,454071
U001349,O003667,905.79,2026-04-23,454071
U001349,O003668,555.35,2026-05-02,454071
U001349,O003669,1373.94,2026-06-01,454071
U001351,O003670,1200.09,2026-05-23,836139
U001351,O003671,832.43,2026-05-31,836139
U001351,O003672,1064.54,2026-08-14,836139
U001353,O003673,1217.93,2026-05-13,583804
U001353,O003674,829.83,2026-05-19,583804
U001353,O003675,1160.77,2026-06-17,583804
U001355,O003676,267.41,2025-11-17,550285
U001355,O003677,562.86,2025-12-05,550285
U001355,O003678,1030.1,2026-01-29,550285
U001355,O003679,613.35,2026-02-03,550285
U001355,O003680,49.0,2026-04-13,550285
U001355,O003681,584.41,2026-04-30,550285
U001356,O003682,1074.21,2025-10-18,256184
U001356,O003683,1067.62,2025-10-24,256184
U001358,O003684,1348.73,2026-08-24,662411
U001359,O003685,176.42,2025-11-12,124520
U001359,O003686,692.47,2025-12-21,124520
U001359,O003687,87.08,2025-12-30,124520
U001359,O003688,470.16,2026-01-12,124520
U001359,O003689,744.7,2026-03-02,124520
U001359,O003690,276.27,2026-03-05,124520
U001359,O003691,511.46,2026-05-02,124520
U001360,O003692,609.82,2026-05-13,369831
U001361,O003693,626.25,2025-10-11,660221
U001361,O003694,387.35,2025-10-22,660221
U001361,O003695,1157.16,2025-11-14,660221
U001361,O003696,340.72,2025-11-27,660221
U001361,O003697,1130.13,2026-01-05,660221
U001361,O003698,1114.15,2026-01-10,660221
U001361,O003699,615.79,2026-02-17,660221
U001362,O003700,772.85,2026-05-18,503333
U001362,O003701,1231.71,2026-06-06,503333
U001363,O003702,1373.86,2025-10-04,263278
U001363,O003703,1630.59,2025-10-24,263278
U001363,O003704,273.68,2025-11-14,263278
U001363,O003705,765.25,2025-11-25,263278
U001363,O003706,914.25,2026-03-16,263278
U001363,O003707,1078.39,2026-03-23,263278
U001363,O003708,1185.23,2026-04-27,263278
U001363,O003709,679.86,2026-06-01,263278
U001364,O003710,322.29,2026-01-06,403180
U001364,O003711,456.72,2026-01-11,403180
U001364,O003712,1074.16,2026-01-29,403180
U001364,O003713,162.78,2026-02-12,403180
U001364,O003714,210.88,2026-03-05,403180
U001364,O003715,571.0,2026-03-09,403180
U001364,O003716,548.58,2026-04-04,403180
U001365,O003717,883.29,2026-08-02,610643
U001366,O003718,646.24,2026-08-21,668862
U001368,O003719,71.22,2025-11-24,360136
U001369,O003720,654.06,2026-03-26,753611
U001369,O003721,907.95,2026-03-29,753611
U001369,O003722,658.15,2026-04-02,753611
U001369,O003723,589.47,2026-04-06,753611
U001369,O003724,876.07,2026-04-14,753611
U001369,O003725,977.81,2026-04-16,753611
U001369,O003726,600.52,2026-05-03,753611
U001369,O003727,431.98,2026-05-23,753611
U001370,O003728,837.22,2026-01-26,837487
U001370,O003729,659.53,2026-02-19,837487
U001371,O003730,692.02,2026-08-14,122850
U001373,O003731,1086.77,2026-07-21,823166
U001373,O003732,583.88,2026-08-16,823166
U001374,O003733,654.25,2026-06-14,221170
U001374,O003734,581.46,2026-07-14,221170
U001376,O003735,1446.19,2025-09-25,310689
U001376,O003736,1090.77,2025-10-29,310689
U001377,O003737,703.2,2025-12-24,677503
U001377,O003738,157.29,2025-12-31,677503
U001377,O003739,1180.61,2026-01-19,677503
U001378,O003740,663.01,2026-07-01,631001
U001378,O003741,49.0,2026-08-15,631001
U001378,O003742,490.07,2026-08-22,631001
U001380,O003743,939.08,2026-05-17,732859
U001380,O003744,884.12,2026-05-21,732859
U001380,O003745,94.38,2026-06-16,732859
U001380,O003746,624.2,2026-07-26,732859
U001384,O003747,713.27,2026-01-21,310109
U001384,O003748,829.18,2026-01-25,310109
U001384,O003749,844.75,2026-03-12,310109
U001384,O003750,657.15,2026-03-14,310109
U001385,O003751,1366.55,2026-04-02,802602
U001385,O003752,1220.71,2026-04-11,802602
U001385,O003753,171.99,2026-04-21,802602
U001385,O003754,689.6,2026-05-30,802602
U001386,O003755,667.74,2026-05-31,585253
U001388,O003756,1165.82,2026-08-13,299586
U001389,O003757,153.02,2026-04-17,216500
U001390,O003758,894.77,2026-08-03,214479
U001391,O003759,456.31,2026-01-11,879457
U001391,O003760,247.71,2026-01-16,879457
U001392,O003761,942.32,2026-06-05,308556
U001392,O003762,249.56,2026-06-10,308556
U001392,O003763,788.23,2026-06-20,308556
U001393,O003764,849.65,2025-10-21,200866
U001393,O003765,291.31,2026-01-16,200866
U001393,O003766,1471.2,2026-01-26,200866
U001393,O003767,418.17,2026-03-25,200866
U001393,O003768,826.63,2026-04-29,200866
U001393,O003769,1267.79,2026-05-10,200866
U001393,O003770,593.58,2026-07-22,200866
U001395,O003771,436.39,2026-01-22,654150
U001395,O003772,109.68,2026-02-10,654150
U001395,O003773,628.12,2026-02-26,654150
U001395,O003774,49.0,2026-03-15,654150
U001395,O003775,787.82,2026-04-12,654150
U001396,O003776,437.5,2026-02-11,513910
U001396,O003777,265.12,2026-02-19,513910
U001396,O003778,480.36,2026-04-19,513910
U001396,O003779,309.52,2026-04-25,513910
U001396,O003780,1064.79,2026-06-09,513910
U001396,O003781,589.94,2026-07-04,513910
U001396,O003782,440.22,2026-08-22,513910
U001398,O003783,623.44,2026-02-19,524429
U001398,O003784,947.22,2026-03-28,524429
U001398,O003785,876.46,2026-04-11,524429
U001398,O003786,1202.02,2026-04-16,524429
U001399,O003787,739.72,2026-06-20,280769
U001399,O003788,789.04,2026-08-03,280769
U001400,O003789,561.77,2026-02-10,364487
U001400,O003790,1315.89,2026-03-09,364487
U001400,O003791,523.09,2026-03-22,364487
U001400,O003792,654.77,2026-03-31,364487
U001400,O003793,1022.11,2026-05-21,364487
U001401,O003794,204.76,2026-06-13,365350
U001403,O003795,329.75,2026-01-14,590411
U001403,O003796,790.3,2026-01-27,590411
U001403,O003797,1722.65,2026-03-06,590411
U001403,O003798,582.15,2026-04-09,590411
U001403,O003799,157.64,2026-05-17,590411
U001403,O003800,656.89,2026-06-12,590411
U001403,O003801,540.03,2026-06-21,590411
U001405,O003802,1324.06,2026-08-03,121309
U001406,O003803,396.26,2026-08-17,267920
U001407,O003804,461.14,2026-08-09,171351
U001408,O003805,49.0,2026-05-02,685792
U001408,O003806,726.3,2026-07-16,685792
U001408,O003807,1428.88,2026-08-19,685792
U001409,O003808,685.87,2025-10-22,803854
U001409,O003809,752.82,2025-11-04,803854
U001409,O003810,757.4,2026-01-27,803854
U001409,O003811,354.95,2026-03-05,803854
U001409,O003812,986.57,2026-04-06,803854
U001410,O003813,442.15,2026-05-03,859900
U001411,O003814,1846.46,2025-12-08,159990
U001411,O003815,655.47,2025-12-25,159990
U001411,O003816,429.3,2025-12-31,159990
U001411,O003817,789.56,2026-01-26,159990
U001411,O003818,242.45,2026-04-28,159990
U001412,O003819,894.5,2026-08-18,684602
U001413,O003820,521.56,2026-04-22,413214
U001413,O003821,49.0,2026-05-01,413214
U001413,O003822,383.93,2026-06-05,413214
U001413,O003823,748.52,2026-06-11,413214
U001413,O003824,829.01,2026-07-16,413214
U001414,O003825,245.51,2025-11-10,139609
U001416,O003826,49.0,2026-06-15,395628
U001417,O003827,492.02,2025-09-27,705484
U001417,O003828,503.51,2025-10-18,705484
U001417,O003829,729.64,2025-11-25,705484
U001417,O003830,996.47,2026-01-08,705484
U001417,O003831,251.26,2026-01-20,705484
U001417,O003832,423.19,2026-02-05,705484
U001420,O003833,932.12,2026-05-17,330137
U001420,O003834,978.85,2026-06-12,330137
U001421,O003835,534.69,2026-03-10,690269
U001421,O003836,878.6,2026-04-11,690269
U001421,O003837,1016.58,2026-06-30,690269
U001423,O003838,482.6,2026-01-15,364881
U001423,O003839,764.7,2026-01-30,364881
U001423,O003840,442.89,2026-03-04,364881
U001423,O003841,320.82,2026-03-07,364881
U001423,O003842,49.0,2026-04-09,364881
U001423,O003843,250.51,2026-04-18,364881
U001424,O003844,942.49,2026-07-31,433359
U001424,O003845,666.24,2026-08-14,433359
U001425,O003846,992.18,2026-05-11,801782
U001425,O003847,844.34,2026-05-20,801782
U001425,O003848,801.33,2026-05-23,801782
U001426,O003849,724.66,2026-01-23,418469
U001426,O003850,1161.9,2026-01-29,418469
U001427,O003851,875.54,2026-06-10,217408
U001427,O003852,278.91,2026-07-06,217408
U001428,O003853,174.66,2025-11-06,411811
U001428,O003854,865.35,2026-01-12,411811
U001428,O003855,1091.84,2026-02-14,411811
U001428,O003856,66.67,2026-02-25,411811
U001428,O003857,542.87,2026-03-24,411811
U001428,O003858,594.77,2026-05-20,411811
U001429,O003859,377.59,2026-07-09,667693
U001429,O003860,826.63,2026-07-13,667693
U001429,O003861,925.4,2026-08-11,667693
U001429,O003862,612.98,2026-08-24,667693
U001430,O003863,1495.98,2025-12-21,651329
U001430,O003864,304.81,2025-12-24,651329
U001430,O003865,692.89,2025-12-28,651329
U001430,O003866,502.34,2026-01-01,651329
U001430,O003867,719.16,2026-01-04,651329
U001430,O003868,1276.39,2026-01-22,651329
U001430,O003869,1458.17,2026-03-10,651329
U001431,O003870,357.49,2026-08-13,785263
U001432,O003871,1049.41,2026-05-24,451816
U001432,O003872,977.64,2026-06-03,451816
U001432,O003873,968.64,2026-06-07,451816
U001432,O003874,709.5,2026-06-29,451816
U001432,O003875,1299.02,2026-07-03,451816
U001432,O003876,366.16,2026-07-11,451816
U001433,O003877,424.89,2025-11-30,828614
U001433,O003878,1828.61,2025-12-08,828614
U001433,O003879,1325.5,2025-12-19,828614
U001435,O003880,666.52,2025-09-14,315632
U001437,O003881,942.06,2026-07-17,291634
U001437,O003882,801.1,2026-08-15,291634
U001438,O003883,983.32,2026-02-03,876184
U001438,O003884,445.53,2026-02-16,876184
U001438,O003885,76.14,2026-02-22,876184
U001438,O003886,49.0,2026-03-27,876184
U001439,O003887,401.25,2026-02-12,193273
U001439,O003888,958.95,2026-03-19,193273
U001439,O003889,510.53,2026-03-25,193273
U001439,O003890,645.74,2026-05-06,193273
U001439,O003891,695.67,2026-05-14,193273
U001439,O003892,1450.39,2026-07-14,193273
U001439,O003893,804.39,2026-07-26,193273
U001440,O003894,464.87,2026-03-31,812345
U001440,O003895,239.05,2026-05-08,812345
U001440,O003896,433.01,2026-06-09,812345
U001440,O003897,780.06,2026-06-19,812345
U001441,O003898,328.57,2026-01-26,448790
U001441,O003899,1285.66,2026-03-17,448790
U001441,O003900,1805.83,2026-05-14,448790
U001441,O003901,186.29,2026-06-03,448790
U001441,O003902,820.98,2026-07-21,448790
U001442,O003903,862.95,2026-03-10,745038
U001442,O003904,1158.27,2026-03-24,745038
U001443,O003905,902.56,2026-06-11,134036
U001444,O003906,777.13,2025-11-30,460671
U001444,O003907,926.85,2026-01-01,460671
U001444,O003908,1317.99,2026-02-21,460671
U001444,O003909,519.11,2026-03-25,460671
U001444,O003910,739.72,2026-03-31,460671
U001446,O003911,567.69,2026-02-07,780158
U001446,O003912,766.67,2026-03-05,780158
U001446,O003913,902.4,2026-03-26,780158
U001446,O003914,1177.74,2026-03-29,780158
U001446,O003915,699.83,2026-05-14,780158
U001446,O003916,985.92,2026-06-07,780158
U001447,O003917,1076.05,2026-03-21,410311
U001447,O003918,489.45,2026-04-12,410311
U001448,O003919,1034.23,2026-04-13,376818
U001448,O003920,205.19,2026-04-26,376818
U001449,O003921,350.03,2025-11-24,875218
U001449,O003922,357.82,2026-01-08,875218
U001450,O003923,769.26,2025-12-24,320431
U001451,O003924,1199.66,2025-12-16,239349
U001451,O003925,227.12,2025-12-24,239349
U001451,O003926,396.4,2025-12-31,239349
U001452,O003927,1346.91,2025-10-05,722173
U001452,O003928,1031.92,2025-10-26,722173
U001452,O003929,942.75,2026-01-02,722173
U001452,O003930,450.24,2026-02-03,722173
U001452,O003931,1116.15,2026-03-06,722173
U001452,O003932,1868.31,2026-03-14,722173
U001452,O003933,829.45,2026-04-03,722173
U001452,O003934,563.05,2026-04-24,722173
U001454,O003935,921.62,2025-10-25,392173
U001454,O003936,975.03,2025-11-16,392173
U001454,O003937,787.56,2025-12-29,392173
U001454,O003938,251.73,2026-01-14,392173
U001454,O003939,146.63,2026-01-21,392173
U001454,O003940,1050.38,2026-05-14,392173
U001454,O003941,695.02,2026-05-16,392173
U001454,O003942,930.68,2026-06-03,392173
U001455,O003943,1198.96,2026-07-20,148216
U001455,O003944,592.11,2026-08-01,148216
U001455,O003945,779.07,2026-08-04,148216
U001455,O003946,816.64,2026-08-09,148216
U001455,O003947,501.74,2026-08-19,148216
U001456,O003948,1245.04,2026-01-25,575972
U001456,O003949,278.72,2026-02-25,575972
U001456,O003950,442.5,2026-05-08,575972
U001456,O003951,1129.46,2026-06-03,575972
U001456,O003952,727.37,2026-08-21,575972
U001457,O003953,830.39,2026-08-20,294200
U001458,O003954,1269.06,2026-07-12,464720
U001459,O003955,935.69,2026-06-20,893618
U001459,O003956,163.0,2026-07-17,893618
U001459,O003957,359.01,2026-07-26,893618
U001459,O003958,1209.98,2026-07-28,893618
U001459,O003959,340.39,2026-08-20,893618
U001460,O003960,916.17,2026-04-22,204823
U001461,O003961,1184.27,2026-02-16,219883
U001462,O003962,49.0,2025-12-20,295163
U001462,O003963,540.49,2025-12-24,295163
U001462,O003964,872.26,2026-01-31,295163
U001462,O003965,478.13,2026-04-22,295163
U001462,O003966,776.58,2026-04-25,295163
U001462,O003967,1103.15,2026-06-25,295163
U001463,O003968,49.0,2025-12-02,317949
U001463,O003969,600.63,2026-01-13,317949
U001463,O003970,982.25,2026-02-04,317949
U001464,O003971,255.4,2025-10-31,280136
U001464,O003972,796.23,2025-11-26,280136
U001465,O003973,897.43,2025-12-13,199595
U001465,O003974,808.95,2026-01-06,199595
U001465,O003975,551.34,2026-01-12,199595
U001465,O003976,864.33,2026-01-25,199595
U001465,O003977,857.32,2026-03-16,199595
U001466,O003978,1278.81,2026-02-14,661866
U001466,O003979,666.32,2026-02-24,661866
U001466,O003980,642.8,2026-03-29,661866
U001466,O003981,834.22,2026-04-14,661866
U001466,O003982,82.66,2026-04-17,661866
U001466,O003983,1347.43,2026-04-27,661866
U001466,O003984,334.01,2026-05-11,661866
U001466,O003985,500.87,2026-05-27,661866
U001468,O003986,1037.26,2026-05-23,795501
U001468,O003987,257.61,2026-05-30,795501
U001468,O003988,942.16,2026-06-17,795501
U001469,O003989,1416.95,2026-03-26,282170
U001469,O003990,686.8,2026-04-04,282170
U001469,O003991,1025.82,2026-05-04,282170
U001470,O003992,462.6,2025-11-21,112852
U001470,O003993,948.2,2025-12-05,112852
U001470,O003994,392.8,2025-12-28,112852
U001471,O003995,365.77,2025-12-28,206122
U001471,O003996,624.79,2026-02-03,206122
U001473,O003997,163.6,2026-07-21,113624
U001473,O003998,663.19,2026-07-25,113624
U001474,O003999,994.03,2026-05-13,771878
U001474,O004000,895.75,2026-07-09,771878
U001474,O004001,830.06,2026-07-26,771878
U001476,O004002,1400.1,2025-09-17,505827
U001476,O004003,763.65,2025-10-13,505827
U001476,O004004,793.98,2025-10-20,505827
U001476,O004005,637.71,2025-11-10,505827
U001477,O004006,547.69,2026-04-23,574580
U001477,O004007,490.33,2026-05-15,574580
U001478,O004008,49.0,2026-04-27,717642
U001478,O004009,600.22,2026-05-12,717642
U001478,O004010,282.14,2026-05-16,717642
U001478,O004011,913.99,2026-05-26,717642
U001479,O004012,878.83,2025-10-07,274000
U001479,O004013,1226.45,2025-11-08,274000
U001479,O004014,955.96,2026-02-06,274000
U001479,O004015,49.0,2026-03-25,274000
U001479,O004016,495.4,2026-06-16,274000
U001479,O004017,256.45,2026-06-25,274000
U001480,O004018,1232.81,2026-03-16,500867
U001481,O004019,1219.64,2026-05-13,713015
U001482,O004020,342.0,2026-01-24,158316
U001482,O004021,161.27,2026-02-09,158316
U001482,O004022,1149.53,2026-02-12,158316
U001482,O004023,736.17,2026-02-26,158316
U001483,O004024,921.61,2025-12-11,648040
U001483,O004025,319.55,2025-12-23,648040
U001484,O004026,866.04,2025-12-02,248369
U001484,O004027,549.67,2025-12-17,248369
U001484,O004028,497.32,2026-01-18,248369
U001484,O004029,132.07,2026-02-18,248369
U001484,O004030,622.07,2026-03-14,248369
U001484,O004031,260.29,2026-03-19,248369
U001485,O004032,1371.04,2026-03-30,773038
U001486,O004033,367.97,2026-01-08,417841
U001486,O004034,712.9,2026-01-11,417841
U001486,O004035,427.55,2026-01-23,417841
U001486,O004036,662.23,2026-05-07,417841
U001487,O004037,661.18,2026-04-13,877339
U001487,O004038,311.02,2026-06-27,877339
U001488,O004039,926.7,2026-06-24,300295
U001488,O004040,460.7,2026-07-26,300295
U001488,O004041,135.78,2026-08-16,300295
U001490,O004042,589.58,2025-11-24,437438
U001490,O004043,904.94,2025-12-28,437438
U001490,O004044,838.6,2026-01-14,437438
U001490,O004045,609.19,2026-03-14,437438
U001490,O004046,375.7,2026-04-04,437438
U001491,O004047,392.95,2026-03-19,562784
U001491,O004048,630.79,2026-04-28,562784
U001491,O004049,242.46,2026-05-16,562784
U001492,O004050,820.87,2026-08-12,761863
U001494,O004051,806.9,2026-05-12,629513
U001494,O004052,589.27,2026-06-27,629513
U001494,O004053,665.4,2026-07-02,629513
U001494,O004054,418.82,2026-08-11,629513
U001496,O004055,783.57,2026-08-08,446545
U001497,O004056,463.03,2026-07-21,607025
U001497,O004057,837.34,2026-08-08,607025
U001498,O004058,910.82,2026-05-09,175083
U001498,O004059,475.3,2026-06-03,175083
U001498,O004060,679.52,2026-06-22,175083
U001498,O004061,502.7,2026-07-01,175083
U001499,O004062,1122.81,2026-06-20,625836
U001499,O004063,1024.34,2026-06-24,625836
U001499,O004064,439.07,2026-07-22,625836
U001499,O004065,874.82,2026-07-30,625836
U001500,O004066,1192.03,2026-02-27,607327
U001500,O004067,1117.96,2026-03-12,607327
U001500,O004068,470.39,2026-04-04,607327
U001501,O004069,850.36,2026-05-04,249120
U001502,O004070,49.0,2026-07-23,724610
U001502,O004071,687.45,2026-08-15,724610
U001503,O004072,789.17,2026-04-09,274816
U001503,O004073,173.28,2026-04-20,274816
U001503,O004074,601.84,2026-04-24,274816
U001504,O004075,667.75,2026-04-16,317150
U001504,O004076,802.07,2026-05-08,317150
U001504,O004077,268.94,2026-05-10,317150
U001505,O004078,1020.83,2026-05-31,800329
U001505,O004079,496.1,2026-06-05,800329
U001505,O004080,518.25,2026-06-11,800329
U001505,O004081,160.46,2026-08-10,800329
U001505,O004082,592.74,2026-08-26,800329
U001506,O004083,765.17,2026-03-10,304846
U001506,O004084,321.5,2026-03-27,304846
U001506,O004085,1220.52,2026-04-08,304846
U001506,O004086,383.01,2026-04-12,304846
U001506,O004087,1482.94,2026-04-20,304846
U001506,O004088,981.28,2026-05-04,304846
U001507,O004089,590.81,2026-05-03,229930
U001507,O004090,689.95,2026-05-04,229930
U001508,O004091,470.64,2026-01-17,499867
U001509,O004092,830.52,2026-05-30,550710
U001510,O004093,599.12,2026-05-01,459628
U001510,O004094,327.4,2026-05-02,459628
U001512,O004095,614.54,2025-12-11,277873
U001512,O004096,394.18,2026-01-15,277873
U001514,O004097,1352.54,2025-12-30,557669
U001514,O004098,104.02,2026-01-01,557669
U001515,O004099,629.2,2026-01-15,213595
U001515,O004100,1198.39,2026-02-10,213595
U001515,O004101,665.59,2026-04-03,213595
U001517,O004102,950.05,2026-05-14,279619
U001517,O004103,676.8,2026-05-21,279619
U001518,O004104,710.22,2026-06-29,278019
U001518,O004105,161.37,2026-08-11,278019
U001522,O004106,695.96,2026-05-29,459522
U001522,O004107,1073.97,2026-06-11,459522
U001522,O004108,889.41,2026-07-07,459522
U001523,O004109,881.13,2026-08-13,740359
U001523,O004110,680.18,2026-08-20,740359
U001525,O004111,276.99,2026-03-31,424883
U001525,O004112,756.8,2026-04-28,424883
U001527,O004113,603.57,2026-08-05,559996
U001527,O004114,780.75,2026-08-16,559996
U001528,O004115,830.66,2025-11-26,685916
U001528,O004116,777.3,2025-12-24,685916
U001528,O004117,403.95,2026-02-06,685916
U001529,O004118,487.23,2025-11-24,680123
U001529,O004119,1003.26,2025-12-07,680123
U001529,O004120,693.21,2025-12-24,680123
U001530,O004121,892.55,2025-12-30,793375
U001531,O004122,580.04,2026-07-27,506019
U001532,O004123,366.92,2026-06-28,259276
U001533,O004124,629.31,2026-04-30,757720
U001533,O004125,1218.04,2026-06-21,757720
U001534,O004126,595.58,2026-01-05,417270
U001534,O004127,532.23,2026-02-13,417270
U001534,O004128,221.77,2026-07-04,417270
U001534,O004129,472.23,2026-07-13,417270
U001534,O004130,54.99,2026-08-19,417270
U001535,O004131,783.83,2026-02-20,492897
U001535,O004132,656.73,2026-06-18,492897
U001535,O004133,570.21,2026-07-23,492897
U001537,O004134,578.47,2025-12-25,386568
U001537,O004135,323.34,2026-01-07,386568
U001537,O004136,515.49,2026-03-05,386568
U001537,O004137,786.12,2026-06-10,386568
U001539,O004138,451.56,2026-04-20,428648
U001540,O004139,663.5,2026-03-10,761699
U001541,O004140,1074.12,2026-03-10,887204
U001541,O004141,475.95,2026-03-21,887204
U001541,O004142,999.77,2026-04-28,887204
U001542,O004143,49.0,2025-12-17,492854
U001542,O004144,998.17,2026-01-09,492854
U001542,O004145,661.53,2026-04-16,492854
U001542,O004146,155.51,2026-05-22,492854
U001542,O004147,906.83,2026-05-27,492854
U001542,O004148,539.86,2026-06-01,492854
U001543,O004149,652.8,2026-04-29,448617
U001544,O004150,878.55,2026-06-30,471187
U001544,O004151,511.69,2026-07-01,471187
U001544,O004152,939.51,2026-07-21,471187
U001545,O004153,941.74,2026-06-14,256547
U001546,O004154,852.04,2026-01-26,373395
U001546,O004155,868.02,2026-04-02,373395
U001546,O004156,974.37,2026-04-03,373395
U001546,O004157,424.45,2026-04-22,373395
U001547,O004158,426.13,2025-09-21,471079
U001547,O004159,1051.52,2025-10-14,471079
U001548,O004160,837.1,2025-11-17,416216
U001549,O004161,210.58,2026-05-04,612851
U001549,O004162,716.74,2026-06-02,612851
U001549,O004163,67.64,2026-07-02,612851
U001550,O004164,881.96,2026-06-01,256729
U001550,O004165,421.39,2026-06-04,256729
U001550,O004166,294.61,2026-06-10,256729
U001550,O004167,523.72,2026-06-20,256729
U001552,O004168,461.38,2025-09-30,820537
U001552,O004169,315.29,2025-10-07,820537
U001552,O004170,1041.83,2025-10-31,820537
U001552,O004171,768.56,2025-11-10,820537
U001553,O004172,408.63,2026-08-10,594611
U001553,O004173,1034.51,2026-08-21,594611
U001554,O004174,1133.14,2026-05-25,879217
U001554,O004175,987.71,2026-05-31,879217
U001555,O004176,900.14,2026-01-11,871459
U001556,O004177,727.58,2026-05-23,389812
U001556,O004178,655.07,2026-06-20,389812
U001556,O004179,983.32,2026-07-03,389812
U001557,O004180,663.72,2025-11-30,893670
U001557,O004181,78.63,2025-12-08,893670
U001557,O004182,1267.79,2026-01-05,893670
U001558,O004183,49.0,2026-01-22,156601
U001558,O004184,655.14,2026-02-11,156601
U001559,O004185,124.07,2025-11-07,719839
U001559,O004186,993.59,2025-12-15,719839
U001561,O004187,799.59,2026-04-11,802793
U001561,O004188,790.09,2026-06-13,802793
U001562,O004189,985.33,2026-01-18,519276
U001562,O004190,614.22,2026-02-05,519276
U001562,O004191,669.95,2026-03-09,519276
U001562,O004192,845.02,2026-05-16,519276
U001562,O004193,832.11,2026-05-23,519276
U001563,O004194,508.12,2026-07-17,717695
U001563,O004195,492.15,2026-07-22,717695
U001564,O004196,822.49,2026-03-22,694345
U001564,O004197,495.96,2026-06-06,694345
U001564,O004198,250.45,2026-06-15,694345
U001565,O004199,875.83,2026-05-30,513850
U001566,O004200,143.95,2026-08-10,534884
U001567,O004201,577.08,2026-05-01,398338
U001569,O004202,717.08,2026-01-13,682130
U001569,O004203,1005.26,2026-03-10,682130
U001569,O004204,727.17,2026-03-16,682130
U001569,O004205,644.64,2026-03-27,682130
U001571,O004206,353.04,2025-12-27,206854
U001571,O004207,730.14,2026-01-15,206854
U001572,O004208,758.01,2026-02-10,439393
U001572,O004209,214.12,2026-03-15,439393
U001573,O004210,880.33,2025-11-09,317850
U001573,O004211,217.57,2025-12-12,317850
U001574,O004212,918.35,2026-07-28,739768
U001574,O004213,440.06,2026-07-29,739768
U001575,O004214,677.93,2025-12-24,391077
U001576,O004215,572.39,2025-11-26,227215
U001576,O004216,257.73,2026-01-18,227215
U001576,O004217,499.34,2026-02-07,227215
U001576,O004218,688.31,2026-02-08,227215
U001576,O004219,336.34,2026-02-14,227215
U001576,O004220,441.39,2026-04-13,227215
U001578,O004221,577.58,2026-01-29,411114
U001578,O004222,916.36,2026-02-15,411114
U001579,O004223,529.06,2025-12-04,776070
U001580,O004224,768.31,2026-08-07,265843
U001581,O004225,609.47,2026-04-30,264791
U001581,O004226,612.61,2026-05-05,264791
U001581,O004227,818.0,2026-06-22,264791
U001582,O004228,439.44,2025-11-14,893693
U001583,O004229,715.76,2026-05-29,528117
U001583,O004230,631.18,2026-07-30,528117
U001584,O004231,538.02,2026-01-07,266236
U001584,O004232,720.32,2026-01-17,266236
U001584,O004233,570.43,2026-01-19,266236
U001585,O004234,521.62,2026-06-01,155538
U001585,O004235,845.16,2026-08-19,155538
U001586,O004236,847.54,2026-07-06,883389
U001587,O004237,717.08,2026-07-19,522481
U001587,O004238,797.62,2026-08-03,522481
U001588,O004239,1083.65,2026-03-18,586189
U001588,O004240,993.35,2026-04-01,586189
U001588,O004241,659.83,2026-06-04,586189
U001588,O004242,521.75,2026-08-20,586189
U001589,O004243,670.21,2025-12-12,304196
U001589,O004244,1035.75,2026-02-15,304196
U001589,O004245,752.46,2026-02-21,304196
U001589,O004246,688.42,2026-03-20,304196
U001590,O004247,758.87,2026-03-23,804270
U001590,O004248,522.32,2026-03-27,804270
U001591,O004249,516.35,2026-01-09,162290
U001591,O004250,672.9,2026-01-16,162290
U001591,O004251,243.09,2026-03-12,162290
U001593,O004252,724.63,2026-07-15,514746
U001593,O004253,49.0,2026-08-26,514746
U001594,O004254,718.48,2026-07-06,533292
U001595,O004255,898.78,2025-12-20,397166
U001595,O004256,51.73,2026-02-17,397166
U001595,O004257,740.26,2026-04-11,397166
U001595,O004258,469.96,2026-05-24,397166
U001595,O004259,775.11,2026-05-28,397166
U001596,O004260,706.1,2026-07-21,102888
U001596,O004261,646.27,2026-07-29,102888
U001597,O004262,1041.89,2025-11-01,398175
U001597,O004263,843.83,2025-11-08,398175
U001597,O004264,551.83,2026-01-28,398175
U001598,O004265,847.19,2026-06-06,696335
U001598,O004266,819.28,2026-06-15,696335
U001599,O004267,828.17,2026-01-17,710400
U001599,O004268,698.29,2026-01-25,710400
U001599,O004269,676.93,2026-04-02,710400
U001601,O004270,236.89,2025-11-01,307182
U001602,O004271,674.82,2025-10-19,704532
U001603,O004272,895.56,2025-11-11,126929
U001604,O004273,479.55,2026-01-09,400527
U001604,O004274,765.32,2026-01-17,400527
U001605,O004275,49.0,2025-12-19,329955
U001605,O004276,719.92,2025-12-24,329955
U001605,O004277,839.36,2025-12-27,329955
U001607,O004278,714.05,2026-02-24,296284
U001607,O004279,329.38,2026-03-24,296284
U001609,O004280,330.94,2026-04-19,124639
U001609,O004281,519.38,2026-04-21,124639
U001610,O004282,300.43,2026-05-19,799780
U001611,O004283,1158.13,2025-10-27,564871
U001611,O004284,723.99,2025-12-08,564871
U001611,O004285,273.98,2025-12-20,564871
U001612,O004286,513.35,2025-12-17,678311
U001613,O004287,1088.7,2026-03-10,454657
U001613,O004288,1450.76,2026-03-27,454657
U001613,O004289,312.27,2026-06-25,454657
U001613,O004290,333.36,2026-07-27,454657
U001614,O004291,740.43,2026-06-21,841232
U001614,O004292,830.53,2026-07-28,841232
U001615,O004293,628.57,2026-01-09,163248
U001616,O004294,747.89,2026-07-24,827449
U001617,O004295,727.28,2026-01-14,146891
U001617,O004296,444.21,2026-02-21,146891
U001619,O004297,220.66,2026-06-21,643372
U001619,O004298,433.73,2026-07-07,643372
U001620,O004299,182.05,2026-02-08,776814
U001622,O004300,674.52,2026-07-11,299515
U001622,O004301,750.67,2026-07-27,299515
U001623,O004302,83.31,2025-09-28,528680
U001623,O004303,566.75,2025-10-15,528680
U001623,O004304,389.87,2025-11-05,528680
U001624,O004305,989.12,2026-04-13,639244
U001624,O004306,1141.31,2026-04-25,639244
U001624,O004307,494.94,2026-05-15,639244
U001624,O004308,739.49,2026-06-13,639244
U001625,O004309,519.03,2026-04-20,456629
U001625,O004310,760.87,2026-05-29,456629
U001625,O004311,1095.85,2026-07-15,456629
U001627,O004312,1022.5,2026-04-07,260965
U001627,O004313,794.0,2026-05-13,260965
U001627,O004314,744.46,2026-06-23,260965
U001629,O004315,456.84,2025-12-31,364279
U001629,O004316,699.6,2026-02-19,364279
U001629,O004317,1050.36,2026-03-18,364279
U001629,O004318,537.43,2026-03-25,364279
U001629,O004319,571.1,2026-03-28,364279
U001629,O004320,674.02,2026-06-16,364279
U001630,O004321,1316.97,2026-06-03,376599
U001631,O004322,787.1,2025-12-19,329622
U001631,O004323,646.94,2026-02-08,329622
U001631,O004324,111.93,2026-02-10,329622
U001633,O004325,732.79,2026-02-20,199687
U001633,O004326,185.28,2026-03-02,199687
U001634,O004327,797.24,2025-11-29,304660
U001634,O004328,677.11,2026-01-07,304660
U001635,O004329,659.96,2026-03-01,784275
U001635,O004330,422.48,2026-03-26,784275
U001635,O004331,915.07,2026-04-26,784275
U001635,O004332,137.08,2026-05-01,784275
U001636,O004333,1243.17,2025-11-04,384998
U001636,O004334,989.93,2025-11-20,384998
U001636,O004335,326.94,2025-11-26,384998
U001636,O004336,749.15,2025-12-02,384998
U001637,O004337,1262.87,2026-03-05,789084
U001637,O004338,684.86,2026-04-10,789084
U001637,O004339,716.08,2026-04-22,789084
U001637,O004340,431.79,2026-05-06,789084
U001638,O004341,1378.44,2026-03-26,510398
U001638,O004342,880.26,2026-04-13,510398
U001638,O004343,909.25,2026-05-10,510398
U001639,O004344,210.24,2026-02-17,613033
U001639,O004345,489.1,2026-03-07,613033
U001643,O004346,822.99,2026-04-01,166876
U001643,O004347,411.57,2026-05-15,166876
U001644,O004348,495.82,2026-01-19,658259
U001644,O004349,816.11,2026-01-29,658259
U001645,O004350,649.07,2026-05-07,739962
U001645,O004351,1163.78,2026-06-11,739962
U001645,O004352,940.53,2026-06-24,739962
U001645,O004353,255.47,2026-08-18,739962
U001646,O004354,409.72,2026-08-11,775681
U001647,O004355,262.43,2026-04-20,677475
U001647,O004356,359.59,2026-06-25,677475
U001648,O004357,683.64,2026-01-09,526285
U001648,O004358,611.7,2026-01-26,526285
U001648,O004359,724.86,2026-02-15,526285
U001649,O004360,274.8,2026-02-27,196023
U001650,O004361,350.05,2026-04-25,802044
U001650,O004362,1149.51,2026-05-31,802044
U001650,O004363,963.65,2026-06-03,802044
U001653,O004364,924.86,2026-02-17,877482
U001654,O004365,860.99,2026-08-16,737044
U001654,O004366,631.13,2026-08-20,737044
U001655,O004367,644.7,2026-05-09,472689
U001655,O004368,730.51,2026-05-26,472689
U001655,O004369,594.47,2026-05-29,472689
U001655,O004370,461.18,2026-06-04,472689
U001655,O004371,254.4,2026-06-15,472689
U001656,O004372,292.71,2026-07-16,246705
U001656,O004373,578.95,2026-08-21,246705
U001657,O004374,739.32,2025-12-21,416976
U001658,O004375,834.22,2026-07-18,278844
U001658,O004376,1149.16,2026-08-15,278844
U001659,O004377,536.26,2025-11-10,601469
U001659,O004378,785.14,2026-03-21,601469
U001659,O004379,613.3,2026-04-10,601469
U001660,O004380,1401.66,2026-03-06,107385
U001660,O004381,710.29,2026-03-13,107385
U001660,O004382,979.54,2026-05-05,107385
U001662,O004383,578.74,2026-04-07,413800
U001662,O004384,1245.4,2026-05-13,413800
U001663,O004385,1018.66,2026-05-16,437739
U001663,O004386,1440.16,2026-06-07,437739
U001663,O004387,788.73,2026-06-23,437739
U001664,O004388,1298.14,2026-06-13,712341
U001664,O004389,397.41,2026-07-22,712341
U001666,O004390,698.85,2026-08-16,296692
U001668,O004391,1109.79,2026-02-27,104225
U001669,O004392,724.14,2026-07-22,443829
U001670,O004393,274.66,2026-03-02,109007
U001670,O004394,602.05,2026-05-06,109007
U001670,O004395,346.11,2026-05-23,109007
U001670,O004396,438.92,2026-07-12,109007
U001671,O004397,1061.03,2026-08-08,541014
U001672,O004398,449.08,2026-03-25,577518
U001672,O004399,521.52,2026-03-27,577518
U001675,O004400,782.63,2026-07-25,273356
U001676,O004401,389.99,2026-02-01,898437
U001676,O004402,588.65,2026-02-27,898437
U001676,O004403,523.39,2026-02-28,898437
U001676,O004404,1088.07,2026-03-26,898437
U001676,O004405,49.0,2026-06-13,898437
U001677,O004406,380.99,2026-01-18,244170
U001677,O004407,670.76,2026-05-02,244170
U001677,O004408,684.39,2026-05-27,244170
U001677,O004409,314.77,2026-06-16,244170
U001678,O004410,127.48,2026-04-23,259259
U001678,O004411,775.71,2026-05-16,259259
U001678,O004412,129.56,2026-06-06,259259
U001678,O004413,568.04,2026-06-16,259259
U001679,O004414,455.06,2026-07-16,774775
U001680,O004415,981.68,2026-01-10,175356
U001681,O004416,866.49,2026-05-22,854292
U001681,O004417,417.97,2026-06-10,854292
U001681,O004418,474.01,2026-06-25,854292
U001682,O004419,210.96,2025-09-20,756183
U001682,O004420,332.36,2025-10-05,756183
U001683,O004421,188.64,2026-07-09,390023
U001683,O004422,376.78,2026-07-10,390023
U001684,O004423,682.21,2026-06-10,676409
U001684,O004424,485.28,2026-07-09,676409
U001684,O004425,577.72,2026-07-15,676409
U001684,O004426,49.0,2026-08-02,676409
U001685,O004427,881.65,2025-12-22,526848
U001685,O004428,493.26,2026-01-28,526848
U001685,O004429,870.69,2026-02-16,526848
U001686,O004430,827.35,2026-01-24,139209
U001688,O004431,712.14,2025-11-11,339400
U001688,O004432,920.42,2025-12-13,339400
U001688,O004433,87.18,2026-02-23,339400
U001688,O004434,1011.19,2026-02-26,339400
U001689,O004435,320.25,2025-11-15,568832
U001689,O004436,49.0,2025-11-19,568832
U001691,O004437,704.6,2026-01-13,549718
U001691,O004438,310.68,2026-04-14,549718
U001691,O004439,418.25,2026-05-01,549718
U001691,O004440,903.86,2026-05-04,549718
U001691,O004441,967.94,2026-05-11,549718
U001692,O004442,827.82,2026-04-22,795094
U001693,O004443,815.71,2025-10-09,861229
U001693,O004444,1421.04,2025-10-20,861229
U001693,O004445,56.72,2025-12-09,861229
U001694,O004446,394.26,2025-11-18,461525
U001694,O004447,540.72,2025-12-12,461525
U001694,O004448,898.25,2026-02-07,461525
U001694,O004449,1422.61,2026-03-11,461525
U001695,O004450,457.73,2025-12-21,360147
U001695,O004451,358.33,2026-02-17,360147
U001695,O004452,374.66,2026-05-27,360147
U001695,O004453,458.61,2026-08-02,360147
U001696,O004454,1366.19,2026-05-06,868500
U001696,O004455,805.26,2026-05-30,868500
U001696,O004456,808.88,2026-07-11,868500
U001697,O004457,49.0,2025-11-01,472740
U001697,O004458,351.88,2025-11-10,472740
U001698,O004459,494.49,2026-01-11,757816
U001699,O004460,875.02,2026-06-06,775056
U001699,O004461,817.52,2026-06-16,775056
U001700,O004462,408.95,2026-08-12,789782
U001701,O004463,291.92,2026-05-02,274435
U001704,O004464,483.01,2026-08-24,451245
U001705,O004465,601.94,2025-11-10,522554
U001705,O004466,952.28,2025-11-19,522554
U001705,O004467,539.19,2025-11-21,522554
U001706,O004468,933.56,2026-02-03,685030
U001706,O004469,665.94,2026-03-07,685030
U001706,O004470,745.67,2026-04-09,685030
U001707,O004471,679.88,2025-11-28,110376
U001707,O004472,429.3,2025-12-02,110376
U001708,O004473,793.92,2026-03-19,598232
U001708,O004474,1053.54,2026-04-06,598232
U001708,O004475,472.78,2026-05-01,598232
U001710,O004476,753.15,2026-07-12,725122
U001712,O004477,577.19,2026-03-08,325740
U001712,O004478,149.77,2026-04-21,325740
U001712,O004479,619.75,2026-05-08,325740
U001714,O004480,728.14,2026-07-14,862372
U001716,O004481,433.41,2026-08-22,237012
U001717,O004482,516.16,2026-03-24,628365
U001717,O004483,1006.33,2026-03-26,628365
U001717,O004484,1000.3,2026-05-24,628365
U001719,O004485,942.23,2026-03-09,283842
U001720,O004486,1264.01,2026-06-06,724414
U001721,O004487,605.57,2026-08-05,677389
U001722,O004488,422.91,2025-12-25,208298
U001722,O004489,49.0,2026-04-24,208298
U001725,O004490,546.2,2026-08-10,658758
U001726,O004491,367.27,2026-08-17,401939
U001727,O004492,455.76,2026-02-08,286868
U001727,O004493,714.82,2026-05-02,286868
U001727,O004494,770.73,2026-05-28,286868
U001727,O004495,776.61,2026-07-07,286868
U001727,O004496,355.12,2026-08-07,286868
U001728,O004497,206.59,2026-03-21,559351
U001728,O004498,874.99,2026-05-15,559351
U001729,O004499,409.87,2026-01-13,372588
U001729,O004500,914.1,2026-02-28,372588
U001731,O004501,466.4,2026-01-02,615023
U001731,O004502,724.58,2026-02-10,615023
U001731,O004503,1115.07,2026-03-01,615023
U001731,O004504,777.79,2026-03-16,615023
U001731,O004505,853.7,2026-04-08,615023
U001732,O004506,713.2,2026-07-05,198943
U001732,O004507,1197.7,2026-07-30,198943
U001732,O004508,867.24,2026-08-04,198943
U001732,O004509,638.6,2026-08-11,198943
U001733,O004510,1227.88,2026-05-31,875028
U001733,O004511,376.5,2026-06-05,875028
U001733,O004512,1091.79,2026-07-27,875028
U001733,O004513,737.92,2026-08-05,875028
U001735,O004514,438.46,2026-06-03,429440
U001735,O004515,428.37,2026-06-26,429440
U001736,O004516,504.48,2026-04-28,574337
U001736,O004517,77.51,2026-06-02,574337
U001736,O004518,718.48,2026-06-10,574337
U001736,O004519,405.7,2026-07-02,574337
U001737,O004520,900.89,2026-04-27,194339
U001737,O004521,129.52,2026-05-16,194339
U001737,O004522,419.06,2026-05-19,194339
U001738,O004523,194.61,2025-11-22,758833
U001738,O004524,442.88,2025-11-29,758833
U001738,O004525,1183.24,2026-01-03,758833
U001739,O004526,292.96,2025-12-01,165581
U001740,O004527,805.13,2025-10-19,374667
U001740,O004528,1160.51,2025-10-30,374667
U001740,O004529,545.28,2026-02-09,374667
U001740,O004530,614.55,2026-03-25,374667
U001741,O004531,49.0,2026-04-27,307117
U001741,O004532,713.4,2026-05-18,307117
U001742,O004533,709.79,2026-05-01,754144
U001742,O004534,939.85,2026-05-06,754144
U001742,O004535,402.52,2026-06-21,754144
U001743,O004536,616.75,2026-01-14,229049
U001743,O004537,266.56,2026-02-26,229049
U001743,O004538,543.97,2026-04-04,229049
U001743,O004539,322.25,2026-05-10,229049
U001744,O004540,1006.77,2025-10-28,523052
U001744,O004541,815.73,2025-11-08,523052
U001744,O004542,352.78,2025-12-27,523052
U001745,O004543,418.98,2025-12-14,604910
U001746,O004544,620.01,2026-08-21,842601
U001747,O004545,537.88,2026-02-24,705742
U001747,O004546,1162.37,2026-03-27,705742
U001747,O004547,668.84,2026-06-16,705742
U001748,O004548,49.0,2026-07-06,205934
U001749,O004549,301.92,2025-12-29,519909
U001749,O004550,1040.46,2026-01-01,519909
U001750,O004551,920.05,2026-01-07,541957
U001750,O004552,267.12,2026-01-27,541957
U001751,O004553,236.09,2026-05-27,161113
U001751,O004554,1112.33,2026-07-21,161113
U001752,O004555,572.14,2026-07-13,201853
U001752,O004556,1178.93,2026-07-29,201853
U001753,O004557,740.87,2025-11-21,886221
U001753,O004558,608.64,2025-12-06,886221
U001753,O004559,555.59,2025-12-28,886221
U001754,O004560,584.28,2025-10-27,774988
U001754,O004561,820.16,2026-01-16,774988
U001754,O004562,446.33,2026-02-12,774988
U001754,O004563,346.63,2026-03-22,774988
U001754,O004564,721.74,2026-08-20,774988
U001755,O004565,117.91,2026-03-20,421881
U001755,O004566,588.01,2026-04-14,421881
U001755,O004567,1311.84,2026-04-28,421881
U001755,O004568,1017.21,2026-04-29,421881
U001756,O004569,941.51,2026-02-07,237853
U001756,O004570,835.55,2026-02-12,237853
U001756,O004571,1491.37,2026-03-15,237853
U001756,O004572,539.06,2026-04-02,237853
U001757,O004573,933.78,2025-12-08,747521
U001758,O004574,479.99,2025-12-06,215036
U001758,O004575,630.41,2026-01-01,215036
U001758,O004576,720.33,2026-01-25,215036
U001758,O004577,896.82,2026-02-02,215036
U001758,O004578,149.03,2026-04-18,215036
U001759,O004579,616.46,2026-02-18,310086
U001759,O004580,770.84,2026-03-01,310086
U001760,O004581,726.4,2026-05-22,438497
U001760,O004582,665.1,2026-07-01,438497
U001761,O004583,486.34,2026-05-09,608326
U001761,O004584,523.59,2026-05-14,608326
U001761,O004585,822.16,2026-06-24,608326
U001762,O004586,163.19,2025-11-02,719451
U001763,O004587,1209.44,2026-05-13,835649
U001763,O004588,702.26,2026-05-21,835649
U001765,O004589,163.57,2026-05-24,648163
U001765,O004590,563.11,2026-06-19,648163
U001765,O004591,547.79,2026-07-31,648163
U001767,O004592,261.09,2026-03-21,407677
U001767,O004593,1240.53,2026-04-04,407677
U001767,O004594,438.75,2026-04-23,407677
U001768,O004595,709.28,2026-05-16,753986
U001768,O004596,264.38,2026-07-08,753986
U001769,O004597,1010.87,2026-06-26,171953
U001769,O004598,780.4,2026-08-25,171953
U001770,O004599,789.26,2025-10-07,698443
U001770,O004600,342.32,2025-10-15,698443
U001771,O004601,279.48,2026-03-30,770813
U001773,O004602,474.61,2025-09-29,514096
U001775,O004603,626.13,2025-11-27,213969
U001775,O004604,489.44,2025-12-19,213969
U001776,O004605,383.5,2025-11-10,726885
U001776,O004606,1395.1,2025-12-14,726885
U001776,O004607,882.44,2025-12-28,726885
U001777,O004608,672.82,2026-04-05,550615
U001777,O004609,402.08,2026-04-21,550615
U001777,O004610,223.41,2026-05-17,550615
U001777,O004611,592.5,2026-06-29,550615
U001778,O004612,191.22,2026-03-11,164059
U001778,O004613,752.1,2026-05-01,164059
U001778,O004614,353.77,2026-07-02,164059
U001778,O004615,1220.1,2026-07-15,164059
U001779,O004616,1006.04,2026-02-01,647250
U001780,O004617,813.69,2025-09-25,647941
U001780,O004618,722.79,2025-10-07,647941
U001780,O004619,559.8,2025-10-18,647941
U001781,O004620,337.37,2026-06-16,690581
U001781,O004621,939.35,2026-08-03,690581
U001781,O004622,425.72,2026-08-18,690581
U001781,O004623,548.63,2026-08-20,690581
U001782,O004624,686.19,2026-04-04,368549
U001782,O004625,49.0,2026-04-09,368549
U001782,O004626,722.68,2026-05-21,368549
U001783,O004627,1019.94,2026-03-04,499915
U001783,O004628,1121.75,2026-03-19,499915
U001783,O004629,765.14,2026-07-04,499915
U001784,O004630,243.43,2026-06-28,629160
U001785,O004631,699.43,2026-07-13,224249
U001786,O004632,616.64,2026-08-06,811383
U001786,O004633,529.49,2026-08-21,811383
U001788,O004634,709.45,2026-04-11,570569
U001789,O004635,300.21,2026-02-23,217621
U001789,O004636,151.06,2026-07-28,217621
U001789,O004637,487.27,2026-08-04,217621
U001790,O004638,252.31,2026-07-24,252857
U001790,O004639,269.47,2026-07-25,252857
U001790,O004640,451.12,2026-08-06,252857
U001792,O004641,705.68,2025-11-12,261033
U001792,O004642,829.02,2026-06-04,261033
U001792,O004643,466.08,2026-06-19,261033
U001793,O004644,299.6,2026-05-17,642465
U001793,O004645,1004.05,2026-05-30,642465
U001793,O004646,709.25,2026-08-16,642465
U001794,O004647,239.7,2026-02-20,839870
U001794,O004648,1041.0,2026-04-29,839870
U001794,O004649,997.73,2026-05-01,839870
U001794,O004650,331.24,2026-06-01,839870
U001795,O004651,1109.35,2025-11-22,825351
U001795,O004652,887.34,2025-12-26,825351
U001795,O004653,479.93,2026-01-09,825351
U001796,O004654,921.45,2026-08-17,298974
U001797,O004655,671.44,2026-06-06,263909
U001797,O004656,815.22,2026-07-19,263909
U001797,O004657,404.13,2026-07-20,263909
U001798,O004658,940.91,2026-05-19,847890
U001798,O004659,623.39,2026-06-29,847890
U001798,O004660,1230.04,2026-07-24,847890
U001799,O004661,109.55,2026-08-16,312236
U001800,O004662,514.1,2026-08-24,676900
U001801,O004663,675.64,2026-08-12,325927
U001802,O004664,775.29,2026-04-23,558461
U001802,O004665,709.46,2026-06-07,558461
U001802,O004666,274.39,2026-07-12,558461
U001802,O004667,752.38,2026-08-07,558461
U001803,O004668,49.0,2026-01-08,293122
U001803,O004669,341.99,2026-03-15,293122
U001804,O004670,919.66,2026-05-24,399963
U001804,O004671,762.72,2026-06-13,399963
U001804,O004672,453.64,2026-08-20,399963
U001805,O004673,772.24,2026-01-22,790039
U001805,O004674,733.22,2026-02-08,790039
U001806,O004675,649.16,2026-07-28,509214
U001807,O004676,402.67,2026-05-17,443894
U001807,O004677,1529.67,2026-07-24,443894
U001807,O004678,473.07,2026-08-20,443894
U001807,O004679,426.49,2026-08-22,443894
U001810,O004680,829.32,2025-09-19,151521
U001811,O004681,460.45,2026-06-07,835408
U001811,O004682,558.24,2026-06-21,835408
U001811,O004683,1083.06,2026-08-13,835408
U001812,O004684,171.6,2026-04-18,855487
U001812,O004685,567.91,2026-05-10,855487
U001813,O004686,958.35,2026-03-13,234841
U001814,O004687,250.95,2026-01-29,559829
U001814,O004688,775.71,2026-02-07,559829
U001814,O004689,799.16,2026-03-02,559829
U001815,O004690,931.52,2026-07-25,178810
U001816,O004691,703.52,2026-01-17,584674
U001816,O004692,431.52,2026-01-29,584674
U001816,O004693,449.54,2026-05-17,584674
U001817,O004694,936.92,2026-06-26,465164
U001817,O004695,255.54,2026-07-10,465164
U001818,O004696,656.68,2025-12-11,116123
U001818,O004697,428.02,2026-01-21,116123
U001818,O004698,1024.68,2026-03-10,116123
U001818,O004699,708.84,2026-03-29,116123
U001820,O004700,1298.34,2026-06-08,553492
U001821,O004701,725.75,2026-01-23,458283
U001821,O004702,812.46,2026-02-02,458283
U001822,O004703,460.59,2026-06-13,642112
U001823,O004704,887.59,2025-12-09,870698
U001824,O004705,598.97,2026-01-23,869360
U001824,O004706,1086.76,2026-03-09,869360
U001824,O004707,564.38,2026-04-26,869360
U001824,O004708,661.22,2026-06-01,869360
U001825,O004709,971.63,2025-10-15,668242
U001825,O004710,538.94,2025-10-27,668242
U001825,O004711,950.42,2025-11-12,668242
U001826,O004712,660.92,2025-12-18,704525
U001828,O004713,445.64,2026-08-08,293824
U001828,O004714,556.33,2026-08-23,293824
U001829,O004715,811.29,2026-01-28,273007
U001830,O004716,310.12,2026-07-03,609215
U001830,O004717,676.45,2026-07-30,609215
U001830,O004718,1045.31,2026-08-09,609215
U001830,O004719,378.07,2026-08-22,609215
U001831,O004720,651.45,2026-03-12,234242
U001832,O004721,524.3,2025-11-12,663556
U001832,O004722,614.73,2025-11-27,663556
U001832,O004723,1242.18,2025-12-04,663556
U001833,O004724,186.41,2026-03-25,443453
U001834,O004725,132.32,2026-06-08,172844
U001835,O004726,1112.38,2026-08-17,555010
U001835,O004727,799.42,2026-08-22,555010
U001837,O004728,993.65,2026-03-22,564590
U001839,O004729,990.47,2026-01-12,447441
U001840,O004730,710.58,2025-10-30,152607
U001840,O004731,586.51,2025-12-16,152607
U001842,O004732,1024.87,2026-05-13,865219
U001843,O004733,944.7,2026-06-21,843149
U001843,O004734,661.8,2026-06-29,843149
U001843,O004735,565.27,2026-07-16,843149
U001843,O004736,919.13,2026-08-20,843149
U001843,O004737,630.06,2026-08-22,843149
U001844,O004738,808.42,2026-01-23,451412
U001844,O004739,558.77,2026-01-24,451412
U001844,O004740,899.2,2026-02-11,451412
U001844,O004741,1007.46,2026-03-19,451412
U001846,O004742,875.04,2026-07-09,178038
U001847,O004743,245.46,2026-05-14,487881
U001847,O004744,1022.89,2026-05-16,487881
U001847,O004745,980.68,2026-06-17,487881
U001847,O004746,426.72,2026-06-26,487881
U001847,O004747,453.19,2026-07-01,487881
U001848,O004748,825.49,2026-08-15,122606
U001849,O004749,321.74,2026-08-09,618849
U001849,O004750,460.36,2026-08-12,618849
U001850,O004751,460.31,2026-04-07,624732
U001851,O004752,688.53,2025-12-21,647976
U001851,O004753,456.23,2025-12-26,647976
U001852,O004754,906.52,2026-01-31,893149
U001852,O004755,1091.18,2026-02-06,893149
U001852,O004756,439.74,2026-03-23,893149
U001852,O004757,1102.8,2026-04-06,893149
U001853,O004758,939.75,2025-11-07,794174
U001853,O004759,322.83,2025-12-18,794174
U001853,O004760,529.84,2025-12-29,794174
U001854,O004761,885.84,2026-01-27,818888
U001856,O004762,647.91,2026-04-03,374994
U001856,O004763,614.4,2026-05-04,374994
U001856,O004764,959.04,2026-05-23,374994
U001857,O004765,440.44,2026-06-17,788831
U001857,O004766,400.3,2026-08-06,788831
U001858,O004767,624.11,2025-12-24,732609
U001858,O004768,541.77,2025-12-26,732609
U001859,O004769,609.15,2026-05-12,125649
U001861,O004770,942.93,2025-12-17,565806
U001861,O004771,330.4,2026-04-30,565806
U001862,O004772,1142.09,2026-05-05,364500
U001862,O004773,493.01,2026-08-12,364500
U001863,O004774,415.58,2026-04-10,460934
U001863,O004775,1090.69,2026-04-19,460934
U001863,O004776,715.9,2026-04-23,460934
U001863,O004777,590.19,2026-06-15,460934
U001864,O004778,1087.61,2026-03-17,845857
U001864,O004779,709.59,2026-05-20,845857
U001865,O004780,495.82,2026-05-09,395756
U001865,O004781,1096.53,2026-05-25,395756
U001865,O004782,383.86,2026-06-14,395756
U001866,O004783,202.87,2025-12-11,428844
U001866,O004784,867.83,2025-12-23,428844
U001866,O004785,607.73,2026-07-05,428844
U001866,O004786,1038.86,2026-07-19,428844
U001867,O004787,502.62,2026-03-07,452049
U001867,O004788,460.68,2026-03-13,452049
U001867,O004789,673.54,2026-03-19,452049
U001868,O004790,922.36,2025-12-25,776497
U001869,O004791,1055.64,2026-05-02,134249
U001869,O004792,619.99,2026-05-13,134249
U001869,O004793,637.87,2026-06-15,134249
U001870,O004794,843.93,2026-07-27,416636
U001871,O004795,393.35,2026-03-02,453637
U001871,O004796,156.59,2026-03-03,453637
U001873,O004797,246.9,2026-08-22,453857
U001874,O004798,641.08,2026-01-22,766429
U001874,O004799,515.98,2026-01-28,766429
U001874,O004800,702.85,2026-02-17,766429
U001874,O004801,917.61,2026-03-03,766429
U001874,O004802,795.82,2026-06-20,766429
U001875,O004803,837.27,2025-12-05,718628
U001876,O004804,805.77,2025-10-26,288830
U001876,O004805,690.69,2025-11-22,288830
U001877,O004806,131.31,2026-08-04,450802
U001877,O004807,718.16,2026-08-10,450802
U001878,O004808,901.19,2025-11-11,667456
U001878,O004809,842.44,2025-11-16,667456
U001879,O004810,127.66,2025-09-24,489832
U001880,O004811,868.57,2026-02-23,236624
U001880,O004812,855.8,2026-02-27,236624
U001881,O004813,548.8,2026-02-03,651276
U001882,O004814,977.34,2026-06-21,566621
U001884,O004815,430.33,2025-12-27,241649
U001884,O004816,959.53,2026-01-01,241649
U001884,O004817,533.22,2026-01-13,241649
U001884,O004818,621.86,2026-03-21,241649
U001884,O004819,563.43,2026-03-28,241649
U001884,O004820,233.09,2026-03-30,241649
U001885,O004821,996.82,2026-04-13,654106
U001885,O004822,748.23,2026-05-12,654106
U001885,O004823,662.43,2026-07-31,654106
U001886,O004824,931.41,2026-08-01,546894
U001887,O004825,492.49,2025-09-22,420464
U001887,O004826,1066.9,2025-09-28,420464
U001888,O004827,228.93,2026-04-09,204613
U001888,O004828,795.9,2026-05-14,204613
U001888,O004829,900.91,2026-07-25,204613
U001889,O004830,571.96,2026-03-07,358548
U001889,O004831,1629.31,2026-07-01,358548
U001889,O004832,557.46,2026-08-03,358548
U001889,O004833,383.88,2026-08-13,358548
U001890,O004834,641.14,2025-11-03,436511
U001891,O004835,118.65,2026-04-07,477774
U001891,O004836,418.46,2026-05-13,477774
U001892,O004837,455.52,2026-03-18,666474
U001893,O004838,379.96,2026-02-27,708896
U001893,O004839,112.06,2026-03-09,708896
U001893,O004840,407.49,2026-03-10,708896
U001894,O004841,662.6,2026-04-15,773589
U001894,O004842,332.54,2026-04-25,773589
U001895,O004843,737.64,2026-08-23,471787
U001896,O004844,873.1,2026-03-09,790047
U001897,O004845,699.72,2026-06-02,516524
U001897,O004846,492.45,2026-06-30,516524
U001897,O004847,1453.43,2026-07-05,516524
U001898,O004848,738.24,2026-03-07,583414
U001898,O004849,925.39,2026-04-20,583414
U001898,O004850,922.2,2026-05-01,583414
U001898,O004851,854.15,2026-06-01,583414
U001899,O004852,580.48,2025-12-24,584674
U001899,O004853,691.43,2026-03-14,584674
U001899,O004854,707.95,2026-04-17,584674
U001901,O004855,893.11,2025-12-26,397684
U001901,O004856,798.96,2025-12-28,397684
U001902,O004857,880.76,2026-05-24,853271
U001902,O004858,677.01,2026-06-12,853271
U001902,O004859,357.54,2026-06-27,853271
U001902,O004860,708.69,2026-08-08,853271
U001903,O004861,519.01,2026-03-11,223570
U001903,O004862,303.64,2026-03-18,223570
U001903,O004863,514.07,2026-04-04,223570
U001904,O004864,1144.0,2026-07-12,726094
U001905,O004865,312.45,2026-04-12,530620
U001905,O004866,254.4,2026-06-15,530620
U001905,O004867,377.57,2026-07-06,530620
U001905,O004868,787.87,2026-08-17,530620
U001907,O004869,747.36,2025-11-10,362900
U001907,O004870,727.01,2025-12-05,362900
U001907,O004871,369.7,2025-12-27,362900
U001907,O004872,1038.19,2026-05-28,362900
U001909,O004873,924.84,2026-07-30,463322
U001910,O004874,1088.55,2026-06-08,499430
U001910,O004875,1166.53,2026-06-12,499430
U001910,O004876,1075.48,2026-07-03,499430
U001911,O004877,410.01,2025-11-05,221308
U001911,O004878,1158.19,2026-01-25,221308
U001912,O004879,553.66,2026-05-06,748753
U001912,O004880,696.66,2026-06-20,748753
U001914,O004881,548.68,2026-03-05,381922
U001914,O004882,286.81,2026-05-12,381922
U001915,O004883,185.62,2025-11-13,245129
U001916,O004884,475.64,2025-09-20,648152
U001917,O004885,723.05,2025-10-25,562964
U001918,O004886,1309.26,2026-05-16,328367
U001918,O004887,598.85,2026-06-12,328367
U001918,O004888,755.24,2026-06-30,328367
U001919,O004889,1117.49,2026-07-17,215480
U001919,O004890,362.56,2026-07-31,215480
U001921,O004891,478.67,2026-06-18,588538
U001921,O004892,289.25,2026-06-19,588538
U001921,O004893,1388.74,2026-08-12,588538
U001922,O004894,768.1,2026-02-28,512818
U001922,O004895,365.57,2026-03-22,512818
U001922,O004896,615.75,2026-08-08,512818
U001922,O004897,895.38,2026-08-26,512818
U001924,O004898,824.57,2026-03-26,567869
U001925,O004899,471.17,2026-06-29,130039
U001926,O004900,1008.09,2026-07-02,688082
U001927,O004901,1310.74,2026-02-02,745013
U001927,O004902,438.08,2026-02-19,745013
U001927,O004903,1019.15,2026-02-20,745013
U001927,O004904,586.62,2026-05-03,745013
U001927,O004905,554.97,2026-05-25,745013
U001928,O004906,838.36,2025-09-21,190585
U001929,O004907,276.26,2025-10-13,216623
U001929,O004908,497.94,2025-10-25,216623
U001929,O004909,1194.58,2025-10-30,216623
U001930,O004910,644.64,2026-07-16,571600
U001930,O004911,380.07,2026-07-27,571600
U001930,O004912,374.31,2026-07-31,571600
U001931,O004913,798.41,2026-03-10,161689
U001931,O004914,636.14,2026-05-06,161689
U001932,O004915,613.92,2025-11-29,603095
U001932,O004916,1189.84,2025-12-24,603095
U001933,O004917,461.31,2026-04-03,257040
U001934,O004918,903.62,2026-04-25,674033
U001934,O004919,49.0,2026-05-05,674033
U001934,O004920,49.0,2026-06-01,674033
U001934,O004921,348.33,2026-08-24,674033
U001935,O004922,821.23,2026-04-26,117885
U001935,O004923,615.04,2026-05-19,117885
U001936,O004924,1118.38,2026-05-13,326485
U001937,O004925,403.13,2025-10-05,674199
U001938,O004926,497.53,2026-02-22,557607
U001938,O004927,760.47,2026-03-23,557607
U001939,O004928,478.16,2026-06-15,527058
U001939,O004929,453.89,2026-06-24,527058
U001940,O004930,894.59,2026-03-28,608713
U001940,O004931,878.22,2026-05-01,608713
U001941,O004932,576.61,2026-06-16,648822
U001941,O004933,477.96,2026-06-17,648822
U001943,O004934,641.61,2026-03-22,294066
U001943,O004935,686.86,2026-04-06,294066
U001944,O004936,909.37,2026-05-26,751770
U001944,O004937,1567.92,2026-06-09,751770
U001944,O004938,164.97,2026-07-08,751770
U001944,O004939,226.94,2026-08-15,751770
U001944,O004940,1028.47,2026-08-22,751770
U001945,O004941,787.3,2025-11-27,154108
U001945,O004942,543.42,2025-12-20,154108
U001946,O004943,545.01,2026-02-13,432906
U001946,O004944,559.41,2026-02-14,432906
U001946,O004945,262.99,2026-03-20,432906
U001946,O004946,365.18,2026-05-01,432906
U001947,O004947,649.43,2025-12-06,368703
U001947,O004948,1158.54,2026-01-13,368703
U001948,O004949,1056.51,2025-10-12,275920
U001949,O004950,1087.94,2026-03-28,178345
U001949,O004951,731.13,2026-05-22,178345
U001949,O004952,284.22,2026-05-28,178345
U001950,O004953,405.57,2026-06-05,408483
U001950,O004954,359.09,2026-06-12,408483
U001950,O004955,173.78,2026-06-13,408483
U001952,O004956,440.83,2026-01-30,746649
U001952,O004957,603.82,2026-02-03,746649
U001953,O004958,620.67,2026-05-26,421715
U001953,O004959,729.99,2026-05-27,421715
U001955,O004960,310.98,2026-01-10,233852
U001955,O004961,948.59,2026-01-29,233852
U001956,O004962,377.77,2026-02-10,436849
U001956,O004963,815.89,2026-02-15,436849
U001956,O004964,848.09,2026-03-03,436849
U001957,O004965,805.26,2026-06-02,293056
U001957,O004966,866.5,2026-06-15,293056
U001958,O004967,1107.63,2026-06-20,736311
U001960,O004968,912.12,2025-11-04,697567
U001961,O004969,60.8,2025-10-21,505710
U001961,O004970,1146.09,2025-10-27,505710
U001962,O004971,1132.88,2026-08-20,401799
U001963,O004972,1220.03,2026-03-17,756475
U001963,O004973,695.63,2026-03-28,756475
U001963,O004974,138.31,2026-04-25,756475
U001964,O004975,252.5,2026-08-06,878630
U001965,O004976,339.89,2026-04-26,848342
U001965,O004977,202.41,2026-05-24,848342
U001965,O004978,490.75,2026-05-30,848342
U001965,O004979,491.26,2026-06-22,848342
U001965,O004980,416.47,2026-06-24,848342
U001966,O004981,448.16,2026-07-07,246874
U001966,O004982,402.21,2026-07-10,246874
U001967,O004983,144.79,2026-01-05,649184
U001967,O004984,1230.57,2026-02-15,649184
U001967,O004985,570.02,2026-03-01,649184
U001968,O004986,617.87,2026-06-07,463573
U001970,O004987,901.13,2026-05-07,244103
U001970,O004988,665.86,2026-05-24,244103
U001970,O004989,641.85,2026-06-23,244103
U001970,O004990,313.63,2026-06-25,244103
U001970,O004991,465.81,2026-07-18,244103
U001972,O004992,570.95,2026-05-27,756309
U001973,O004993,606.7,2026-02-21,171748
U001973,O004994,606.28,2026-03-26,171748
U001974,O004995,687.35,2026-06-30,160804
U001974,O004996,1139.7,2026-07-26,160804
U001974,O004997,790.53,2026-08-17,160804
U001975,O004998,607.05,2025-09-22,825654
U001975,O004999,458.57,2025-09-25,825654
U001975,O005000,727.6,2025-12-29,825654
U001975,O005001,153.32,2026-02-05,825654
U001975,O005002,1086.68,2026-03-11,825654
U001975,O005003,634.12,2026-03-13,825654
U001975,O005004,368.73,2026-04-25,825654
U001976,O005005,238.31,2026-01-31,641214
U001976,O005006,761.92,2026-02-27,641214
U001976,O005007,503.52,2026-04-28,641214
U001976,O005008,765.54,2026-06-05,641214
U001977,O005009,471.85,2026-07-07,352422
U001978,O005010,837.88,2026-02-04,795181
U001978,O005011,603.11,2026-02-26,795181
U001978,O005012,886.5,2026-05-13,795181
U001978,O005013,1108.74,2026-07-20,795181
U001979,O005014,559.24,2025-12-23,236213
U001979,O005015,571.65,2026-01-03,236213
U001980,O005016,922.15,2025-11-11,166739
U001980,O005017,521.51,2026-04-14,166739
U001981,O005018,288.41,2025-09-15,334834
U001982,O005019,603.69,2026-08-18,482780
U001982,O005020,386.09,2026-08-24,482780
U001983,O005021,506.76,2025-09-20,248147
U001983,O005022,218.43,2025-10-10,248147
U001984,O005023,885.05,2025-11-17,333494
U001984,O005024,715.01,2025-12-05,333494
U001984,O005025,768.68,2026-01-15,333494
U001984,O005026,729.47,2026-02-14,333494
U001985,O005027,776.15,2026-04-25,159758
U001985,O005028,433.9,2026-04-29,159758
U001985,O005029,719.8,2026-08-24,159758
U001987,O005030,385.08,2026-02-08,662783
U001987,O005031,810.68,2026-05-07,662783
U001988,O005032,757.86,2026-07-30,565926
U001989,O005033,1286.13,2026-06-16,743791
U001989,O005034,362.43,2026-07-01,743791
U001990,O005035,648.23,2026-08-26,760884
U001991,O005036,966.98,2026-07-19,236677
U001991,O005037,647.42,2026-07-28,236677
U001992,O005038,407.24,2026-01-13,473648
U001992,O005039,657.17,2026-01-31,473648
U001992,O005040,49.0,2026-02-10,473648
U001993,O005041,1106.6,2026-01-13,368723
U001993,O005042,772.86,2026-01-15,368723
U001993,O005043,771.09,2026-04-22,368723
U001996,O005044,738.74,2025-09-13,871364
U001997,O005045,567.06,2026-05-07,645704
U001997,O005046,592.86,2026-05-27,645704
U001997,O005047,241.94,2026-06-04,645704
U001997,O005048,1100.72,2026-06-10,645704
U001998,O005049,1137.1,2026-06-08,433903
U001998,O005050,449.15,2026-06-30,433903
U001998,O005051,95.25,2026-07-07,433903
U001998,O005052,813.77,2026-07-29,433903
U001999,O005053,120.37,2026-02-10,772076
U001999,O005054,964.74,2026-02-27,772076
U001999,O005055,961.36,2026-06-17,772076
U001999,O005056,977.57,2026-08-04,772076
U002000,O005057,1139.29,2025-10-06,838588
U002001,O005058,582.05,2025-12-05,414162
U002001,O005059,586.28,2025-12-28,414162
U002001,O005060,758.26,2026-01-18,414162
U002001,O005061,254.12,2026-02-05,414162
U002002,O005062,443.36,2025-12-30,178348
U002002,O005063,355.3,2026-01-04,178348
U002002,O005064,553.02,2026-01-07,178348
U002002,O005065,685.61,2026-01-19,178348
U002002,O005066,238.57,2026-03-01,178348
U002003,O005067,837.33,2026-04-19,312015
U002004,O005068,712.66,2026-04-08,382204
U002004,O005069,594.59,2026-05-24,382204
U002004,O005070,593.93,2026-06-22,382204
U002004,O005071,958.42,2026-08-09,382204
U002005,O005072,597.61,2026-03-22,657364
U002005,O005073,468.55,2026-04-07,657364
U002007,O005074,609.6,2025-10-12,206155
U002007,O005075,936.9,2025-11-23,206155
U002007,O005076,870.48,2025-12-03,206155
U002007,O005077,576.03,2025-12-31,206155
U002007,O005078,79.36,2026-01-06,206155
U002007,O005079,1634.06,2026-01-21,206155
U002008,O005080,771.38,2025-11-21,875559
U002008,O005081,883.74,2026-01-21,875559
U002009,O005082,496.13,2026-05-17,638377
U002009,O005083,354.18,2026-06-06,638377
U002009,O005084,267.19,2026-06-10,638377
U002009,O005085,706.62,2026-06-30,638377
U002009,O005086,949.94,2026-07-22,638377
U002010,O005087,79.8,2025-11-08,153412
U002010,O005088,797.03,2025-12-17,153412
U002011,O005089,506.81,2026-07-01,451679
U002011,O005090,518.64,2026-07-16,451679
U002012,O005091,389.17,2025-11-24,326541
U002012,O005092,534.49,2025-12-14,326541
U002013,O005093,732.12,2026-02-08,102913
U002016,O005094,49.0,2026-02-07,665624
U002016,O005095,382.66,2026-02-13,665624
U002017,O005096,337.69,2026-02-11,359406
U002017,O005097,508.34,2026-03-03,359406
U002017,O005098,542.09,2026-03-06,359406
U002018,O005099,489.99,2026-01-06,698214
U002018,O005100,822.22,2026-03-24,698214
U002018,O005101,777.61,2026-03-31,698214
U002018,O005102,114.95,2026-05-08,698214
U002019,O005103,694.65,2026-02-23,535226
U002019,O005104,477.73,2026-03-27,535226
U002020,O005105,1094.81,2026-03-29,335417
U002021,O005106,629.76,2026-03-14,788666
U002021,O005107,766.79,2026-03-21,788666
U002021,O005108,527.07,2026-03-26,788666
U002021,O005109,1460.63,2026-03-28,788666
U002022,O005110,504.62,2026-05-10,553890
U002022,O005111,493.64,2026-05-24,553890
U002022,O005112,1052.69,2026-06-07,553890
U002023,O005113,329.12,2025-12-06,821389
U002023,O005114,352.58,2026-02-10,821389
U002023,O005115,377.01,2026-05-20,821389
U002024,O005116,1039.81,2026-01-07,146275
U002024,O005117,665.39,2026-01-14,146275
U002025,O005118,1007.13,2026-06-26,625294
U002026,O005119,339.87,2026-03-22,405127
U002026,O005120,616.52,2026-07-15,405127
U002027,O005121,173.46,2026-07-11,181072
U002027,O005122,671.53,2026-08-05,181072
U002029,O005123,858.91,2026-08-12,582319
U002030,O005124,1303.32,2026-01-07,294180
U002030,O005125,475.78,2026-01-21,294180
U002030,O005126,989.05,2026-02-04,294180
U002030,O005127,932.19,2026-03-08,294180
U002030,O005128,49.0,2026-07-06,294180
U002030,O005129,49.0,2026-08-07,294180
U002031,O005130,181.05,2026-05-21,670398
U002031,O005131,464.19,2026-05-29,670398
U002031,O005132,384.33,2026-06-03,670398
U002032,O005133,988.5,2026-04-23,128893
U002033,O005134,1076.39,2025-10-16,838907
U002033,O005135,372.28,2025-11-03,838907
U002033,O005136,1101.99,2025-11-04,838907
U002033,O005137,559.85,2025-11-28,838907
U002035,O005138,748.18,2026-05-15,568173
U002035,O005139,568.95,2026-07-19,568173
U002035,O005140,235.81,2026-08-20,568173
U002036,O005141,660.82,2025-10-15,383309
U002036,O005142,852.51,2025-11-22,383309
U002038,O005143,1016.63,2026-05-28,790787
U002038,O005144,723.83,2026-06-04,790787
U002039,O005145,283.36,2026-08-16,173299
U002040,O005146,973.69,2026-05-11,539532
U002040,O005147,626.52,2026-06-01,539532
U002040,O005148,49.0,2026-07-08,539532
U002040,O005149,753.86,2026-07-25,539532
U002041,O005150,227.62,2026-06-29,292765
U002042,O005151,773.16,2025-11-26,695890
U002042,O005152,253.01,2026-02-15,695890
U002042,O005153,680.78,2026-03-03,695890
U002043,O005154,409.83,2025-12-23,851923
U002043,O005155,875.54,2026-01-07,851923
U002044,O005156,691.79,2026-08-13,778522
U002045,O005157,376.61,2026-01-28,227573
U002045,O005158,466.09,2026-01-30,227573
U002045,O005159,764.62,2026-02-11,227573
U002045,O005160,845.23,2026-02-20,227573
U002046,O005161,696.6,2026-03-31,641870
U002046,O005162,659.35,2026-05-12,641870
U002047,O005163,867.87,2025-11-10,707410
U002048,O005164,1117.91,2026-03-13,480557
U002048,O005165,825.34,2026-03-28,480557
U002049,O005166,262.04,2025-12-06,631360
U002050,O005167,380.92,2026-02-24,163990
U002051,O005168,605.17,2025-12-04,811223
U002051,O005169,670.06,2025-12-17,811223
U002051,O005170,1030.94,2026-01-04,811223
U002051,O005171,988.89,2026-01-18,811223
U002052,O005172,1335.43,2026-02-24,827493
U002053,O005173,1255.85,2026-08-04,586561
U002053,O005174,815.01,2026-08-21,586561
U002054,O005175,464.13,2025-12-19,200605
U002054,O005176,1035.44,2026-01-01,200605
U002054,O005177,369.12,2026-01-10,200605
U002054,O005178,1109.43,2026-02-01,200605
U002055,O005179,923.97,2026-03-03,874402
U002055,O005180,353.36,2026-03-05,874402
U002055,O005181,775.21,2026-03-18,874402
U002055,O005182,816.79,2026-04-10,874402
U002056,O005183,858.64,2026-02-25,690844
U002056,O005184,49.0,2026-03-27,690844
U002056,O005185,388.98,2026-05-06,690844
U002056,O005186,704.93,2026-07-13,690844
U002057,O005187,813.65,2026-07-07,758759
U002057,O005188,520.81,2026-08-07,758759
U002057,O005189,915.66,2026-08-11,758759
U002058,O005190,953.52,2026-03-25,119648
U002058,O005191,506.87,2026-06-09,119648
U002058,O005192,675.08,2026-06-15,119648
U002058,O005193,379.06,2026-07-15,119648
U002059,O005194,681.37,2025-10-15,460286
U002059,O005195,194.74,2025-12-13,460286
U002060,O005196,630.75,2025-09-29,567857
U002060,O005197,49.0,2025-11-25,567857
U002060,O005198,768.57,2026-01-02,567857
U002061,O005199,627.93,2026-07-08,268579
U002061,O005200,816.78,2026-08-20,268579
U002062,O005201,875.86,2026-01-01,565083
U002063,O005202,49.0,2026-08-02,559545
U002064,O005203,452.65,2026-04-13,310344
U002064,O005204,492.67,2026-05-02,310344
U002065,O005205,1011.59,2026-05-01,661488
U002065,O005206,844.35,2026-05-08,661488
U002066,O005207,495.72,2025-10-30,142072
U002068,O005208,379.82,2026-05-30,696732
U002068,O005209,415.99,2026-07-24,696732
U002068,O005210,730.39,2026-08-04,696732
U002068,O005211,478.98,2026-08-05,696732
U002069,O005212,900.92,2026-08-12,358572
U002069,O005213,545.59,2026-08-16,358572
U002071,O005214,808.02,2025-09-12,275926
U002071,O005215,1294.98,2025-10-06,275926
U002073,O005216,505.81,2025-11-16,832767
U002073,O005217,1258.49,2026-01-26,832767
U002075,O005218,639.91,2026-05-23,419786
U002076,O005219,689.11,2026-05-05,152512
U002076,O005220,730.39,2026-06-14,152512
U002076,O005221,443.34,2026-08-16,152512
U002078,O005222,1016.74,2026-03-29,693363
U002079,O005223,962.11,2025-12-08,860344
U002079,O005224,781.96,2025-12-21,860344
U002079,O005225,176.24,2026-01-30,860344
U002080,O005226,975.29,2026-07-03,392508
U002080,O005227,1119.03,2026-07-19,392508
U002081,O005228,1428.11,2025-11-05,342293
U002081,O005229,1263.06,2025-12-03,342293
U002081,O005230,298.11,2025-12-27,342293
U002081,O005231,881.18,2026-01-10,342293
U002082,O005232,648.54,2026-02-14,730800
U002082,O005233,1081.29,2026-02-22,730800
U002083,O005234,561.4,2026-04-19,668740
U002083,O005235,706.95,2026-04-22,668740
U002083,O005236,1036.0,2026-05-14,668740
U002084,O005237,555.36,2025-12-12,445322
U002085,O005238,773.81,2026-07-02,190130
U002086,O005239,601.4,2025-12-16,302031
U002086,O005240,1268.87,2026-02-13,302031
U002086,O005241,471.72,2026-03-21,302031
U002087,O005242,547.4,2026-05-01,874819
U002088,O005243,201.94,2026-05-25,534745
U002089,O005244,665.57,2025-11-19,385408
U002090,O005245,614.33,2025-12-25,623701
U002091,O005246,973.29,2026-06-29,361815
U002092,O005247,1000.66,2025-10-06,435937
U002092,O005248,937.31,2026-02-15,435937
U002093,O005249,781.04,2026-04-22,311049
U002093,O005250,705.65,2026-05-14,311049
U002093,O005251,627.29,2026-05-29,311049
U002094,O005252,806.06,2026-05-29,763130
U002094,O005253,728.9,2026-08-19,763130
U002095,O005254,1121.49,2025-12-17,795490
U002095,O005255,356.77,2026-02-24,795490
U002096,O005256,166.45,2025-12-05,890179
U002096,O005257,728.23,2026-01-05,890179
U002096,O005258,755.85,2026-03-01,890179
U002097,O005259,449.43,2026-03-02,558283
U002097,O005260,186.87,2026-04-02,558283
U002097,O005261,393.62,2026-04-25,558283
U002097,O005262,1059.2,2026-05-21,558283
U002098,O005263,677.08,2025-12-08,112163
U002098,O005264,396.35,2025-12-28,112163
U002098,O005265,366.51,2026-03-05,112163
U002098,O005266,659.3,2026-04-28,112163
U002098,O005267,973.63,2026-05-13,112163
U002099,O005268,1031.18,2026-03-20,535518
U002099,O005269,826.58,2026-04-02,535518
U002100,O005270,446.54,2026-06-26,264991
U002101,O005271,939.95,2026-02-05,218796
U002101,O005272,134.85,2026-03-21,218796
U002101,O005273,849.1,2026-07-24,218796
U002102,O005274,368.76,2026-06-02,860332
U002102,O005275,981.67,2026-06-07,860332
U002102,O005276,564.12,2026-07-23,860332
U002102,O005277,753.05,2026-08-25,860332
U002103,O005278,382.48,2026-04-14,854812
U002103,O005279,319.26,2026-05-13,854812
U002103,O005280,865.82,2026-06-20,854812
U002104,O005281,276.78,2026-06-27,425371
U002105,O005282,564.66,2025-10-07,320311
U002105,O005283,854.97,2025-10-20,320311
U002106,O005284,558.43,2025-11-16,650759
U002107,O005285,558.41,2026-04-26,230695
U002107,O005286,454.78,2026-05-01,230695
U002107,O005287,420.3,2026-05-15,230695
U002108,O005288,920.15,2025-10-05,275683
U002108,O005289,538.96,2025-11-08,275683
U002109,O005290,534.73,2025-11-17,877513
U002109,O005291,611.12,2026-01-18,877513
U002109,O005292,49.0,2026-02-06,877513
U002111,O005293,731.24,2026-05-17,260224
U002111,O005294,800.47,2026-08-20,260224
U002112,O005295,691.16,2025-11-19,155230
U002112,O005296,817.17,2025-11-26,155230
U002112,O005297,593.9,2026-03-23,155230
U002113,O005298,563.75,2026-01-14,299751
U002113,O005299,713.3,2026-03-29,299751
U002114,O005300,691.48,2026-08-05,888473
U002116,O005301,883.08,2026-08-20,215336
U002117,O005302,1064.23,2026-08-08,891506
U002118,O005303,539.93,2026-03-27,195811
U002118,O005304,679.18,2026-03-31,195811
U002119,O005305,650.6,2026-05-17,158714
U002119,O005306,537.55,2026-05-24,158714
U002119,O005307,443.35,2026-07-23,158714
U002119,O005308,254.58,2026-07-26,158714
U002120,O005309,290.74,2026-05-24,720520
U002120,O005310,891.56,2026-07-21,720520
U002121,O005311,895.09,2026-07-26,106977
U002122,O005312,317.11,2025-12-28,307216
U002122,O005313,803.8,2026-01-01,307216
U002123,O005314,635.25,2026-07-09,258129
U002124,O005315,920.19,2026-05-15,423391
U002124,O005316,324.38,2026-05-31,423391
U002124,O005317,780.92,2026-08-01,423391
U002125,O005318,271.01,2026-02-08,370417
U002125,O005319,969.62,2026-02-11,370417
U002126,O005320,1132.11,2026-01-08,761033
U002126,O005321,506.75,2026-01-22,761033
U002126,O005322,225.85,2026-02-11,761033
U002127,O005323,653.12,2025-11-28,737146
U002127,O005324,851.29,2026-01-03,737146
U002128,O005325,637.29,2026-05-14,826527
U002129,O005326,1011.27,2026-07-22,602975
U002130,O005327,596.57,2025-10-18,120318
U002130,O005328,835.81,2026-01-11,120318
U002130,O005329,735.53,2026-02-01,120318
U002130,O005330,662.2,2026-04-15,120318
U002130,O005331,781.23,2026-04-24,120318
U002131,O005332,1392.23,2026-01-27,154794
U002131,O005333,234.35,2026-02-18,154794
U002131,O005334,685.96,2026-02-23,154794
U002132,O005335,1038.97,2025-11-15,417236
U002133,O005336,152.32,2025-11-03,767475
U002133,O005337,581.01,2025-11-04,767475
U002133,O005338,373.05,2025-12-09,767475
U002133,O005339,948.16,2026-02-06,767475
U002133,O005340,483.89,2026-03-23,767475
U002134,O005341,617.01,2026-03-29,590985
U002134,O005342,285.73,2026-04-21,590985
U002134,O005343,551.39,2026-05-28,590985
U002135,O005344,445.31,2026-07-29,556756
U002136,O005345,687.43,2026-02-19,546654
U002136,O005346,738.01,2026-04-03,546654
U002136,O005347,561.05,2026-05-03,546654
U002136,O005348,881.41,2026-05-06,546654
U002138,O005349,263.47,2025-10-04,746347
U002139,O005350,433.88,2025-11-09,536292
U002139,O005351,580.88,2025-11-19,536292
U002139,O005352,656.97,2026-01-04,536292
U002139,O005353,49.0,2026-02-23,536292
U002139,O005354,562.77,2026-04-17,536292
U002139,O005355,363.16,2026-06-15,536292
U002139,O005356,569.17,2026-06-17,536292
U002140,O005357,876.14,2026-05-16,836175
U002140,O005358,909.96,2026-05-20,836175
U002140,O005359,510.92,2026-05-24,836175
U002140,O005360,317.29,2026-05-30,836175
U002141,O005361,1118.67,2026-01-08,852549
U002141,O005362,768.85,2026-02-11,852549
U002141,O005363,669.31,2026-05-18,852549
U002142,O005364,145.33,2026-04-01,312972
U002142,O005365,179.46,2026-04-03,312972
U002142,O005366,692.13,2026-04-26,312972
U002142,O005367,833.08,2026-07-02,312972
U002144,O005368,1028.04,2026-02-20,175095
U002144,O005369,524.08,2026-03-04,175095
U002145,O005370,657.16,2025-09-06,736157
U002145,O005371,394.34,2025-10-05,736157
U002146,O005372,1060.75,2026-04-12,300552
U002146,O005373,800.87,2026-04-18,300552
U002147,O005374,890.34,2025-10-10,351039
U002148,O005375,472.03,2026-06-20,664946
U002148,O005376,400.97,2026-06-22,664946
U002148,O005377,1321.62,2026-07-01,664946
U002151,O005378,422.06,2026-03-23,878979
U002151,O005379,53.97,2026-06-02,878979
U002152,O005380,741.18,2026-07-20,590653
U002153,O005381,1127.69,2026-06-02,206092
U002153,O005382,651.31,2026-08-13,206092
U002153,O005383,809.56,2026-08-15,206092
U002154,O005384,933.13,2026-02-24,352026
U002155,O005385,673.89,2026-05-23,544572
U002155,O005386,351.84,2026-07-07,544572
U002156,O005387,739.51,2026-07-30,234791
U002157,O005388,791.29,2026-07-04,277810
U002157,O005389,276.8,2026-08-18,277810
U002157,O005390,969.35,2026-08-21,277810
U002159,O005391,851.97,2026-02-24,386218
U002159,O005392,890.3,2026-03-03,386218
U002159,O005393,959.67,2026-04-01,386218
U002159,O005394,990.86,2026-06-07,386218
U002159,O005395,956.64,2026-08-01,386218
U002160,O005396,169.21,2026-08-22,568888
U002161,O005397,866.5,2026-08-24,324027
U002162,O005398,940.91,2025-10-25,353146
U002164,O005399,796.38,2026-06-14,597354
U002165,O005400,537.69,2026-04-16,774696
U002166,O005401,460.33,2026-08-11,605885
U002166,O005402,305.44,2026-08-15,605885
U002167,O005403,463.46,2025-10-10,419840
U002167,O005404,410.81,2025-10-18,419840
U002167,O005405,552.38,2025-11-30,419840
U002168,O005406,576.08,2026-03-07,746457
U002168,O005407,836.55,2026-03-28,746457
U002169,O005408,662.72,2025-12-19,355816
U002169,O005409,803.74,2025-12-21,355816
U002169,O005410,151.95,2026-02-24,355816
U002169,O005411,707.57,2026-04-08,355816
U002171,O005412,732.96,2026-04-28,279797
U002171,O005413,331.63,2026-07-19,279797
U002171,O005414,213.19,2026-08-01,279797
U002172,O005415,620.09,2026-04-01,199844
U002172,O005416,715.14,2026-05-24,199844
U002172,O005417,398.84,2026-05-26,199844
U002174,O005418,660.44,2026-01-13,196422
U002175,O005419,1125.62,2026-08-25,172363
U002176,O005420,470.96,2026-05-03,421699
U002176,O005421,656.92,2026-05-26,421699
U002176,O005422,1150.56,2026-07-02,421699
U002177,O005423,659.3,2026-01-03,897062
U002178,O005424,567.42,2025-12-29,364743
U002179,O005425,721.53,2026-01-04,887840
U002179,O005426,509.12,2026-01-30,887840
U002179,O005427,625.69,2026-03-17,887840
U002180,O005428,489.21,2025-12-02,575713
U002180,O005429,439.1,2026-01-13,575713
U002180,O005430,935.14,2026-02-06,575713
U002180,O005431,449.8,2026-02-24,575713
U002181,O005432,451.05,2026-02-16,500864
U002181,O005433,136.35,2026-02-19,500864
U002182,O005434,638.95,2026-03-31,207852
U002182,O005435,738.36,2026-05-05,207852
U002182,O005436,153.91,2026-05-07,207852
U002182,O005437,254.56,2026-06-01,207852
U002183,O005438,981.74,2026-05-27,898760
U002183,O005439,990.76,2026-05-29,898760
U002183,O005440,850.66,2026-05-31,898760
U002184,O005441,1380.94,2026-02-13,315154
U002184,O005442,975.33,2026-03-15,315154
U002185,O005443,1554.15,2026-01-19,160669
U002185,O005444,490.26,2026-02-18,160669
U002185,O005445,748.46,2026-03-01,160669
U002185,O005446,520.16,2026-03-04,160669
U002186,O005447,556.75,2026-04-11,175774
U002186,O005448,759.08,2026-06-02,175774
U002186,O005449,631.14,2026-06-08,175774
U002187,O005450,615.53,2026-02-10,295608
U002187,O005451,699.69,2026-02-15,295608
U002190,O005452,949.18,2026-06-08,638085
U002190,O005453,666.63,2026-07-15,638085
U002192,O005454,991.82,2026-02-24,565611
U002193,O005455,318.36,2025-10-31,850876
U002193,O005456,1129.34,2026-06-06,850876
U002194,O005457,731.25,2026-05-25,891770
U002194,O005458,659.05,2026-07-23,891770
U002194,O005459,534.26,2026-07-31,891770
U002195,O005460,264.14,2025-10-10,179993
U002196,O005461,431.93,2026-07-22,440674
U002197,O005462,444.89,2026-01-17,207186
U002197,O005463,555.52,2026-02-03,207186
U002197,O005464,787.3,2026-02-21,207186
U002197,O005465,570.41,2026-03-02,207186
U002197,O005466,473.01,2026-04-11,207186
U002198,O005467,938.17,2026-04-03,350911
U002198,O005468,1087.26,2026-07-10,350911
U002199,O005469,1049.83,2026-05-02,588106
U002199,O005470,247.47,2026-05-10,588106
U002199,O005471,49.0,2026-06-04,588106
U002199,O005472,49.0,2026-06-20,588106
U002199,O005473,319.2,2026-08-11,588106
U002200,O005474,912.36,2026-07-26,745697
U002200,O005475,714.54,2026-08-03,745697
U002201,O005476,461.16,2026-03-04,327359
U002202,O005477,709.63,2026-08-08,517015
U002202,O005478,520.75,2026-08-14,517015
U002202,O005479,1000.88,2026-08-22,517015
U002203,O005480,695.61,2026-02-25,761484
U002203,O005481,509.4,2026-03-20,761484
U002204,O005482,1102.0,2025-12-16,635013
U002205,O005483,748.54,2026-05-08,283428
U002206,O005484,407.26,2026-08-24,324396
U002208,O005485,803.79,2025-12-12,490689
U002208,O005486,636.37,2026-01-31,490689
U002209,O005487,961.91,2026-01-22,354074
U002209,O005488,892.42,2026-02-07,354074
U002209,O005489,852.41,2026-05-27,354074
U002210,O005490,1651.64,2025-11-07,591773
U002210,O005491,232.81,2025-11-18,591773
U002210,O005492,304.55,2025-12-20,591773
U002210,O005493,305.45,2026-02-17,591773
U002211,O005494,659.32,2026-05-11,512929
U002211,O005495,613.83,2026-05-24,512929
U002213,O005496,175.53,2026-02-28,714425
U002213,O005497,832.29,2026-03-03,714425
U002213,O005498,674.28,2026-03-14,714425
U002214,O005499,384.92,2026-05-26,363926
U002214,O005500,773.9,2026-06-24,363926
U002215,O005501,662.29,2026-08-03,430821
U002215,O005502,1245.41,2026-08-16,430821
U002216,O005503,881.61,2026-05-27,629262
U002216,O005504,1025.21,2026-06-24,629262
U002216,O005505,617.97,2026-07-30,629262
U002217,O005506,284.77,2026-07-22,282824
U002217,O005507,583.18,2026-07-28,282824
U002217,O005508,472.5,2026-07-30,282824
U002218,O005509,1249.74,2026-02-22,757226
U002218,O005510,694.33,2026-03-14,757226
U002220,O005511,886.18,2026-07-07,396563
U002223,O005512,501.34,2025-11-19,319747
U002223,O005513,320.64,2025-12-20,319747
U002224,O005514,618.04,2026-01-12,807530
U002224,O005515,804.03,2026-01-27,807530
U002224,O005516,905.96,2026-01-29,807530
U002225,O005517,865.56,2025-09-18,456408
U002225,O005518,563.49,2025-10-10,456408
U002228,O005519,1024.56,2025-10-03,542485
U002228,O005520,325.39,2025-10-08,542485
U002228,O005521,766.87,2025-11-23,542485
U002228,O005522,913.57,2025-12-08,542485
U002229,O005523,621.45,2026-05-31,300410
U002229,O005524,649.93,2026-06-09,300410
U002229,O005525,1128.59,2026-07-03,300410
U002230,O005526,594.65,2026-01-07,450946
U002230,O005527,411.49,2026-03-20,450946
U002232,O005528,647.98,2026-07-12,499424
U002232,O005529,924.92,2026-08-20,499424
U002233,O005530,1180.78,2026-06-30,838522
U002233,O005531,454.84,2026-07-27,838522
U002234,O005532,587.76,2025-12-11,244044
U002234,O005533,934.39,2026-01-20,244044
U002234,O005534,49.0,2026-02-05,244044
U002234,O005535,924.68,2026-02-27,244044
U002235,O005536,895.88,2025-10-09,623717
U002235,O005537,699.64,2025-11-07,623717
U002235,O005538,624.46,2025-11-15,623717
U002236,O005539,875.49,2026-02-15,143172
U002237,O005540,622.42,2025-10-26,736479
U002238,O005541,989.26,2026-01-20,329826
U002238,O005542,488.96,2026-02-16,329826
U002239,O005543,952.49,2025-12-14,452664
U002239,O005544,1014.65,2026-03-15,452664
U002240,O005545,213.5,2026-02-18,603398
U002240,O005546,460.04,2026-05-24,603398
U002240,O005547,49.0,2026-05-25,603398
U002241,O005548,207.99,2025-10-22,895021
U002241,O005549,466.38,2025-11-02,895021
U002241,O005550,807.49,2025-11-17,895021
U002241,O005551,1264.11,2025-12-24,895021
U002243,O005552,49.0,2025-11-06,447291
U002243,O005553,550.3,2025-11-17,447291
U002244,O005554,791.38,2026-02-01,702689
U002244,O005555,531.16,2026-02-10,702689
U002245,O005556,882.77,2026-06-17,294975
U002245,O005557,692.57,2026-08-23,294975
U002246,O005558,49.0,2025-10-17,366287
U002247,O005559,455.97,2026-06-29,437042
U002247,O005560,416.46,2026-07-20,437042
U002248,O005561,834.38,2026-07-23,799753
U002248,O005562,1096.38,2026-07-29,799753
U002250,O005563,803.0,2025-12-15,241164
U002250,O005564,670.88,2026-01-18,241164
U002250,O005565,1220.68,2026-02-18,241164
U002251,O005566,802.85,2025-09-21,721004
U002252,O005567,650.51,2026-08-05,411167
U002253,O005568,608.13,2026-07-13,103378
U002253,O005569,441.67,2026-07-30,103378
U002253,O005570,933.49,2026-08-12,103378
U002253,O005571,760.99,2026-08-21,103378
U002254,O005572,688.03,2026-02-17,611865
U002254,O005573,318.8,2026-04-11,611865
U002255,O005574,422.54,2026-06-04,732502
U002255,O005575,429.63,2026-06-16,732502
U002255,O005576,849.66,2026-06-23,732502
U002255,O005577,552.28,2026-07-28,732502
U002255,O005578,439.16,2026-08-17,732502
U002256,O005579,712.68,2026-04-01,111302
U002256,O005580,414.9,2026-04-07,111302
U002256,O005581,534.02,2026-08-12,111302
U002256,O005582,49.0,2026-08-14,111302
U002257,O005583,312.45,2026-02-02,883202
U002257,O005584,657.58,2026-03-02,883202
U002257,O005585,694.45,2026-03-18,883202
U002257,O005586,902.37,2026-03-26,883202
U002258,O005587,1228.93,2026-08-01,574662
U002259,O005588,512.5,2025-10-18,818851
U002259,O005589,262.39,2026-02-07,818851
U002260,O005590,974.57,2025-09-29,105032
U002260,O005591,1183.36,2025-10-14,105032
U002260,O005592,729.88,2025-11-07,105032
U002261,O005593,1414.54,2026-03-30,511769
U002262,O005594,629.72,2026-06-11,425410
U002262,O005595,148.87,2026-07-27,425410
U002263,O005596,251.03,2026-02-24,550651
U002263,O005597,436.04,2026-04-29,550651
U002263,O005598,571.96,2026-05-21,550651
U002263,O005599,409.0,2026-06-06,550651
U002264,O005600,737.04,2025-09-15,396946
U002264,O005601,1054.3,2025-09-22,396946
U002265,O005602,525.34,2026-05-23,353329
U002265,O005603,787.39,2026-06-02,353329
U002266,O005604,434.73,2026-08-21,319466
U002268,O005605,50.78,2026-05-02,124660
U002268,O005606,1063.05,2026-05-17,124660
U002268,O005607,1336.56,2026-06-19,124660
U002269,O005608,458.8,2025-11-02,892448
U002269,O005609,224.1,2026-02-06,892448
U002269,O005610,764.94,2026-02-07,892448
U002271,O005611,447.22,2025-11-02,764591
U002271,O005612,555.02,2025-11-29,764591
U002271,O005613,602.26,2025-12-29,764591
U002272,O005614,386.96,2026-05-20,480847
U002272,O005615,711.3,2026-07-17,480847
U002273,O005616,526.1,2025-11-04,618813
U002274,O005617,141.6,2026-03-06,774941
U002274,O005618,463.46,2026-03-08,774941
U002275,O005619,617.08,2026-02-03,128634
U002275,O005620,664.96,2026-02-09,128634
U002275,O005621,331.48,2026-04-22,128634
U002275,O005622,383.23,2026-04-27,128634
U002277,O005623,632.17,2026-06-11,698226
U002277,O005624,58.36,2026-08-15,698226
U002278,O005625,480.72,2026-03-08,833296
U002278,O005626,310.21,2026-03-20,833296
U002279,O005627,670.0,2026-03-23,841036
U002280,O005628,982.9,2026-07-13,645170
U002280,O005629,895.75,2026-08-07,645170
U002281,O005630,783.84,2026-01-03,190481
U002281,O005631,307.93,2026-01-10,190481
U002281,O005632,682.57,2026-03-20,190481
U002283,O005633,650.09,2026-05-29,289021
U002283,O005634,799.92,2026-06-18,289021
U002284,O005635,717.96,2026-01-26,863171
U002284,O005636,690.26,2026-02-01,863171
U002284,O005637,1322.27,2026-02-05,863171
U002285,O005638,618.52,2026-04-09,396557
U002285,O005639,734.29,2026-05-06,396557
U002287,O005640,585.31,2026-08-15,548246
U002288,O005641,608.39,2026-05-19,108720
U002289,O005642,877.37,2026-04-03,242833
U002290,O005643,501.58,2025-10-18,190496
U002290,O005644,617.54,2025-10-21,190496
U002290,O005645,743.06,2025-10-26,190496
U002291,O005646,1194.54,2026-02-04,547478
U002291,O005647,1236.76,2026-04-03,547478
U002291,O005648,745.14,2026-04-08,547478
U002292,O005649,259.09,2026-03-26,256329
U002292,O005650,901.7,2026-03-31,256329
U002292,O005651,783.37,2026-05-30,256329
U002293,O005652,525.46,2026-06-17,681833
U002293,O005653,980.62,2026-06-29,681833
U002294,O005654,727.99,2026-08-14,344089
U002294,O005655,500.57,2026-08-16,344089
U002295,O005656,385.35,2026-08-05,558160
U002296,O005657,624.63,2025-12-16,218618
U002296,O005658,704.53,2025-12-24,218618
U002296,O005659,734.5,2026-04-03,218618
U002297,O005660,854.66,2026-05-14,705548
U002297,O005661,283.25,2026-07-13,705548
U002299,O005662,860.31,2026-07-26,479943
U002299,O005663,493.19,2026-07-31,479943
U002300,O005664,813.49,2026-02-20,791154
U002301,O005665,567.77,2026-05-06,417309
U002301,O005666,667.34,2026-06-19,417309
U002302,O005667,135.9,2026-08-04,844301
U002303,O005668,932.85,2026-01-09,190312
U002303,O005669,1051.75,2026-01-21,190312
U002303,O005670,154.99,2026-02-19,190312
U002304,O005671,505.68,2026-04-25,558042
U002305,O005672,584.25,2026-03-25,158225
U002305,O005673,428.73,2026-04-01,158225
U002305,O005674,974.93,2026-04-04,158225
U002306,O005675,430.03,2026-08-16,530786
U002307,O005676,612.47,2025-11-29,273037
U002307,O005677,245.71,2026-01-17,273037
U002309,O005678,465.43,2026-05-20,636111
U002309,O005679,904.85,2026-05-30,636111
U002309,O005680,349.96,2026-05-31,636111
U002309,O005681,605.72,2026-06-04,636111
U002311,O005682,1015.82,2026-02-02,498755
U002312,O005683,539.36,2026-02-14,139326
U002312,O005684,1012.96,2026-04-19,139326
U002312,O005685,49.0,2026-04-21,139326
U002312,O005686,556.12,2026-05-08,139326
U002312,O005687,736.04,2026-05-17,139326
U002313,O005688,437.78,2026-06-26,216097
U002315,O005689,836.47,2026-07-19,153069
U002316,O005690,439.26,2026-06-30,398516
U002316,O005691,49.0,2026-07-04,398516
U002317,O005692,479.13,2025-10-10,255683
U002317,O005693,358.54,2025-11-10,255683
U002318,O005694,245.57,2026-04-02,425872
U002318,O005695,703.44,2026-06-06,425872
U002320,O005696,961.41,2026-06-14,786556
U002320,O005697,636.46,2026-06-18,786556
U002320,O005698,549.08,2026-07-31,786556
U002321,O005699,619.75,2026-01-20,718138
U002322,O005700,786.5,2026-03-14,428588
U002322,O005701,966.85,2026-03-23,428588
U002323,O005702,477.79,2025-12-02,343394
U002323,O005703,890.05,2025-12-15,343394
U002324,O005704,495.71,2025-12-01,783282
U002324,O005705,993.72,2025-12-23,783282
U002324,O005706,809.27,2025-12-27,783282
U002325,O005707,714.08,2026-02-03,233680
U002325,O005708,955.69,2026-05-12,233680
U002326,O005709,805.24,2026-04-25,655413
U002326,O005710,824.92,2026-05-01,655413
U002327,O005711,753.6,2025-11-28,522509
U002327,O005712,576.58,2025-12-09,522509
U002327,O005713,310.96,2025-12-27,522509
U002327,O005714,523.57,2026-01-20,522509
U002328,O005715,586.69,2026-02-05,118103
U002328,O005716,573.85,2026-02-16,118103
U002329,O005717,655.52,2026-05-26,589909
U002329,O005718,589.92,2026-06-06,589909
U002330,O005719,438.52,2026-05-14,852796
U002330,O005720,665.38,2026-05-27,852796
U002332,O005721,602.92,2025-10-08,241674
U002333,O005722,336.38,2026-05-30,206504
U002333,O005723,238.31,2026-07-21,206504
U002334,O005724,364.2,2026-04-09,795306
U002334,O005725,1382.09,2026-04-11,795306
U002334,O005726,947.99,2026-04-15,795306
U002334,O005727,510.14,2026-05-12,795306
U002334,O005728,723.29,2026-06-11,795306
U002335,O005729,800.33,2025-11-21,648933
U002335,O005730,1118.9,2025-12-11,648933
U002335,O005731,765.6,2026-02-14,648933
U002335,O005732,695.42,2026-02-16,648933
U002335,O005733,908.61,2026-03-10,648933
U002336,O005734,957.84,2025-11-15,741705
U002336,O005735,1164.92,2025-12-01,741705
U002336,O005736,196.9,2025-12-10,741705
U002336,O005737,141.04,2026-01-10,741705
U002336,O005738,1083.81,2026-03-01,741705
U002338,O005739,535.88,2026-01-01,376239
U002339,O005740,486.38,2026-02-25,353976
U002340,O005741,992.03,2026-04-21,540813
U002340,O005742,232.06,2026-05-07,540813
U002340,O005743,722.11,2026-08-14,540813
U002340,O005744,673.02,2026-08-18,540813
U002342,O005745,317.13,2025-12-26,795466
U002343,O005746,1237.33,2026-07-11,109148
U002344,O005747,571.11,2026-06-03,850248
U002344,O005748,637.92,2026-06-17,850248
U002345,O005749,957.6,2026-02-02,765751
U002346,O005750,571.31,2026-08-22,373954
U002347,O005751,609.69,2026-03-07,696387
U002347,O005752,508.7,2026-07-15,696387
U002348,O005753,462.98,2025-09-17,133546
U002349,O005754,621.28,2026-03-15,209672
U002350,O005755,200.77,2026-07-21,612809
U002351,O005756,838.21,2026-05-31,334352
U002351,O005757,365.3,2026-06-02,334352
U002351,O005758,841.22,2026-07-19,334352
U002352,O005759,572.92,2026-07-05,646319
U002352,O005760,823.74,2026-07-17,646319
U002352,O005761,125.87,2026-08-14,646319
U002353,O005762,1130.12,2026-07-18,658284
U002353,O005763,582.67,2026-08-19,658284
U002355,O005764,459.13,2025-10-09,691883
U002355,O005765,869.38,2025-10-28,691883
U002356,O005766,612.24,2025-10-07,869434
U002356,O005767,705.23,2025-10-29,869434
U002356,O005768,512.6,2025-11-02,869434
U002356,O005769,663.13,2025-11-13,869434
U002357,O005770,784.95,2026-06-27,568406
U002358,O005771,1101.77,2026-04-27,816574
U002359,O005772,702.95,2025-11-24,568143
U002359,O005773,800.33,2026-01-01,568143
U002359,O005774,374.96,2026-01-27,568143
U002360,O005775,1200.02,2026-05-07,836246
U002360,O005776,784.99,2026-05-26,836246
U002360,O005777,1248.72,2026-08-22,836246
U002361,O005778,447.08,2026-07-10,249618
U002363,O005779,697.79,2026-05-05,514047
U002363,O005780,1304.52,2026-05-24,514047
U002363,O005781,713.74,2026-07-06,514047
U002365,O005782,510.17,2025-09-25,886141
U002365,O005783,774.16,2025-10-07,886141
U002365,O005784,163.86,2025-11-16,886141
U002366,O005785,1247.64,2026-04-03,420887
U002366,O005786,528.08,2026-05-18,420887
U002367,O005787,861.49,2026-02-19,152486
U002367,O005788,890.14,2026-03-05,152486
U002367,O005789,998.38,2026-05-14,152486
U002367,O005790,388.4,2026-06-20,152486
U002368,O005791,1199.12,2026-07-16,500609
U002368,O005792,492.82,2026-08-21,500609
U002369,O005793,434.5,2026-01-07,117987
U002369,O005794,344.53,2026-01-11,117987
U002370,O005795,248.42,2026-05-23,209056
U002371,O005796,308.26,2026-08-26,722314
U002374,O005797,816.45,2026-07-27,701342
U002374,O005798,714.95,2026-08-10,701342
U002374,O005799,403.76,2026-08-17,701342
U002375,O005800,530.76,2025-12-09,723700
U002376,O005801,122.52,2026-01-11,178513
U002376,O005802,497.99,2026-01-26,178513
U002376,O005803,758.33,2026-02-17,178513
U002376,O005804,473.25,2026-04-26,178513
U002376,O005805,305.36,2026-06-08,178513
U002376,O005806,578.2,2026-06-22,178513
U002376,O005807,222.37,2026-07-29,178513
U002377,O005808,653.88,2025-12-12,527354
U002378,O005809,427.95,2026-08-22,345580
U002379,O005810,273.81,2025-10-14,817174
U002379,O005811,664.75,2025-10-21,817174
U002380,O005812,913.85,2026-05-28,368054
U002380,O005813,1080.9,2026-06-30,368054
U002381,O005814,397.14,2026-05-23,509808
U002381,O005815,860.91,2026-06-10,509808
U002381,O005816,869.1,2026-06-25,509808
U002381,O005817,453.73,2026-08-14,509808
U002382,O005818,901.14,2026-07-03,475614
U002383,O005819,49.0,2026-07-27,536811
U002385,O005820,70.15,2026-05-28,689655
U002385,O005821,1141.4,2026-06-25,689655
U002386,O005822,497.37,2025-12-28,876312
U002386,O005823,1133.9,2026-01-28,876312
U002386,O005824,667.87,2026-01-30,876312
U002386,O005825,530.78,2026-02-14,876312
U002387,O005826,684.41,2025-12-05,517253
U002387,O005827,49.0,2025-12-17,517253
U002387,O005828,789.22,2025-12-19,517253
U002388,O005829,653.28,2025-12-07,507087
U002388,O005830,474.03,2025-12-13,507087
U002388,O005831,456.42,2025-12-27,507087
U002388,O005832,855.26,2026-02-11,507087
U002388,O005833,426.4,2026-02-26,507087
U002388,O005834,673.01,2026-03-04,507087
U002389,O005835,887.99,2026-03-04,302184
U002390,O005836,403.51,2026-03-08,399732
U002390,O005837,839.4,2026-04-03,399732
U002391,O005838,532.01,2026-03-27,786865
U002391,O005839,427.29,2026-04-09,786865
U002393,O005840,249.19,2026-02-04,429387
U002393,O005841,674.94,2026-02-20,429387
U002393,O005842,247.88,2026-03-01,429387
U002393,O005843,965.07,2026-05-15,429387
U002393,O005844,397.53,2026-05-18,429387
U002393,O005845,903.08,2026-06-12,429387
U002393,O005846,258.25,2026-08-01,429387
U002393,O005847,824.06,2026-08-11,429387
U002394,O005848,204.45,2025-11-18,384849
U002394,O005849,155.94,2026-02-05,384849
U002394,O005850,465.05,2026-02-11,384849
U002396,O005851,872.87,2025-12-11,465214
U002397,O005852,726.6,2026-04-24,862516
U002397,O005853,143.57,2026-06-14,862516
U002397,O005854,1003.69,2026-08-01,862516
U002398,O005855,729.93,2026-07-19,133847
U002398,O005856,646.18,2026-08-16,133847
U002399,O005857,759.65,2026-01-19,813153
U002399,O005858,523.38,2026-02-09,813153
U002400,O005859,1345.86,2025-09-10,207796
U002400,O005860,774.95,2026-01-02,207796
U002400,O005861,478.72,2026-01-16,207796
U002400,O005862,719.31,2026-01-21,207796
U002401,O005863,691.36,2026-01-01,626016
U002401,O005864,580.99,2026-04-24,626016
U002401,O005865,344.36,2026-04-28,626016
U002401,O005866,164.45,2026-05-04,626016
U002401,O005867,525.63,2026-05-07,626016
U002404,O005868,357.77,2026-04-19,125428
U002404,O005869,1104.39,2026-05-03,125428
U002405,O005870,582.49,2026-06-26,502675
U002406,O005871,1122.5,2025-10-14,349457
U002406,O005872,801.41,2025-11-17,349457
U002406,O005873,539.84,2025-12-08,349457
U002406,O005874,867.3,2025-12-17,349457
U002410,O005875,393.5,2026-04-03,295842
U002410,O005876,903.57,2026-05-15,295842
U002410,O005877,1264.05,2026-06-09,295842
U002410,O005878,1102.87,2026-07-11,295842
U002411,O005879,944.99,2026-06-20,153615
U002411,O005880,726.95,2026-06-30,153615
U002411,O005881,49.0,2026-07-08,153615
U002411,O005882,340.51,2026-07-13,153615
U002412,O005883,967.66,2026-08-16,412990
U002413,O005884,884.46,2026-08-02,715510
U002414,O005885,633.16,2026-07-11,881630
U002416,O005886,1505.65,2026-08-19,763521
U002417,O005887,734.22,2026-01-28,140667
U002417,O005888,943.46,2026-01-30,140667
U002417,O005889,729.67,2026-02-10,140667
U002417,O005890,992.52,2026-02-21,140667
U002417,O005891,976.77,2026-02-22,140667
U002417,O005892,410.93,2026-04-05,140667
U002418,O005893,1140.31,2026-04-02,450900
U002418,O005894,179.42,2026-04-08,450900
U002420,O005895,737.56,2025-11-12,769720
U002420,O005896,49.0,2025-11-14,769720
U002421,O005897,812.04,2026-04-19,485693
U002421,O005898,584.08,2026-04-20,485693
U002421,O005899,846.5,2026-05-06,485693
U002422,O005900,409.97,2025-10-12,111546
U002422,O005901,436.33,2025-11-15,111546
U002423,O005902,793.3,2026-06-03,785751
U002423,O005903,581.48,2026-07-02,785751
U002424,O005904,1055.96,2025-11-29,352701
U002425,O005905,609.58,2026-07-09,718726
U002426,O005906,313.07,2026-06-13,468557
U002426,O005907,347.27,2026-08-07,468557
U002426,O005908,389.88,2026-08-23,468557
U002427,O005909,1370.57,2026-06-28,873811
U002427,O005910,763.4,2026-08-19,873811
U002429,O005911,798.28,2026-04-30,510126
U002429,O005912,371.72,2026-05-17,510126
U002431,O005913,682.89,2026-07-05,730870
U002431,O005914,590.01,2026-08-10,730870
U002432,O005915,973.41,2026-08-06,510752
U002432,O005916,884.87,2026-08-09,510752
U002432,O005917,803.61,2026-08-17,510752
U002433,O005918,944.9,2026-03-27,426564
U002433,O005919,937.0,2026-04-21,426564
U002433,O005920,381.97,2026-06-11,426564
U002433,O005921,312.45,2026-08-22,426564
U002434,O005922,711.13,2025-09-05,670167
U002435,O005923,1069.64,2026-04-23,192708
U002435,O005924,1012.39,2026-05-05,192708
U002435,O005925,704.81,2026-05-24,192708
U002435,O005926,811.23,2026-06-06,192708
U002436,O005927,717.67,2026-05-17,860669
U002436,O005928,650.93,2026-06-12,860669
U002436,O005929,1077.1,2026-06-18,860669
U002438,O005930,945.29,2026-08-12,820161
U002438,O005931,885.78,2026-08-23,820161
U002439,O005932,493.12,2026-01-21,530898
U002440,O005933,774.72,2025-11-24,201899
U002440,O005934,381.62,2026-01-15,201899
U002442,O005935,473.48,2026-01-20,215477
U002442,O005936,478.45,2026-01-25,215477
U002442,O005937,782.1,2026-03-21,215477
U002443,O005938,370.29,2026-05-13,712039
U002443,O005939,723.38,2026-05-24,712039
U002443,O005940,88.82,2026-06-29,712039
U002443,O005941,329.81,2026-07-08,712039
U002443,O005942,561.74,2026-07-14,712039
U002444,O005943,1125.12,2026-05-29,610213
U002445,O005944,192.48,2025-10-19,744114
U002446,O005945,562.57,2026-03-21,363812
U002446,O005946,891.07,2026-07-08,363812
U002446,O005947,870.67,2026-07-14,363812
U002447,O005948,583.62,2025-10-04,653595
U002447,O005949,833.84,2025-11-12,653595
U002447,O005950,1055.79,2025-11-28,653595
U002448,O005951,532.03,2026-08-25,393636
U002449,O005952,492.25,2026-06-25,715662
U002449,O005953,532.3,2026-07-15,715662
U002450,O005954,377.84,2026-01-18,501553
U002450,O005955,573.73,2026-02-07,501553
U002450,O005956,678.33,2026-04-23,501553
U002451,O005957,514.09,2026-01-06,790103
U002451,O005958,696.18,2026-02-25,790103
U002451,O005959,346.99,2026-03-01,790103
U002451,O005960,875.21,2026-05-19,790103
U002452,O005961,1176.91,2026-06-23,759248
U002453,O005962,484.0,2026-08-10,807610
U002453,O005963,514.81,2026-08-19,807610
U002454,O005964,234.89,2025-12-26,358562
U002454,O005965,1377.22,2025-12-28,358562
U002454,O005966,918.3,2026-03-08,358562
U002454,O005967,1260.91,2026-03-10,358562
U002454,O005968,1233.26,2026-04-23,358562
U002454,O005969,636.66,2026-05-04,358562
U002454,O005970,1037.22,2026-05-07,358562
U002456,O005971,281.22,2026-02-15,766011
U002456,O005972,984.95,2026-03-02,766011
U002457,O005973,843.51,2025-12-04,496113
U002457,O005974,602.88,2025-12-14,496113
U002458,O005975,582.71,2025-11-27,425498
U002458,O005976,730.28,2025-12-14,425498
U002458,O005977,405.63,2025-12-23,425498
U002458,O005978,748.16,2025-12-28,425498
U002461,O005979,373.28,2025-11-18,744796
U002461,O005980,262.42,2025-12-14,744796
U002462,O005981,587.53,2025-12-21,183381
U002462,O005982,751.19,2026-02-17,183381
U002462,O005983,1164.95,2026-02-26,183381
U002462,O005984,377.3,2026-03-14,183381
U002463,O005985,431.35,2026-04-09,250938
U002463,O005986,257.04,2026-05-31,250938
U002464,O005987,584.46,2026-06-26,880270
U002464,O005988,440.94,2026-07-22,880270
U002464,O005989,724.17,2026-07-24,880270
U002465,O005990,945.3,2026-08-09,608953
U002466,O005991,533.65,2026-03-14,339329
U002466,O005992,899.28,2026-03-26,339329
U002467,O005993,281.64,2025-12-25,345223
U002467,O005994,342.02,2026-01-03,345223
U002467,O005995,705.94,2026-01-18,345223
U002468,O005996,508.7,2026-08-24,512831
U002469,O005997,422.13,2026-01-05,521308
U002469,O005998,911.11,2026-02-18,521308
U002469,O005999,426.6,2026-03-04,521308
U002470,O006000,558.44,2026-04-02,205114
U002470,O006001,886.14,2026-04-24,205114
U002471,O006002,644.56,2026-08-01,745029
U002471,O006003,816.68,2026-08-09,745029
U002472,O006004,906.67,2026-01-17,468898
U002473,O006005,565.83,2026-02-11,102099
U002474,O006006,369.0,2026-03-28,387608
U002474,O006007,420.8,2026-04-07,387608
U002475,O006008,721.43,2026-06-12,547642
U002475,O006009,1063.8,2026-08-04,547642
U002476,O006010,879.0,2026-08-14,156988
U002477,O006011,1184.27,2026-06-19,430888
U002480,O006012,988.89,2025-09-15,386274
U002480,O006013,511.67,2025-10-07,386274
U002482,O006014,738.03,2026-01-01,806818
U002482,O006015,978.05,2026-01-29,806818
U002483,O006016,566.34,2025-12-23,243154
U002483,O006017,602.94,2026-01-07,243154
U002484,O006018,832.22,2026-04-15,627354
U002484,O006019,269.01,2026-05-03,627354
U002484,O006020,802.26,2026-05-20,627354
U002484,O006021,49.0,2026-05-29,627354
U002485,O006022,1305.07,2026-07-09,269508
U002485,O006023,139.57,2026-07-11,269508
U002486,O006024,934.12,2025-12-20,324088
U002486,O006025,440.48,2026-02-16,324088
U002487,O006026,887.76,2026-08-21,143199
U002488,O006027,797.36,2025-10-12,337932
U002488,O006028,357.59,2025-11-22,337932
U002489,O006029,804.64,2026-04-06,370769
U002489,O006030,894.37,2026-04-29,370769
U002490,O006031,726.7,2026-07-27,297752
U002490,O006032,985.65,2026-08-05,297752
U002490,O006033,126.96,2026-08-26,297752
U002491,O006034,776.51,2026-01-11,318243
U002491,O006035,1207.29,2026-01-12,318243
U002491,O006036,1078.93,2026-01-21,318243
U002491,O006037,440.84,2026-01-29,318243
U002492,O006038,278.99,2026-06-11,185256
U002492,O006039,643.96,2026-06-16,185256
U002492,O006040,498.95,2026-07-16,185256
U002493,O006041,613.86,2026-03-31,168638
U002493,O006042,804.55,2026-05-26,168638
U002494,O006043,688.95,2026-03-11,173283
U002494,O006044,594.7,2026-08-05,173283
U002495,O006045,864.26,2026-01-22,378106
U002495,O006046,1151.9,2026-02-03,378106
U002496,O006047,676.1,2026-04-12,780818
U002496,O006048,743.4,2026-04-16,780818
U002496,O006049,601.1,2026-04-25,780818
U002496,O006050,927.18,2026-06-20,780818
U002497,O006051,532.57,2025-12-15,603348
U002497,O006052,563.92,2025-12-17,603348
U002500,O006053,867.68,2025-12-16,505997
U002500,O006054,620.01,2025-12-19,505997
U002500,O006055,683.36,2026-01-21,505997
U002501,O006056,1068.23,2026-06-21,679411
U002502,O006057,180.6,2026-02-08,655848
U002503,O006058,768.29,2026-05-16,382556
U002504,O006059,199.97,2025-09-15,833190
U002505,O006060,431.99,2025-12-18,780059
U002505,O006061,49.0,2025-12-24,780059
U002506,O006062,778.08,2026-04-22,750048
U002506,O006063,432.5,2026-05-08,750048
U002508,O006064,635.46,2026-03-18,214921
U002508,O006065,1041.29,2026-03-25,214921
U002509,O006066,162.2,2025-12-05,259458
U002509,O006067,477.73,2026-01-07,259458
U002509,O006068,1008.19,2026-01-22,259458
U002509,O006069,92.5,2026-01-28,259458
U002510,O006070,1242.57,2026-06-21,712806
U002510,O006071,610.09,2026-07-04,712806
U002510,O006072,625.64,2026-08-05,712806
U002511,O006073,1289.73,2026-06-30,443143
U002511,O006074,49.0,2026-07-03,443143
U002512,O006075,667.53,2025-11-05,754294
U002512,O006076,697.61,2026-01-12,754294
U002512,O006077,49.0,2026-01-30,754294
U002512,O006078,149.46,2026-02-03,754294
U002513,O006079,543.43,2026-04-06,287600
U002513,O006080,464.63,2026-04-17,287600
U002514,O006081,672.77,2026-02-08,453509
U002514,O006082,250.64,2026-04-12,453509
U002515,O006083,744.4,2026-06-28,307553
U002515,O006084,896.88,2026-07-31,307553
U002515,O006085,423.59,2026-08-05,307553
U002516,O006086,295.34,2026-03-12,274950
U002516,O006087,974.43,2026-04-14,274950
U002517,O006088,145.42,2026-05-03,745212
U002517,O006089,538.76,2026-05-11,745212
U002517,O006090,782.7,2026-08-22,745212
U002518,O006091,911.11,2025-09-26,119348
U002518,O006092,507.3,2025-09-30,119348
U002518,O006093,614.61,2025-10-05,119348
U002518,O006094,1196.99,2025-10-06,119348
U002519,O006095,590.57,2026-03-25,230681
U002520,O006096,665.18,2026-08-07,133437
U002522,O006097,724.88,2026-08-11,791765
U002522,O006098,991.55,2026-08-14,791765
U002523,O006099,452.32,2025-09-26,118087
U002523,O006100,828.63,2026-01-09,118087
U002523,O006101,661.64,2026-01-12,118087
U002523,O006102,634.48,2026-01-19,118087
U002526,O006103,559.33,2025-10-04,339825
U002526,O006104,261.07,2025-11-12,339825
U002527,O006105,1136.24,2026-02-10,139520
U002527,O006106,883.81,2026-03-10,139520
U002528,O006107,773.48,2026-07-01,541857
U002528,O006108,1289.92,2026-07-09,541857
U002528,O006109,891.07,2026-08-03,541857
U002529,O006110,729.11,2025-10-19,314547
U002529,O006111,525.64,2025-11-18,314547
U002530,O006112,723.98,2025-10-30,584980
U002531,O006113,1262.54,2026-05-15,683722
U002531,O006114,762.1,2026-06-15,683722
U002531,O006115,930.74,2026-07-07,683722
U002532,O006116,932.07,2026-06-13,744218
U002532,O006117,574.87,2026-07-12,744218
U002534,O006118,1041.23,2026-02-23,204257
U002534,O006119,598.07,2026-03-05,204257
U002534,O006120,468.01,2026-04-06,204257
U002534,O006121,938.88,2026-05-07,204257
U002535,O006122,990.18,2026-05-19,630248
U002535,O006123,1082.48,2026-07-20,630248
U002536,O006124,1467.01,2026-03-05,108421
U002536,O006125,376.63,2026-03-27,108421
U002536,O006126,181.04,2026-06-29,108421
U002537,O006127,713.49,2026-08-11,608033
U002539,O006128,870.98,2026-01-28,365656
U002539,O006129,569.09,2026-04-30,365656
U002539,O006130,552.0,2026-05-30,365656
U002540,O006131,477.17,2026-03-17,125132
U002540,O006132,1180.83,2026-03-24,125132
U002541,O006133,910.55,2025-12-17,892923
U002541,O006134,966.94,2025-12-23,892923
U002541,O006135,294.56,2026-01-04,892923
U002541,O006136,760.25,2026-03-19,892923
U002541,O006137,754.26,2026-04-02,892923
U002542,O006138,1006.85,2026-05-03,402571
U002542,O006139,505.62,2026-05-13,402571
U002543,O006140,984.03,2026-03-21,563237
U002544,O006141,855.42,2026-07-04,692518
U002544,O006142,49.0,2026-07-21,692518
U002545,O006143,819.58,2025-11-13,595631
U002545,O006144,1275.6,2025-12-07,595631
U002546,O006145,163.02,2026-03-18,843689
U002547,O006146,550.54,2026-08-13,368052
U002548,O006147,1192.29,2026-04-02,256056
U002548,O006148,264.96,2026-05-17,256056
U002548,O006149,1071.91,2026-05-24,256056
U002548,O006150,585.35,2026-05-25,256056
U002550,O006151,323.31,2026-04-07,355757
U002551,O006152,648.65,2026-02-18,489881
U002551,O006153,646.25,2026-02-22,489881
U002552,O006154,489.98,2025-11-22,738775
U002552,O006155,867.77,2025-11-27,738775
U002552,O006156,637.51,2025-12-03,738775
U002552,O006157,444.04,2025-12-20,738775
U002552,O006158,642.53,2026-01-04,738775
U002552,O006159,906.24,2026-01-12,738775
U002554,O006160,1095.09,2026-07-11,809049
U002554,O006161,950.94,2026-07-22,809049
U002555,O006162,799.74,2026-06-13,881024
U002555,O006163,509.81,2026-07-07,881024
U002556,O006164,464.75,2026-05-07,224684
U002556,O006165,202.03,2026-06-09,224684
U002556,O006166,492.03,2026-07-26,224684
U002557,O006167,545.36,2025-11-24,439298
U002557,O006168,409.78,2025-12-02,439298
U002557,O006169,607.72,2025-12-06,439298
U002558,O006170,487.95,2025-12-27,666462
U002558,O006171,489.87,2026-03-09,666462
U002559,O006172,1181.2,2026-02-13,421745
U002559,O006173,694.34,2026-02-22,421745
U002559,O006174,109.47,2026-03-09,421745
U002559,O006175,729.19,2026-04-10,421745
U002560,O006176,618.11,2026-06-04,107449
U002560,O006177,801.27,2026-06-13,107449
U002561,O006178,630.62,2026-01-20,852645
U002561,O006179,642.62,2026-02-07,852645
U002561,O006180,541.28,2026-04-14,852645
U002561,O006181,236.56,2026-05-09,852645
U002561,O006182,1056.97,2026-05-30,852645
U002562,O006183,1108.88,2025-12-20,777605
U002564,O006184,163.57,2026-04-25,459438
U002566,O006185,56.84,2026-02-20,346591
U002566,O006186,545.89,2026-04-25,346591
U002567,O006187,372.69,2026-04-24,709028
U002567,O006188,1196.75,2026-04-29,709028
U002568,O006189,936.16,2026-04-20,260226
U002569,O006190,770.08,2026-04-04,236348
U002570,O006191,546.76,2026-08-13,300617
U002571,O006192,503.61,2025-12-06,560120
U002571,O006193,517.65,2026-01-23,560120
U002572,O006194,1251.01,2026-06-19,784702
U002572,O006195,549.57,2026-06-29,784702
U002572,O006196,740.76,2026-07-20,784702
U002572,O006197,810.07,2026-08-18,784702
U002573,O006198,278.43,2025-10-31,370214
U002573,O006199,614.41,2025-11-04,370214
U002573,O006200,971.71,2025-12-12,370214
U002574,O006201,361.81,2026-07-06,722871
U002575,O006202,727.34,2026-08-22,297909
U002577,O006203,97.53,2026-02-08,310581
U002578,O006204,227.9,2026-05-18,425555
U002578,O006205,535.29,2026-06-15,425555
U002579,O006206,105.36,2026-04-02,700157
U002579,O006207,598.55,2026-05-01,700157
U002579,O006208,1097.03,2026-07-12,700157
U002579,O006209,928.81,2026-08-15,700157
U002579,O006210,1205.52,2026-08-22,700157
U002580,O006211,296.1,2026-03-10,822390
U002580,O006212,633.21,2026-03-17,822390
U002580,O006213,710.78,2026-04-11,822390
U002580,O006214,914.21,2026-07-10,822390
U002580,O006215,799.08,2026-08-05,822390
U002581,O006216,833.54,2026-04-08,793763
U002581,O006217,924.14,2026-04-10,793763
U002581,O006218,681.39,2026-04-27,793763
U002581,O006219,543.83,2026-05-03,793763
U002581,O006220,559.32,2026-06-17,793763
U002582,O006221,672.04,2026-04-04,281130
U002582,O006222,325.26,2026-04-09,281130
U002582,O006223,662.32,2026-04-25,281130
U002582,O006224,51.03,2026-08-06,281130
U002582,O006225,655.97,2026-08-19,281130
U002583,O006226,902.31,2026-01-14,331073
U002583,O006227,487.96,2026-03-15,331073
U002584,O006228,1240.1,2025-12-10,795334
U002585,O006229,644.6,2026-05-26,838820
U002585,O006230,1167.96,2026-06-27,838820
U002586,O006231,909.02,2026-06-27,515094
U002586,O006232,955.81,2026-07-17,515094
U002587,O006233,849.25,2026-04-04,475141
U002587,O006234,1105.58,2026-05-02,475141
U002587,O006235,713.56,2026-05-17,475141
U002587,O006236,1051.08,2026-06-19,475141
U002589,O006237,89.63,2026-05-09,802340
U002589,O006238,712.55,2026-05-19,802340
U002590,O006239,409.19,2025-10-17,630750
U002590,O006240,1270.04,2025-12-08,630750
U002590,O006241,644.06,2026-02-19,630750
U002590,O006242,930.85,2026-02-21,630750
U002590,O006243,1233.97,2026-02-23,630750
U002591,O006244,274.98,2026-05-24,262528
U002591,O006245,703.25,2026-06-28,262528
U002591,O006246,1249.01,2026-07-13,262528
U002591,O006247,1016.21,2026-07-25,262528
U002592,O006248,401.99,2025-10-29,131480
U002592,O006249,799.41,2025-12-30,131480
U002592,O006250,530.11,2026-01-21,131480
U002592,O006251,518.37,2026-01-27,131480
U002593,O006252,449.56,2026-05-13,318708
U002593,O006253,49.0,2026-08-07,318708
U002594,O006254,489.83,2025-11-14,484201
U002594,O006255,949.63,2025-12-09,484201
U002594,O006256,879.09,2025-12-20,484201
U002594,O006257,672.85,2026-03-05,484201
U002595,O006258,839.4,2026-05-19,192833
U002595,O006259,553.56,2026-08-20,192833
U002596,O006260,426.81,2026-03-19,512820
U002596,O006261,297.45,2026-03-24,512820
U002597,O006262,340.27,2026-03-29,668091
U002597,O006263,409.87,2026-04-22,668091
U002598,O006264,415.26,2026-08-09,225505
U002598,O006265,750.12,2026-08-25,225505
U002599,O006266,579.29,2026-06-22,139340
U002599,O006267,1033.29,2026-06-25,139340
U002600,O006268,656.27,2026-08-04,104146
U002602,O006269,1258.82,2026-04-05,711393
U002602,O006270,927.14,2026-05-01,711393
U002602,O006271,1160.79,2026-05-10,711393
U002602,O006272,558.61,2026-05-14,711393
U002603,O006273,1493.3,2026-01-01,734736
U002603,O006274,757.37,2026-01-17,734736
U002603,O006275,216.42,2026-04-22,734736
U002606,O006276,123.35,2025-10-19,641835
U002606,O006277,879.1,2025-10-28,641835
U002606,O006278,790.21,2025-12-30,641835
U002607,O006279,892.4,2026-04-17,811261
U002608,O006280,245.76,2026-08-08,641749
U002609,O006281,520.57,2026-04-10,737821
U002609,O006282,708.54,2026-04-25,737821
U002609,O006283,689.53,2026-05-12,737821
U002610,O006284,830.85,2026-08-14,583351
U002612,O006285,660.87,2026-03-27,811466
U002612,O006286,731.72,2026-03-30,811466
U002612,O006287,902.74,2026-04-14,811466
U002612,O006288,563.77,2026-05-24,811466
U002613,O006289,529.95,2026-04-08,381873
U002613,O006290,1080.12,2026-04-12,381873
U002614,O006291,522.85,2026-06-22,256261
U002615,O006292,719.05,2026-08-08,838457
U002616,O006293,996.95,2026-05-07,580204
U002616,O006294,309.66,2026-06-07,580204
U002616,O006295,613.82,2026-07-08,580204
U002617,O006296,761.49,2025-11-03,143823
U002619,O006297,962.77,2025-11-12,880504
U002619,O006298,1263.6,2025-11-30,880504
U002619,O006299,576.66,2025-12-16,880504
U002619,O006300,523.12,2026-02-01,880504
U002619,O006301,394.96,2026-02-03,880504
U002621,O006302,940.46,2026-08-13,858424
U002622,O006303,596.08,2025-12-13,887779
U002622,O006304,466.6,2026-01-20,887779
U002622,O006305,231.25,2026-03-15,887779
U002623,O006306,713.88,2026-03-12,177172
U002624,O006307,734.36,2026-04-08,620245
U002624,O006308,991.74,2026-06-02,620245
U002626,O006309,1302.99,2025-12-10,445583
U002629,O006310,1059.74,2026-08-23,798962
U002630,O006311,489.8,2025-12-17,327067
U002630,O006312,1024.14,2025-12-19,327067
U002630,O006313,371.36,2025-12-25,327067
U002630,O006314,665.86,2025-12-30,327067
U002630,O006315,1022.33,2026-01-26,327067
U002630,O006316,342.58,2026-02-16,327067
U002630,O006317,583.91,2026-03-05,327067
U002631,O006318,860.81,2026-03-25,384794
U002631,O006319,49.0,2026-04-12,384794
U002632,O006320,864.1,2026-01-20,741222
U002633,O006321,678.93,2026-02-10,734425
U002633,O006322,305.54,2026-03-09,734425
U002633,O006323,827.5,2026-07-16,734425
U002633,O006324,864.89,2026-07-18,734425
U002634,O006325,729.54,2025-10-11,875112
U002634,O006326,510.79,2025-12-07,875112
U002635,O006327,801.64,2026-07-12,639200
U002635,O006328,186.36,2026-07-29,639200
U002637,O006329,958.04,2026-06-02,675730
U002638,O006330,335.56,2026-06-02,348642
U002638,O006331,1229.31,2026-06-25,348642
U002638,O006332,480.75,2026-08-05,348642
U002640,O006333,627.22,2025-12-27,653142
U002640,O006334,615.37,2025-12-30,653142
U002640,O006335,837.28,2026-02-24,653142
U002641,O006336,1273.22,2025-09-29,508863
U002641,O006337,552.1,2025-12-25,508863
U002641,O006338,395.34,2026-01-22,508863
U002641,O006339,343.93,2026-02-14,508863
U002642,O006340,349.2,2026-08-06,653177
U002642,O006341,885.52,2026-08-10,653177
U002642,O006342,794.04,2026-08-22,653177
U002643,O006343,323.93,2025-09-24,619702
U002643,O006344,598.54,2026-01-23,619702
U002643,O006345,418.55,2026-03-01,619702
U002643,O006346,475.93,2026-03-24,619702
U002644,O006347,800.22,2025-10-26,198246
U002644,O006348,553.5,2025-10-31,198246
U002644,O006349,579.37,2025-12-19,198246
U002644,O006350,800.13,2026-01-02,198246
U002644,O006351,708.52,2026-01-26,198246
U002645,O006352,629.06,2026-05-29,361890
U002645,O006353,1175.83,2026-06-16,361890
U002645,O006354,1019.91,2026-07-25,361890
U002646,O006355,616.01,2026-04-06,188597
U002646,O006356,591.85,2026-04-20,188597
U002646,O006357,1159.89,2026-04-29,188597
U002647,O006358,320.3,2026-02-25,424176
U002647,O006359,440.12,2026-03-13,424176
U002647,O006360,805.47,2026-03-21,424176
U002647,O006361,554.73,2026-03-23,424176
U002647,O006362,865.01,2026-04-18,424176
U002648,O006363,782.33,2026-03-07,659078
U002648,O006364,398.0,2026-04-22,659078
U002648,O006365,635.28,2026-06-01,659078
U002649,O006366,611.66,2026-08-14,456171
U002650,O006367,1188.94,2026-01-27,798581
U002650,O006368,444.89,2026-02-20,798581
U002651,O006369,784.99,2026-01-05,585601
U002651,O006370,638.26,2026-01-31,585601
U002651,O006371,763.72,2026-03-14,585601
U002651,O006372,449.41,2026-03-24,585601
U002652,O006373,771.46,2026-03-24,111850
U002653,O006374,117.43,2026-06-06,788382
U002653,O006375,893.84,2026-06-09,788382
U002653,O006376,606.57,2026-07-23,788382
U002653,O006377,754.05,2026-08-19,788382
U002654,O006378,322.19,2026-08-10,461600
U002654,O006379,1120.44,2026-08-20,461600
U002654,O006380,465.53,2026-08-22,461600
U002655,O006381,268.61,2026-05-21,275852
U002655,O006382,505.54,2026-06-25,275852
U002655,O006383,437.39,2026-07-02,275852
U002656,O006384,402.19,2025-12-12,115178
U002656,O006385,839.23,2026-01-19,115178
U002656,O006386,657.84,2026-02-16,115178
U002657,O006387,154.23,2026-06-02,440040
U002658,O006388,646.94,2026-04-27,182805
U002658,O006389,570.97,2026-05-11,182805
U002659,O006390,361.13,2026-04-18,172618
U002659,O006391,789.93,2026-05-12,172618
U002660,O006392,420.99,2026-07-31,321637
U002660,O006393,645.23,2026-08-17,321637
U002661,O006394,977.39,2026-04-10,364906
U002661,O006395,680.2,2026-04-25,364906
U002661,O006396,281.63,2026-06-03,364906
U002662,O006397,327.73,2026-06-22,591534
U002663,O006398,403.5,2025-11-22,386330
U002663,O006399,887.81,2025-11-25,386330
U002664,O006400,617.56,2026-03-17,408195
U002664,O006401,517.84,2026-06-06,408195
U002664,O006402,1055.31,2026-07-22,408195
U002664,O006403,271.41,2026-08-04,408195
U002665,O006404,319.32,2026-06-10,661562
U002665,O006405,975.59,2026-07-05,661562
U002666,O006406,279.6,2025-11-30,466068
U002666,O006407,272.12,2026-01-17,466068
U002666,O006408,610.0,2026-01-23,466068
U002666,O006409,997.23,2026-01-28,466068
U002667,O006410,584.08,2026-07-12,756556
U002668,O006411,610.09,2026-03-04,211616
U002668,O006412,517.41,2026-06-01,211616
U002668,O006413,332.44,2026-06-27,211616
U002669,O006414,666.1,2026-08-06,436804
U002669,O006415,1131.26,2026-08-15,436804
U002669,O006416,90.63,2026-08-19,436804
U002670,O006417,942.57,2025-11-07,692234
U002670,O006418,907.2,2025-11-09,692234
U002670,O006419,601.31,2025-11-26,692234
U002670,O006420,752.47,2025-12-10,692234
U002670,O006421,621.69,2025-12-25,692234
U002671,O006422,786.4,2026-05-22,885329
U002671,O006423,794.55,2026-06-26,885329
U002671,O006424,698.16,2026-06-29,885329
U002671,O006425,217.14,2026-07-15,885329
U002672,O006426,484.38,2026-04-25,535768
U002672,O006427,409.82,2026-06-01,535768
U002674,O006428,484.8,2025-12-05,363258
U002674,O006429,688.3,2026-02-04,363258
U002675,O006430,346.18,2026-01-16,364997
U002675,O006431,801.77,2026-01-22,364997
U002675,O006432,1153.07,2026-03-12,364997
U002675,O006433,670.55,2026-06-22,364997
U002675,O006434,504.25,2026-06-24,364997
U002676,O006435,701.67,2026-08-01,351754
U002676,O006436,477.67,2026-08-04,351754
U002677,O006437,490.79,2025-10-14,597028
U002677,O006438,441.01,2025-11-18,597028
U002678,O006439,1081.42,2026-05-08,167135
U002678,O006440,842.5,2026-08-08,167135
U002678,O006441,389.47,2026-08-13,167135
U002679,O006442,388.04,2026-02-27,820786
U002679,O006443,866.1,2026-03-06,820786
U002679,O006444,657.47,2026-03-13,820786
U002680,O006445,853.53,2026-03-20,301152
U002680,O006446,928.96,2026-05-04,301152
U002682,O006447,691.02,2026-02-23,459190
U002682,O006448,491.88,2026-03-02,459190
U002682,O006449,1055.6,2026-03-26,459190
U002683,O006450,367.46,2025-12-28,505299
U002683,O006451,400.65,2026-03-23,505299
U002683,O006452,423.0,2026-05-17,505299
U002684,O006453,597.66,2026-05-26,132945
U002686,O006454,812.93,2025-10-12,315462
U002686,O006455,404.87,2025-11-06,315462
U002687,O006456,399.65,2026-07-27,674081
U002688,O006457,673.84,2026-06-23,142470
U002689,O006458,695.99,2025-12-24,768445
U002689,O006459,282.55,2026-02-22,768445
U002689,O006460,430.81,2026-05-02,768445
U002689,O006461,95.18,2026-07-01,768445
U002690,O006462,251.37,2026-04-04,163058
U002690,O006463,569.49,2026-04-16,163058
U002690,O006464,1029.26,2026-05-02,163058
U002690,O006465,459.47,2026-05-04,163058
U002690,O006466,1001.54,2026-06-01,163058
U002691,O006467,1243.94,2026-07-28,506225
U002692,O006468,1168.88,2025-12-24,899181
U002692,O006469,1014.82,2026-02-04,899181
U002692,O006470,503.62,2026-04-09,899181
U002693,O006471,780.93,2026-02-13,744293
U002693,O006472,270.31,2026-02-27,744293
U002693,O006473,890.4,2026-03-23,744293
U002695,O006474,1009.81,2025-09-15,296205
U002695,O006475,671.88,2025-09-18,296205
U002695,O006476,432.88,2025-10-12,296205
U002695,O006477,350.53,2025-10-15,296205
U002696,O006478,488.8,2026-06-05,264925
U002696,O006479,390.96,2026-07-22,264925
U002697,O006480,441.85,2026-03-09,623333
U002698,O006481,871.87,2026-01-28,138336
U002698,O006482,49.0,2026-03-11,138336
U002700,O006483,758.12,2026-04-17,596232
U002701,O006484,828.11,2025-10-14,139594
U002702,O006485,1159.2,2026-04-30,145790
U002702,O006486,590.0,2026-05-04,145790
U002702,O006487,639.25,2026-05-22,145790
U002703,O006488,607.26,2025-10-20,578101
U002703,O006489,77.02,2025-12-02,578101
U002703,O006490,1176.74,2026-01-04,578101
U002703,O006491,603.0,2026-02-06,578101
U002705,O006492,497.92,2026-06-22,829727
U002705,O006493,492.0,2026-06-29,829727
U002705,O006494,747.41,2026-07-05,829727
U002705,O006495,586.25,2026-07-11,829727
U002706,O006496,362.36,2026-01-19,430430
U002706,O006497,979.6,2026-01-26,430430
U002706,O006498,618.02,2026-02-20,430430
U002706,O006499,740.44,2026-02-23,430430
U002708,O006500,49.0,2025-10-25,871694
U002708,O006501,206.82,2025-10-29,871694
U002708,O006502,462.8,2026-03-09,871694
U002709,O006503,758.28,2025-11-29,414222
U002709,O006504,819.84,2025-12-01,414222
U002709,O006505,214.82,2025-12-05,414222
U002709,O006506,1044.78,2026-01-30,414222
U002709,O006507,1029.23,2026-03-02,414222
U002710,O006508,739.76,2026-04-28,789990
U002710,O006509,1114.86,2026-05-04,789990
U002710,O006510,808.4,2026-06-18,789990
U002711,O006511,563.96,2025-11-03,677444
U002712,O006512,49.0,2026-07-06,712280
U002712,O006513,615.59,2026-08-07,712280
U002712,O006514,721.27,2026-08-23,712280
U002713,O006515,121.61,2026-01-31,171049
U002715,O006516,1018.06,2026-02-09,738873
U002715,O006517,368.2,2026-03-11,738873
U002715,O006518,326.11,2026-04-14,738873
U002716,O006519,350.53,2025-10-02,816853
U002716,O006520,749.24,2025-10-22,816853
U002717,O006521,545.69,2026-01-02,565056
U002717,O006522,1006.47,2026-04-09,565056
U002718,O006523,264.76,2026-04-16,847725
U002718,O006524,489.19,2026-06-16,847725
U002718,O006525,543.71,2026-07-13,847725
U002719,O006526,433.72,2025-12-04,795987
U002719,O006527,734.54,2025-12-06,795987
U002719,O006528,439.29,2025-12-15,795987
U002719,O006529,820.32,2026-02-12,795987
U002720,O006530,450.71,2025-09-26,547592
U002721,O006531,392.63,2025-10-20,202788
U002723,O006532,1139.38,2026-01-26,698388
U002723,O006533,523.75,2026-03-10,698388
U002724,O006534,49.0,2026-06-05,353913
U002725,O006535,614.71,2026-08-14,536575
U002727,O006536,528.68,2026-08-16,488903
U002728,O006537,662.29,2026-04-23,380574
U002728,O006538,532.64,2026-06-10,380574
U002730,O006539,293.32,2026-06-29,262006
U002731,O006540,412.44,2026-04-01,564598
U002731,O006541,1305.76,2026-05-30,564598
U002733,O006542,861.95,2025-10-24,293355
U002733,O006543,944.6,2025-12-18,293355
U002733,O006544,514.17,2025-12-20,293355
U002733,O006545,764.73,2026-02-16,293355
U002733,O006546,612.48,2026-02-21,293355
U002734,O006547,722.69,2026-06-06,591338
U002735,O006548,732.18,2025-12-23,865194
U002735,O006549,861.3,2025-12-30,865194
U002735,O006550,1113.7,2026-03-24,865194
U002735,O006551,983.97,2026-03-28,865194
U002735,O006552,871.1,2026-04-04,865194
U002736,O006553,571.8,2026-03-08,609086
U002736,O006554,552.14,2026-03-20,609086
U002736,O006555,630.68,2026-03-26,609086
U002736,O006556,531.01,2026-04-08,609086
U002737,O006557,819.03,2025-12-04,695037
U002737,O006558,642.55,2026-03-22,695037
U002738,O006559,1068.93,2025-11-20,149381
U002740,O006560,544.85,2026-08-20,627464
U002741,O006561,678.23,2025-12-21,262099
U002741,O006562,861.66,2026-01-05,262099
U002742,O006563,1141.83,2026-06-20,531506
U002743,O006564,844.03,2025-12-23,366259
U002743,O006565,787.06,2026-01-11,366259
U002743,O006566,178.63,2026-01-18,366259
U002745,O006567,73.95,2026-03-04,674069
U002745,O006568,543.71,2026-03-10,674069
U002745,O006569,692.72,2026-03-26,674069
U002745,O006570,382.79,2026-04-25,674069
U002745,O006571,521.88,2026-05-05,674069
U002745,O006572,755.68,2026-08-10,674069
U002746,O006573,212.56,2026-04-15,271531
U002746,O006574,510.81,2026-05-12,271531
U002746,O006575,680.07,2026-05-30,271531
U002746,O006576,728.17,2026-07-07,271531
U002747,O006577,807.9,2026-06-01,762313
U002747,O006578,970.32,2026-06-13,762313
U002749,O006579,502.07,2025-10-28,464819
U002749,O006580,1099.29,2025-12-27,464819
U002749,O006581,918.28,2026-01-03,464819
U002750,O006582,1118.38,2025-10-31,475718
U002750,O006583,508.16,2026-03-07,475718
U002750,O006584,1021.51,2026-04-06,475718
U002752,O006585,1038.04,2026-06-06,825178
U002753,O006586,597.22,2025-12-24,434278
U002753,O006587,1162.84,2026-01-14,434278
U002753,O006588,878.46,2026-02-01,434278
U002753,O006589,267.65,2026-04-18,434278
U002754,O006590,777.15,2026-01-13,194021
U002754,O006591,670.02,2026-01-20,194021
U002754,O006592,499.86,2026-03-08,194021
U002755,O006593,463.78,2026-05-01,434141
U002755,O006594,767.64,2026-06-01,434141
U002755,O006595,612.89,2026-07-22,434141
U002756,O006596,1028.98,2025-10-16,178123
U002757,O006597,497.03,2025-10-06,164020
U002757,O006598,428.35,2025-12-10,164020
U002757,O006599,49.0,2025-12-16,164020
U002757,O006600,521.32,2026-04-16,164020
U002759,O006601,775.28,2026-03-28,860055
U002759,O006602,88.11,2026-03-30,860055
U002760,O006603,948.28,2026-06-25,757492
U002761,O006604,652.68,2025-11-23,586925
U002761,O006605,633.97,2025-12-11,586925
U002761,O006606,1045.16,2025-12-16,586925
U002762,O006607,397.21,2025-12-17,799834
U002762,O006608,369.98,2026-02-10,799834
U002763,O006609,425.38,2026-02-17,485398
U002764,O006610,702.48,2026-03-03,178159
U002765,O006611,502.65,2026-07-18,480250
U002766,O006612,787.85,2025-09-19,746447
U002767,O006613,647.1,2026-08-07,470956
U002769,O006614,144.97,2026-03-25,819007
U002769,O006615,49.0,2026-03-27,819007
U002769,O006616,776.64,2026-04-14,819007
U002770,O006617,189.64,2026-06-30,724543
U002771,O006618,998.68,2026-07-19,225643
U002772,O006619,1049.17,2025-11-26,889127
U002772,O006620,1217.39,2026-02-11,889127
U002772,O006621,554.62,2026-04-19,889127
U002772,O006622,378.76,2026-07-10,889127
U002773,O006623,820.55,2026-08-15,336892
U002774,O006624,823.08,2026-08-17,886982
U002775,O006625,601.0,2025-10-21,691414
U002775,O006626,669.7,2025-11-03,691414
U002775,O006627,307.35,2025-11-15,691414
U002776,O006628,389.71,2026-03-20,708911
U002777,O006629,850.5,2026-05-25,827184
U002778,O006630,793.31,2026-07-25,788951
U002778,O006631,169.94,2026-08-18,788951
U002779,O006632,433.07,2026-08-15,590846
U002781,O006633,882.76,2026-08-20,299383
U002782,O006634,766.53,2026-04-10,740795
U002782,O006635,360.56,2026-05-31,740795
U002783,O006636,726.62,2026-07-17,472706
U002784,O006637,504.76,2025-12-30,417523
U002784,O006638,923.02,2026-02-02,417523
U002784,O006639,778.27,2026-03-06,417523
U002784,O006640,932.3,2026-03-08,417523
U002786,O006641,1148.47,2025-11-23,239650
U002786,O006642,1409.16,2026-04-03,239650
U002791,O006643,704.0,2026-04-02,655674
U002791,O006644,785.68,2026-04-23,655674
U002793,O006645,513.99,2026-03-11,711017
U002793,O006646,742.37,2026-04-08,711017
U002793,O006647,377.94,2026-05-03,711017
U002794,O006648,787.35,2025-09-16,609068
U002795,O006649,781.2,2026-02-25,153954
U002795,O006650,544.04,2026-04-04,153954
U002796,O006651,911.29,2026-06-13,857146
U002796,O006652,632.8,2026-07-10,857146
U002796,O006653,1277.49,2026-08-04,857146
U002797,O006654,536.48,2025-11-20,100782
U002797,O006655,714.62,2025-11-25,100782
U002799,O006656,681.56,2026-01-06,109104
U002799,O006657,892.69,2026-01-10,109104
U002799,O006658,416.78,2026-01-26,109104
U002801,O006659,974.79,2025-12-17,516734
U002801,O006660,582.5,2026-01-17,516734
U002801,O006661,911.02,2026-02-17,516734
U002804,O006662,443.25,2026-03-12,824017
U002804,O006663,575.97,2026-04-05,824017
U002804,O006664,884.0,2026-04-12,824017
U002804,O006665,1179.92,2026-05-19,824017
U002804,O006666,491.22,2026-08-07,824017
U002805,O006667,779.0,2026-05-15,772428
U002805,O006668,798.1,2026-06-17,772428
U002805,O006669,761.75,2026-06-18,772428
U002806,O006670,522.47,2026-08-07,832733
U002807,O006671,334.43,2026-08-16,314523
U002809,O006672,909.81,2025-10-01,601615
U002809,O006673,1320.63,2025-11-29,601615
U002810,O006674,358.64,2026-08-19,894503
U002810,O006675,296.73,2026-08-23,894503
U002811,O006676,724.67,2025-10-30,626812
U002811,O006677,656.34,2025-12-10,626812
U002811,O006678,358.78,2025-12-25,626812
U002813,O006679,56.39,2026-06-13,618197
U002813,O006680,683.44,2026-07-02,618197
U002813,O006681,878.74,2026-08-12,618197
U002814,O006682,584.59,2026-07-23,654290
U002814,O006683,949.84,2026-07-28,654290
U002814,O006684,860.57,2026-07-29,654290
U002814,O006685,510.87,2026-08-07,654290
U002816,O006686,406.42,2026-01-16,737781
U002817,O006687,352.95,2026-01-21,454061
U002817,O006688,350.83,2026-02-24,454061
U002818,O006689,912.3,2025-12-03,241194
U002818,O006690,650.99,2025-12-23,241194
U002818,O006691,1153.78,2026-03-23,241194
U002818,O006692,468.81,2026-04-05,241194
U002819,O006693,825.4,2026-02-25,753312
U002819,O006694,513.42,2026-02-28,753312
U002819,O006695,291.11,2026-03-07,753312
U002821,O006696,757.09,2026-01-02,877922
U002821,O006697,613.55,2026-01-13,877922
U002821,O006698,565.85,2026-02-04,877922
U002822,O006699,720.56,2026-08-09,669391
U002823,O006700,49.0,2026-08-23,358348
U002824,O006701,600.71,2025-10-30,615924
U002824,O006702,576.56,2026-01-15,615924
U002825,O006703,370.81,2026-05-14,863652
U002825,O006704,1390.72,2026-05-25,863652
U002825,O006705,756.12,2026-07-05,863652
U002826,O006706,804.98,2026-07-26,440659
U002826,O006707,628.43,2026-07-31,440659
U002827,O006708,391.75,2025-09-20,739202
U002827,O006709,828.01,2025-10-01,739202
U002828,O006710,306.37,2025-11-25,464573
U002829,O006711,589.84,2026-02-11,865376
U002829,O006712,199.38,2026-02-20,865376
U002829,O006713,623.47,2026-03-15,865376
U002829,O006714,406.34,2026-04-11,865376
U002830,O006715,755.01,2026-07-26,753523
U002831,O006716,724.42,2026-03-06,190921
U002831,O006717,819.38,2026-03-12,190921
U002831,O006718,535.11,2026-03-22,190921
U002832,O006719,551.57,2026-04-09,703350
U002832,O006720,632.85,2026-04-27,703350
U002832,O006721,559.27,2026-05-23,703350
U002833,O006722,594.37,2026-07-03,876207
U002833,O006723,360.83,2026-07-16,876207
U002833,O006724,516.42,2026-07-18,876207
U002834,O006725,655.03,2026-04-14,872015
U002834,O006726,964.48,2026-06-08,872015
U002835,O006727,765.63,2026-01-09,825286
U002835,O006728,852.76,2026-01-22,825286
U002836,O006729,750.45,2025-11-08,641768
U002836,O006730,632.64,2025-11-23,641768
U002836,O006731,684.79,2025-12-24,641768
U002836,O006732,49.0,2026-01-03,641768
U002836,O006733,835.47,2026-02-06,641768
U002836,O006734,1006.74,2026-04-11,641768
U002837,O006735,246.88,2026-03-15,846007
U002838,O006736,487.98,2026-07-09,838818
U002838,O006737,429.24,2026-08-24,838818
U002839,O006738,1023.85,2026-03-16,756676
U002839,O006739,538.74,2026-05-16,756676
U002839,O006740,880.65,2026-06-28,756676
U002840,O006741,442.08,2026-04-12,658099
U002840,O006742,481.49,2026-05-13,658099
U002841,O006743,717.5,2025-10-09,307693
U002841,O006744,692.0,2025-10-25,307693
U002842,O006745,992.08,2026-05-21,558980
U002842,O006746,613.6,2026-06-08,558980
U002843,O006747,991.02,2025-10-20,288336
U002843,O006748,1131.54,2025-11-02,288336
U002843,O006749,516.86,2025-12-01,288336
U002843,O006750,399.6,2026-01-02,288336
U002844,O006751,169.43,2026-08-11,456477
U002844,O006752,1186.05,2026-08-18,456477
U002845,O006753,421.66,2025-09-28,229305
U002846,O006754,924.75,2026-05-29,179216
U002846,O006755,594.72,2026-07-31,179216
U002847,O006756,1255.94,2026-04-27,186250
U002847,O006757,964.89,2026-05-16,186250
U002847,O006758,300.97,2026-05-29,186250
U002847,O006759,484.98,2026-07-11,186250
U002849,O006760,720.91,2026-05-23,792662
U002849,O006761,673.93,2026-06-19,792662
U002849,O006762,224.72,2026-07-23,792662
U002850,O006763,577.11,2026-07-21,562190
U002851,O006764,1175.74,2025-10-15,470344
U002851,O006765,62.33,2025-12-06,470344
U002851,O006766,572.32,2025-12-30,470344
U002851,O006767,372.85,2026-02-27,470344
U002851,O006768,774.81,2026-07-27,470344
U002852,O006769,476.51,2025-11-25,265764
U002852,O006770,716.39,2025-11-26,265764
U002852,O006771,676.68,2026-01-05,265764
U002853,O006772,815.57,2025-11-08,843451
U002854,O006773,69.31,2025-11-27,287668
U002854,O006774,780.44,2026-02-16,287668
U002854,O006775,255.51,2026-02-27,287668
U002854,O006776,359.42,2026-03-04,287668
U002854,O006777,474.13,2026-03-19,287668
U002854,O006778,179.97,2026-04-08,287668
U002856,O006779,405.36,2026-01-31,371880
U002856,O006780,634.76,2026-02-10,371880
U002858,O006781,941.37,2026-01-01,514340
U002858,O006782,715.61,2026-02-17,514340
U002858,O006783,989.53,2026-03-13,514340
U002859,O006784,695.52,2026-01-29,856388
U002859,O006785,307.71,2026-02-23,856388
U002859,O006786,679.97,2026-03-19,856388
U002860,O006787,1188.68,2025-10-25,862008
U002862,O006788,380.85,2026-07-25,832787
U002863,O006789,515.67,2026-05-17,515084
U002863,O006790,722.53,2026-05-20,515084
U002864,O006791,787.81,2026-02-26,503111
U002864,O006792,1037.39,2026-03-31,503111
U002865,O006793,109.43,2025-12-28,537266
U002865,O006794,723.02,2026-02-02,537266
U002865,O006795,718.92,2026-02-16,537266
U002866,O006796,728.99,2026-03-24,805851
U002866,O006797,505.38,2026-05-26,805851
U002867,O006798,596.38,2026-08-05,522888
U002868,O006799,254.86,2026-07-08,557393
U002868,O006800,1084.94,2026-08-03,557393
U002868,O006801,1152.22,2026-08-09,557393
U002869,O006802,931.77,2026-05-18,264048
U002869,O006803,933.3,2026-07-01,264048
U002869,O006804,779.25,2026-07-31,264048
U002870,O006805,1001.76,2026-03-04,814853
U002870,O006806,523.46,2026-03-12,814853
U002870,O006807,503.55,2026-04-20,814853
U002870,O006808,49.0,2026-04-24,814853
U002871,O006809,589.86,2026-01-18,679636
U002872,O006810,616.82,2025-12-12,553881
U002872,O006811,590.42,2025-12-23,553881
U002872,O006812,774.46,2026-02-10,553881
U002872,O006813,877.57,2026-02-14,553881
U002872,O006814,165.37,2026-03-18,553881
U002872,O006815,914.51,2026-04-20,553881
U002872,O006816,279.48,2026-07-17,553881
U002873,O006817,547.46,2026-06-04,536546
U002873,O006818,597.54,2026-06-08,536546
U002873,O006819,1173.72,2026-08-05,536546
U002875,O006820,269.28,2025-09-21,319893
U002875,O006821,706.97,2025-10-22,319893
U002875,O006822,1217.78,2025-10-27,319893
U002876,O006823,483.55,2025-10-12,401413
U002876,O006824,569.52,2025-10-17,401413
U002877,O006825,668.17,2026-06-05,353648
U002878,O006826,495.91,2025-10-26,653270
U002878,O006827,616.41,2025-11-08,653270
U002880,O006828,592.24,2026-03-01,194723
U002881,O006829,122.99,2025-10-11,895908
U002881,O006830,290.43,2026-01-14,895908
U002882,O006831,387.34,2026-02-16,138434
U002882,O006832,539.32,2026-02-22,138434
U002882,O006833,208.41,2026-04-04,138434
U002885,O006834,783.82,2026-08-16,777470
U002886,O006835,566.2,2025-09-27,114237
U002886,O006836,836.96,2025-10-09,114237
U002886,O006837,918.66,2025-10-26,114237
U002887,O006838,728.56,2025-09-18,718115
U002887,O006839,782.45,2025-09-25,718115
U002887,O006840,803.96,2025-10-11,718115
U002889,O006841,814.87,2025-09-22,122158
U002889,O006842,638.39,2025-10-10,122158
U002889,O006843,627.4,2025-10-24,122158
U002889,O006844,319.82,2025-11-12,122158
U002889,O006845,1222.87,2025-11-30,122158
U002889,O006846,584.75,2025-12-18,122158
U002890,O006847,671.48,2025-10-16,878174
U002890,O006848,632.24,2026-01-12,878174
U002891,O006849,326.46,2026-08-04,221650
U002891,O006850,1094.97,2026-08-12,221650
U002891,O006851,639.68,2026-08-20,221650
U002892,O006852,684.96,2025-09-07,815768
U002893,O006853,861.59,2026-07-02,494695
U002893,O006854,446.67,2026-07-31,494695
U002893,O006855,712.39,2026-08-04,494695
U002895,O006856,883.46,2026-07-21,672183
U002897,O006857,571.6,2025-10-22,635916
U002897,O006858,562.38,2025-10-26,635916
U002897,O006859,613.99,2025-11-27,635916
U002900,O006860,341.23,2026-03-31,695038
U002901,O006861,418.21,2026-04-15,320151
U002902,O006862,662.6,2026-06-20,716882
U002902,O006863,577.83,2026-06-29,716882
U002903,O006864,682.59,2026-05-19,308692
U002904,O006865,317.73,2026-01-28,515198
U002904,O006866,873.84,2026-02-24,515198
U002905,O006867,295.04,2026-05-15,521045
U002906,O006868,363.62,2025-12-11,148696
U002906,O006869,865.26,2026-01-17,148696
U002906,O006870,488.72,2026-04-09,148696
U002906,O006871,203.3,2026-04-17,148696
U002906,O006872,615.45,2026-04-27,148696
U002908,O006873,493.55,2025-11-20,679847
U002908,O006874,426.77,2025-12-03,679847
U002908,O006875,722.88,2025-12-28,679847
U002909,O006876,278.82,2026-05-10,678007
U002909,O006877,796.13,2026-07-16,678007
U002910,O006878,370.82,2026-06-13,560503
U002910,O006879,198.42,2026-07-04,560503
U002910,O006880,794.47,2026-07-09,560503
U002910,O006881,900.63,2026-08-09,560503
U002910,O006882,1150.7,2026-08-15,560503
U002911,O006883,1136.63,2026-04-30,795178
U002911,O006884,1082.37,2026-05-18,795178
U002911,O006885,1086.98,2026-05-30,795178
U002911,O006886,388.38,2026-07-20,795178
U002911,O006887,483.43,2026-08-08,795178
U002912,O006888,891.43,2025-10-22,827324
U002912,O006889,564.59,2026-02-12,827324
U002912,O006890,795.47,2026-02-14,827324
U002913,O006891,1004.82,2026-04-10,209523
U002913,O006892,440.06,2026-05-21,209523
U002913,O006893,710.38,2026-06-11,209523
U002914,O006894,882.0,2026-03-25,439278
U002916,O006895,739.8,2026-04-05,421488
U002916,O006896,783.19,2026-04-22,421488
U002916,O006897,775.86,2026-06-30,421488
U002916,O006898,826.65,2026-07-11,421488
U002917,O006899,991.54,2026-01-11,545751
U002917,O006900,78.13,2026-05-21,545751
U002917,O006901,927.43,2026-06-21,545751
U002919,O006902,742.34,2026-01-12,250494
U002919,O006903,562.84,2026-01-15,250494
U002922,O006904,657.75,2026-06-24,759344
U002922,O006905,565.02,2026-08-02,759344
U002923,O006906,1215.88,2025-12-11,520093
U002923,O006907,861.88,2025-12-20,520093
U002923,O006908,687.47,2026-01-26,520093
U002923,O006909,638.22,2026-02-23,520093
U002924,O006910,909.68,2025-12-02,334279
U002924,O006911,531.66,2025-12-17,334279
U002924,O006912,970.09,2025-12-23,334279
U002924,O006913,704.62,2026-01-23,334279
U002924,O006914,473.89,2026-01-29,334279
U002925,O006915,645.58,2025-11-01,830731
U002925,O006916,1141.6,2025-11-15,830731
U002926,O006917,105.51,2025-11-10,393796
U002926,O006918,376.63,2025-12-18,393796
U002926,O006919,1009.75,2026-01-12,393796
U002927,O006920,516.53,2026-04-12,730026
U002928,O006921,431.35,2026-08-08,487771
U002929,O006922,754.44,2026-02-07,373897
U002929,O006923,259.75,2026-03-05,373897
U002929,O006924,538.5,2026-05-23,373897
U002929,O006925,937.67,2026-08-07,373897
U002930,O006926,861.58,2026-03-04,839316
U002930,O006927,652.36,2026-04-17,839316
U002930,O006928,1382.42,2026-04-23,839316
U002930,O006929,697.15,2026-05-21,839316
U002930,O006930,497.66,2026-05-22,839316
U002930,O006931,727.59,2026-06-28,839316
U002930,O006932,777.69,2026-08-18,839316
U002930,O006933,588.73,2026-08-25,839316
U002931,O006934,840.63,2026-05-25,354673
U002931,O006935,919.29,2026-05-31,354673
U002931,O006936,641.19,2026-06-24,354673
U002931,O006937,593.36,2026-07-05,354673
U002932,O006938,452.83,2026-07-29,831750
U002933,O006939,795.66,2026-02-14,799235
U002933,O006940,785.37,2026-04-25,799235
U002933,O006941,800.93,2026-05-07,799235
U002935,O006942,406.84,2026-02-19,190730
U002936,O006943,1171.63,2025-12-05,668891
U002936,O006944,883.23,2026-01-08,668891
U002936,O006945,1184.43,2026-02-17,668891
U002937,O006946,806.22,2026-04-09,660109
U002938,O006947,336.28,2026-05-03,442873
U002939,O006948,401.67,2026-01-17,546133
U002942,O006949,864.92,2026-05-06,661620
U002942,O006950,921.65,2026-06-01,661620
U002942,O006951,852.7,2026-06-21,661620
U002943,O006952,607.11,2026-07-29,147026
U002943,O006953,709.42,2026-08-13,147026
U002944,O006954,301.03,2026-06-24,886051
U002944,O006955,115.15,2026-07-07,886051
U002945,O006956,780.04,2026-08-19,668755
U002946,O006957,1203.92,2026-02-05,366044
U002946,O006958,577.98,2026-03-31,366044
U002947,O006959,584.56,2025-11-20,740535
U002947,O006960,1151.16,2025-12-02,740535
U002947,O006961,429.13,2026-02-20,740535
U002948,O006962,154.57,2026-07-21,811517
U002948,O006963,318.41,2026-07-28,811517
U002948,O006964,387.3,2026-08-11,811517
U002949,O006965,898.41,2026-07-25,546215
U002949,O006966,351.52,2026-08-22,546215
U002951,O006967,944.41,2026-07-21,437687
U002952,O006968,382.46,2025-10-19,787005
U002952,O006969,550.21,2026-01-11,787005
U002952,O006970,472.5,2026-02-05,787005
U002953,O006971,822.61,2025-12-28,829755
U002953,O006972,256.49,2026-01-03,829755
U002954,O006973,1109.18,2026-04-06,189451
U002955,O006974,680.35,2026-01-26,153870
U002956,O006975,376.81,2025-11-26,507275
U002956,O006976,440.68,2026-01-11,507275
U002956,O006977,155.25,2026-01-13,507275
U002956,O006978,585.75,2026-01-31,507275
U002956,O006979,1194.3,2026-02-18,507275
U002956,O006980,280.44,2026-03-08,507275
U002956,O006981,612.56,2026-04-14,507275
U002957,O006982,779.47,2026-07-19,864443
U002957,O006983,600.73,2026-08-06,864443
U002957,O006984,259.07,2026-08-09,864443
U002958,O006985,827.06,2026-08-01,422048
U002958,O006986,377.03,2026-08-06,422048
U002959,O006987,637.42,2026-04-29,184657
U002960,O006988,726.16,2026-06-23,681801
U002960,O006989,545.66,2026-08-12,681801
U002961,O006990,270.47,2026-04-05,569816
U002961,O006991,295.56,2026-08-01,569816
U002962,O006992,673.03,2025-10-30,575488
U002963,O006993,260.87,2025-12-06,774121
U002963,O006994,387.98,2025-12-21,774121
U002963,O006995,793.49,2025-12-22,774121
U002964,O006996,996.44,2026-03-12,184248
U002966,O006997,1083.77,2025-11-10,210628
U002966,O006998,786.43,2025-11-17,210628
U002966,O006999,661.4,2025-11-28,210628
U002966,O007000,527.52,2025-12-15,210628
U002966,O007001,650.39,2026-01-06,210628
U002967,O007002,893.16,2025-12-03,206456
U002968,O007003,49.0,2026-06-14,512786
U002970,O007004,979.99,2025-11-27,516958
U002970,O007005,437.12,2025-12-08,516958
U002970,O007006,520.56,2025-12-27,516958
U002971,O007007,201.48,2026-07-07,426576
U002971,O007008,756.97,2026-07-19,426576
U002972,O007009,568.84,2026-06-05,791475
U002972,O007010,533.91,2026-07-17,791475
U002972,O007011,273.75,2026-07-28,791475
U002973,O007012,1094.27,2026-02-25,173929
U002975,O007013,730.42,2026-03-07,144168
U002975,O007014,624.79,2026-06-10,144168
U002978,O007015,671.63,2026-03-04,690509
U002978,O007016,696.54,2026-03-10,690509
U002978,O007017,280.07,2026-04-10,690509
U002980,O007018,364.1,2026-05-04,258116
U002980,O007019,643.41,2026-05-12,258116
U002982,O007020,389.04,2026-03-08,586545
U002983,O007021,716.51,2026-01-18,136514
U002983,O007022,613.99,2026-01-31,136514
U002984,O007023,579.9,2025-09-14,149390
U002985,O007024,601.32,2026-04-06,110912
U002985,O007025,476.17,2026-05-21,110912
U002985,O007026,758.94,2026-06-18,110912
U002985,O007027,76.68,2026-07-03,110912
U002986,O007028,1120.07,2025-10-04,851388
U002986,O007029,752.41,2025-11-09,851388
U002986,O007030,631.85,2025-11-19,851388
U002986,O007031,109.58,2026-02-02,851388
U002987,O007032,93.97,2025-11-21,829217
U002987,O007033,561.97,2025-11-30,829217
U002987,O007034,389.36,2026-01-25,829217
U002987,O007035,842.04,2026-02-17,829217
U002988,O007036,1212.72,2026-02-19,227796
U002989,O007037,1318.61,2025-12-01,825511
U002989,O007038,1061.99,2026-01-01,825511
U002990,O007039,885.27,2026-05-11,803065
U002990,O007040,1085.52,2026-05-21,803065
U002990,O007041,373.05,2026-06-02,803065
U002990,O007042,280.55,2026-07-28,803065
U002992,O007043,308.37,2026-05-08,417277
U002992,O007044,889.46,2026-06-21,417277
U002992,O007045,373.89,2026-07-13,417277
U002992,O007046,167.57,2026-07-18,417277
U002993,O007047,706.89,2026-04-29,634791
U002994,O007048,495.62,2026-07-10,414905
U002994,O007049,979.56,2026-08-20,414905
U002995,O007050,773.75,2026-08-10,176779
U002995,O007051,538.38,2026-08-25,176779
U002997,O007052,282.84,2025-10-20,818206
U002997,O007053,1125.05,2025-11-13,818206
U002997,O007054,229.59,2025-12-10,818206
U002997,O007055,794.82,2026-01-03,818206
U002998,O007056,917.4,2026-07-06,737652
U002998,O007057,1274.02,2026-07-28,737652
U002999,O007058,544.49,2026-03-27,222177
U002999,O007059,49.0,2026-08-24,222177
U003000,O007060,945.31,2026-07-06,785126
U003001,O007061,630.53,2026-03-18,275862
U003002,O007062,888.24,2026-08-13,413821
U003003,O007063,778.6,2026-06-21,213051
U003003,O007064,577.73,2026-07-22,213051
U003003,O007065,800.3,2026-08-11,213051
U003004,O007066,363.96,2026-06-21,603732
U003004,O007067,206.74,2026-07-31,603732
U003005,O007068,736.46,2026-05-10,464283
U003006,O007069,234.96,2026-06-19,510093
U003006,O007070,790.94,2026-08-21,510093
U003007,O007071,612.43,2026-05-10,460731
U003010,O007072,456.21,2026-06-03,571437
U003010,O007073,293.93,2026-06-11,571437
U003010,O007074,217.65,2026-06-30,571437
U003011,O007075,306.58,2026-02-16,801876
U003012,O007076,189.8,2026-04-07,466644
U003012,O007077,514.76,2026-04-17,466644
U003012,O007078,1054.79,2026-06-02,466644
U003012,O007079,567.0,2026-07-04,466644
U003013,O007080,847.12,2026-05-05,336405
U003013,O007081,501.37,2026-05-22,336405
U003014,O007082,1009.95,2026-04-23,222477
U003014,O007083,696.09,2026-05-04,222477
U003014,O007084,654.07,2026-07-21,222477
U003015,O007085,698.61,2025-11-06,588370
U003015,O007086,676.9,2026-01-15,588370
U003016,O007087,805.95,2026-06-16,648618
U003016,O007088,737.92,2026-07-29,648618
U003017,O007089,453.67,2025-09-29,537894
U003017,O007090,673.04,2025-10-12,537894
U003018,O007091,605.78,2026-07-01,534271
U003018,O007092,588.42,2026-07-27,534271
U003019,O007093,547.54,2026-01-14,584325
U003019,O007094,671.69,2026-01-19,584325
U003019,O007095,1005.18,2026-02-14,584325
U003019,O007096,1141.84,2026-02-18,584325
U003020,O007097,222.01,2026-07-03,255013
U003020,O007098,193.29,2026-08-25,255013
U003021,O007099,545.07,2026-04-23,802614
U003022,O007100,851.12,2026-01-12,763130
U003022,O007101,918.99,2026-03-06,763130
U003022,O007102,955.12,2026-05-21,763130
U003023,O007103,749.05,2026-05-24,485792
U003023,O007104,80.85,2026-06-01,485792
U003023,O007105,89.87,2026-06-30,485792
U003023,O007106,659.62,2026-07-09,485792
U003024,O007107,794.3,2025-10-29,535065
U003024,O007108,336.79,2025-11-10,535065
U003026,O007109,374.1,2026-07-16,521596
U003027,O007110,964.73,2026-04-28,464545
U003027,O007111,595.82,2026-05-25,464545
U003027,O007112,675.6,2026-06-11,464545
U003028,O007113,246.57,2025-10-27,380556
U003028,O007114,382.54,2025-11-17,380556
U003028,O007115,654.82,2025-12-19,380556
U003028,O007116,1375.34,2026-01-01,380556
U003029,O007117,704.06,2026-01-30,830388
U003029,O007118,1105.88,2026-03-08,830388
U003029,O007119,826.31,2026-04-30,830388
U003029,O007120,721.52,2026-05-29,830388
U003029,O007121,717.55,2026-07-25,830388
U003030,O007122,181.07,2026-03-19,869731
U003030,O007123,828.78,2026-04-27,869731
U003031,O007124,911.22,2026-05-14,510629
U003031,O007125,902.47,2026-05-18,510629
U003033,O007126,319.78,2026-04-13,695498
U003033,O007127,446.91,2026-06-25,695498
U003033,O007128,284.75,2026-06-27,695498
U003034,O007129,747.78,2026-02-03,134237
U003034,O007130,731.31,2026-02-27,134237
U003035,O007131,359.77,2026-08-22,860707
U003036,O007132,751.96,2026-01-11,116083
U003036,O007133,1033.76,2026-02-10,116083
U003036,O007134,956.11,2026-04-03,116083
U003036,O007135,937.89,2026-04-10,116083
U003037,O007136,936.08,2026-01-22,295993
U003037,O007137,404.83,2026-02-10,295993
U003038,O007138,718.42,2026-02-01,587287
U003038,O007139,457.97,2026-02-15,587287
U003038,O007140,658.57,2026-03-20,587287
U003039,O007141,1109.84,2025-11-30,314307
U003040,O007142,1161.49,2026-05-01,152203
U003040,O007143,423.31,2026-05-03,152203
U003041,O007144,1063.68,2026-01-14,379961
U003041,O007145,347.7,2026-02-26,379961
U003042,O007146,890.76,2026-01-25,465955
U003042,O007147,639.77,2026-02-24,465955
U003042,O007148,932.36,2026-02-26,465955
U003043,O007149,675.14,2026-03-15,205274
U003043,O007150,49.0,2026-03-26,205274
U003044,O007151,653.57,2026-05-21,503258
U003044,O007152,586.08,2026-06-02,503258
U003044,O007153,777.8,2026-06-24,503258
U003046,O007154,910.78,2026-02-16,517889
U003046,O007155,1198.95,2026-02-27,517889
U003047,O007156,683.41,2026-07-14,522039
U003048,O007157,674.03,2025-09-30,602375
U003048,O007158,784.11,2025-10-15,602375
U003049,O007159,762.11,2026-06-03,548898
U003049,O007160,525.04,2026-07-28,548898
U003050,O007161,826.75,2025-10-27,573799
U003051,O007162,933.61,2025-12-29,761857
U003051,O007163,679.48,2025-12-31,761857
U003052,O007164,408.86,2026-05-28,405595
U003054,O007165,636.35,2026-08-19,285187
U003056,O007166,616.03,2026-04-16,880484
U003056,O007167,630.48,2026-04-28,880484
U003056,O007168,780.14,2026-07-01,880484
U003056,O007169,720.78,2026-07-10,880484
U003060,O007170,868.09,2026-05-30,590716
U003060,O007171,249.5,2026-08-20,590716
U003061,O007172,815.12,2026-08-24,668510
U003062,O007173,990.31,2026-01-15,286809
U003062,O007174,706.98,2026-01-26,286809
U003063,O007175,1258.04,2026-03-18,190836
U003063,O007176,590.27,2026-05-17,190836
U003063,O007177,211.48,2026-05-20,190836
U003064,O007178,917.87,2026-02-27,545553
U003064,O007179,399.48,2026-04-06,545553
U003064,O007180,838.69,2026-05-19,545553
U003065,O007181,68.83,2025-11-30,573419
U003066,O007182,970.82,2026-03-03,812674
U003066,O007183,257.8,2026-03-15,812674
U003066,O007184,228.46,2026-04-03,812674
U003067,O007185,862.16,2026-03-16,323622
U003067,O007186,744.86,2026-05-07,323622
U003067,O007187,384.05,2026-05-25,323622
U003068,O007188,708.93,2026-06-06,341668
U003068,O007189,49.0,2026-06-27,341668
U003068,O007190,619.96,2026-07-02,341668
U003068,O007191,79.79,2026-07-30,341668
U003069,O007192,863.04,2026-08-24,145965
U003071,O007193,165.24,2025-11-23,687697
U003072,O007194,1115.13,2026-05-11,541424
U003073,O007195,1124.78,2026-07-05,391336
U003075,O007196,583.92,2026-07-31,338370
U003075,O007197,643.98,2026-08-02,338370
U003076,O007198,373.26,2026-03-10,317066
U003076,O007199,1058.51,2026-03-26,317066
U003077,O007200,832.63,2026-04-17,836070
U003077,O007201,1146.62,2026-06-06,836070
U003077,O007202,1058.72,2026-07-20,836070
U003077,O007203,466.01,2026-08-16,836070
U003078,O007204,1053.27,2026-01-15,581884
U003078,O007205,953.49,2026-02-10,581884
U003079,O007206,1322.25,2026-06-04,496026
U003079,O007207,634.22,2026-08-09,496026
U003080,O007208,323.93,2026-01-15,406824
U003080,O007209,414.47,2026-04-03,406824
U003080,O007210,1044.02,2026-04-05,406824
U003080,O007211,730.44,2026-05-08,406824
U003080,O007212,848.21,2026-06-27,406824
U003080,O007213,938.55,2026-08-01,406824
U003080,O007214,560.52,2026-08-24,406824
U003082,O007215,964.79,2026-07-06,869218
U003082,O007216,707.13,2026-07-10,869218
U003083,O007217,750.41,2026-03-14,208529
U003083,O007218,1196.83,2026-03-23,208529
U003083,O007219,307.84,2026-05-06,208529
U003083,O007220,168.32,2026-06-12,208529
U003083,O007221,360.58,2026-06-24,208529
U003084,O007222,696.4,2026-08-20,241168
U003085,O007223,527.87,2026-04-17,893489
U003085,O007224,961.02,2026-04-25,893489
U003086,O007225,769.33,2026-06-08,898405
U003087,O007226,481.31,2026-06-07,218452
U003088,O007227,1046.41,2026-02-22,377026
U003089,O007228,215.79,2026-04-13,675620
U003089,O007229,582.55,2026-05-04,675620
U003089,O007230,434.62,2026-05-21,675620
U003089,O007231,280.48,2026-05-26,675620
U003089,O007232,546.51,2026-06-25,675620
U003089,O007233,820.66,2026-08-08,675620
U003090,O007234,1091.21,2026-06-18,831362
U003090,O007235,880.24,2026-07-02,831362
U003090,O007236,1027.01,2026-07-10,831362
U003090,O007237,417.66,2026-07-26,831362
U003091,O007238,591.68,2026-08-20,820348
U003091,O007239,844.9,2026-08-24,820348
U003092,O007240,424.49,2026-04-09,162112
U003092,O007241,700.17,2026-06-04,162112
U003093,O007242,251.01,2025-11-01,652684
U003093,O007243,950.07,2025-11-26,652684
U003094,O007244,115.21,2026-06-01,171961
U003094,O007245,515.96,2026-08-19,171961
U003095,O007246,298.83,2025-10-21,409640
U003095,O007247,969.86,2025-12-05,409640
U003095,O007248,450.59,2026-02-09,409640
U003095,O007249,480.86,2026-02-14,409640
U003096,O007250,868.38,2026-06-22,513452
U003096,O007251,855.01,2026-08-08,513452
U003096,O007252,783.35,2026-08-13,513452
U003097,O007253,49.0,2026-02-22,241241
U003097,O007254,167.61,2026-03-20,241241
U003098,O007255,1145.09,2026-03-15,279073
U003098,O007256,270.82,2026-04-04,279073
U003099,O007257,330.57,2025-10-28,415199
U003099,O007258,272.48,2026-01-19,415199
U003099,O007259,136.95,2026-02-03,415199
U003099,O007260,979.07,2026-03-11,415199
U003099,O007261,323.97,2026-03-31,415199
U003100,O007262,451.92,2026-06-18,607223
U003100,O007263,822.13,2026-07-07,607223
U003100,O007264,710.66,2026-07-18,607223
U003101,O007265,49.0,2026-04-20,783238
U003101,O007266,569.65,2026-07-03,783238
U003102,O007267,464.07,2026-03-30,164108
U003102,O007268,1127.8,2026-05-23,164108
U003102,O007269,433.39,2026-05-27,164108
U003102,O007270,784.33,2026-05-28,164108
U003102,O007271,492.84,2026-07-24,164108
U003103,O007272,537.99,2025-09-16,331844
U003103,O007273,602.36,2025-10-04,331844
U003103,O007274,466.28,2025-10-12,331844
U003104,O007275,569.89,2026-07-27,843543
U003105,O007276,577.04,2026-08-04,886444
U003105,O007277,910.26,2026-08-24,886444
U003106,O007278,413.99,2025-12-29,410636
U003106,O007279,615.9,2026-01-08,410636
U003107,O007280,878.16,2026-01-10,454916
U003107,O007281,273.71,2026-02-19,454916
U003108,O007282,49.0,2025-12-04,213968
U003108,O007283,1112.92,2026-01-02,213968
U003109,O007284,298.45,2025-10-06,114949
U003109,O007285,210.83,2026-02-12,114949
U003109,O007286,719.75,2026-02-23,114949
U003109,O007287,630.12,2026-02-28,114949
U003109,O007288,1339.83,2026-06-20,114949
U003111,O007289,433.11,2025-10-16,742564
U003111,O007290,872.56,2025-12-07,742564
U003111,O007291,1268.84,2025-12-17,742564
U003112,O007292,716.34,2025-10-20,631237
U003114,O007293,320.64,2025-12-09,729744
U003114,O007294,409.55,2026-01-07,729744
U003114,O007295,927.2,2026-01-08,729744
U003114,O007296,179.35,2026-01-23,729744
U003114,O007297,530.44,2026-02-07,729744
U003115,O007298,794.7,2026-03-29,343818
U003115,O007299,123.16,2026-04-24,343818
U003115,O007300,669.79,2026-05-10,343818
U003116,O007301,1017.77,2026-01-01,303366
U003116,O007302,1010.22,2026-01-20,303366
U003116,O007303,1252.54,2026-01-24,303366
U003116,O007304,750.34,2026-03-08,303366
U003116,O007305,751.33,2026-06-02,303366
U003116,O007306,865.24,2026-06-07,303366
U003117,O007307,892.96,2026-03-12,276133
U003117,O007308,1082.21,2026-04-14,276133
U003117,O007309,607.75,2026-04-21,276133
U003117,O007310,547.83,2026-04-25,276133
U003117,O007311,465.95,2026-06-29,276133
U003119,O007312,1013.96,2026-07-07,491239
U003119,O007313,77.29,2026-07-22,491239
U003119,O007314,810.55,2026-08-03,491239
U003119,O007315,448.32,2026-08-11,491239
U003120,O007316,583.63,2026-05-06,507375
U003121,O007317,1282.26,2025-10-25,281222
U003121,O007318,594.48,2025-12-01,281222
U003121,O007319,315.09,2025-12-05,281222
U003122,O007320,962.77,2026-07-12,828206
U003124,O007321,597.43,2026-07-19,486612
U003125,O007322,797.48,2026-02-14,403883
U003125,O007323,240.05,2026-02-24,403883
U003126,O007324,1020.25,2026-04-13,794867
U003127,O007325,694.16,2026-05-18,524722
U003127,O007326,696.54,2026-05-23,524722
U003127,O007327,456.64,2026-05-30,524722
U003129,O007328,855.68,2026-06-08,735077
U003129,O007329,387.9,2026-06-11,735077
U003131,O007330,741.91,2026-06-08,767987
U003131,O007331,127.74,2026-06-23,767987
U003131,O007332,1019.26,2026-07-15,767987
U003133,O007333,268.49,2026-01-11,377007
U003134,O007334,484.66,2026-03-16,383867
U003134,O007335,473.44,2026-04-26,383867
U003134,O007336,961.7,2026-06-07,383867
U003134,O007337,620.7,2026-08-13,383867
U003134,O007338,341.48,2026-08-24,383867
U003135,O007339,630.9,2026-06-10,520203
U003138,O007340,1217.37,2026-01-30,413890
U003138,O007341,620.39,2026-03-21,413890
U003138,O007342,719.18,2026-03-22,413890
U003138,O007343,929.56,2026-03-24,413890
U003139,O007344,944.96,2026-04-30,253939
U003139,O007345,1023.69,2026-05-09,253939
U003139,O007346,731.49,2026-05-31,253939
U003139,O007347,1244.43,2026-06-26,253939
U003140,O007348,826.98,2025-09-08,527191
U003140,O007349,944.45,2025-12-11,527191
U003140,O007350,469.12,2026-01-16,527191
U003140,O007351,633.14,2026-03-01,527191
U003141,O007352,636.69,2026-06-18,198458
U003141,O007353,157.74,2026-06-26,198458
U003141,O007354,242.28,2026-08-13,198458
U003142,O007355,543.41,2025-11-14,442017
U003142,O007356,749.95,2026-01-04,442017
U003142,O007357,248.44,2026-01-15,442017
U003143,O007358,954.58,2025-11-12,384359
U003143,O007359,496.46,2025-11-14,384359
U003144,O007360,682.29,2025-11-08,184314
U003144,O007361,402.31,2025-11-18,184314
U003145,O007362,517.67,2025-10-07,381655
U003146,O007363,840.7,2026-07-06,338512
U003146,O007364,1120.03,2026-07-13,338512
U003146,O007365,1009.91,2026-08-02,338512
U003147,O007366,1303.79,2026-07-12,376223
U003148,O007367,557.45,2025-11-17,310564
U003148,O007368,654.39,2025-12-13,310564
U003148,O007369,793.84,2025-12-31,310564
U003149,O007370,1000.77,2026-08-21,232690
U003150,O007371,785.47,2026-03-16,868981
U003150,O007372,788.84,2026-03-24,868981
U003150,O007373,876.18,2026-05-24,868981
U003151,O007374,936.63,2026-01-13,366735
U003151,O007375,707.08,2026-01-28,366735
U003151,O007376,627.58,2026-03-02,366735
U003151,O007377,1189.72,2026-05-01,366735
U003152,O007378,664.79,2026-02-19,107811
U003152,O007379,717.67,2026-03-08,107811
U003152,O007380,812.14,2026-03-28,107811
U003152,O007381,352.47,2026-06-07,107811
U003152,O007382,387.95,2026-08-16,107811
U003153,O007383,908.74,2026-02-19,220869
U003153,O007384,734.5,2026-03-21,220869
U003154,O007385,905.12,2026-08-26,574639
U003155,O007386,892.05,2026-08-01,874444
U003155,O007387,164.45,2026-08-12,874444
U003155,O007388,746.71,2026-08-21,874444
U003156,O007389,784.04,2025-10-15,162019
U003156,O007390,1068.3,2025-11-21,162019
U003156,O007391,671.98,2026-01-15,162019
U003157,O007392,167.45,2026-04-28,425531
U003158,O007393,452.91,2026-05-25,390925
U003158,O007394,802.82,2026-06-01,390925
U003159,O007395,568.9,2026-02-16,733633
U003160,O007396,471.84,2026-03-15,256847
U003160,O007397,569.98,2026-05-21,256847
U003160,O007398,788.9,2026-06-13,256847
U003160,O007399,1182.84,2026-07-26,256847
U003160,O007400,681.62,2026-08-04,256847
U003161,O007401,525.74,2025-10-27,872272
U003161,O007402,756.76,2025-11-11,872272
U003162,O007403,771.29,2026-06-30,177381
U003162,O007404,417.31,2026-07-09,177381
U003163,O007405,708.43,2025-11-18,682805
U003163,O007406,663.07,2025-12-01,682805
U003163,O007407,579.84,2025-12-14,682805
U003163,O007408,384.56,2026-01-23,682805
U003163,O007409,535.44,2026-02-07,682805
U003165,O007410,1189.27,2025-09-18,824459
U003165,O007411,515.21,2025-11-17,824459
U003166,O007412,258.22,2026-07-10,461544
U003166,O007413,144.61,2026-08-09,461544
U003167,O007414,978.81,2026-03-02,242799
U003167,O007415,573.25,2026-03-29,242799
U003168,O007416,917.41,2025-10-22,591597
U003168,O007417,645.31,2025-11-04,591597
U003169,O007418,248.46,2026-03-20,239071
U003169,O007419,493.95,2026-04-09,239071
U003169,O007420,49.0,2026-04-30,239071
U003170,O007421,1013.8,2025-11-22,646175
U003170,O007422,414.05,2025-11-25,646175
U003171,O007423,504.96,2026-05-16,193717
U003172,O007424,926.36,2026-08-23,108392
U003173,O007425,1017.59,2025-11-18,402503
U003173,O007426,1236.22,2025-12-14,402503
U003173,O007427,1004.69,2026-01-13,402503
U003173,O007428,602.35,2026-01-22,402503
U003174,O007429,709.29,2026-01-11,175085
U003174,O007430,461.04,2026-02-03,175085
U003174,O007431,452.43,2026-02-18,175085
U003175,O007432,417.87,2025-11-13,483736
U003176,O007433,876.55,2026-03-20,321449
U003176,O007434,865.02,2026-04-02,321449
U003176,O007435,959.64,2026-04-05,321449
U003177,O007436,1111.85,2026-03-10,770574
U003177,O007437,498.02,2026-03-24,770574
U003177,O007438,663.1,2026-04-07,770574
U003178,O007439,657.72,2026-07-06,702275
U003179,O007440,518.29,2026-08-01,175785
U003179,O007441,767.49,2026-08-11,175785
U003180,O007442,849.88,2025-12-24,664002
U003180,O007443,480.46,2025-12-31,664002
U003181,O007444,675.5,2025-11-15,468883
U003181,O007445,697.96,2025-11-30,468883
U003181,O007446,470.75,2026-01-10,468883
U003181,O007447,860.67,2026-01-15,468883
U003183,O007448,655.18,2026-03-20,883167
U003184,O007449,534.66,2026-05-26,420418
U003184,O007450,773.57,2026-06-01,420418
U003184,O007451,166.56,2026-06-26,420418
U003185,O007452,274.77,2026-02-08,794665
U003185,O007453,811.17,2026-03-23,794665
U003185,O007454,334.34,2026-03-31,794665
U003186,O007455,127.23,2026-01-25,746319
U003186,O007456,681.46,2026-02-27,746319
U003187,O007457,825.64,2026-03-18,333512
U003187,O007458,889.39,2026-05-26,333512
U003187,O007459,746.45,2026-08-04,333512
U003188,O007460,814.21,2025-12-04,107128
U003188,O007461,49.0,2025-12-08,107128
U003189,O007462,335.32,2026-05-27,856845
U003189,O007463,821.64,2026-08-22,856845
U003190,O007464,677.76,2026-01-12,786725
U003190,O007465,1098.59,2026-02-08,786725
U003191,O007466,270.93,2026-07-14,801866
U003191,O007467,272.62,2026-07-24,801866
U003191,O007468,483.95,2026-08-25,801866
U003192,O007469,1050.77,2025-12-03,124621
U003192,O007470,679.16,2026-01-08,124621
U003192,O007471,322.88,2026-01-13,124621
U003192,O007472,770.55,2026-02-03,124621
U003192,O007473,744.99,2026-02-06,124621
U003193,O007474,225.21,2026-02-09,299951
U003193,O007475,1060.71,2026-02-25,299951
U003194,O007476,775.46,2025-10-06,284856
U003194,O007477,49.0,2025-11-04,284856
U003195,O007478,336.95,2026-03-15,835107
U003195,O007479,1034.27,2026-05-06,835107
U003196,O007480,836.27,2026-07-05,673138
U003196,O007481,224.54,2026-07-06,673138
U003196,O007482,379.45,2026-07-22,673138
U003196,O007483,1223.9,2026-08-21,673138
U003197,O007484,1202.32,2025-10-30,301676
U003198,O007485,941.31,2026-06-29,714551
U003198,O007486,929.48,2026-07-05,714551
U003199,O007487,503.82,2025-12-31,830832
U003199,O007488,723.19,2026-01-21,830832
U003200,O007489,666.43,2025-10-12,719850
U003200,O007490,476.84,2025-10-18,719850
U003200,O007491,742.68,2025-11-15,719850
U003200,O007492,731.76,2026-01-04,719850
U003201,O007493,560.37,2026-01-04,715538
U003201,O007494,564.37,2026-01-11,715538
U003202,O007495,778.25,2026-07-12,738982
U003203,O007496,882.78,2025-12-25,231635
U003203,O007497,469.88,2025-12-28,231635
U003204,O007498,1443.01,2026-03-23,824920
U003204,O007499,584.98,2026-05-23,824920
U003204,O007500,550.66,2026-06-02,824920
U003205,O007501,205.58,2026-07-21,349747
U003206,O007502,175.28,2026-04-16,586245
U003206,O007503,1122.59,2026-04-18,586245
U003207,O007504,49.0,2026-05-21,811317
U003208,O007505,666.2,2026-07-22,697144
U003208,O007506,710.75,2026-08-09,697144
U003209,O007507,558.42,2025-11-25,732063
U003210,O007508,1090.8,2026-02-17,891662
U003211,O007509,709.28,2026-01-19,438961
U003211,O007510,589.75,2026-02-26,438961
U003211,O007511,544.73,2026-04-10,438961
U003212,O007512,867.35,2026-01-08,326719
U003212,O007513,455.25,2026-02-26,326719
U003212,O007514,660.58,2026-04-29,326719
U003212,O007515,1235.67,2026-08-18,326719
U003213,O007516,49.0,2026-06-10,454139
U003213,O007517,600.33,2026-07-13,454139
U003213,O007518,1131.39,2026-08-09,454139
U003214,O007519,941.24,2025-10-31,706781
U003214,O007520,892.33,2026-01-21,706781
U003215,O007521,524.7,2026-04-24,836946
U003215,O007522,210.33,2026-04-30,836946
U003215,O007523,431.06,2026-06-06,836946
U003215,O007524,970.94,2026-06-19,836946
U003215,O007525,980.18,2026-08-08,836946
U003216,O007526,125.48,2026-08-15,766922
U003217,O007527,817.8,2025-10-10,807073
U003217,O007528,686.1,2025-10-18,807073
U003217,O007529,115.82,2025-10-27,807073
U003217,O007530,65.03,2025-10-29,807073
U003218,O007531,265.04,2026-04-17,113091
U003219,O007532,174.91,2026-01-13,645828
U003220,O007533,1115.29,2026-03-28,553111
U003220,O007534,619.74,2026-04-04,553111
U003220,O007535,705.06,2026-04-13,553111
U003220,O007536,790.17,2026-05-21,553111
U003222,O007537,188.7,2026-03-24,747158
U003222,O007538,852.56,2026-05-18,747158
U003222,O007539,1315.91,2026-06-02,747158
U003222,O007540,740.66,2026-07-27,747158
U003223,O007541,722.53,2026-08-13,550657
U003226,O007542,97.02,2025-10-16,389427
U003226,O007543,669.95,2026-01-08,389427
U003226,O007544,840.3,2026-02-21,389427
U003226,O007545,1161.27,2026-03-07,389427
U003227,O007546,341.31,2025-11-19,510560
U003228,O007547,1032.45,2026-01-06,116396
U003228,O007548,493.85,2026-01-23,116396
U003228,O007549,356.93,2026-02-19,116396
U003229,O007550,879.6,2026-01-24,629988
U003230,O007551,681.65,2026-02-26,552067
U003230,O007552,639.32,2026-03-19,552067
U003230,O007553,530.28,2026-04-04,552067
U003231,O007554,660.66,2026-04-09,427742
U003231,O007555,1291.65,2026-05-18,427742
U003231,O007556,481.41,2026-06-25,427742
U003231,O007557,653.33,2026-07-24,427742
U003232,O007558,644.61,2025-10-18,477174
U003232,O007559,821.86,2025-11-23,477174
U003233,O007560,576.01,2026-07-22,325776
U003233,O007561,708.06,2026-08-04,325776
U003233,O007562,318.09,2026-08-15,325776
U003234,O007563,1061.29,2026-08-18,577000
U003234,O007564,635.29,2026-08-23,577000
U003234,O007565,570.38,2026-08-25,577000
U003235,O007566,882.63,2025-11-19,534316
U003235,O007567,346.62,2025-11-20,534316
U003235,O007568,733.41,2025-11-24,534316
U003236,O007569,538.38,2026-05-08,330634
U003236,O007570,186.67,2026-05-11,330634
U003236,O007571,49.0,2026-05-14,330634
U003236,O007572,1142.28,2026-05-20,330634
U003237,O007573,307.15,2026-04-21,435894
U003238,O007574,843.08,2025-12-04,150558
U003239,O007575,1024.32,2026-07-29,511784
U003239,O007576,1119.83,2026-08-21,511784
U003240,O007577,459.68,2026-04-23,123401
U003240,O007578,173.5,2026-05-21,123401
U003241,O007579,1031.47,2025-12-23,881458
U003241,O007580,168.66,2026-01-07,881458
U003242,O007581,293.81,2025-11-09,889115
U003243,O007582,469.72,2026-01-04,756817
U003243,O007583,985.47,2026-01-26,756817
U003244,O007584,607.46,2025-10-13,463212
U003244,O007585,977.23,2025-11-25,463212
U003244,O007586,634.21,2025-12-24,463212
U003244,O007587,1258.5,2026-01-02,463212
U003244,O007588,432.39,2026-01-04,463212
U003245,O007589,919.61,2026-04-19,202000
U003245,O007590,957.75,2026-06-04,202000
U003246,O007591,670.52,2026-05-12,108232
U003246,O007592,759.92,2026-05-17,108232
U003246,O007593,693.63,2026-06-11,108232
U003246,O007594,660.25,2026-07-21,108232
U003247,O007595,984.46,2026-03-08,206969
U003247,O007596,706.23,2026-03-28,206969
U003247,O007597,847.61,2026-05-07,206969
U003247,O007598,249.63,2026-07-02,206969
U003248,O007599,304.56,2026-08-04,333776
U003248,O007600,1058.73,2026-08-25,333776
U003250,O007601,356.51,2026-05-27,718422
U003250,O007602,800.28,2026-06-13,718422
U003251,O007603,418.82,2026-08-24,291335
U003252,O007604,759.63,2025-10-01,613008
U003252,O007605,762.72,2026-01-19,613008
U003253,O007606,1288.08,2026-02-20,718708
U003253,O007607,477.64,2026-03-11,718708
U003253,O007608,547.23,2026-05-05,718708
U003254,O007609,814.12,2026-02-01,633607
U003254,O007610,865.89,2026-03-10,633607
U003254,O007611,624.81,2026-03-18,633607
U003254,O007612,678.74,2026-03-21,633607
U003255,O007613,590.63,2026-06-01,575578
U003255,O007614,162.43,2026-07-06,575578
U003255,O007615,967.77,2026-07-19,575578
U003255,O007616,633.03,2026-07-21,575578
U003257,O007617,349.83,2026-04-07,467849
U003257,O007618,799.42,2026-05-08,467849
U003257,O007619,880.57,2026-05-14,467849
U003259,O007620,595.49,2025-10-14,132617
U003259,O007621,397.34,2026-02-13,132617
U003260,O007622,478.38,2025-11-21,347579
U003260,O007623,812.81,2025-12-19,347579
U003260,O007624,1208.85,2025-12-23,347579
U003260,O007625,408.53,2026-01-27,347579
U003260,O007626,430.84,2026-05-06,347579
U003260,O007627,1062.94,2026-06-10,347579
U003260,O007628,537.35,2026-06-23,347579
U003261,O007629,830.32,2025-11-12,425448
U003261,O007630,1022.38,2026-01-09,425448
U003261,O007631,974.92,2026-02-03,425448
U003261,O007632,1186.58,2026-02-19,425448
U003261,O007633,753.59,2026-03-20,425448
U003261,O007634,801.23,2026-04-05,425448
U003262,O007635,813.37,2026-05-24,763041
U003262,O007636,1225.45,2026-06-28,763041
U003262,O007637,880.52,2026-06-30,763041
U003263,O007638,969.67,2025-12-03,640548
U003263,O007639,690.87,2025-12-09,640548
U003263,O007640,753.47,2025-12-25,640548
U003264,O007641,840.56,2026-01-30,428561
U003264,O007642,837.86,2026-05-07,428561
U003264,O007643,809.62,2026-07-01,428561
U003264,O007644,707.63,2026-07-08,428561
U003265,O007645,991.1,2026-07-05,226554
U003265,O007646,1057.06,2026-08-21,226554
U003266,O007647,366.73,2026-01-19,346862
U003266,O007648,927.71,2026-02-18,346862
U003267,O007649,757.83,2026-07-28,819742
U003268,O007650,536.04,2026-07-19,829694
U003268,O007651,704.68,2026-08-15,829694
U003269,O007652,609.52,2025-10-07,257585
U003269,O007653,365.29,2025-10-21,257585
U003269,O007654,713.78,2026-02-19,257585
U003269,O007655,672.55,2026-05-02,257585
U003270,O007656,785.97,2026-01-06,126673
U003271,O007657,1153.33,2026-05-02,674336
U003271,O007658,781.0,2026-05-05,674336
U003271,O007659,1195.51,2026-05-17,674336
U003272,O007660,894.08,2025-11-27,559005
U003272,O007661,497.85,2025-11-29,559005
U003272,O007662,530.92,2026-05-16,559005
U003273,O007663,719.6,2026-05-12,707281
U003273,O007664,847.07,2026-06-12,707281
U003275,O007665,360.58,2025-11-09,712911
U003275,O007666,669.68,2025-11-28,712911
U003275,O007667,475.56,2026-02-15,712911
U003275,O007668,49.0,2026-03-10,712911
U003275,O007669,331.71,2026-03-14,712911
U003275,O007670,605.64,2026-04-07,712911
U003276,O007671,652.84,2026-07-19,609207
U003276,O007672,997.21,2026-08-06,609207
U003277,O007673,618.32,2026-05-29,743184
U003277,O007674,728.29,2026-07-15,743184
U003280,O007675,383.58,2026-08-04,570561
U003280,O007676,78.95,2026-08-16,570561
U003281,O007677,439.91,2026-05-11,110059
U003281,O007678,448.72,2026-06-12,110059
U003282,O007679,92.54,2025-10-19,788151
U003283,O007680,239.0,2026-08-06,807293
U003284,O007681,1293.16,2025-11-07,649301
U003285,O007682,977.25,2026-04-22,761118
U003285,O007683,1005.13,2026-06-04,761118
U003285,O007684,1001.95,2026-07-04,761118
U003287,O007685,940.15,2026-08-01,463110
U003288,O007686,572.81,2025-12-11,539674
U003288,O007687,752.82,2025-12-23,539674
U003289,O007688,1179.26,2025-12-03,124309
U003289,O007689,400.2,2025-12-05,124309
U003289,O007690,529.85,2025-12-26,124309
U003291,O007691,537.82,2026-07-25,575674
U003292,O007692,447.07,2026-07-30,646929
U003294,O007693,49.0,2025-12-15,698901
U003294,O007694,117.16,2026-01-05,698901
U003294,O007695,719.33,2026-01-13,698901
U003294,O007696,731.59,2026-02-07,698901
U003294,O007697,739.07,2026-02-22,698901
U003295,O007698,939.55,2026-08-25,687456
U003296,O007699,597.78,2026-06-23,795290
U003296,O007700,336.95,2026-07-22,795290
U003297,O007701,351.06,2026-06-11,568724
U003297,O007702,49.0,2026-06-23,568724
U003297,O007703,980.1,2026-06-28,568724
U003297,O007704,645.16,2026-07-30,568724
U003298,O007705,779.76,2025-11-22,742687
U003298,O007706,469.79,2026-01-04,742687
U003300,O007707,1097.01,2025-11-10,785293
U003301,O007708,344.21,2026-05-02,768883
U003302,O007709,589.48,2026-07-26,723532
U003302,O007710,405.11,2026-07-31,723532
U003303,O007711,613.19,2026-02-27,149336
U003303,O007712,1045.56,2026-03-01,149336
U003304,O007713,1098.3,2025-11-11,823083
U003304,O007714,499.57,2025-12-28,823083
U003304,O007715,750.41,2026-01-01,823083
U003306,O007716,304.06,2025-09-10,237706
U003306,O007717,332.26,2025-09-14,237706
U003306,O007718,606.57,2025-09-17,237706
U003307,O007719,689.1,2025-10-20,343006
U003307,O007720,1311.44,2025-11-04,343006
U003307,O007721,987.14,2025-12-15,343006
U003308,O007722,323.93,2026-03-05,493080
U003308,O007723,655.46,2026-03-23,493080
U003308,O007724,1081.4,2026-04-23,493080
U003308,O007725,703.47,2026-05-18,493080
U003309,O007726,705.99,2026-04-18,528118
U003309,O007727,539.51,2026-06-30,528118
U003309,O007728,1303.48,2026-07-20,528118
U003310,O007729,1022.09,2026-07-19,811685
U003311,O007730,816.18,2026-06-24,669577
U003311,O007731,553.08,2026-06-26,669577
U003311,O007732,566.19,2026-06-30,669577
U003312,O007733,569.1,2025-11-25,531285
U003312,O007734,124.63,2025-12-13,531285
U003312,O007735,486.59,2026-01-07,531285
U003312,O007736,434.7,2026-01-20,531285
U003314,O007737,595.67,2026-07-09,505210
U003314,O007738,257.2,2026-07-27,505210
U003314,O007739,224.71,2026-08-03,505210
U003315,O007740,482.89,2025-10-05,147046
U003315,O007741,374.14,2025-10-25,147046
U003315,O007742,639.62,2025-12-28,147046
U003315,O007743,563.14,2026-04-02,147046
U003316,O007744,1026.75,2026-04-04,299688
U003316,O007745,500.84,2026-04-07,299688
U003316,O007746,130.07,2026-06-11,299688
U003317,O007747,134.85,2026-03-20,241674
U003317,O007748,1205.83,2026-04-09,241674
U003317,O007749,629.24,2026-04-19,241674
U003317,O007750,747.99,2026-04-28,241674
U003317,O007751,429.69,2026-05-24,241674
U003317,O007752,141.58,2026-07-16,241674
U003318,O007753,988.68,2025-09-15,782661
U003318,O007754,852.05,2025-10-19,782661
U003318,O007755,941.61,2025-11-07,782661
U003319,O007756,682.05,2026-05-28,393656
U003319,O007757,404.33,2026-06-26,393656
U003319,O007758,314.49,2026-07-09,393656
U003321,O007759,263.54,2026-07-13,801583
U003321,O007760,258.28,2026-07-21,801583
U003322,O007761,1090.24,2026-06-13,767467
U003322,O007762,336.94,2026-08-21,767467
U003323,O007763,474.48,2026-07-23,302320
U003323,O007764,331.61,2026-08-09,302320
U003323,O007765,1108.19,2026-08-16,302320
U003324,O007766,311.64,2026-04-22,690546
U003324,O007767,644.85,2026-06-23,690546
U003325,O007768,873.36,2026-01-04,502463
U003325,O007769,609.98,2026-04-20,502463
U003325,O007770,489.79,2026-05-29,502463
U003326,O007771,1215.89,2025-12-25,426791
U003326,O007772,619.54,2026-01-04,426791
U003326,O007773,657.45,2026-01-16,426791
U003327,O007774,989.49,2026-02-09,677717
U003328,O007775,762.07,2026-01-17,818372
U003328,O007776,49.0,2026-03-10,818372
U003328,O007777,775.1,2026-03-11,818372
U003328,O007778,630.58,2026-04-22,818372
U003328,O007779,266.66,2026-05-04,818372
U003329,O007780,560.38,2026-01-12,121285
U003331,O007781,1200.24,2026-03-09,145312
U003331,O007782,714.62,2026-04-19,145312
U003333,O007783,577.41,2025-11-29,406194
U003333,O007784,801.96,2026-01-03,406194
U003333,O007785,49.0,2026-02-12,406194
U003334,O007786,579.85,2026-04-16,878344
U003334,O007787,304.96,2026-05-26,878344
U003334,O007788,838.11,2026-07-03,878344
U003334,O007789,775.74,2026-07-05,878344
U003335,O007790,1098.37,2026-03-25,504539
U003335,O007791,732.79,2026-04-05,504539
U003335,O007792,678.09,2026-05-15,504539
U003335,O007793,660.92,2026-06-21,504539
U003335,O007794,513.62,2026-08-01,504539
U003336,O007795,712.47,2025-12-24,278467
U003336,O007796,439.6,2026-01-02,278467
U003336,O007797,702.66,2026-01-17,278467
U003337,O007798,951.77,2026-06-02,155322
U003337,O007799,1277.67,2026-07-09,155322
U003337,O007800,1163.93,2026-08-15,155322
U003338,O007801,636.09,2026-02-10,597736
U003339,O007802,450.09,2026-03-13,568868
U003339,O007803,194.86,2026-04-11,568868
U003340,O007804,630.0,2026-05-07,678565
U003341,O007805,208.27,2026-02-16,547577
U003341,O007806,807.35,2026-04-16,547577
U003341,O007807,470.79,2026-05-10,547577
U003341,O007808,479.58,2026-06-07,547577
U003342,O007809,607.58,2026-01-16,377131
U003343,O007810,682.22,2025-10-20,624434
U003343,O007811,443.65,2025-10-31,624434
U003343,O007812,897.9,2025-12-23,624434
U003344,O007813,795.93,2026-04-11,887414
U003345,O007814,456.49,2026-01-26,496365
U003346,O007815,887.12,2026-07-15,380968
U003347,O007816,296.04,2026-06-26,118394
U003348,O007817,250.02,2026-06-21,833761
U003348,O007818,364.47,2026-07-16,833761
U003349,O007819,109.72,2025-10-11,369909
U003349,O007820,696.32,2025-10-16,369909
U003350,O007821,1450.54,2025-12-13,703872
U003350,O007822,663.25,2025-12-24,703872
U003350,O007823,1137.1,2026-01-04,703872
U003350,O007824,894.16,2026-01-17,703872
U003351,O007825,630.27,2026-07-15,169152
U003351,O007826,1313.37,2026-07-25,169152
U003351,O007827,957.57,2026-08-08,169152
U003352,O007828,178.62,2026-02-17,763619
U003352,O007829,1178.71,2026-03-12,763619
U003352,O007830,720.61,2026-04-03,763619
U003353,O007831,404.84,2026-07-28,691620
U003354,O007832,569.93,2025-10-07,746039
U003355,O007833,440.14,2025-10-17,468502
U003359,O007834,392.29,2025-10-10,724326
U003359,O007835,530.69,2025-10-23,724326
U003359,O007836,987.83,2025-11-14,724326
U003359,O007837,585.53,2025-12-03,724326
U003359,O007838,421.21,2026-01-31,724326
U003363,O007839,837.18,2026-02-06,879072
U003363,O007840,613.34,2026-03-10,879072
U003363,O007841,657.13,2026-04-12,879072
U003363,O007842,872.83,2026-04-17,879072
U003363,O007843,91.03,2026-04-25,879072
U003364,O007844,379.49,2026-03-14,577163
U003364,O007845,752.0,2026-03-27,577163
U003364,O007846,290.11,2026-04-06,577163
U003365,O007847,254.27,2025-10-08,646937
U003365,O007848,599.75,2025-10-26,646937
U003367,O007849,1149.39,2026-01-28,370254
U003367,O007850,693.09,2026-03-02,370254
U003367,O007851,467.72,2026-03-09,370254
U003367,O007852,973.55,2026-03-12,370254
U003367,O007853,123.69,2026-04-20,370254
U003367,O007854,760.33,2026-05-27,370254
U003368,O007855,1025.5,2026-04-21,701706
U003368,O007856,621.93,2026-06-15,701706
U003370,O007857,773.62,2026-08-17,312337
U003371,O007858,481.02,2026-04-17,885545
U003371,O007859,608.57,2026-05-01,885545
U003371,O007860,843.93,2026-05-31,885545
U003372,O007861,633.56,2026-04-03,182319
U003372,O007862,574.12,2026-04-07,182319
U003372,O007863,706.84,2026-05-05,182319
U003373,O007864,660.07,2025-10-28,840459
U003373,O007865,1043.22,2025-11-11,840459
U003373,O007866,1128.27,2025-12-08,840459
U003373,O007867,367.5,2026-01-05,840459
U003374,O007868,539.24,2025-10-14,399893
U003376,O007869,563.43,2026-01-30,546936
U003376,O007870,767.17,2026-03-03,546936
U003376,O007871,814.63,2026-03-14,546936
U003376,O007872,1274.75,2026-04-10,546936
U003377,O007873,904.05,2026-05-26,703740
U003378,O007874,249.11,2025-10-17,830842
U003378,O007875,786.45,2025-11-05,830842
U003379,O007876,667.75,2026-07-04,739166
U003379,O007877,470.44,2026-07-24,739166
U003379,O007878,984.25,2026-08-08,739166
U003380,O007879,1168.01,2026-05-11,831259
U003380,O007880,824.55,2026-07-07,831259
U003380,O007881,698.31,2026-07-09,831259
U003383,O007882,525.69,2026-06-14,428635
U003385,O007883,882.6,2026-05-14,560652
U003386,O007884,696.11,2026-05-24,391603
U003386,O007885,614.99,2026-08-07,391603
U003386,O007886,70.02,2026-08-19,391603
U003387,O007887,574.32,2025-11-20,526912
U003387,O007888,1060.27,2025-12-13,526912
U003387,O007889,951.54,2026-01-19,526912
U003387,O007890,393.61,2026-03-14,526912
U003387,O007891,222.24,2026-07-06,526912
U003389,O007892,300.58,2026-03-03,233958
U003389,O007893,967.97,2026-05-18,233958
U003389,O007894,462.25,2026-05-27,233958
U003389,O007895,590.36,2026-06-16,233958
U003390,O007896,422.46,2026-02-26,898049
U003390,O007897,265.59,2026-02-27,898049
U003390,O007898,547.29,2026-03-30,898049
U003390,O007899,1382.76,2026-04-30,898049
U003390,O007900,629.89,2026-06-14,898049
U003391,O007901,902.17,2026-02-22,184457
U003391,O007902,238.6,2026-04-06,184457
U003391,O007903,921.46,2026-04-17,184457
U003391,O007904,645.87,2026-06-12,184457
U003392,O007905,544.01,2025-11-13,592788
U003393,O007906,1174.73,2025-12-07,675917
U003393,O007907,857.77,2025-12-13,675917
U003393,O007908,807.92,2026-02-07,675917
U003394,O007909,413.81,2026-02-05,478960
U003394,O007910,910.48,2026-02-18,478960
U003394,O007911,816.81,2026-03-17,478960
U003395,O007912,843.12,2025-10-11,769220
U003395,O007913,1001.91,2025-11-19,769220
U003395,O007914,442.72,2025-12-09,769220
U003396,O007915,49.0,2026-05-14,593584
U003396,O007916,844.11,2026-05-22,593584
U003396,O007917,798.49,2026-07-21,593584
U003397,O007918,459.7,2026-05-28,278186
U003397,O007919,52.37,2026-06-17,278186
U003398,O007920,789.61,2026-05-13,432273
U003398,O007921,874.11,2026-05-26,432273
U003399,O007922,586.18,2025-11-28,263113
U003399,O007923,352.44,2025-12-13,263113
U003400,O007924,675.56,2026-07-11,354823
U003400,O007925,391.85,2026-08-17,354823
U003401,O007926,501.16,2026-02-03,637027
U003401,O007927,616.42,2026-02-16,637027
U003401,O007928,405.02,2026-05-08,637027
U003402,O007929,891.13,2026-01-03,736966
U003402,O007930,306.41,2026-01-18,736966
U003403,O007931,784.44,2026-01-01,674013
U003403,O007932,582.67,2026-01-05,674013
U003406,O007933,904.89,2026-06-27,390429
U003407,O007934,488.08,2026-05-24,432102
U003408,O007935,574.47,2026-07-20,350738
U003409,O007936,690.62,2026-06-22,165231
U003410,O007937,245.35,2025-11-12,562027
U003410,O007938,427.14,2025-11-23,562027
U003411,O007939,728.37,2026-01-22,657888
U003411,O007940,953.68,2026-02-11,657888
U003411,O007941,347.01,2026-03-06,657888
U003411,O007942,610.95,2026-04-06,657888
U003411,O007943,1122.1,2026-05-20,657888
U003411,O007944,607.79,2026-05-23,657888
U003412,O007945,462.31,2026-04-12,207456
U003412,O007946,1201.91,2026-06-05,207456
U003412,O007947,806.25,2026-06-29,207456
U003413,O007948,903.68,2025-11-19,325365
U003413,O007949,402.14,2025-11-28,325365
U003413,O007950,814.36,2025-12-05,325365
U003413,O007951,552.26,2026-01-24,325365
U003414,O007952,931.8,2025-12-31,367654
U003415,O007953,873.6,2026-04-19,793439
U003415,O007954,860.47,2026-04-27,793439
U003416,O007955,448.81,2026-05-28,699946
U003416,O007956,802.18,2026-07-18,699946
U003417,O007957,177.46,2026-05-31,400669
U003417,O007958,863.22,2026-06-27,400669
U003418,O007959,49.0,2026-02-21,118612
U003418,O007960,1244.66,2026-02-24,118612
U003418,O007961,498.88,2026-03-26,118612
U003418,O007962,439.63,2026-04-20,118612
U003419,O007963,1173.15,2026-02-16,338015
U003419,O007964,552.66,2026-03-28,338015
U003419,O007965,784.27,2026-05-11,338015
U003420,O007966,640.81,2025-12-24,814304
U003421,O007967,121.86,2026-04-01,471771
U003421,O007968,693.53,2026-04-17,471771
U003423,O007969,662.29,2026-01-08,263809
U003423,O007970,617.69,2026-01-26,263809
U003423,O007971,921.32,2026-03-19,263809
U003424,O007972,605.74,2026-01-07,297541
U003424,O007973,741.43,2026-05-18,297541
U003425,O007974,1095.52,2025-09-24,758140
U003425,O007975,311.53,2026-01-30,758140
U003425,O007976,1038.74,2026-03-28,758140
U003425,O007977,411.21,2026-03-31,758140
U003426,O007978,695.88,2026-03-16,361595
U003426,O007979,352.08,2026-03-29,361595
U003426,O007980,489.29,2026-05-15,361595
U003427,O007981,616.87,2026-04-30,350497
U003427,O007982,472.33,2026-05-13,350497
U003427,O007983,816.8,2026-05-22,350497
U003427,O007984,944.41,2026-06-26,350497
U003428,O007985,130.57,2026-01-14,206619
U003428,O007986,802.25,2026-01-26,206619
U003428,O007987,652.59,2026-02-18,206619
U003428,O007988,1118.32,2026-03-12,206619
U003429,O007989,689.83,2026-03-21,360745
U003429,O007990,867.53,2026-03-23,360745
U003430,O007991,970.4,2025-10-09,333489
U003430,O007992,790.26,2025-10-16,333489
U003430,O007993,563.28,2025-10-21,333489
U003430,O007994,813.19,2025-11-23,333489
U003431,O007995,754.97,2026-05-05,644789
U003431,O007996,817.51,2026-06-29,644789
U003431,O007997,387.48,2026-07-08,644789
U003433,O007998,977.01,2026-07-05,581942
U003433,O007999,49.0,2026-07-09,581942
U003433,O008000,49.0,2026-07-19,581942
U003435,O008001,867.69,2025-11-14,422248
U003435,O008002,387.26,2025-11-27,422248
U003436,O008003,548.89,2025-11-19,306990
U003436,O008004,511.84,2026-01-08,306990
U003436,O008005,718.55,2026-03-15,306990
U003436,O008006,633.34,2026-04-13,306990
U003437,O008007,49.0,2026-01-22,646835
U003437,O008008,192.6,2026-02-06,646835
U003439,O008009,823.96,2026-05-21,688931
U003439,O008010,182.14,2026-07-15,688931
U003440,O008011,438.23,2026-07-19,222315
U003440,O008012,884.63,2026-07-28,222315
U003441,O008013,192.74,2026-05-19,306164
U003441,O008014,642.25,2026-05-23,306164
U003441,O008015,912.37,2026-06-08,306164
U003442,O008016,223.98,2026-03-12,844188
U003442,O008017,706.4,2026-03-21,844188
U003442,O008018,868.69,2026-03-26,844188
U003443,O008019,156.25,2026-04-09,260859
U003443,O008020,535.77,2026-04-15,260859
U003444,O008021,647.08,2025-10-26,544204
U003444,O008022,480.91,2025-11-22,544204
U003444,O008023,942.49,2025-12-14,544204
U003445,O008024,302.19,2026-02-01,873258
U003447,O008025,648.34,2026-06-11,147204
U003447,O008026,1080.5,2026-06-16,147204
U003448,O008027,1616.99,2026-04-09,276885
U003448,O008028,281.95,2026-04-11,276885
U003448,O008029,190.69,2026-04-17,276885
U003448,O008030,410.59,2026-06-25,276885
U003448,O008031,796.52,2026-07-31,276885
U003448,O008032,575.91,2026-08-20,276885
U003449,O008033,736.33,2026-01-10,837057
U003450,O008034,708.46,2026-07-24,135092
U003450,O008035,412.23,2026-08-10,135092
U003452,O008036,517.26,2026-01-25,519050
U003452,O008037,1120.23,2026-02-04,519050
U003452,O008038,1037.45,2026-02-13,519050
U003453,O008039,306.88,2025-11-08,395665
U003453,O008040,817.59,2026-01-22,395665
U003453,O008041,49.0,2026-02-24,395665
U003453,O008042,1053.13,2026-04-12,395665
U003454,O008043,875.1,2026-03-05,433444
U003455,O008044,436.81,2025-09-29,679479
U003455,O008045,89.12,2025-10-18,679479
U003455,O008046,1025.02,2025-11-02,679479
U003456,O008047,569.13,2025-11-02,729135
U003456,O008048,331.88,2025-12-08,729135
U003457,O008049,662.96,2026-01-16,162215
U003457,O008050,630.45,2026-01-25,162215
U003457,O008051,835.27,2026-02-21,162215
U003457,O008052,613.88,2026-03-27,162215
U003458,O008053,680.65,2026-01-01,813031
U003458,O008054,1045.52,2026-01-20,813031
U003459,O008055,1093.89,2026-07-29,758066
U003460,O008056,327.57,2025-12-03,573426
U003460,O008057,846.17,2025-12-04,573426
U003461,O008058,722.76,2025-11-17,181251
U003463,O008059,859.39,2025-10-07,618293
U003463,O008060,693.96,2025-10-16,618293
U003463,O008061,1066.59,2025-11-21,618293
U003463,O008062,501.42,2026-03-30,618293
U003464,O008063,488.26,2026-03-21,572299
U003464,O008064,803.05,2026-08-02,572299
U003465,O008065,364.61,2026-07-27,870379
U003465,O008066,715.07,2026-08-22,870379
U003466,O008067,1043.45,2025-11-21,281856
U003467,O008068,775.34,2026-07-17,584556
U003468,O008069,756.35,2026-01-06,878162
U003469,O008070,824.65,2025-10-11,660643
U003470,O008071,776.52,2026-07-29,443306
U003472,O008072,344.43,2026-02-17,237946
U003472,O008073,576.23,2026-05-10,237946
U003473,O008074,456.89,2026-06-16,170464
U003473,O008075,462.06,2026-07-15,170464
U003473,O008076,682.5,2026-08-24,170464
U003474,O008077,160.25,2025-09-15,646947
U003474,O008078,433.74,2025-10-06,646947
U003475,O008079,996.73,2025-09-26,751245
U003475,O008080,415.23,2026-01-03,751245
U003476,O008081,424.64,2025-11-12,411530
U003476,O008082,528.43,2025-11-13,411530
U003476,O008083,1256.96,2025-11-18,411530
U003477,O008084,769.81,2026-07-14,787335
U003478,O008085,1054.69,2025-12-13,509759
U003478,O008086,562.44,2026-01-08,509759
U003478,O008087,737.54,2026-02-20,509759
U003479,O008088,802.09,2025-11-20,631177
U003480,O008089,823.76,2025-10-18,740216
U003480,O008090,691.79,2025-10-19,740216
U003480,O008091,707.79,2026-02-26,740216
U003481,O008092,226.46,2026-01-29,524126
U003481,O008093,584.57,2026-02-10,524126
U003481,O008094,1264.29,2026-03-11,524126
U003481,O008095,352.42,2026-04-29,524126
U003482,O008096,651.38,2026-02-23,594485
U003482,O008097,205.65,2026-04-23,594485
U003483,O008098,563.04,2026-08-16,273676
U003483,O008099,498.89,2026-08-18,273676
U003483,O008100,49.0,2026-08-26,273676
U003484,O008101,49.0,2026-03-04,676488
U003484,O008102,522.55,2026-03-06,676488
U003485,O008103,475.23,2026-02-16,174890
U003485,O008104,785.34,2026-02-23,174890
U003486,O008105,854.87,2025-12-13,668024
U003486,O008106,1042.82,2026-01-09,668024
U003486,O008107,322.11,2026-02-06,668024
U003487,O008108,703.73,2025-12-29,473798
U003487,O008109,474.98,2026-02-01,473798
U003488,O008110,512.39,2026-05-17,153347
U003488,O008111,598.77,2026-06-20,153347
U003488,O008112,657.85,2026-06-26,153347
U003490,O008113,380.84,2026-05-22,466543
U003490,O008114,131.1,2026-06-04,466543
U003491,O008115,901.16,2026-07-03,332017
U003491,O008116,913.22,2026-07-06,332017
U003491,O008117,769.45,2026-07-09,332017
U003491,O008118,800.4,2026-07-18,332017
U003493,O008119,631.55,2025-12-04,793660
U003493,O008120,850.73,2026-02-07,793660
U003494,O008121,435.78,2026-08-13,373872
U003495,O008122,1019.29,2026-01-11,681756
U003495,O008123,464.07,2026-04-04,681756
U003496,O008124,563.74,2026-08-05,577305
U003496,O008125,953.19,2026-08-17,577305
U003497,O008126,757.18,2026-08-18,294743
U003498,O008127,308.09,2025-11-18,186216
U003498,O008128,1024.54,2025-12-05,186216
U003500,O008129,560.33,2026-03-27,816721
U003501,O008130,566.25,2025-09-22,398538
U003501,O008131,982.92,2025-10-09,398538
U003501,O008132,514.89,2025-11-07,398538
U003502,O008133,630.87,2026-04-19,392045
U003502,O008134,595.75,2026-05-12,392045
U003503,O008135,463.68,2026-07-28,143236
U003503,O008136,594.66,2026-08-11,143236
U003505,O008137,547.85,2026-05-27,354653
U003505,O008138,115.59,2026-05-30,354653
U003505,O008139,782.34,2026-06-05,354653
U003506,O008140,749.63,2025-09-26,274933
U003506,O008141,558.45,2025-10-22,274933
U003507,O008142,385.69,2025-12-30,768566
U003507,O008143,379.8,2026-02-18,768566
U003507,O008144,889.75,2026-03-19,768566
U003509,O008145,369.28,2026-04-06,186795
U003510,O008146,1152.65,2026-05-03,283176
U003510,O008147,210.86,2026-05-07,283176
U003510,O008148,636.64,2026-06-07,283176
U003511,O008149,364.92,2025-12-07,760033
U003511,O008150,241.99,2026-01-08,760033
U003512,O008151,255.09,2025-12-02,860203
U003512,O008152,223.64,2026-01-02,860203
U003512,O008153,748.77,2026-01-20,860203
U003513,O008154,916.92,2026-07-01,692893
U003513,O008155,452.54,2026-07-23,692893
U003514,O008156,800.61,2026-06-07,776854
U003514,O008157,1241.46,2026-06-17,776854
U003515,O008158,767.29,2025-11-18,620390
U003515,O008159,470.89,2026-01-19,620390
U003515,O008160,613.24,2026-03-16,620390
U003515,O008161,299.68,2026-03-26,620390
U003516,O008162,643.15,2026-04-10,147008
U003516,O008163,1382.35,2026-05-15,147008
U003517,O008164,452.27,2026-02-05,670103
U003517,O008165,726.62,2026-02-09,670103
U003517,O008166,934.24,2026-03-11,670103
U003517,O008167,251.8,2026-03-31,670103
U003518,O008168,146.51,2026-01-14,470291
U003519,O008169,653.65,2026-04-15,667393
U003519,O008170,532.06,2026-04-19,667393
U003519,O008171,736.79,2026-04-24,667393
U003519,O008172,836.91,2026-04-25,667393
U003520,O008173,648.51,2026-06-10,788726
U003521,O008174,255.2,2026-07-25,311897
U003521,O008175,581.8,2026-08-03,311897
U003522,O008176,342.77,2025-12-07,118126
U003522,O008177,1037.92,2025-12-10,118126
U003523,O008178,1249.97,2026-03-12,156796
U003523,O008179,667.58,2026-03-28,156796
U003523,O008180,1250.74,2026-03-31,156796
U003523,O008181,785.67,2026-05-21,156796
U003523,O008182,499.02,2026-06-11,156796
U003525,O008183,305.7,2026-04-19,479487
U003525,O008184,979.18,2026-07-26,479487
U003527,O008185,739.7,2026-08-06,747596
U003527,O008186,837.05,2026-08-09,747596
U003528,O008187,802.75,2025-10-22,201702
U003529,O008188,730.69,2026-08-10,279845
U003530,O008189,422.66,2026-06-04,119897
U003530,O008190,491.28,2026-06-06,119897
U003530,O008191,695.57,2026-06-25,119897
U003530,O008192,377.61,2026-07-25,119897
U003530,O008193,871.79,2026-08-11,119897
U003531,O008194,439.48,2026-03-25,315401
U003531,O008195,240.75,2026-03-27,315401
U003531,O008196,882.0,2026-04-30,315401
U003532,O008197,49.0,2026-02-22,740751
U003532,O008198,977.3,2026-03-16,740751
U003533,O008199,577.74,2026-01-07,553227
U003533,O008200,786.8,2026-01-10,553227
U003534,O008201,1082.24,2026-02-13,525574
U003534,O008202,377.56,2026-02-24,525574
U003535,O008203,528.9,2025-12-20,369592
U003535,O008204,740.39,2026-01-17,369592
U003537,O008205,317.77,2026-05-16,589869
U003538,O008206,419.88,2026-08-04,260412
U003538,O008207,708.47,2026-08-13,260412
U003538,O008208,542.69,2026-08-14,260412
U003538,O008209,231.13,2026-08-17,260412
U003539,O008210,931.38,2026-05-09,304899
U003539,O008211,532.03,2026-05-24,304899
U003539,O008212,821.36,2026-08-13,304899
U003540,O008213,849.41,2026-05-02,716713
U003540,O008214,1174.74,2026-05-07,716713
U003540,O008215,822.18,2026-05-16,716713
U003541,O008216,748.7,2026-06-30,732974
U003542,O008217,1003.78,2026-02-11,881980
U003542,O008218,266.95,2026-04-30,881980
U003542,O008219,383.57,2026-05-13,881980
U003542,O008220,1055.1,2026-05-20,881980
U003543,O008221,719.04,2025-12-09,357623
U003543,O008222,81.07,2025-12-20,357623
U003543,O008223,877.02,2025-12-26,357623
U003543,O008224,1040.88,2026-03-15,357623
U003543,O008225,875.13,2026-03-19,357623
U003543,O008226,970.75,2026-04-12,357623
U003544,O008227,49.0,2026-08-07,510561
U003545,O008228,434.56,2025-10-17,577346
U003546,O008229,908.46,2026-02-25,438597
U003547,O008230,347.86,2026-05-04,281881
U003547,O008231,534.49,2026-05-21,281881
U003547,O008232,665.37,2026-06-15,281881
U003549,O008233,620.71,2025-10-27,868817
U003549,O008234,939.57,2025-11-26,868817
U003549,O008235,508.33,2025-12-23,868817
U003550,O008236,873.89,2026-01-25,624832
U003550,O008237,921.72,2026-02-09,624832
U003551,O008238,603.74,2026-07-19,800602
U003552,O008239,812.89,2026-08-22,361507
U003554,O008240,722.48,2025-12-02,466798
U003555,O008241,512.8,2025-12-30,299759
U003555,O008242,890.84,2026-01-05,299759
U003555,O008243,895.78,2026-02-02,299759
U003555,O008244,569.84,2026-02-09,299759
U003557,O008245,196.74,2026-02-09,320775
U003557,O008246,798.34,2026-07-29,320775
U003558,O008247,792.12,2026-01-06,557807
U003558,O008248,343.28,2026-02-14,557807
U003558,O008249,49.0,2026-04-21,557807
U003558,O008250,1258.35,2026-04-23,557807
U003559,O008251,788.48,2025-11-11,296594
U003560,O008252,731.04,2026-06-27,462974
U003560,O008253,449.43,2026-07-29,462974
U003561,O008254,647.34,2025-10-19,140194
U003562,O008255,906.74,2026-03-21,226147
U003564,O008256,765.87,2026-08-13,229603
U003564,O008257,49.0,2026-08-20,229603
U003565,O008258,711.91,2025-10-27,436394
U003565,O008259,1110.7,2025-11-03,436394
U003565,O008260,1017.61,2025-12-24,436394
U003567,O008261,596.09,2026-05-27,425647
U003568,O008262,1228.34,2025-11-28,372954
U003568,O008263,270.45,2025-12-29,372954
U003569,O008264,1211.19,2026-03-31,642507
U003569,O008265,689.7,2026-04-20,642507
U003569,O008266,366.15,2026-05-24,642507
U003570,O008267,746.94,2025-10-06,177860
U003570,O008268,887.34,2025-11-27,177860
U003570,O008269,507.76,2025-12-05,177860
U003570,O008270,898.14,2025-12-17,177860
U003571,O008271,322.82,2026-04-29,259642
U003571,O008272,519.95,2026-07-08,259642
U003573,O008273,645.16,2026-07-15,265832
U003575,O008274,699.74,2026-04-16,642029
U003578,O008275,1238.51,2026-06-07,389084
U003578,O008276,328.22,2026-06-23,389084
U003579,O008277,625.11,2026-03-28,482205
U003579,O008278,528.61,2026-04-04,482205
U003579,O008279,445.39,2026-04-14,482205
U003579,O008280,290.4,2026-05-05,482205
U003580,O008281,558.63,2026-08-18,298712
U003581,O008282,600.11,2025-12-02,549802
U003582,O008283,755.28,2025-09-29,377720
U003582,O008284,728.37,2025-10-17,377720
U003582,O008285,531.67,2025-10-28,377720
U003582,O008286,589.27,2025-11-17,377720
U003582,O008287,623.2,2025-12-15,377720
U003582,O008288,1281.6,2026-02-26,377720
U003583,O008289,507.13,2025-10-19,514184
U003583,O008290,633.57,2025-12-06,514184
U003583,O008291,589.19,2026-01-04,514184
U003583,O008292,665.13,2026-02-12,514184
U003583,O008293,501.09,2026-02-16,514184
U003583,O008294,715.17,2026-02-28,514184
U003583,O008295,374.05,2026-03-06,514184
U003584,O008296,457.64,2026-04-03,211849
U003585,O008297,1017.64,2026-03-08,708480
U003585,O008298,536.65,2026-04-19,708480
U003585,O008299,275.27,2026-05-16,708480
U003585,O008300,506.94,2026-06-10,708480
U003585,O008301,1019.23,2026-06-21,708480
U003585,O008302,112.35,2026-07-03,708480
U003586,O008303,558.63,2026-03-13,230887
U003587,O008304,407.77,2026-05-06,449561
U003587,O008305,696.75,2026-06-14,449561
U003588,O008306,662.85,2025-09-14,545328
U003588,O008307,991.12,2025-09-18,545328
U003589,O008308,676.85,2026-04-07,232835
U003589,O008309,539.21,2026-04-19,232835
U003589,O008310,902.45,2026-04-25,232835
U003589,O008311,920.45,2026-04-28,232835
U003589,O008312,287.51,2026-06-04,232835
U003590,O008313,503.32,2026-03-20,716408
U003590,O008314,896.78,2026-03-25,716408
U003590,O008315,918.39,2026-03-29,716408
U003590,O008316,913.19,2026-07-02,716408
U003592,O008317,670.47,2026-08-03,335031
U003593,O008318,839.9,2026-06-05,614236
U003594,O008319,710.09,2026-05-29,788259
U003594,O008320,813.7,2026-06-04,788259
U003594,O008321,518.75,2026-06-07,788259
U003594,O008322,540.1,2026-06-21,788259
U003595,O008323,257.75,2025-12-14,862398
U003595,O008324,966.7,2026-02-03,862398
U003596,O008325,721.34,2026-02-14,495679
U003596,O008326,326.95,2026-07-07,495679
U003596,O008327,645.62,2026-07-14,495679
U003597,O008328,296.3,2026-04-30,706283
U003597,O008329,118.1,2026-06-13,706283
U003597,O008330,208.28,2026-07-10,706283
U003597,O008331,882.65,2026-07-14,706283
U003598,O008332,337.01,2026-03-13,128608
U003601,O008333,1046.4,2026-08-17,212606
U003602,O008334,614.1,2026-06-01,553934
U003603,O008335,351.63,2026-08-20,564051
U003604,O008336,679.98,2025-12-30,101657
U003604,O008337,395.47,2026-03-11,101657
U003606,O008338,872.63,2026-03-22,751340
U003606,O008339,870.43,2026-03-31,751340
U003607,O008340,787.88,2026-07-24,127080
U003607,O008341,1330.21,2026-07-30,127080
U003609,O008342,589.56,2026-02-07,647089
U003611,O008343,50.17,2026-08-04,244834
U003612,O008344,387.94,2026-07-25,801990
U003612,O008345,268.27,2026-08-03,801990
U003613,O008346,115.27,2026-07-22,456760
U003613,O008347,937.38,2026-08-06,456760
U003614,O008348,981.75,2026-01-28,162221
U003615,O008349,584.01,2026-07-30,489303
U003615,O008350,1252.63,2026-08-06,489303
U003615,O008351,1081.23,2026-08-10,489303
U003615,O008352,800.52,2026-08-16,489303
U003616,O008353,439.86,2025-11-23,760652
U003616,O008354,525.13,2026-01-06,760652
U003616,O008355,49.0,2026-01-22,760652
U003616,O008356,577.51,2026-02-06,760652
U003617,O008357,726.31,2026-05-03,441468
U003617,O008358,842.21,2026-05-07,441468
U003618,O008359,224.37,2025-10-16,216409
U003619,O008360,506.4,2025-12-17,474464
U003620,O008361,708.73,2025-11-05,472869
U003620,O008362,747.97,2025-11-21,472869
U003621,O008363,509.55,2025-10-19,881867
U003621,O008364,203.22,2025-10-23,881867
U003621,O008365,693.23,2025-11-20,881867
U003622,O008366,234.78,2026-02-12,745863
U003622,O008367,317.0,2026-02-19,745863
U003623,O008368,713.66,2025-09-04,763841
U003623,O008369,959.41,2025-10-12,763841
U003624,O008370,322.11,2025-10-29,135569
U003624,O008371,216.92,2025-11-12,135569
U003625,O008372,956.31,2026-01-08,565991
U003625,O008373,1033.17,2026-02-13,565991
U003626,O008374,682.48,2025-12-02,555315
U003626,O008375,332.01,2026-02-19,555315
U003627,O008376,664.24,2025-12-13,566530
U003627,O008377,486.44,2026-03-19,566530
U003628,O008378,1398.81,2026-06-04,621082
U003628,O008379,799.95,2026-06-27,621082
U003628,O008380,1275.89,2026-07-28,621082
U003630,O008381,408.46,2026-03-22,158408
U003630,O008382,191.09,2026-06-03,158408
U003630,O008383,200.26,2026-06-29,158408
U003630,O008384,831.98,2026-08-21,158408
U003631,O008385,1078.24,2026-04-14,661380
U003631,O008386,615.9,2026-04-20,661380
U003632,O008387,499.93,2026-04-16,722735
U003632,O008388,797.88,2026-05-14,722735
U003632,O008389,948.08,2026-05-26,722735
U003632,O008390,959.3,2026-07-04,722735
U003632,O008391,1003.76,2026-07-09,722735
U003632,O008392,242.73,2026-08-15,722735
U003633,O008393,1071.15,2026-05-15,211155
U003635,O008394,465.9,2025-11-17,520063
U003635,O008395,563.72,2025-11-20,520063
U003636,O008396,779.57,2026-02-04,517849
U003636,O008397,266.82,2026-02-19,517849
U003637,O008398,960.36,2026-04-29,364277
U003637,O008399,850.96,2026-05-02,364277
U003638,O008400,593.96,2026-08-09,552933
U003638,O008401,495.65,2026-08-17,552933
U003638,O008402,403.35,2026-08-20,552933
U003638,O008403,315.72,2026-08-26,552933
U003639,O008404,479.34,2026-04-26,687114
U003639,O008405,704.64,2026-05-12,687114
U003639,O008406,922.17,2026-07-15,687114
U003639,O008407,1042.1,2026-07-19,687114
U003640,O008408,1041.42,2026-03-01,645228
U003640,O008409,518.69,2026-03-04,645228
U003640,O008410,441.0,2026-03-21,645228
U003640,O008411,805.2,2026-05-01,645228
U003640,O008412,871.45,2026-05-10,645228
U003641,O008413,935.66,2026-02-01,777724
U003641,O008414,1020.75,2026-03-25,777724
U003641,O008415,871.55,2026-04-01,777724
U003642,O008416,918.74,2026-03-08,318894
U003642,O008417,1107.38,2026-03-12,318894
U003643,O008418,737.61,2026-06-10,302212
U003643,O008419,49.0,2026-07-05,302212
U003644,O008420,1348.1,2026-08-25,280981
U003645,O008421,236.95,2026-02-10,304947
U003645,O008422,720.53,2026-03-18,304947
U003646,O008423,1195.63,2026-08-17,889536
U003647,O008424,622.75,2026-03-24,457517
U003647,O008425,876.45,2026-04-07,457517
U003648,O008426,894.76,2025-10-14,198230
U003648,O008427,1118.05,2026-01-24,198230
U003648,O008428,531.06,2026-01-28,198230
U003649,O008429,898.82,2025-11-09,597446
U003649,O008430,430.87,2025-12-15,597446
U003649,O008431,576.74,2025-12-28,597446
U003650,O008432,540.26,2026-02-03,646008
U003650,O008433,522.11,2026-03-21,646008
U003650,O008434,417.93,2026-03-26,646008
U003651,O008435,930.35,2026-07-18,326779
U003655,O008436,868.15,2025-10-02,841647
U003655,O008437,91.7,2025-10-26,841647
U003655,O008438,695.33,2025-12-10,841647
U003655,O008439,314.07,2025-12-22,841647
U003656,O008440,492.37,2025-10-28,862927
U003656,O008441,1167.89,2025-11-17,862927
U003656,O008442,712.66,2025-11-20,862927
U003656,O008443,725.96,2025-12-30,862927
U003656,O008444,766.29,2026-01-22,862927
U003656,O008445,932.66,2026-02-06,862927
U003656,O008446,491.29,2026-02-15,862927
U003657,O008447,49.0,2026-06-15,211005
U003657,O008448,901.04,2026-07-18,211005
U003657,O008449,472.25,2026-07-30,211005
U003657,O008450,175.72,2026-08-10,211005
U003658,O008451,410.63,2026-06-21,756750
U003658,O008452,814.47,2026-06-30,756750
U003658,O008453,742.55,2026-07-31,756750
U003659,O008454,711.96,2026-07-10,352694
U003661,O008455,670.67,2025-12-13,421741
U003661,O008456,589.6,2026-02-24,421741
U003662,O008457,407.64,2025-11-28,456867
U003663,O008458,606.86,2026-01-28,197865
U003663,O008459,661.68,2026-02-06,197865
U003663,O008460,841.87,2026-03-12,197865
U003663,O008461,221.26,2026-03-14,197865
U003664,O008462,268.33,2026-01-12,898010
U003664,O008463,674.4,2026-01-23,898010
U003665,O008464,555.84,2026-07-04,451532
U003665,O008465,691.24,2026-07-14,451532
U003666,O008466,570.68,2026-04-03,369485
U003666,O008467,351.26,2026-06-16,369485
U003666,O008468,856.83,2026-06-21,369485
U003667,O008469,49.0,2026-04-05,608403
U003667,O008470,49.0,2026-04-23,608403
U003668,O008471,749.48,2026-01-26,122275
U003669,O008472,677.04,2026-02-10,138546
U003669,O008473,357.77,2026-02-28,138546
U003669,O008474,765.97,2026-03-21,138546
U003670,O008475,655.18,2025-12-28,701227
U003670,O008476,600.17,2025-12-30,701227
U003670,O008477,835.64,2026-01-21,701227
U003672,O008478,820.84,2025-11-25,532673
U003673,O008479,1212.56,2025-12-15,146539
U003673,O008480,766.02,2025-12-29,146539
U003673,O008481,475.22,2026-02-01,146539
U003675,O008482,1049.72,2026-02-19,686324
U003676,O008483,904.39,2025-11-21,531747
U003676,O008484,458.59,2025-12-04,531747
U003676,O008485,351.67,2025-12-09,531747
U003676,O008486,557.66,2026-01-15,531747
U003679,O008487,537.6,2025-10-31,280580
U003680,O008488,345.35,2025-10-22,537387
U003680,O008489,149.47,2025-12-17,537387
U003681,O008490,49.0,2026-03-02,877011
U003681,O008491,743.59,2026-03-29,877011
U003683,O008492,940.81,2026-08-17,733546
U003684,O008493,667.31,2026-02-25,566579
U003685,O008494,699.42,2026-07-16,257925
U003685,O008495,354.73,2026-08-12,257925
U003687,O008496,1323.98,2026-05-23,176645
U003687,O008497,1014.39,2026-06-01,176645
U003687,O008498,745.56,2026-06-03,176645
U003687,O008499,696.86,2026-08-18,176645
U003688,O008500,971.78,2026-01-27,601325
U003688,O008501,590.67,2026-06-22,601325
U003688,O008502,730.88,2026-07-13,601325
U003689,O008503,476.65,2026-07-07,393743
U003689,O008504,1020.18,2026-08-02,393743
U003690,O008505,348.42,2026-01-23,439437
U003691,O008506,376.08,2026-06-14,427965
U003691,O008507,544.89,2026-08-05,427965
U003692,O008508,780.08,2025-11-14,859593
U003694,O008509,550.27,2026-06-07,119733
U003694,O008510,772.32,2026-06-11,119733
U003695,O008511,764.66,2026-03-01,437817
U003695,O008512,49.0,2026-03-10,437817
U003695,O008513,662.14,2026-04-15,437817
U003695,O008514,674.37,2026-04-28,437817
U003696,O008515,908.37,2025-11-12,731478
U003696,O008516,550.94,2025-11-20,731478
U003696,O008517,570.04,2026-01-02,731478
U003698,O008518,1213.49,2025-12-03,281407
U003698,O008519,1123.91,2026-03-15,281407
U003698,O008520,1013.94,2026-04-17,281407
U003699,O008521,1252.17,2026-03-18,875882
U003699,O008522,1444.51,2026-04-09,875882
U003701,O008523,612.68,2026-03-07,775208
U003701,O008524,770.65,2026-03-21,775208
U003701,O008525,583.0,2026-05-01,775208
U003702,O008526,804.83,2026-03-28,249919
U003703,O008527,701.27,2025-10-25,221152
U003703,O008528,183.36,2025-11-09,221152
U003703,O008529,725.34,2025-11-21,221152
U003703,O008530,840.92,2025-12-04,221152
U003703,O008531,1177.26,2025-12-17,221152
U003703,O008532,1002.87,2026-01-10,221152
U003703,O008533,754.37,2026-02-17,221152
U003704,O008534,771.55,2026-02-14,352587
U003705,O008535,634.49,2025-10-23,771203
U003705,O008536,967.18,2025-11-11,771203
U003705,O008537,827.56,2026-01-16,771203
U003705,O008538,699.8,2026-02-13,771203
U003706,O008539,1010.29,2026-06-26,792807
U003707,O008540,573.83,2026-06-03,831489
U003707,O008541,772.39,2026-06-12,831489
U003708,O008542,724.29,2026-04-20,355805
U003709,O008543,628.49,2025-10-15,818412
U003709,O008544,180.01,2025-11-01,818412
U003709,O008545,561.66,2025-11-27,818412
U003710,O008546,677.84,2026-07-12,243359
U003710,O008547,673.56,2026-07-16,243359
U003712,O008548,507.43,2026-06-02,666689
U003713,O008549,619.01,2025-12-29,291708
U003713,O008550,1348.54,2026-01-26,291708
U003713,O008551,962.69,2026-02-05,291708
U003714,O008552,615.87,2026-02-17,787887
U003714,O008553,796.14,2026-03-06,787887
U003716,O008554,388.34,2026-01-12,795879
U003716,O008555,1434.89,2026-03-02,795879
U003716,O008556,264.44,2026-03-24,795879
U003716,O008557,386.99,2026-05-18,795879
U003717,O008558,261.38,2026-06-11,509867
U003717,O008559,605.14,2026-06-15,509867
U003718,O008560,1342.45,2025-12-08,536656
U003718,O008561,1076.82,2025-12-12,536656
U003718,O008562,435.51,2026-02-27,536656
U003718,O008563,707.44,2026-03-28,536656
U003719,O008564,655.35,2026-06-10,266835
U003719,O008565,339.17,2026-06-26,266835
U003719,O008566,344.49,2026-07-28,266835
U003720,O008567,439.27,2026-06-20,672392
U003720,O008568,130.27,2026-08-24,672392
U003722,O008569,753.2,2026-07-17,106511
U003723,O008570,314.36,2025-12-15,693363
U003723,O008571,389.87,2026-04-20,693363
U003724,O008572,595.08,2026-07-23,719007
U003724,O008573,478.83,2026-07-29,719007
U003725,O008574,581.32,2025-10-18,340177
U003725,O008575,562.75,2025-11-16,340177
U003725,O008576,407.33,2025-11-18,340177
U003726,O008577,928.32,2026-08-25,622629
U003727,O008578,223.43,2026-06-16,392274
U003728,O008579,771.75,2026-06-06,470177
U003729,O008580,512.35,2025-12-21,807514
U003729,O008581,844.31,2026-02-26,807514
U003729,O008582,941.04,2026-03-01,807514
U003730,O008583,1240.01,2026-02-10,820777
U003731,O008584,282.66,2025-12-31,188839
U003731,O008585,805.91,2026-02-27,188839
U003731,O008586,511.47,2026-03-03,188839
U003732,O008587,337.81,2026-01-27,812156
U003732,O008588,970.42,2026-03-15,812156
U003735,O008589,296.22,2025-10-05,403540
U003735,O008590,377.78,2025-10-25,403540
U003739,O008591,49.0,2025-11-09,296941
U003742,O008592,53.74,2026-05-17,606045
U003742,O008593,858.41,2026-06-05,606045
U003742,O008594,854.07,2026-07-15,606045
U003743,O008595,262.77,2026-07-31,509206
U003745,O008596,49.0,2025-10-26,284511
U003745,O008597,992.53,2025-11-07,284511
U003745,O008598,727.91,2026-01-12,284511
U003745,O008599,951.21,2026-05-17,284511
U003745,O008600,49.0,2026-06-03,284511
U003745,O008601,383.98,2026-06-10,284511
U003745,O008602,303.14,2026-06-13,284511
U003746,O008603,976.69,2026-05-13,366959
U003747,O008604,895.37,2026-04-01,199642
U003747,O008605,898.57,2026-04-10,199642
U003747,O008606,526.27,2026-04-15,199642
U003749,O008607,1048.5,2026-05-28,488189
U003749,O008608,508.08,2026-07-14,488189
U003750,O008609,614.26,2026-07-09,161023
U003750,O008610,1022.04,2026-08-20,161023
U003752,O008611,665.77,2025-10-21,373535
U003752,O008612,745.58,2025-11-17,373535
U003753,O008613,520.01,2026-02-06,282885
U003753,O008614,49.0,2026-02-25,282885
U003753,O008615,586.66,2026-04-10,282885
U003753,O008616,109.81,2026-04-24,282885
U003753,O008617,498.78,2026-05-29,282885
U003753,O008618,443.55,2026-07-28,282885
U003754,O008619,799.86,2026-01-07,596072
U003754,O008620,739.95,2026-02-05,596072
U003754,O008621,914.73,2026-02-13,596072
U003756,O008622,757.31,2026-04-18,106806
U003756,O008623,880.32,2026-06-06,106806
U003757,O008624,297.23,2026-08-26,500017
U003758,O008625,509.27,2025-09-19,544678
U003758,O008626,529.7,2025-10-07,544678
U003758,O008627,513.31,2025-11-08,544678
U003758,O008628,481.64,2025-11-19,544678
U003758,O008629,49.0,2025-12-12,544678
U003759,O008630,49.0,2026-05-25,363976
U003759,O008631,603.05,2026-05-30,363976
U003760,O008632,547.89,2026-04-19,214623
U003760,O008633,176.45,2026-04-27,214623
U003760,O008634,506.69,2026-06-15,214623
U003761,O008635,355.89,2026-06-06,563009
U003761,O008636,458.52,2026-08-23,563009
U003762,O008637,391.87,2026-02-12,704889
U003762,O008638,367.53,2026-03-16,704889
U003762,O008639,562.87,2026-05-30,704889
U003763,O008640,1008.69,2026-02-18,385699
U003763,O008641,285.19,2026-04-05,385699
U003763,O008642,565.92,2026-04-07,385699
U003764,O008643,659.08,2026-04-10,609835
U003764,O008644,232.27,2026-05-18,609835
U003764,O008645,675.09,2026-07-13,609835
U003765,O008646,822.49,2025-09-25,422019
U003766,O008647,1247.55,2026-05-20,481135
U003766,O008648,970.02,2026-05-23,481135
U003767,O008649,919.33,2025-09-07,791011
U003767,O008650,1318.54,2025-10-07,791011
U003767,O008651,428.56,2025-10-14,791011
U003767,O008652,675.37,2025-10-24,791011
U003768,O008653,484.68,2025-12-28,622306
U003768,O008654,678.44,2026-02-02,622306
U003768,O008655,563.59,2026-03-08,622306
U003769,O008656,1118.48,2026-06-07,472837
U003769,O008657,816.86,2026-07-24,472837
U003769,O008658,880.72,2026-08-02,472837
U003771,O008659,972.31,2026-08-11,805383
U003772,O008660,810.04,2026-03-19,462253
U003772,O008661,502.02,2026-05-30,462253
U003773,O008662,614.99,2026-08-24,253781
U003774,O008663,927.85,2026-01-30,454875
U003774,O008664,762.64,2026-02-25,454875
U003775,O008665,1032.95,2025-12-18,433240
U003775,O008666,552.6,2025-12-21,433240
U003778,O008667,686.9,2026-03-10,454125
U003778,O008668,424.52,2026-04-06,454125
U003779,O008669,915.08,2026-07-23,468931
U003779,O008670,1078.54,2026-08-20,468931
U003781,O008671,754.91,2026-06-25,495637
U003782,O008672,1060.18,2026-01-12,733213
U003782,O008673,1189.22,2026-03-09,733213
U003782,O008674,389.96,2026-07-02,733213
U003782,O008675,171.14,2026-07-23,733213
U003784,O008676,421.67,2026-06-02,608668
U003784,O008677,620.67,2026-06-12,608668
U003784,O008678,873.35,2026-08-24,608668
U003785,O008679,604.86,2025-11-27,756926
U003785,O008680,1108.53,2025-12-23,756926
U003785,O008681,805.97,2026-01-01,756926
U003785,O008682,848.9,2026-01-05,756926
U003785,O008683,864.4,2026-01-19,756926
U003785,O008684,722.78,2026-05-17,756926
U003786,O008685,529.88,2025-11-28,238504
U003786,O008686,728.78,2026-02-24,238504
U003786,O008687,673.79,2026-03-06,238504
U003786,O008688,572.94,2026-04-11,238504
U003786,O008689,1097.57,2026-04-28,238504
U003787,O008690,548.11,2025-09-27,427979
U003787,O008691,886.25,2025-10-05,427979
U003788,O008692,123.03,2025-09-25,489562
U003788,O008693,406.07,2025-10-01,489562
U003788,O008694,753.58,2025-10-27,489562
U003788,O008695,106.68,2025-11-27,489562
U003789,O008696,668.2,2026-04-24,723230
U003790,O008697,642.2,2026-01-18,326247
U003790,O008698,427.17,2026-03-13,326247
U003790,O008699,950.25,2026-04-09,326247
U003790,O008700,454.74,2026-05-11,326247
U003790,O008701,1006.77,2026-06-08,326247
U003791,O008702,932.64,2026-03-15,879604
U003791,O008703,1199.94,2026-04-05,879604
U003791,O008704,294.85,2026-06-10,879604
U003792,O008705,371.33,2026-04-06,119954
U003793,O008706,530.92,2026-06-25,676327
U003794,O008707,1216.15,2026-06-29,887707
U003795,O008708,786.19,2026-06-06,862400
U003795,O008709,320.89,2026-06-19,862400
U003797,O008710,1076.15,2026-07-14,300891
U003797,O008711,364.61,2026-07-18,300891
U003798,O008712,89.99,2025-10-28,751005
U003798,O008713,533.05,2025-12-21,751005
U003798,O008714,646.71,2025-12-23,751005
U003798,O008715,49.0,2025-12-27,751005
U003799,O008716,385.94,2025-12-25,676795
U003799,O008717,891.9,2026-01-26,676795
U003799,O008718,918.69,2026-03-23,676795
U003800,O008719,987.31,2025-10-17,416276
U003801,O008720,845.56,2026-06-18,338157
U003801,O008721,642.57,2026-08-23,338157
U003802,O008722,731.95,2025-12-08,486041
U003802,O008723,740.34,2026-02-25,486041
U003803,O008724,847.25,2026-03-03,477005
U003803,O008725,302.85,2026-08-02,477005
U003804,O008726,929.47,2025-10-08,229235
U003804,O008727,836.35,2025-12-23,229235
U003804,O008728,195.71,2025-12-28,229235
U003805,O008729,983.6,2026-05-27,577683
U003805,O008730,281.44,2026-06-02,577683
U003806,O008731,452.91,2025-11-05,633962
U003807,O008732,665.42,2025-12-28,867350
U003807,O008733,697.86,2026-01-25,867350
U003807,O008734,821.52,2026-02-22,867350
U003807,O008735,200.74,2026-03-25,867350
U003807,O008736,702.32,2026-04-19,867350
U003808,O008737,425.37,2026-01-09,871586
U003808,O008738,859.97,2026-02-27,871586
U003809,O008739,861.42,2026-06-04,240662
U003809,O008740,647.05,2026-06-24,240662
U003809,O008741,1458.89,2026-08-02,240662
U003811,O008742,588.84,2025-09-08,167463
U003811,O008743,408.05,2025-09-16,167463
U003812,O008744,920.55,2026-04-22,648348
U003812,O008745,427.92,2026-07-05,648348
U003812,O008746,593.28,2026-07-07,648348
U003813,O008747,1018.45,2025-11-20,584171
U003813,O008748,302.2,2025-12-13,584171
U003813,O008749,761.94,2025-12-21,584171
U003813,O008750,675.83,2026-01-11,584171
U003816,O008751,430.81,2026-01-15,150669
U003817,O008752,203.74,2026-05-16,466855
U003817,O008753,700.64,2026-06-04,466855
U003818,O008754,484.07,2026-06-02,455237
U003818,O008755,713.66,2026-06-21,455237
U003819,O008756,365.48,2026-05-07,807204
U003819,O008757,781.84,2026-05-17,807204
U003821,O008758,957.01,2026-05-09,434108
U003821,O008759,621.29,2026-07-23,434108
U003822,O008760,493.52,2026-05-02,182154
U003823,O008761,1037.65,2026-05-17,440937
U003823,O008762,939.69,2026-05-21,440937
U003823,O008763,878.25,2026-07-10,440937
U003823,O008764,413.84,2026-07-12,440937
U003823,O008765,849.86,2026-07-31,440937
U003824,O008766,51.6,2025-10-24,189220
U003825,O008767,970.42,2026-06-12,414294
U003825,O008768,570.06,2026-06-22,414294
U003826,O008769,207.6,2025-12-28,832123
U003826,O008770,687.56,2026-01-30,832123
U003826,O008771,709.6,2026-03-08,832123
U003827,O008772,419.81,2026-06-10,363195
U003827,O008773,49.0,2026-08-03,363195
U003828,O008774,789.27,2026-05-14,805810
U003828,O008775,476.12,2026-05-24,805810
U003829,O008776,858.27,2025-10-12,585624
U003829,O008777,1117.13,2025-10-24,585624
U003829,O008778,551.87,2025-12-27,585624
U003830,O008779,993.98,2026-07-16,488520
U003830,O008780,311.48,2026-08-03,488520
U003830,O008781,764.77,2026-08-11,488520
U003831,O008782,367.09,2026-02-01,177889
U003832,O008783,669.74,2025-12-10,303791
U003832,O008784,285.76,2025-12-28,303791
U003834,O008785,1207.46,2026-02-28,517479
U003834,O008786,565.86,2026-04-17,517479
U003834,O008787,1191.17,2026-04-27,517479
U003835,O008788,550.37,2026-08-20,510264
U003836,O008789,621.85,2026-03-18,601500
U003837,O008790,1059.22,2025-11-11,354320
U003837,O008791,326.62,2025-12-09,354320
U003839,O008792,986.43,2025-10-21,196151
U003840,O008793,451.54,2026-05-10,348355
U003840,O008794,671.26,2026-08-10,348355
U003840,O008795,1002.74,2026-08-25,348355
U003842,O008796,776.73,2026-01-19,364925
U003842,O008797,555.32,2026-02-11,364925
U003842,O008798,709.5,2026-02-16,364925
U003842,O008799,833.12,2026-02-27,364925
U003843,O008800,368.6,2025-11-12,242485
U003843,O008801,821.85,2025-11-18,242485
U003843,O008802,347.29,2026-01-02,242485
U003844,O008803,1065.23,2026-08-12,883641
U003845,O008804,588.26,2026-08-12,278417
U003847,O008805,688.21,2026-03-07,239762
U003847,O008806,699.75,2026-03-29,239762
U003847,O008807,1032.51,2026-04-23,239762
U003847,O008808,128.13,2026-05-16,239762
U003847,O008809,521.75,2026-05-30,239762
U003848,O008810,769.52,2025-12-25,504697
U003848,O008811,208.59,2026-01-02,504697
U003848,O008812,67.15,2026-01-20,504697
U003848,O008813,690.17,2026-03-07,504697
U003848,O008814,523.79,2026-04-08,504697
U003848,O008815,188.02,2026-04-13,504697
U003849,O008816,514.02,2026-03-30,713903
U003849,O008817,755.78,2026-04-02,713903
U003851,O008818,415.62,2026-05-22,230803
U003851,O008819,387.09,2026-05-28,230803
U003851,O008820,601.59,2026-07-17,230803
U003852,O008821,299.79,2026-05-29,469999
U003852,O008822,717.86,2026-06-09,469999
U003853,O008823,294.6,2025-09-13,259258
U003853,O008824,721.77,2025-10-20,259258
U003853,O008825,872.17,2025-11-21,259258
U003853,O008826,321.4,2025-12-27,259258
U003853,O008827,875.37,2026-01-08,259258
U003854,O008828,711.86,2025-12-11,298943
U003854,O008829,774.16,2026-03-25,298943
U003854,O008830,723.14,2026-04-13,298943
U003855,O008831,982.49,2025-11-21,139919
U003855,O008832,340.32,2026-01-07,139919
U003856,O008833,1092.17,2026-07-22,352472
U003857,O008834,578.48,2026-06-05,862260
U003857,O008835,788.3,2026-06-21,862260
U003858,O008836,628.26,2026-05-24,817468
U003859,O008837,809.36,2026-01-03,494658
U003859,O008838,144.35,2026-01-21,494658
U003860,O008839,559.47,2026-01-17,240797
U003861,O008840,730.12,2026-01-27,496868
U003863,O008841,442.1,2025-10-11,750663
U003863,O008842,648.89,2025-10-19,750663
U003863,O008843,427.01,2026-01-01,750663
U003863,O008844,574.39,2026-02-07,750663
U003865,O008845,1079.13,2026-04-17,476798
U003865,O008846,987.95,2026-04-28,476798
U003865,O008847,294.92,2026-05-04,476798
U003865,O008848,839.45,2026-05-21,476798
U003866,O008849,1008.3,2026-02-19,529905
U003867,O008850,1005.81,2026-07-13,582753
U003867,O008851,667.16,2026-08-13,582753
U003867,O008852,867.85,2026-08-24,582753
U003868,O008853,143.21,2025-10-05,315623
U003869,O008854,353.9,2025-10-08,426717
U003869,O008855,588.07,2025-10-15,426717
U003869,O008856,1046.77,2025-10-17,426717
U003870,O008857,1261.06,2026-05-04,118763
U003870,O008858,567.45,2026-06-06,118763
U003870,O008859,574.81,2026-06-09,118763
U003871,O008860,642.51,2025-11-16,804078
U003871,O008861,254.17,2025-11-21,804078
U003871,O008862,844.21,2026-01-09,804078
U003872,O008863,425.91,2026-01-02,798937
U003872,O008864,1097.79,2026-01-19,798937
U003873,O008865,640.42,2026-02-02,763002
U003874,O008866,766.83,2025-10-01,602823
U003875,O008867,514.44,2025-10-22,558494
U003875,O008868,711.38,2025-11-11,558494
U003875,O008869,764.94,2026-01-08,558494
U003875,O008870,698.24,2026-01-17,558494
U003876,O008871,716.5,2026-07-15,266844
U003877,O008872,436.28,2026-05-04,333624
U003878,O008873,491.22,2025-12-28,116745
U003878,O008874,781.11,2025-12-29,116745
U003878,O008875,797.11,2025-12-31,116745
U003879,O008876,954.41,2026-07-15,510817
U003879,O008877,299.38,2026-07-25,510817
U003879,O008878,254.21,2026-08-03,510817
U003880,O008879,390.72,2026-07-01,835165
U003880,O008880,872.29,2026-07-30,835165
U003880,O008881,1364.51,2026-08-24,835165
U003881,O008882,49.0,2026-08-23,625103
U003884,O008883,315.55,2025-11-09,372792
U003884,O008884,662.42,2025-11-29,372792
U003884,O008885,661.87,2025-12-03,372792
U003885,O008886,284.01,2026-01-30,669515
U003885,O008887,845.54,2026-03-10,669515
U003885,O008888,333.16,2026-03-20,669515
U003886,O008889,172.17,2026-01-19,248794
U003886,O008890,784.41,2026-02-24,248794
U003887,O008891,883.83,2026-01-11,491040
U003887,O008892,807.45,2026-02-21,491040
U003887,O008893,776.39,2026-04-03,491040
U003887,O008894,1280.24,2026-04-13,491040
U003887,O008895,224.94,2026-05-16,491040
U003888,O008896,451.98,2026-03-31,842612
U003890,O008897,232.39,2026-03-27,579883
U003890,O008898,739.52,2026-06-24,579883
U003890,O008899,633.18,2026-07-06,579883
U003891,O008900,917.11,2025-10-30,100695
U003891,O008901,773.49,2025-12-03,100695
U003891,O008902,581.74,2025-12-27,100695
U003891,O008903,49.0,2026-01-17,100695
U003891,O008904,386.29,2026-02-18,100695
U003892,O008905,313.29,2026-07-26,488897
U003892,O008906,795.18,2026-07-29,488897
U003893,O008907,532.31,2026-02-21,525223
U003893,O008908,839.94,2026-03-27,525223
U003893,O008909,934.07,2026-05-22,525223
U003894,O008910,352.93,2025-09-12,546685
U003894,O008911,587.01,2025-09-30,546685
U003894,O008912,530.47,2025-12-09,546685
U003896,O008913,626.26,2025-12-15,798883
U003897,O008914,688.48,2026-02-04,727992
U003897,O008915,974.64,2026-02-16,727992
U003897,O008916,748.45,2026-03-10,727992
U003897,O008917,410.34,2026-05-06,727992
U003897,O008918,542.7,2026-05-08,727992
U003897,O008919,685.73,2026-05-23,727992
U003897,O008920,349.98,2026-05-31,727992
U003897,O008921,540.97,2026-06-16,727992
U003899,O008922,669.67,2026-03-13,222096
U003899,O008923,1334.36,2026-03-20,222096
U003899,O008924,1143.6,2026-04-16,222096
U003899,O008925,574.89,2026-05-05,222096
U003899,O008926,657.89,2026-06-19,222096
U003899,O008927,365.54,2026-06-26,222096
U003900,O008928,98.14,2026-03-28,517006
U003901,O008929,696.74,2025-10-06,497109
U003901,O008930,941.55,2025-10-28,497109
U003902,O008931,250.69,2026-01-19,108608
U003902,O008932,808.41,2026-04-06,108608
U003902,O008933,923.62,2026-04-18,108608
U003902,O008934,562.15,2026-05-15,108608
U003904,O008935,669.35,2026-04-05,155316
U003904,O008936,726.2,2026-07-20,155316
U003905,O008937,340.36,2026-02-01,112564
U003905,O008938,387.49,2026-02-18,112564
U003905,O008939,886.29,2026-02-19,112564
U003905,O008940,709.18,2026-04-04,112564
U003907,O008941,1037.88,2026-03-18,828283
U003907,O008942,491.47,2026-04-11,828283
U003907,O008943,426.24,2026-05-17,828283
U003908,O008944,673.07,2026-01-18,232785
U003908,O008945,518.91,2026-02-25,232785
U003909,O008946,845.49,2026-08-05,533946
U003909,O008947,602.14,2026-08-21,533946
U003911,O008948,984.31,2025-10-18,668758
U003911,O008949,1328.85,2025-10-29,668758
U003911,O008950,916.95,2025-11-24,668758
U003911,O008951,603.26,2025-11-28,668758
U003911,O008952,783.74,2025-12-01,668758
U003911,O008953,668.68,2026-03-05,668758
U003912,O008954,760.44,2026-02-21,886950
U003912,O008955,49.0,2026-03-12,886950
U003914,O008956,529.0,2026-05-28,696793
U003914,O008957,768.05,2026-06-21,696793
U003915,O008958,840.62,2026-01-16,440466
U003915,O008959,717.26,2026-03-24,440466
U003915,O008960,1399.82,2026-04-03,440466
U003916,O008961,555.07,2025-11-07,220630
U003917,O008962,453.41,2025-12-07,728490
U003917,O008963,628.83,2025-12-10,728490
U003919,O008964,693.31,2026-04-13,776306
U003919,O008965,525.18,2026-04-22,776306
U003920,O008966,279.93,2025-12-25,372786
U003920,O008967,785.94,2026-01-12,372786
U003920,O008968,726.73,2026-02-11,372786
U003921,O008969,1157.69,2025-10-10,585901
U003921,O008970,445.86,2026-03-04,585901
U003921,O008971,452.39,2026-03-10,585901
U003922,O008972,145.74,2026-02-01,844910
U003922,O008973,476.03,2026-03-10,844910
U003922,O008974,624.01,2026-05-20,844910
U003923,O008975,735.27,2026-05-25,700693
U003923,O008976,801.85,2026-06-16,700693
U003924,O008977,495.74,2025-09-25,681212
U003924,O008978,731.06,2025-10-07,681212
U003924,O008979,655.83,2025-11-19,681212
U003925,O008980,573.32,2026-01-26,889351
U003925,O008981,327.6,2026-03-02,889351
U003925,O008982,302.69,2026-04-18,889351
U003926,O008983,480.78,2026-06-30,629910
U003927,O008984,820.04,2026-08-09,320211
U003929,O008985,892.94,2026-04-01,424670
U003929,O008986,65.45,2026-05-18,424670
U003929,O008987,712.91,2026-07-12,424670
U003930,O008988,818.7,2026-03-01,386898
U003930,O008989,894.96,2026-04-10,386898
U003930,O008990,769.33,2026-04-21,386898
U003931,O008991,747.5,2025-12-14,727636
U003931,O008992,275.73,2025-12-17,727636
U003932,O008993,806.25,2026-07-03,118215
U003932,O008994,981.95,2026-07-05,118215
U003932,O008995,756.73,2026-07-18,118215
U003932,O008996,805.53,2026-07-31,118215
U003932,O008997,1043.47,2026-08-15,118215
U003932,O008998,720.94,2026-08-25,118215
U003933,O008999,635.11,2026-07-29,710292
U003933,O009000,1192.48,2026-08-03,710292
U003934,O009001,470.41,2026-06-28,111687
U003934,O009002,777.25,2026-07-04,111687
U003937,O009003,668.9,2026-04-20,198774
U003937,O009004,948.49,2026-05-31,198774
U003939,O009005,679.46,2025-12-07,180194
U003940,O009006,1131.88,2026-05-13,367263
U003940,O009007,788.48,2026-05-25,367263
U003940,O009008,629.44,2026-07-25,367263
U003940,O009009,1209.99,2026-07-30,367263
U003941,O009010,738.31,2026-03-17,231396
U003941,O009011,859.6,2026-03-27,231396
U003941,O009012,772.97,2026-04-01,231396
U003941,O009013,1062.24,2026-04-04,231396
U003942,O009014,83.77,2025-10-11,750056
U003942,O009015,635.6,2025-10-17,750056
U003943,O009016,735.8,2026-07-14,806759
U003945,O009017,618.5,2026-07-17,252743
U003946,O009018,707.84,2026-08-06,293829
U003947,O009019,1051.72,2025-11-22,540387
U003947,O009020,818.9,2025-12-23,540387
U003947,O009021,264.43,2026-01-14,540387
U003948,O009022,389.75,2026-05-03,895678
U003949,O009023,666.72,2026-07-30,503511
U003950,O009024,840.11,2025-10-07,567425
U003950,O009025,787.52,2025-11-16,567425
U003950,O009026,668.04,2025-12-05,567425
U003950,O009027,531.68,2025-12-21,567425
U003951,O009028,436.82,2026-06-03,556825
U003952,O009029,504.06,2026-06-13,528258
U003952,O009030,498.4,2026-08-20,528258
U003954,O009031,659.87,2026-03-08,377314
U003954,O009032,1031.31,2026-04-05,377314
U003955,O009033,877.8,2025-11-23,502028
U003955,O009034,355.58,2025-11-27,502028
U003956,O009035,359.3,2026-06-07,847908
U003956,O009036,907.13,2026-07-02,847908
U003957,O009037,1179.0,2026-04-04,374240
U003957,O009038,999.81,2026-04-18,374240
U003958,O009039,774.93,2026-03-20,699732
U003958,O009040,324.63,2026-07-31,699732
U003959,O009041,805.26,2025-10-11,419042
U003959,O009042,699.79,2025-10-12,419042
U003960,O009043,514.25,2026-06-25,682878
U003960,O009044,749.97,2026-07-08,682878
U003960,O009045,522.81,2026-08-19,682878
U003961,O009046,733.51,2026-03-18,776773
U003961,O009047,745.43,2026-05-01,776773
U003963,O009048,595.85,2026-07-29,682016
U003965,O009049,380.98,2026-04-07,783093
U003965,O009050,210.32,2026-05-18,783093
U003965,O009051,478.22,2026-05-31,783093
U003966,O009052,838.53,2026-07-18,188915
U003967,O009053,465.92,2025-12-03,655458
U003967,O009054,682.83,2026-01-25,655458
U003967,O009055,49.0,2026-02-03,655458
U003967,O009056,570.68,2026-02-17,655458
U003969,O009057,561.4,2025-10-08,599737
U003969,O009058,658.13,2025-10-20,599737
U003970,O009059,943.21,2026-01-14,619665
U003971,O009060,514.94,2025-10-13,787723
U003971,O009061,263.97,2025-10-16,787723
U003971,O009062,1049.27,2025-11-24,787723
U003971,O009063,941.8,2026-01-19,787723
U003973,O009064,835.53,2026-03-11,302246
U003974,O009065,871.43,2026-08-21,210274
U003978,O009066,204.95,2026-05-05,177022
U003978,O009067,841.04,2026-06-05,177022
U003979,O009068,134.1,2026-03-08,865229
U003979,O009069,876.14,2026-03-17,865229
U003979,O009070,493.53,2026-03-27,865229
U003980,O009071,232.12,2026-03-14,613065
U003980,O009072,606.29,2026-05-31,613065
U003981,O009073,307.87,2026-08-10,359126
U003982,O009074,1195.15,2026-04-15,565372
U003982,O009075,62.4,2026-05-20,565372
U003982,O009076,789.43,2026-06-27,565372
U003982,O009077,491.22,2026-07-08,565372
U003982,O009078,676.13,2026-08-02,565372
U003982,O009079,187.79,2026-08-15,565372
U003982,O009080,727.55,2026-08-22,565372
U003983,O009081,802.02,2026-07-27,448982
U003985,O009082,629.87,2025-10-29,800468
U003986,O009083,764.09,2026-08-01,653488
U003988,O009084,585.03,2025-10-20,554778
U003988,O009085,822.0,2025-10-28,554778
U003988,O009086,866.31,2025-11-11,554778
U003988,O009087,49.0,2025-12-02,554778
U003990,O009088,526.36,2026-05-20,454947
U003992,O009089,1008.43,2026-07-30,134351
U003993,O009090,335.69,2025-10-23,474228
U003993,O009091,674.83,2025-11-14,474228
U003993,O009092,431.67,2026-01-22,474228
U003993,O009093,473.75,2026-01-24,474228
U003993,O009094,1003.29,2026-02-05,474228
U003994,O009095,1342.63,2026-08-24,233710
U003995,O009096,350.7,2026-02-16,435996
U003995,O009097,904.22,2026-03-02,435996
U003995,O009098,1178.63,2026-03-06,435996
U003997,O009099,343.15,2026-04-20,112183
U003997,O009100,1025.87,2026-06-01,112183
U003997,O009101,655.94,2026-08-15,112183
U003998,O009102,119.97,2026-07-13,876226
U003999,O009103,186.47,2026-01-03,138078
U003999,O009104,582.11,2026-01-17,138078
U003999,O009105,291.05,2026-02-06,138078
U004001,O009106,685.62,2026-05-24,519148
U004001,O009107,772.71,2026-07-05,519148
U004002,O009108,1503.56,2026-02-15,368490
U004002,O009109,549.37,2026-02-22,368490
U004002,O009110,654.96,2026-02-27,368490
U004003,O009111,615.49,2026-01-04,683289
U004003,O009112,312.3,2026-01-23,683289
U004003,O009113,353.6,2026-01-24,683289
U004004,O009114,511.95,2025-11-18,343306
U004004,O009115,672.78,2025-11-22,343306
U004005,O009116,811.8,2026-07-18,885526
U004005,O009117,647.42,2026-08-23,885526
U004006,O009118,108.48,2025-11-05,730334
U004007,O009119,516.76,2025-12-17,385160
U004007,O009120,713.0,2025-12-18,385160
U004009,O009121,525.43,2026-05-10,829049
U004009,O009122,323.29,2026-07-18,829049
U004009,O009123,1216.17,2026-08-05,829049
U004010,O009124,806.7,2026-08-02,567294
U004011,O009125,747.75,2026-04-11,815864
U004011,O009126,1048.11,2026-04-19,815864
U004012,O009127,657.47,2025-11-30,564245
U004012,O009128,185.53,2025-12-13,564245
U004012,O009129,372.64,2026-03-03,564245
U004013,O009130,765.44,2026-02-15,138764
U004013,O009131,818.92,2026-02-23,138764
U004015,O009132,76.52,2026-04-18,801139
U004015,O009133,1240.99,2026-07-21,801139
U004016,O009134,275.16,2026-07-04,771106
U004017,O009135,412.67,2026-02-17,105333
U004017,O009136,773.24,2026-03-29,105333
U004017,O009137,707.66,2026-05-18,105333
U004017,O009138,434.48,2026-06-22,105333
U004018,O009139,857.98,2026-04-15,290354
U004018,O009140,1131.13,2026-05-16,290354
U004018,O009141,930.74,2026-05-30,290354
U004019,O009142,728.05,2026-04-04,114266
U004019,O009143,634.56,2026-05-08,114266
U004019,O009144,914.93,2026-06-18,114266
U004020,O009145,465.81,2026-02-02,554889
U004020,O009146,1113.55,2026-03-03,554889
U004021,O009147,589.24,2026-04-14,708596
U004021,O009148,1106.13,2026-04-24,708596
U004021,O009149,692.96,2026-05-16,708596
U004021,O009150,607.23,2026-06-15,708596
U004021,O009151,565.59,2026-06-17,708596
U004022,O009152,612.3,2026-06-07,244616
U004023,O009153,870.73,2026-01-17,167080
U004023,O009154,692.41,2026-02-23,167080
U004023,O009155,442.05,2026-06-07,167080
U004024,O009156,1060.67,2026-04-06,714099
U004024,O009157,1318.13,2026-05-02,714099
U004024,O009158,616.76,2026-05-22,714099
U004025,O009159,539.9,2026-04-16,229283
U004025,O009160,906.22,2026-06-06,229283
U004025,O009161,546.71,2026-06-25,229283
U004025,O009162,647.79,2026-07-16,229283
U004026,O009163,455.24,2026-07-29,528845
U004027,O009164,395.45,2026-01-23,134765
U004027,O009165,813.04,2026-01-28,134765
U004028,O009166,760.87,2026-03-22,443105
U004028,O009167,726.07,2026-03-26,443105
U004028,O009168,796.69,2026-04-07,443105
U004028,O009169,1142.91,2026-06-03,443105
U004028,O009170,749.8,2026-06-23,443105
U004029,O009171,856.32,2026-03-22,393329
U004031,O009172,687.47,2026-06-20,536282
U004032,O009173,508.77,2026-01-03,474015
U004032,O009174,410.64,2026-01-07,474015
U004033,O009175,741.93,2026-02-08,703543
U004033,O009176,375.48,2026-02-09,703543
U004033,O009177,762.36,2026-03-15,703543
U004033,O009178,597.25,2026-04-12,703543
U004034,O009179,548.59,2026-02-20,214043
U004036,O009180,588.47,2026-05-11,852544
U004036,O009181,548.9,2026-06-06,852544
U004036,O009182,1159.0,2026-06-14,852544
U004038,O009183,207.18,2026-08-09,617301
U004038,O009184,186.95,2026-08-11,617301
U004038,O009185,767.43,2026-08-14,617301
U004039,O009186,481.42,2026-06-29,389618
U004039,O009187,901.67,2026-07-05,389618
U004040,O009188,761.89,2026-03-11,770151
U004041,O009189,510.98,2026-04-01,124372
U004041,O009190,273.09,2026-05-09,124372
U004041,O009191,425.58,2026-05-12,124372
U004042,O009192,697.52,2025-10-21,722609
U004043,O009193,638.5,2025-10-31,314174
U004043,O009194,259.77,2025-11-23,314174
U004043,O009195,1193.9,2025-12-08,314174
U004043,O009196,865.81,2025-12-16,314174
U004044,O009197,687.12,2026-07-14,717529
U004044,O009198,920.99,2026-07-26,717529
U004046,O009199,997.47,2026-03-19,692238
U004046,O009200,1118.91,2026-04-13,692238
U004046,O009201,1029.02,2026-04-18,692238
U004047,O009202,883.15,2026-03-20,570571
U004047,O009203,893.63,2026-03-30,570571
U004047,O009204,789.7,2026-05-19,570571
U004047,O009205,1000.52,2026-06-13,570571
U004047,O009206,646.31,2026-06-26,570571
U004047,O009207,49.0,2026-07-05,570571
U004048,O009208,946.77,2026-05-04,618997
U004048,O009209,664.22,2026-05-25,618997
U004049,O009210,690.56,2026-04-19,711481
U004049,O009211,364.74,2026-05-16,711481
U004049,O009212,445.81,2026-06-04,711481
U004050,O009213,429.55,2026-03-10,773120
U004050,O009214,249.95,2026-03-23,773120
U004052,O009215,175.83,2026-05-17,101803
U004052,O009216,198.15,2026-06-14,101803
U004053,O009217,1002.02,2025-11-01,133936
U004053,O009218,871.23,2025-12-08,133936
U004054,O009219,445.83,2026-05-11,367665
U004054,O009220,792.84,2026-05-15,367665
U004054,O009221,616.46,2026-06-15,367665
U004055,O009222,556.12,2025-09-19,738089
U004055,O009223,1004.68,2025-09-30,738089
U004055,O009224,1269.34,2025-10-14,738089
U004058,O009225,499.7,2025-10-07,645712
U004058,O009226,840.64,2025-10-11,645712
U004059,O009227,267.66,2026-05-31,661630
U004060,O009228,797.58,2025-12-21,221818
U004060,O009229,327.44,2026-01-17,221818
U004060,O009230,49.0,2026-01-22,221818
U004061,O009231,312.59,2025-12-19,464540
U004061,O009232,707.47,2025-12-31,464540
U004061,O009233,567.82,2026-01-27,464540
U004061,O009234,210.08,2026-02-12,464540
U004061,O009235,1115.01,2026-03-13,464540
U004062,O009236,773.56,2025-10-23,254311
U004062,O009237,1148.94,2025-10-31,254311
U004064,O009238,695.75,2026-06-16,364191
U004064,O009239,665.9,2026-07-01,364191
U004067,O009240,716.76,2026-01-11,843590
U004067,O009241,352.69,2026-03-08,843590
U004067,O009242,470.21,2026-04-22,843590
U004068,O009243,809.93,2025-12-27,473537
U004069,O009244,408.2,2026-02-02,830828
U004069,O009245,49.0,2026-03-27,830828
U004069,O009246,230.22,2026-06-11,830828
U004069,O009247,211.42,2026-06-27,830828
U004070,O009248,310.46,2026-05-07,486335
U004070,O009249,1017.45,2026-05-29,486335
U004070,O009250,1119.64,2026-08-06,486335
U004070,O009251,403.76,2026-08-11,486335
U004071,O009252,505.37,2026-05-12,285425
U004071,O009253,351.41,2026-07-22,285425
U004072,O009254,49.0,2025-12-02,291273
U004072,O009255,1136.02,2026-01-07,291273
U004072,O009256,1019.84,2026-01-30,291273
U004072,O009257,781.2,2026-03-17,291273
U004073,O009258,868.29,2026-05-03,441959
U004073,O009259,941.85,2026-05-06,441959
U004073,O009260,823.64,2026-06-21,441959
U004073,O009261,909.84,2026-07-02,441959
U004074,O009262,509.64,2026-06-02,130863
U004075,O009263,333.61,2026-07-14,701750
U004075,O009264,49.0,2026-08-02,701750
U004076,O009265,845.1,2026-01-21,281612
U004076,O009266,160.47,2026-02-11,281612
U004076,O009267,908.96,2026-04-14,281612
U004077,O009268,656.54,2026-07-29,471056
U004078,O009269,678.66,2025-11-01,496987
U004079,O009270,1028.11,2026-05-15,572905
U004079,O009271,299.19,2026-06-20,572905
U004080,O009272,802.15,2026-01-22,132789
U004080,O009273,598.95,2026-03-17,132789
U004082,O009274,49.0,2025-12-29,770913
U004083,O009275,504.46,2026-07-25,626372
U004084,O009276,976.22,2026-01-08,198910
U004084,O009277,779.24,2026-03-10,198910
U004084,O009278,496.23,2026-03-21,198910
U004084,O009279,717.94,2026-05-28,198910
U004084,O009280,369.55,2026-06-27,198910
U004085,O009281,601.7,2025-12-09,390469
U004085,O009282,796.43,2026-01-02,390469
U004085,O009283,1097.25,2026-03-04,390469
U004085,O009284,462.37,2026-03-18,390469
U004086,O009285,739.47,2026-02-05,367244
U004087,O009286,254.58,2026-04-26,181290
U004087,O009287,688.13,2026-05-28,181290
U004087,O009288,402.47,2026-06-03,181290
U004088,O009289,343.75,2026-01-28,646150
U004088,O009290,331.98,2026-02-26,646150
U004088,O009291,616.39,2026-03-21,646150
U004089,O009292,939.76,2026-06-09,418355
U004089,O009293,553.74,2026-08-08,418355
U004090,O009294,808.83,2026-04-23,407884
U004090,O009295,1643.15,2026-05-01,407884
U004090,O009296,459.32,2026-05-06,407884
U004090,O009297,571.63,2026-05-27,407884
U004091,O009298,512.54,2025-12-12,217395
U004093,O009299,592.13,2026-07-15,356713
U004095,O009300,490.59,2026-08-05,435927
U004095,O009301,784.75,2026-08-24,435927
U004096,O009302,1032.9,2026-04-27,874445
U004096,O009303,967.81,2026-04-28,874445
U004096,O009304,975.24,2026-04-30,874445
U004097,O009305,1021.67,2026-05-23,258738
U004097,O009306,897.26,2026-05-25,258738
U004099,O009307,329.34,2026-06-13,436042
U004099,O009308,1144.19,2026-06-26,436042
U004100,O009309,474.37,2025-11-17,635935
U004100,O009310,866.35,2025-12-01,635935
U004102,O009311,756.0,2026-08-11,171427
U004103,O009312,177.0,2026-07-02,149600
U004104,O009313,908.46,2026-02-21,351338
U004104,O009314,972.6,2026-03-01,351338
U004104,O009315,49.0,2026-05-14,351338
U004105,O009316,795.09,2026-07-06,400194
U004106,O009317,49.0,2026-04-25,805392
U004106,O009318,453.24,2026-05-12,805392
U004106,O009319,837.49,2026-06-15,805392
U004107,O009320,279.36,2026-05-29,322248
U004107,O009321,738.37,2026-06-13,322248
U004107,O009322,278.84,2026-07-12,322248
U004108,O009323,993.55,2026-01-03,667591
U004108,O009324,328.71,2026-01-12,667591
U004108,O009325,1420.35,2026-02-05,667591
U004108,O009326,717.61,2026-02-25,667591
U004108,O009327,492.75,2026-04-14,667591
U004109,O009328,584.54,2026-06-04,356940
U004109,O009329,886.99,2026-06-16,356940
U004110,O009330,1056.98,2026-04-01,599291
U004110,O009331,937.39,2026-04-23,599291
U004110,O009332,802.97,2026-05-13,599291
U004111,O009333,514.77,2026-07-04,739758
U004113,O009334,627.21,2025-11-13,830152
U004113,O009335,636.5,2025-11-27,830152
U004114,O009336,1053.89,2026-01-04,428127
U004115,O009337,991.02,2026-04-26,259136
U004115,O009338,458.03,2026-05-04,259136
U004116,O009339,1024.49,2026-02-10,528455
U004116,O009340,932.09,2026-03-15,528455
U004116,O009341,453.2,2026-03-18,528455
U004117,O009342,464.84,2026-06-02,653880
U004117,O009343,1028.83,2026-06-14,653880
U004118,O009344,453.98,2026-05-16,118524
U004118,O009345,377.42,2026-05-31,118524
U004119,O009346,519.67,2026-02-27,567353
U004119,O009347,988.7,2026-03-15,567353
U004120,O009348,522.64,2026-08-16,320532
U004123,O009349,1099.65,2026-03-04,610498
U004123,O009350,342.43,2026-05-07,610498
U004123,O009351,453.76,2026-05-19,610498
U004124,O009352,922.14,2026-05-03,474325
U004124,O009353,560.58,2026-07-21,474325
U004126,O009354,442.35,2026-04-12,590984
U004126,O009355,98.47,2026-05-10,590984
U004126,O009356,755.72,2026-05-27,590984
U004126,O009357,517.59,2026-07-29,590984
U004127,O009358,566.81,2026-04-17,349852
U004129,O009359,421.46,2026-05-18,769818
U004129,O009360,148.75,2026-05-21,769818
U004129,O009361,49.0,2026-06-02,769818
U004130,O009362,876.47,2026-08-20,539340
U004131,O009363,1022.6,2026-06-08,176374
U004131,O009364,1194.72,2026-07-03,176374
U004131,O009365,688.09,2026-08-18,176374
U004132,O009366,177.63,2026-07-04,535061
U004132,O009367,590.3,2026-07-24,535061
U004132,O009368,1292.35,2026-07-29,535061
U004132,O009369,884.83,2026-08-24,535061
U004133,O009370,659.74,2026-06-28,414317
U004134,O009371,543.75,2026-03-23,142471
U004134,O009372,1364.28,2026-06-23,142471
U004135,O009373,845.31,2026-04-10,679315
U004135,O009374,488.81,2026-06-08,679315
U004135,O009375,734.58,2026-08-06,679315
U004135,O009376,682.28,2026-08-20,679315
U004136,O009377,808.88,2026-06-23,846116
U004136,O009378,962.41,2026-07-08,846116
U004136,O009379,674.63,2026-08-13,846116
U004137,O009380,685.55,2025-09-08,658062
U004139,O009381,560.19,2026-04-26,559579
U004139,O009382,544.06,2026-06-21,559579
U004139,O009383,843.17,2026-08-07,559579
U004141,O009384,710.61,2025-10-24,535544
U004141,O009385,676.85,2025-10-31,535544
U004141,O009386,274.47,2026-02-19,535544
U004142,O009387,794.55,2025-12-21,101440
U004142,O009388,49.0,2025-12-26,101440
U004143,O009389,421.33,2026-05-13,564061
U004143,O009390,843.41,2026-06-29,564061
U004144,O009391,503.8,2025-11-12,808423
U004144,O009392,479.72,2026-01-02,808423
U004144,O009393,593.45,2026-02-16,808423
U004145,O009394,742.06,2025-10-01,839393
U004145,O009395,766.07,2025-10-26,839393
U004146,O009396,773.19,2026-06-16,417506
U004146,O009397,581.28,2026-07-30,417506
U004147,O009398,1116.91,2025-09-28,338311
U004147,O009399,526.71,2025-11-01,338311
U004148,O009400,491.58,2026-04-29,570141
U004148,O009401,772.54,2026-07-02,570141
U004148,O009402,630.75,2026-07-10,570141
U004148,O009403,567.9,2026-08-02,570141
U004148,O009404,1063.67,2026-08-14,570141
U004148,O009405,530.14,2026-08-18,570141
U004149,O009406,446.56,2026-03-25,738854
U004149,O009407,772.61,2026-04-27,738854
U004149,O009408,411.81,2026-05-04,738854
U004150,O009409,815.97,2026-02-23,619192
U004150,O009410,617.87,2026-05-31,619192
U004150,O009411,455.36,2026-07-28,619192
U004150,O009412,868.91,2026-08-05,619192
U004151,O009413,1087.2,2025-10-11,340787
U004151,O009414,279.92,2025-10-26,340787
U004151,O009415,657.05,2026-01-10,340787
U004151,O009416,511.54,2026-01-14,340787
U004152,O009417,744.35,2025-10-26,187224
U004152,O009418,1038.28,2025-11-26,187224
U004152,O009419,1215.71,2026-01-13,187224
U004152,O009420,887.54,2026-01-14,187224
U004152,O009421,327.54,2026-04-07,187224
U004153,O009422,636.1,2026-04-02,287744
U004154,O009423,1142.88,2026-06-28,118884
U004154,O009424,548.63,2026-07-04,118884
U004154,O009425,99.07,2026-07-12,118884
U004154,O009426,57.78,2026-07-29,118884
U004154,O009427,946.11,2026-08-17,118884
U004155,O009428,1115.34,2026-01-07,878088
U004155,O009429,894.29,2026-01-10,878088
U004156,O009430,683.56,2026-03-26,534534
U004158,O009431,124.54,2026-08-23,418230
U004159,O009432,1214.89,2025-12-06,386045
U004159,O009433,186.85,2025-12-14,386045
U004159,O009434,674.17,2025-12-16,386045
U004159,O009435,1004.18,2025-12-22,386045
U004159,O009436,984.3,2026-02-10,386045
U004160,O009437,755.31,2026-01-20,447028
U004160,O009438,460.45,2026-01-27,447028
U004160,O009439,799.9,2026-03-04,447028
U004160,O009440,310.08,2026-03-06,447028
U004160,O009441,253.38,2026-04-01,447028
U004162,O009442,509.14,2026-01-11,330410
U004162,O009443,413.68,2026-01-14,330410
U004163,O009444,577.14,2026-08-08,278378
U004164,O009445,409.82,2026-04-19,256792
U004165,O009446,891.13,2025-11-03,385730
U004165,O009447,806.8,2026-01-03,385730
U004166,O009448,1129.12,2026-06-04,413400
U004168,O009449,387.37,2026-04-15,743614
U004168,O009450,473.09,2026-05-05,743614
U004168,O009451,463.98,2026-05-15,743614
U004169,O009452,535.23,2026-08-16,104042
U004170,O009453,446.27,2025-11-19,679101
U004170,O009454,594.68,2025-12-10,679101
U004170,O009455,1317.4,2026-04-15,679101
U004171,O009456,869.58,2026-08-02,152821
U004172,O009457,1133.32,2026-07-26,838922
U004173,O009458,740.66,2026-06-20,559811
U004173,O009459,398.25,2026-06-28,559811
U004174,O009460,254.97,2026-05-15,337443
U004175,O009461,335.95,2026-07-08,777970
U004175,O009462,1206.81,2026-07-13,777970
U004176,O009463,462.81,2026-06-16,618267
U004176,O009464,789.77,2026-07-05,618267
U004177,O009465,1101.22,2026-07-30,817881
U004178,O009466,683.09,2026-08-01,270374
U004179,O009467,531.23,2026-08-15,468611
U004181,O009468,790.9,2025-12-21,539375
U004183,O009469,145.08,2026-03-26,707595
U004183,O009470,335.38,2026-04-03,707595
U004184,O009471,799.67,2026-01-26,494106
U004184,O009472,408.07,2026-02-08,494106
U004184,O009473,377.12,2026-04-02,494106
U004184,O009474,49.0,2026-04-06,494106
U004185,O009475,534.64,2026-06-23,671927
U004185,O009476,534.32,2026-06-25,671927
U004185,O009477,629.02,2026-07-26,671927
U004188,O009478,472.28,2026-01-20,494061
U004188,O009479,774.17,2026-02-08,494061
U004188,O009480,436.42,2026-03-17,494061
U004189,O009481,806.76,2025-12-06,469179
U004189,O009482,993.45,2026-01-03,469179
U004189,O009483,677.14,2026-01-26,469179
U004190,O009484,978.69,2025-10-22,195403
U004190,O009485,460.06,2025-10-30,195403
U004191,O009486,545.0,2026-02-15,330750
U004191,O009487,758.05,2026-02-19,330750
U004191,O009488,394.63,2026-06-01,330750
U004191,O009489,739.01,2026-07-07,330750
U004192,O009490,1081.32,2026-03-30,614468
U004193,O009491,678.0,2026-08-05,204253
U004194,O009492,465.19,2026-05-27,819653
U004194,O009493,304.26,2026-07-07,819653
U004195,O009494,522.99,2026-01-14,287759
U004195,O009495,488.12,2026-02-15,287759
U004195,O009496,643.01,2026-03-05,287759
U004196,O009497,1313.47,2026-03-21,251870
U004196,O009498,567.59,2026-04-01,251870
U004197,O009499,694.82,2026-01-15,846654
U004197,O009500,783.36,2026-03-02,846654
U004197,O009501,539.6,2026-03-23,846654
U004197,O009502,372.19,2026-04-19,846654
U004198,O009503,511.77,2026-03-10,410444
U004198,O009504,309.07,2026-03-15,410444
U004198,O009505,794.51,2026-04-15,410444
U004199,O009506,472.38,2026-07-18,207398
U004200,O009507,946.07,2025-10-17,774469
U004201,O009508,767.32,2025-12-28,394597
U004201,O009509,524.66,2026-01-12,394597
U004201,O009510,624.65,2026-02-12,394597
U004201,O009511,1020.29,2026-02-25,394597
U004201,O009512,1123.6,2026-04-08,394597
U004201,O009513,645.12,2026-04-30,394597
U004202,O009514,482.42,2026-08-11,548390
U004203,O009515,838.89,2026-06-10,546385
U004203,O009516,895.83,2026-06-16,546385
U004203,O009517,894.38,2026-06-24,546385
U004204,O009518,329.35,2026-08-21,252181
U004205,O009519,861.84,2026-03-15,191431
U004205,O009520,357.55,2026-03-29,191431
U004205,O009521,347.1,2026-06-11,191431
U004205,O009522,764.42,2026-07-11,191431
U004206,O009523,757.71,2026-01-02,461137
U004206,O009524,554.94,2026-01-14,461137
U004207,O009525,711.57,2026-03-18,231379
U004207,O009526,1040.35,2026-04-11,231379
U004207,O009527,382.86,2026-04-25,231379
U004207,O009528,175.51,2026-04-28,231379
U004208,O009529,972.21,2025-10-28,432709
U004208,O009530,1059.48,2025-12-15,432709
U004208,O009531,363.4,2026-04-20,432709
U004208,O009532,996.31,2026-05-07,432709
U004208,O009533,626.37,2026-05-23,432709
U004209,O009534,405.23,2026-06-08,449963
U004209,O009535,745.14,2026-07-13,449963
U004210,O009536,314.62,2025-12-22,833321
U004210,O009537,995.52,2026-01-22,833321
U004212,O009538,455.51,2026-06-22,523191
U004212,O009539,386.79,2026-07-17,523191
U004212,O009540,362.76,2026-07-22,523191
U004213,O009541,818.4,2025-10-29,484003
U004214,O009542,905.04,2026-01-17,312148
U004215,O009543,715.67,2026-03-02,586952
U004215,O009544,571.88,2026-04-01,586952
U004215,O009545,672.98,2026-04-12,586952
U004216,O009546,751.21,2026-02-12,890888
U004216,O009547,1335.58,2026-03-20,890888
U004216,O009548,49.0,2026-05-01,890888
U004216,O009549,815.11,2026-05-17,890888
U004216,O009550,433.61,2026-08-14,890888
U004217,O009551,780.51,2025-10-20,376740
U004217,O009552,633.34,2025-10-28,376740
U004218,O009553,997.59,2026-02-23,262425
U004218,O009554,618.5,2026-06-09,262425
U004218,O009555,534.93,2026-06-13,262425
U004218,O009556,508.54,2026-06-27,262425
U004219,O009557,700.65,2025-09-11,502833
U004219,O009558,874.86,2025-09-23,502833
U004219,O009559,661.93,2025-09-30,502833
U004219,O009560,695.77,2025-10-02,502833
U004220,O009561,606.04,2026-07-16,257376
U004221,O009562,672.46,2026-03-25,613145
U004221,O009563,1008.46,2026-06-25,613145
U004221,O009564,608.07,2026-08-01,613145
U004221,O009565,781.17,2026-08-21,613145
U004222,O009566,833.82,2026-03-09,547008
U004223,O009567,243.29,2026-01-10,826085
U004223,O009568,884.62,2026-03-03,826085
U004223,O009569,309.88,2026-04-22,826085
U004223,O009570,250.2,2026-05-15,826085
U004224,O009571,927.13,2026-07-01,751367
U004224,O009572,49.0,2026-07-25,751367
U004224,O009573,153.91,2026-08-13,751367
U004224,O009574,945.85,2026-08-24,751367
U004225,O009575,642.77,2026-08-14,579836
U004226,O009576,388.57,2026-04-14,643816
U004226,O009577,1003.78,2026-08-24,643816
U004227,O009578,508.71,2026-04-13,160458
U004227,O009579,605.46,2026-04-17,160458
U004227,O009580,1125.46,2026-04-19,160458
U004227,O009581,574.8,2026-05-03,160458
U004228,O009582,927.61,2025-12-17,740189
U004229,O009583,456.21,2026-06-02,142821
U004230,O009584,627.66,2026-02-06,760064
U004230,O009585,1055.21,2026-03-26,760064
U004230,O009586,56.16,2026-04-14,760064
U004231,O009587,662.99,2026-06-27,126467
U004231,O009588,286.72,2026-07-02,126467
U004231,O009589,638.24,2026-07-09,126467
U004231,O009590,199.96,2026-07-14,126467
U004232,O009591,410.43,2026-02-23,575372
U004232,O009592,917.0,2026-03-13,575372
U004232,O009593,823.91,2026-03-24,575372
U004232,O009594,159.37,2026-04-05,575372
U004232,O009595,566.05,2026-04-16,575372
U004233,O009596,991.82,2026-01-29,227252
U004233,O009597,478.58,2026-02-11,227252
U004233,O009598,824.21,2026-03-13,227252
U004233,O009599,618.84,2026-06-07,227252
U004234,O009600,186.25,2026-08-08,738352
U004235,O009601,992.62,2026-01-04,406674
U004235,O009602,570.15,2026-02-13,406674
U004236,O009603,658.89,2026-05-13,122090
U004236,O009604,352.43,2026-07-28,122090
U004237,O009605,968.93,2026-05-30,429102
U004237,O009606,149.87,2026-06-12,429102
U004237,O009607,703.02,2026-06-28,429102
U004237,O009608,142.93,2026-07-04,429102
U004238,O009609,705.85,2025-10-18,853769
U004239,O009610,853.41,2026-03-27,806459
U004239,O009611,507.7,2026-04-30,806459
U004239,O009612,726.67,2026-05-28,806459
U004240,O009613,658.6,2026-07-09,508769
U004242,O009614,348.28,2025-12-08,783556
U004242,O009615,1106.77,2025-12-22,783556
U004243,O009616,660.2,2026-08-24,167883
U004244,O009617,981.59,2025-10-21,664054
U004246,O009618,677.15,2026-05-16,285606
U004246,O009619,781.41,2026-06-15,285606
U004247,O009620,999.85,2025-12-28,560258
U004247,O009621,701.65,2026-01-07,560258
U004247,O009622,587.71,2026-02-07,560258
U004248,O009623,641.52,2025-11-08,600621
U004248,O009624,1075.25,2025-11-17,600621
U004248,O009625,369.2,2026-01-17,600621
U004249,O009626,445.5,2026-05-08,782715
U004250,O009627,1079.4,2025-11-28,533842
U004251,O009628,764.49,2026-08-25,518984
U004252,O009629,972.3,2025-12-23,119144
U004253,O009630,265.54,2026-03-20,890416
U004253,O009631,702.59,2026-03-28,890416
U004254,O009632,937.92,2025-11-01,668641
U004254,O009633,671.51,2025-11-12,668641
U004254,O009634,494.9,2025-11-15,668641
U004255,O009635,668.46,2026-08-18,888965
U004256,O009636,883.22,2026-07-17,380109
U004256,O009637,77.03,2026-08-22,380109
U004256,O009638,426.42,2026-08-23,380109
U004257,O009639,801.54,2026-07-29,639860
U004257,O009640,312.84,2026-08-04,639860
U004258,O009641,390.42,2025-10-29,411975
U004258,O009642,853.37,2025-12-24,411975
U004259,O009643,815.22,2026-08-11,691423
U004259,O009644,461.93,2026-08-19,691423
U004261,O009645,635.03,2026-07-09,445440
U004261,O009646,595.92,2026-07-10,445440
U004261,O009647,514.22,2026-07-16,445440
U004261,O009648,1092.06,2026-08-14,445440
U004262,O009649,643.03,2026-05-16,175328
U004262,O009650,955.84,2026-06-23,175328
U004263,O009651,671.93,2026-06-14,561534
U004263,O009652,893.72,2026-07-29,561534
U004264,O009653,140.4,2025-11-08,518379
U004264,O009654,703.05,2025-12-22,518379
U004264,O009655,463.89,2026-02-20,518379
U004264,O009656,883.66,2026-07-04,518379
U004265,O009657,579.9,2026-08-22,764922
U004266,O009658,877.56,2026-06-21,899820
U004266,O009659,1233.74,2026-08-05,899820
U004267,O009660,583.71,2026-03-13,334423
U004268,O009661,1004.63,2026-05-12,151979
U004268,O009662,507.49,2026-05-20,151979
U004268,O009663,510.18,2026-06-06,151979
U004268,O009664,891.2,2026-06-14,151979
U004268,O009665,1085.37,2026-06-20,151979
U004268,O009666,642.73,2026-07-26,151979
U004269,O009667,740.32,2026-07-02,789934
U004269,O009668,538.96,2026-08-04,789934
U004269,O009669,776.62,2026-08-06,789934
U004270,O009670,887.25,2026-01-04,875057
U004270,O009671,587.83,2026-01-10,875057
U004270,O009672,1087.48,2026-01-20,875057
U004270,O009673,717.79,2026-03-25,875057
U004270,O009674,1044.07,2026-06-22,875057
U004271,O009675,951.61,2026-04-07,305947
U004271,O009676,918.64,2026-05-01,305947
U004271,O009677,607.82,2026-05-23,305947
U004271,O009678,1222.49,2026-06-11,305947
U004271,O009679,151.37,2026-06-16,305947
U004272,O009680,477.75,2026-01-03,252480
U004272,O009681,1162.52,2026-01-19,252480
U004272,O009682,49.0,2026-02-11,252480
U004274,O009683,1318.58,2026-02-23,899438
U004275,O009684,665.91,2026-01-19,361795
U004275,O009685,57.52,2026-03-24,361795
U004276,O009686,233.02,2026-08-11,597790
U004277,O009687,227.2,2026-05-08,259769
U004277,O009688,617.91,2026-06-19,259769
U004277,O009689,686.93,2026-06-21,259769
U004277,O009690,1226.48,2026-07-19,259769
U004278,O009691,960.26,2026-03-10,127577
U004278,O009692,492.24,2026-03-15,127577
U004280,O009693,144.09,2026-03-10,166310
U004280,O009694,921.38,2026-04-04,166310
U004280,O009695,444.52,2026-05-04,166310
U004281,O009696,589.27,2025-10-12,500253
U004282,O009697,513.73,2025-12-27,605177
U004282,O009698,681.47,2026-02-05,605177
U004283,O009699,832.13,2026-03-30,834798
U004283,O009700,631.83,2026-05-28,834798
U004284,O009701,918.63,2026-04-13,769431
U004285,O009702,656.4,2026-08-03,742163
U004285,O009703,938.63,2026-08-21,742163
U004286,O009704,596.27,2025-11-15,535486
U004286,O009705,773.65,2025-12-31,535486
U004286,O009706,1195.29,2026-01-01,535486
U004286,O009707,766.11,2026-01-27,535486
U004286,O009708,483.5,2026-03-13,535486
U004286,O009709,425.14,2026-03-25,535486
U004287,O009710,840.62,2026-04-23,173426
U004287,O009711,449.89,2026-05-22,173426
U004287,O009712,1083.45,2026-08-06,173426
U004287,O009713,1216.21,2026-08-08,173426
U004288,O009714,581.36,2026-06-16,136553
U004289,O009715,402.48,2025-10-31,404123
U004290,O009716,460.06,2026-01-27,870184
U004290,O009717,792.69,2026-02-11,870184
U004291,O009718,768.76,2026-05-06,560741
U004291,O009719,655.12,2026-05-17,560741
U004291,O009720,1004.78,2026-06-24,560741
U004292,O009721,793.35,2025-11-25,868578
U004292,O009722,645.35,2025-12-09,868578
U004292,O009723,333.3,2026-01-01,868578
U004293,O009724,586.83,2026-04-13,498611
U004293,O009725,611.73,2026-05-28,498611
U004293,O009726,715.22,2026-06-02,498611
U004294,O009727,327.22,2026-04-04,438140
U004294,O009728,747.08,2026-04-27,438140
U004294,O009729,994.13,2026-05-24,438140
U004295,O009730,1144.19,2026-04-28,698755
U004296,O009731,725.21,2025-09-20,170591
U004296,O009732,736.24,2025-10-02,170591
U004297,O009733,684.23,2026-06-14,492476
U004297,O009734,198.48,2026-07-09,492476
U004297,O009735,725.21,2026-07-21,492476
U004297,O009736,827.15,2026-08-17,492476
U004299,O009737,352.39,2025-11-03,528827
U004301,O009738,622.49,2025-09-18,197497
U004301,O009739,318.24,2025-10-09,197497
U004301,O009740,1080.18,2025-10-14,197497
U004301,O009741,839.32,2025-10-28,197497
U004302,O009742,499.63,2026-07-27,213144
U004302,O009743,701.21,2026-08-09,213144
U004302,O009744,786.53,2026-08-17,213144
U004303,O009745,1322.82,2026-02-09,525746
U004303,O009746,704.71,2026-02-14,525746
U004304,O009747,366.53,2025-10-24,771739
U004305,O009748,471.6,2026-01-12,701053
U004305,O009749,780.49,2026-01-13,701053
U004306,O009750,1085.13,2026-01-20,794338
U004306,O009751,299.17,2026-03-04,794338
U004308,O009752,680.77,2025-12-30,608348
U004308,O009753,874.56,2026-01-15,608348
U004309,O009754,819.85,2026-02-26,520433
U004309,O009755,1074.77,2026-03-03,520433
U004310,O009756,949.46,2025-10-17,623836
U004310,O009757,804.93,2025-11-23,623836
U004310,O009758,483.06,2025-12-11,623836
U004310,O009759,705.99,2026-01-12,623836
U004310,O009760,600.68,2026-03-21,623836
U004310,O009761,49.0,2026-07-14,623836
U004310,O009762,976.6,2026-08-26,623836
U004312,O009763,796.93,2026-01-31,894816
U004312,O009764,434.19,2026-03-22,894816
U004312,O009765,597.75,2026-07-28,894816
U004313,O009766,811.1,2025-12-28,764940
U004313,O009767,606.52,2026-02-02,764940
U004313,O009768,718.36,2026-02-19,764940
U004314,O009769,769.16,2026-04-17,700940
U004314,O009770,457.46,2026-05-10,700940
U004314,O009771,519.45,2026-05-14,700940
U004314,O009772,672.88,2026-06-08,700940
U004315,O009773,397.27,2026-07-29,187025
U004316,O009774,354.24,2026-02-15,735411
U004316,O009775,911.85,2026-03-19,735411
U004316,O009776,159.76,2026-03-23,735411
U004317,O009777,640.8,2026-08-08,503094
U004317,O009778,1288.78,2026-08-12,503094
U004318,O009779,485.05,2026-05-19,622837
U004318,O009780,665.92,2026-07-13,622837
U004319,O009781,184.44,2026-01-16,887824
U004319,O009782,341.41,2026-04-16,887824
U004319,O009783,274.69,2026-05-18,887824
U004320,O009784,858.62,2026-04-05,759311
U004320,O009785,566.03,2026-04-23,759311
U004320,O009786,1171.98,2026-04-30,759311
U004321,O009787,309.97,2026-07-14,796561
U004321,O009788,362.62,2026-07-16,796561
U004322,O009789,624.52,2025-11-29,408260
U004322,O009790,680.09,2026-02-13,408260
U004325,O009791,1051.22,2026-04-07,762463
U004325,O009792,678.29,2026-04-19,762463
U004326,O009793,762.77,2026-04-07,570069
U004326,O009794,696.32,2026-05-03,570069
U004326,O009795,705.03,2026-06-15,570069
U004326,O009796,762.46,2026-07-26,570069
U004328,O009797,689.69,2026-03-13,216050
U004328,O009798,969.19,2026-04-12,216050
U004328,O009799,334.67,2026-05-02,216050
U004329,O009800,749.68,2026-03-03,530607
U004329,O009801,210.98,2026-03-12,530607
U004330,O009802,432.97,2026-02-22,231237
U004330,O009803,416.27,2026-03-29,231237
U004330,O009804,390.53,2026-07-17,231237
U004330,O009805,731.35,2026-07-19,231237
U004330,O009806,659.27,2026-07-20,231237
U004331,O009807,1013.12,2026-07-03,431060
U004331,O009808,665.73,2026-07-07,431060
U004332,O009809,437.84,2026-03-02,484624
U004332,O009810,146.65,2026-04-11,484624
U004332,O009811,833.55,2026-04-16,484624
U004332,O009812,78.78,2026-05-09,484624
U004333,O009813,697.66,2026-07-08,420240
U004333,O009814,516.59,2026-08-04,420240
U004334,O009815,457.69,2026-03-21,208233
U004337,O009816,380.54,2025-10-29,411770
U004337,O009817,1083.86,2025-11-26,411770
U004337,O009818,589.42,2025-12-16,411770
U004337,O009819,958.27,2025-12-27,411770
U004338,O009820,409.84,2026-08-23,192038
U004339,O009821,857.37,2026-02-21,310872
U004339,O009822,816.87,2026-02-28,310872
U004339,O009823,701.13,2026-03-20,310872
U004339,O009824,534.7,2026-05-17,310872
U004341,O009825,903.21,2026-07-09,636331
U004342,O009826,220.08,2026-05-04,756637
U004342,O009827,1139.37,2026-05-30,756637
U004343,O009828,781.87,2026-03-07,460068
U004343,O009829,463.07,2026-04-15,460068
U004346,O009830,245.56,2025-12-06,839943
U004346,O009831,871.06,2025-12-24,839943
U004346,O009832,644.31,2026-03-14,839943
U004346,O009833,410.36,2026-04-04,839943
U004347,O009834,644.86,2025-10-05,815414
U004349,O009835,489.68,2026-06-08,393516
U004349,O009836,724.36,2026-07-20,393516
U004350,O009837,85.06,2026-08-14,382876
U004351,O009838,816.32,2025-09-17,244078
U004354,O009839,358.51,2025-11-11,607911
U004355,O009840,973.51,2026-06-26,277353
U004355,O009841,982.49,2026-08-06,277353
U004357,O009842,934.3,2026-02-28,496902
U004358,O009843,745.8,2025-11-26,126545
U004358,O009844,601.99,2026-02-25,126545
U004358,O009845,673.61,2026-03-03,126545
U004358,O009846,254.07,2026-04-04,126545
U004359,O009847,460.77,2026-03-30,567208
U004359,O009848,735.55,2026-04-27,567208
U004360,O009849,428.93,2026-06-10,829159
U004360,O009850,1132.54,2026-07-30,829159
U004361,O009851,715.46,2025-12-13,790717
U004361,O009852,874.18,2026-01-09,790717
U004362,O009853,456.37,2026-04-15,670115
U004362,O009854,788.26,2026-06-02,670115
U004362,O009855,387.0,2026-07-04,670115
U004363,O009856,359.11,2026-03-11,577154
U004363,O009857,807.48,2026-03-28,577154
U004364,O009858,871.93,2026-05-22,353642
U004364,O009859,520.88,2026-06-11,353642
U004365,O009860,298.04,2026-04-28,631751
U004365,O009861,569.54,2026-05-31,631751
U004365,O009862,756.03,2026-06-05,631751
U004365,O009863,844.76,2026-06-30,631751
U004366,O009864,212.87,2026-07-04,671014
U004366,O009865,744.04,2026-07-22,671014
U004366,O009866,731.62,2026-07-23,671014
U004366,O009867,770.85,2026-07-27,671014
U004368,O009868,211.08,2025-10-27,823745
U004368,O009869,1098.13,2025-11-10,823745
U004369,O009870,136.76,2025-10-17,600958
U004372,O009871,921.36,2026-04-14,313672
U004372,O009872,775.8,2026-05-05,313672
U004372,O009873,648.41,2026-05-13,313672
U004373,O009874,280.9,2026-05-09,527406
U004374,O009875,471.11,2026-05-09,684737
U004374,O009876,691.56,2026-07-11,684737
U004374,O009877,49.0,2026-07-15,684737
U004374,O009878,473.81,2026-08-06,684737
U004375,O009879,787.76,2026-04-04,595772
U004375,O009880,786.89,2026-07-10,595772
U004376,O009881,577.11,2026-01-10,633877
U004376,O009882,694.02,2026-03-02,633877
U004378,O009883,403.8,2025-11-03,585506
U004378,O009884,678.28,2025-12-06,585506
U004378,O009885,257.95,2025-12-31,585506
U004380,O009886,487.07,2025-10-06,361244
U004381,O009887,1320.42,2026-01-01,724123
U004381,O009888,674.3,2026-01-17,724123
U004383,O009889,649.69,2026-03-05,316532
U004383,O009890,366.76,2026-05-07,316532
U004383,O009891,330.51,2026-05-11,316532
U004384,O009892,1088.4,2025-11-13,827130
U004384,O009893,600.92,2025-11-18,827130
U004385,O009894,677.84,2026-08-16,696432
U004387,O009895,673.78,2026-07-06,642134
U004388,O009896,449.23,2026-03-20,643942
U004388,O009897,409.86,2026-03-22,643942
U004388,O009898,336.98,2026-06-22,643942
U004389,O009899,643.77,2026-04-19,321116
U004389,O009900,49.0,2026-04-22,321116
U004389,O009901,66.64,2026-06-18,321116
U004390,O009902,898.77,2026-03-23,461345
U004390,O009903,669.48,2026-06-08,461345
U004391,O009904,565.47,2025-10-01,659368
U004391,O009905,996.7,2025-12-04,659368
U004392,O009906,743.83,2026-03-19,463995
U004392,O009907,1101.28,2026-05-10,463995
U004392,O009908,600.63,2026-05-19,463995
U004392,O009909,606.92,2026-06-10,463995
U004393,O009910,1123.04,2026-05-30,700791
U004393,O009911,537.27,2026-06-18,700791
U004394,O009912,1011.4,2025-10-06,281283
U004394,O009913,452.84,2025-10-09,281283
U004395,O009914,146.75,2026-05-25,740387
U004396,O009915,467.1,2025-10-10,859521
U004397,O009916,1336.77,2025-11-22,525765
U004398,O009917,448.57,2026-06-26,432972
U004398,O009918,868.56,2026-07-27,432972
U004398,O009919,298.71,2026-08-12,432972
U004398,O009920,958.28,2026-08-19,432972
U004399,O009921,469.11,2025-11-13,836686
U004399,O009922,897.85,2025-12-11,836686
U004399,O009923,910.85,2025-12-27,836686
U004400,O009924,1053.91,2026-07-29,723117
U004400,O009925,780.02,2026-08-12,723117
U004401,O009926,694.48,2026-01-13,572929
U004401,O009927,531.87,2026-01-15,572929
U004401,O009928,49.0,2026-01-26,572929
U004401,O009929,416.46,2026-02-25,572929
U004402,O009930,424.08,2025-09-23,594759
U004403,O009931,383.31,2026-07-02,608698
U004404,O009932,572.88,2026-02-08,488764
U004404,O009933,579.12,2026-02-16,488764
U004404,O009934,812.27,2026-02-26,488764
U004404,O009935,498.95,2026-04-29,488764
U004404,O009936,382.25,2026-04-30,488764
U004404,O009937,288.99,2026-06-02,488764
U004404,O009938,881.89,2026-06-10,488764
U004405,O009939,707.34,2026-06-01,698967
U004405,O009940,1008.78,2026-06-12,698967
U004406,O009941,616.48,2026-08-10,241955
U004407,O009942,108.29,2025-11-18,227286
U004407,O009943,920.16,2025-12-07,227286
U004407,O009944,986.27,2026-04-07,227286
U004408,O009945,537.56,2025-12-14,830281
U004408,O009946,747.98,2025-12-17,830281
U004408,O009947,390.81,2026-03-12,830281
U004410,O009948,787.68,2026-04-25,717208
U004410,O009949,486.9,2026-05-16,717208
U004411,O009950,795.29,2026-02-06,714433
U004411,O009951,49.0,2026-02-13,714433
U004411,O009952,474.46,2026-02-19,714433
U004413,O009953,359.84,2025-12-29,255414
U004413,O009954,1035.08,2025-12-31,255414
U004413,O009955,817.31,2026-01-12,255414
U004413,O009956,553.01,2026-01-24,255414
U004413,O009957,365.71,2026-01-31,255414
U004414,O009958,796.96,2026-05-14,227998
U004415,O009959,425.33,2026-03-06,101879
U004415,O009960,890.66,2026-05-16,101879
U004415,O009961,961.95,2026-06-16,101879
U004415,O009962,361.39,2026-07-25,101879
U004416,O009963,1184.26,2026-05-01,570286
U004416,O009964,1042.57,2026-05-28,570286
U004416,O009965,701.52,2026-06-07,570286
U004416,O009966,887.3,2026-06-20,570286
U004417,O009967,475.34,2026-07-16,621331
U004417,O009968,602.58,2026-07-27,621331
U004418,O009969,1006.15,2025-10-03,323624
U004418,O009970,120.78,2025-11-06,323624
U004418,O009971,822.07,2026-01-22,323624
U004419,O009972,566.01,2026-03-26,192460
U004419,O009973,721.08,2026-04-25,192460
U004419,O009974,496.82,2026-05-01,192460
U004420,O009975,614.16,2025-09-30,639750
U004420,O009976,747.15,2025-10-19,639750
U004420,O009977,772.21,2025-12-17,639750
U004420,O009978,472.95,2026-02-18,639750
U004421,O009979,854.51,2026-03-31,585430
U004421,O009980,632.63,2026-05-29,585430
U004421,O009981,617.5,2026-06-12,585430
U004421,O009982,796.82,2026-06-20,585430
U004422,O009983,1041.57,2025-11-04,338866
U004422,O009984,602.18,2025-11-11,338866
U004423,O009985,886.01,2026-05-20,899337
U004423,O009986,768.49,2026-05-27,899337
U004423,O009987,388.62,2026-05-29,899337
U004424,O009988,750.5,2026-05-18,266467
U004424,O009989,284.74,2026-07-08,266467
U004424,O009990,840.78,2026-07-24,266467
U004425,O009991,375.87,2026-04-06,217416
U004425,O009992,897.34,2026-04-24,217416
U004425,O009993,1049.37,2026-05-07,217416
U004426,O009994,545.29,2026-05-03,597342
U004426,O009995,477.49,2026-06-13,597342
U004426,O009996,706.3,2026-08-02,597342
U004426,O009997,518.82,2026-08-17,597342
U004427,O009998,617.82,2026-05-02,277582
U004427,O009999,759.46,2026-06-07,277582
U004427,O010000,482.41,2026-06-17,277582
U004428,O010001,333.67,2026-05-04,736161
U004429,O010002,690.34,2025-09-17,572964
U004429,O010003,971.61,2025-10-01,572964
U004429,O010004,568.06,2025-10-13,572964
U004430,O010005,390.43,2026-03-31,830545
U004430,O010006,267.56,2026-04-24,830545
U004431,O010007,497.82,2026-02-21,856843
U004431,O010008,516.57,2026-03-01,856843
U004431,O010009,423.64,2026-03-18,856843
U004432,O010010,1004.85,2026-05-30,381628
U004432,O010011,646.68,2026-07-07,381628
U004432,O010012,921.16,2026-08-09,381628
U004432,O010013,654.27,2026-08-24,381628
U004433,O010014,462.63,2026-03-25,488966
U004433,O010015,648.63,2026-04-12,488966
U004433,O010016,803.36,2026-04-15,488966
U004433,O010017,749.35,2026-05-16,488966
U004433,O010018,422.68,2026-07-14,488966
U004435,O010019,590.48,2026-04-26,238080
U004435,O010020,124.11,2026-05-26,238080
U004435,O010021,499.28,2026-06-01,238080
U004436,O010022,354.61,2025-10-04,824131
U004436,O010023,1177.57,2025-11-23,824131
U004437,O010024,840.55,2026-02-22,134569
U004438,O010025,308.14,2026-04-26,814285
U004439,O010026,472.33,2026-06-27,164341
U004439,O010027,199.4,2026-07-17,164341
U004441,O010028,972.23,2026-05-23,520690
U004441,O010029,49.0,2026-06-18,520690
U004441,O010030,1208.18,2026-07-28,520690
U004441,O010031,1432.76,2026-08-04,520690
U004442,O010032,388.58,2026-06-09,231881
U004442,O010033,826.1,2026-06-27,231881
U004442,O010034,402.1,2026-07-17,231881
U004443,O010035,279.21,2026-01-27,320052
U004444,O010036,530.83,2026-04-09,309491
U004445,O010037,398.98,2026-02-13,160464
U004445,O010038,400.84,2026-02-20,160464
U004445,O010039,726.41,2026-03-10,160464
U004445,O010040,483.99,2026-07-19,160464
U004446,O010041,452.48,2026-02-27,793988
U004446,O010042,783.72,2026-04-25,793988
U004447,O010043,638.4,2026-04-14,845516
U004447,O010044,642.59,2026-05-10,845516
U004447,O010045,1174.74,2026-06-24,845516
U004447,O010046,782.61,2026-07-08,845516
U004448,O010047,1069.67,2025-10-20,846563
U004448,O010048,667.78,2025-11-28,846563
U004448,O010049,813.42,2026-01-02,846563
U004449,O010050,1432.98,2026-03-08,615643
U004449,O010051,423.59,2026-03-20,615643
U004450,O010052,508.78,2026-06-28,373463
U004451,O010053,924.53,2026-07-22,818053
U004451,O010054,697.36,2026-08-05,818053
U004452,O010055,674.35,2026-05-18,685722
U004452,O010056,527.03,2026-06-06,685722
U004452,O010057,579.16,2026-07-10,685722
U004452,O010058,597.07,2026-07-30,685722
U004453,O010059,446.91,2025-12-23,147280
U004453,O010060,548.23,2026-01-09,147280
U004453,O010061,665.93,2026-02-22,147280
U004453,O010062,831.67,2026-04-13,147280
U004453,O010063,557.87,2026-05-05,147280
U004454,O010064,502.37,2025-10-16,445550
U004455,O010065,951.9,2026-01-03,376741
U004456,O010066,286.3,2026-06-05,115489
U004456,O010067,750.47,2026-06-30,115489
U004457,O010068,790.68,2025-12-16,695587
U004457,O010069,507.88,2026-04-10,695587
U004457,O010070,1587.2,2026-05-12,695587
U004458,O010071,982.93,2026-01-08,185059
U004458,O010072,293.43,2026-02-05,185059
U004461,O010073,299.65,2026-05-14,144919
U004461,O010074,250.7,2026-06-11,144919
U004462,O010075,489.22,2025-11-22,488638
U004462,O010076,595.95,2025-11-27,488638
U004462,O010077,342.12,2026-02-05,488638
U004462,O010078,640.37,2026-02-18,488638
U004463,O010079,1766.01,2026-07-26,897757
U004465,O010080,857.67,2026-02-05,395631
U004466,O010081,609.35,2025-12-29,674630
U004467,O010082,746.44,2026-01-20,113986
U004467,O010083,1072.56,2026-06-03,113986
U004467,O010084,366.47,2026-07-20,113986
U004467,O010085,358.92,2026-08-14,113986
U004468,O010086,901.78,2026-02-13,233256
U004468,O010087,49.0,2026-02-25,233256
U004468,O010088,196.74,2026-03-01,233256
U004468,O010089,948.69,2026-04-25,233256
U004468,O010090,1148.04,2026-05-05,233256
U004469,O010091,621.85,2026-07-13,391741
U004469,O010092,763.09,2026-08-01,391741
U004470,O010093,381.03,2026-01-06,714925
U004470,O010094,261.75,2026-02-23,714925
U004470,O010095,976.74,2026-04-15,714925
U004470,O010096,633.66,2026-04-18,714925
U004471,O010097,958.46,2025-12-02,810784
U004472,O010098,1540.84,2026-04-13,549046
U004473,O010099,771.3,2026-07-14,609713
U004473,O010100,583.24,2026-07-21,609713
U004474,O010101,214.87,2025-12-26,614541
U004474,O010102,1011.94,2026-01-13,614541
U004474,O010103,495.68,2026-01-26,614541
U004474,O010104,1120.89,2026-02-11,614541
U004475,O010105,521.88,2026-01-05,359968
U004475,O010106,339.78,2026-03-02,359968
U004476,O010107,1174.53,2026-01-01,219224
U004476,O010108,314.2,2026-04-23,219224
U004476,O010109,1108.26,2026-04-26,219224
U004476,O010110,611.89,2026-05-10,219224
U004476,O010111,545.51,2026-05-27,219224
U004476,O010112,832.06,2026-06-05,219224
U004477,O010113,343.82,2026-02-10,381699
U004477,O010114,437.53,2026-03-24,381699
U004478,O010115,341.09,2026-01-26,385014
U004478,O010116,379.45,2026-02-10,385014
U004478,O010117,258.55,2026-04-12,385014
U004478,O010118,1008.11,2026-04-25,385014
U004479,O010119,871.17,2026-03-09,683548
U004479,O010120,170.55,2026-03-11,683548
U004479,O010121,49.0,2026-05-29,683548
U004480,O010122,701.5,2025-11-15,326945
U004480,O010123,527.44,2025-12-11,326945
U004480,O010124,699.19,2025-12-17,326945
U004481,O010125,839.35,2026-05-23,268878
U004481,O010126,853.58,2026-05-30,268878
U004482,O010127,654.53,2026-05-10,110238
U004482,O010128,665.93,2026-07-19,110238
U004482,O010129,540.66,2026-08-16,110238
U004483,O010130,844.34,2026-01-07,363296
U004483,O010131,970.76,2026-02-01,363296
U004484,O010132,745.45,2026-08-10,667823
U004485,O010133,1029.48,2026-03-29,399408
U004486,O010134,631.32,2025-12-25,250913
U004486,O010135,666.79,2025-12-26,250913
U004486,O010136,756.3,2026-01-06,250913
U004486,O010137,49.0,2026-01-14,250913
U004487,O010138,635.72,2025-11-18,823321
U004487,O010139,840.23,2025-11-29,823321
U004488,O010140,643.78,2026-07-10,537576
U004488,O010141,1187.72,2026-07-12,537576
U004489,O010142,49.0,2025-11-21,123931
U004490,O010143,706.98,2026-08-03,613834
U004491,O010144,603.43,2026-03-28,173428
U004491,O010145,401.08,2026-04-19,173428
U004491,O010146,544.62,2026-04-26,173428
U004492,O010147,816.04,2026-06-14,659502
U004493,O010148,402.29,2026-07-01,879336
U004493,O010149,817.04,2026-07-04,879336
U004494,O010150,655.09,2026-07-20,440591
U004494,O010151,507.33,2026-07-28,440591
U004494,O010152,353.91,2026-08-07,440591
U004495,O010153,505.94,2025-12-10,571957
U004496,O010154,409.21,2026-04-21,541429
U004496,O010155,980.25,2026-06-26,541429
U004496,O010156,375.41,2026-08-11,541429
U004497,O010157,604.14,2026-07-01,765156
U004497,O010158,393.02,2026-07-16,765156
U004498,O010159,780.43,2025-09-23,264090
U004499,O010160,525.98,2026-03-31,874137
U004499,O010161,663.08,2026-04-10,874137
U004499,O010162,584.58,2026-04-11,874137
U004499,O010163,1217.95,2026-06-09,874137
U004500,O010164,1022.0,2026-07-02,762334
U004500,O010165,674.97,2026-07-31,762334
U004500,O010166,467.53,2026-08-02,762334
U004501,O010167,764.38,2026-03-23,508900
U004502,O010168,1164.34,2026-06-07,842820
U004507,O010169,772.82,2026-01-02,137774
U004507,O010170,846.27,2026-02-17,137774
U004508,O010171,1019.81,2025-10-23,856925
U004508,O010172,49.0,2025-12-04,856925
U004508,O010173,660.67,2025-12-05,856925
U004508,O010174,326.15,2026-01-31,856925
U004509,O010175,57.77,2026-01-24,165068
U004509,O010176,870.3,2026-02-10,165068
U004509,O010177,450.84,2026-02-27,165068
U004510,O010178,79.19,2026-03-27,320191
U004510,O010179,354.03,2026-05-10,320191
U004510,O010180,658.52,2026-05-26,320191
U004511,O010181,1098.06,2026-08-21,591532
U004512,O010182,997.28,2025-11-21,427758
U004512,O010183,460.09,2025-12-13,427758
U004512,O010184,538.65,2025-12-19,427758
U004512,O010185,821.35,2025-12-30,427758
U004514,O010186,948.79,2026-07-12,363462
U004514,O010187,393.35,2026-08-22,363462
U004515,O010188,361.8,2026-01-31,440899
U004516,O010189,861.99,2025-12-05,504485
U004516,O010190,1053.88,2025-12-18,504485
U004516,O010191,953.86,2026-01-17,504485
U004518,O010192,415.97,2026-08-09,110184
U004518,O010193,201.03,2026-08-26,110184
U004519,O010194,219.48,2026-07-29,492975
U004520,O010195,248.9,2026-01-14,629989
U004520,O010196,212.35,2026-01-15,629989
U004521,O010197,418.87,2026-03-26,150722
U004521,O010198,49.0,2026-03-31,150722
U004521,O010199,1346.58,2026-04-05,150722
U004521,O010200,143.88,2026-05-04,150722
U004522,O010201,333.57,2026-04-14,272591
U004522,O010202,646.25,2026-05-09,272591
U004522,O010203,587.5,2026-05-26,272591
U004522,O010204,506.37,2026-08-16,272591
U004522,O010205,101.81,2026-08-24,272591
U004523,O010206,194.14,2026-08-20,427378
U004524,O010207,484.89,2025-10-23,411668
U004525,O010208,1057.93,2025-09-24,159211
U004525,O010209,1070.62,2025-10-19,159211
U004525,O010210,526.0,2026-02-14,159211
U004526,O010211,481.85,2026-06-29,262927
U004528,O010212,1156.21,2026-03-27,628653
U004528,O010213,425.39,2026-04-15,628653
U004530,O010214,1188.23,2026-07-04,741922
U004530,O010215,1134.99,2026-07-06,741922
U004531,O010216,371.22,2025-10-09,781691
U004531,O010217,902.6,2025-11-05,781691
U004531,O010218,373.96,2026-01-26,781691
U004531,O010219,1074.7,2026-01-31,781691
U004533,O010220,753.47,2025-11-06,451575
U004533,O010221,668.9,2025-11-28,451575
U004534,O010222,646.24,2026-04-09,708846
U004534,O010223,795.32,2026-06-19,708846
U004534,O010224,638.85,2026-07-03,708846
U004534,O010225,266.98,2026-07-16,708846
U004534,O010226,49.0,2026-08-08,708846
U004536,O010227,426.21,2026-08-25,236306
U004537,O010228,49.0,2025-10-26,124346
U004538,O010229,622.75,2026-05-12,169249
U004538,O010230,791.16,2026-07-03,169249
U004538,O010231,774.36,2026-08-21,169249
U004539,O010232,79.03,2026-02-19,321283
U004539,O010233,976.53,2026-03-24,321283
U004539,O010234,796.73,2026-04-06,321283
U004539,O010235,162.16,2026-05-14,321283
U004539,O010236,456.35,2026-05-18,321283
U004541,O010237,576.39,2026-02-28,483380
U004541,O010238,795.89,2026-03-16,483380
U004541,O010239,717.87,2026-04-20,483380
U004542,O010240,741.06,2025-10-01,359349
U004542,O010241,378.54,2025-10-14,359349
U004543,O010242,1053.24,2026-08-13,289592
U004544,O010243,997.87,2026-05-04,410023
U004544,O010244,969.54,2026-06-10,410023
U004545,O010245,685.93,2025-09-26,850246
U004545,O010246,342.14,2025-10-13,850246
U004545,O010247,662.5,2025-10-21,850246
U004545,O010248,781.66,2025-10-28,850246
U004546,O010249,139.88,2026-02-09,545545
U004546,O010250,596.22,2026-03-03,545545
U004546,O010251,665.28,2026-04-09,545545
U004547,O010252,644.96,2025-10-26,747543
U004549,O010253,937.76,2025-12-30,146133
U004551,O010254,493.93,2026-01-18,301464
U004551,O010255,448.03,2026-02-28,301464
U004552,O010256,49.0,2026-08-08,885672
U004553,O010257,449.98,2025-10-21,607337
U004553,O010258,935.44,2025-11-13,607337
U004553,O010259,988.19,2025-11-26,607337
U004555,O010260,1076.61,2026-06-23,204064
U004557,O010261,1305.89,2025-11-04,235424
U004558,O010262,729.35,2025-11-03,401679
U004559,O010263,830.2,2026-01-12,400074
U004559,O010264,996.75,2026-01-18,400074
U004561,O010265,985.3,2026-05-29,644516
U004561,O010266,49.0,2026-06-03,644516
U004561,O010267,64.9,2026-07-05,644516
U004561,O010268,788.95,2026-07-25,644516
U004562,O010269,49.0,2026-01-28,652997
U004562,O010270,281.65,2026-03-11,652997
U004563,O010271,685.16,2026-02-21,229100
U004565,O010272,1233.31,2025-12-17,186974
U004565,O010273,383.93,2026-02-26,186974
U004566,O010274,1062.43,2026-04-15,420805
U004566,O010275,828.87,2026-04-25,420805
U004566,O010276,638.13,2026-06-18,420805
U004566,O010277,692.03,2026-07-27,420805
U004567,O010278,1371.64,2026-03-15,658543
U004568,O010279,49.0,2026-07-31,353178
U004568,O010280,501.59,2026-08-03,353178
U004569,O010281,380.8,2026-01-24,658788
U004569,O010282,818.49,2026-03-04,658788
U004569,O010283,397.57,2026-03-12,658788
U004569,O010284,362.31,2026-03-22,658788
U004569,O010285,417.58,2026-03-26,658788
U004570,O010286,688.15,2026-06-25,566790
U004573,O010287,731.87,2026-03-06,212420
U004573,O010288,568.84,2026-04-28,212420
U004573,O010289,882.93,2026-05-10,212420
U004574,O010290,238.32,2025-09-19,490366
U004574,O010291,642.4,2025-09-20,490366
U004575,O010292,778.53,2026-06-05,621996
U004576,O010293,855.85,2026-06-14,375895
U004576,O010294,258.81,2026-07-14,375895
U004576,O010295,1078.38,2026-07-21,375895
U004577,O010296,299.21,2026-04-07,854520
U004579,O010297,353.28,2026-02-20,435362
U004579,O010298,744.61,2026-03-09,435362
U004580,O010299,1090.44,2025-09-24,718596
U004581,O010300,85.77,2026-04-12,521217
U004582,O010301,1121.69,2026-07-17,103881
U004582,O010302,537.13,2026-07-28,103881
U004583,O010303,883.49,2026-03-27,183218
U004584,O010304,413.54,2026-07-28,147910
U004584,O010305,744.3,2026-08-23,147910
U004585,O010306,711.25,2025-12-22,580049
U004586,O010307,1208.72,2026-06-07,619781
U004586,O010308,620.08,2026-06-22,619781
U004586,O010309,914.48,2026-07-31,619781
U004587,O010310,911.71,2025-12-18,653703
U004588,O010311,177.13,2026-07-26,664838
U004588,O010312,728.08,2026-08-03,664838
U004588,O010313,1077.57,2026-08-09,664838
U004589,O010314,844.76,2026-06-05,251008
U004589,O010315,777.85,2026-07-06,251008
U004589,O010316,492.93,2026-07-24,251008
U004589,O010317,585.35,2026-07-27,251008
U004589,O010318,463.86,2026-08-02,251008
U004591,O010319,909.15,2026-01-22,223366
U004591,O010320,153.03,2026-02-22,223366
U004593,O010321,743.35,2026-01-20,631316
U004593,O010322,718.33,2026-02-03,631316
U004593,O010323,414.57,2026-02-23,631316
U004594,O010324,881.39,2025-09-18,366323
U004594,O010325,723.6,2025-09-29,366323
U004594,O010326,246.02,2025-10-23,366323
U004595,O010327,214.4,2026-01-17,208825
U004596,O010328,499.06,2026-01-06,440656
U004596,O010329,880.46,2026-01-07,440656
U004596,O010330,1073.85,2026-03-28,440656
U004596,O010331,528.22,2026-06-04,440656
U004596,O010332,125.3,2026-06-17,440656
U004596,O010333,461.96,2026-07-31,440656
U004597,O010334,884.79,2026-07-27,238033
U004597,O010335,611.86,2026-08-06,238033
U004598,O010336,759.04,2026-02-01,768305
U004598,O010337,972.29,2026-04-11,768305
U004599,O010338,508.83,2026-04-15,694789
U004599,O010339,967.78,2026-05-12,694789
U004600,O010340,780.99,2026-05-21,893922
U004600,O010341,878.87,2026-06-21,893922
U004600,O010342,883.13,2026-07-09,893922
U004601,O010343,712.55,2026-02-03,608283
U004601,O010344,806.45,2026-02-22,608283
U004601,O010345,596.15,2026-03-23,608283
U004601,O010346,729.75,2026-04-15,608283
U004602,O010347,636.67,2025-10-26,267126
U004602,O010348,910.45,2025-11-03,267126
U004603,O010349,458.1,2026-04-29,116401
U004604,O010350,354.06,2026-05-19,889591
U004606,O010351,596.17,2026-01-10,798551
U004607,O010352,753.38,2025-09-18,213688
U004608,O010353,554.63,2026-03-12,766342
U004608,O010354,586.68,2026-03-16,766342
U004608,O010355,500.3,2026-04-19,766342
U004609,O010356,745.87,2026-08-26,150560
U004610,O010357,779.04,2025-12-13,519328
U004610,O010358,751.69,2025-12-26,519328
U004610,O010359,730.36,2026-01-10,519328
U004611,O010360,1139.35,2026-01-25,577226
U004612,O010361,566.95,2026-08-04,213061
U004613,O010362,460.81,2025-10-24,147835
U004615,O010363,717.52,2026-02-26,872223
U004615,O010364,449.55,2026-03-04,872223
U004615,O010365,353.1,2026-05-09,872223
U004616,O010366,306.97,2025-11-12,323147
U004617,O010367,431.15,2026-06-16,705861
U004618,O010368,935.3,2026-06-21,383477
U004618,O010369,533.28,2026-07-03,383477
U004618,O010370,292.99,2026-07-20,383477
U004619,O010371,1102.06,2026-05-22,607674
U004620,O010372,966.5,2025-12-25,197702
U004621,O010373,915.53,2026-04-25,729253
U004621,O010374,1039.41,2026-05-04,729253
U004622,O010375,725.27,2026-02-10,488857
U004622,O010376,287.04,2026-03-07,488857
U004622,O010377,356.37,2026-04-09,488857
U004623,O010378,561.96,2026-02-22,228586
U004623,O010379,781.76,2026-04-11,228586
U004623,O010380,901.57,2026-04-28,228586
U004623,O010381,787.28,2026-05-20,228586
U004624,O010382,688.35,2026-03-24,336071
U004624,O010383,95.78,2026-06-26,336071
U004625,O010384,986.12,2026-08-02,798267
U004626,O010385,536.02,2026-02-21,336641
U004626,O010386,637.11,2026-04-11,336641
U004627,O010387,785.15,2026-05-22,672406
U004627,O010388,341.07,2026-06-21,672406
U004628,O010389,870.18,2026-02-04,541833
U004628,O010390,1010.03,2026-02-07,541833
U004629,O010391,521.08,2026-06-24,670743
U004629,O010392,195.22,2026-07-05,670743
U004629,O010393,576.06,2026-07-07,670743
U004630,O010394,616.63,2026-08-25,464288
U004631,O010395,339.77,2026-04-13,310633
U004631,O010396,851.4,2026-06-26,310633
U004631,O010397,984.45,2026-08-11,310633
U004632,O010398,362.11,2025-10-18,569893
U004633,O010399,627.22,2025-09-13,520259
U004633,O010400,817.98,2025-09-16,520259
U004635,O010401,82.26,2025-12-02,360878
U004635,O010402,791.25,2026-01-29,360878
U004635,O010403,590.79,2026-02-20,360878
U004635,O010404,1174.46,2026-03-28,360878
U004636,O010405,507.86,2026-01-11,794640
U004636,O010406,911.52,2026-02-24,794640
U004637,O010407,309.63,2026-05-09,434048
U004638,O010408,145.36,2026-06-11,848617
U004638,O010409,588.02,2026-07-23,848617
U004639,O010410,868.89,2026-03-01,314733
U004639,O010411,665.94,2026-03-31,314733
U004639,O010412,886.28,2026-04-01,314733
U004639,O010413,721.91,2026-04-08,314733
U004640,O010414,975.58,2026-02-10,345869
U004640,O010415,611.55,2026-05-07,345869
U004641,O010416,614.01,2026-02-28,244225
U004641,O010417,1217.44,2026-03-26,244225
U004641,O010418,633.72,2026-04-19,244225
U004641,O010419,749.31,2026-06-26,244225
U004641,O010420,163.52,2026-07-03,244225
U004643,O010421,754.27,2026-02-05,825558
U004645,O010422,1228.79,2026-08-19,868119
U004646,O010423,408.41,2026-07-24,802568
U004648,O010424,518.4,2025-11-21,722787
U004649,O010425,652.25,2026-03-17,238701
U004649,O010426,278.32,2026-03-21,238701
U004649,O010427,364.65,2026-04-06,238701
U004650,O010428,858.54,2026-05-29,544494
U004650,O010429,770.45,2026-06-07,544494
U004651,O010430,911.02,2026-08-20,867778
U004652,O010431,753.39,2026-03-03,171964
U004652,O010432,471.06,2026-05-15,171964
U004652,O010433,893.9,2026-06-22,171964
U004652,O010434,570.38,2026-07-16,171964
U004653,O010435,882.13,2026-01-23,547324
U004653,O010436,769.4,2026-03-05,547324
U004655,O010437,416.49,2026-03-01,271692
U004655,O010438,651.66,2026-04-29,271692
U004655,O010439,620.01,2026-05-29,271692
U004657,O010440,609.44,2025-11-18,703684
U004657,O010441,891.73,2025-12-16,703684
U004657,O010442,1571.07,2026-01-05,703684
U004658,O010443,1564.69,2026-05-10,109210
U004658,O010444,418.39,2026-08-13,109210
U004659,O010445,1100.54,2026-04-21,281304
U004659,O010446,691.29,2026-05-27,281304
U004660,O010447,623.05,2026-07-23,891310
U004661,O010448,767.18,2026-06-19,225245
U004662,O010449,490.87,2026-01-19,583444
U004662,O010450,369.71,2026-03-20,583444
U004663,O010451,282.55,2026-01-03,227945
U004663,O010452,825.05,2026-01-11,227945
U004664,O010453,783.42,2025-12-27,145188
U004664,O010454,848.86,2026-04-22,145188
U004664,O010455,1103.61,2026-04-26,145188
U004664,O010456,570.92,2026-04-30,145188
U004665,O010457,883.78,2025-10-29,897302
U004665,O010458,625.87,2025-11-09,897302
U004665,O010459,494.96,2025-11-21,897302
U004666,O010460,333.96,2026-06-08,887972
U004666,O010461,973.44,2026-07-18,887972
U004667,O010462,526.86,2025-09-24,497771
U004667,O010463,1387.32,2025-10-04,497771
U004668,O010464,730.29,2026-03-25,896648
U004668,O010465,88.65,2026-04-28,896648
U004668,O010466,820.94,2026-05-15,896648
U004669,O010467,657.38,2025-09-08,726236
U004669,O010468,748.15,2025-11-12,726236
U004669,O010469,797.94,2025-12-30,726236
U004670,O010470,723.49,2026-01-18,795665
U004671,O010471,649.96,2025-10-06,520445
U004671,O010472,585.39,2025-12-23,520445
U004672,O010473,299.86,2026-04-07,667909
U004672,O010474,1185.9,2026-04-17,667909
U004672,O010475,1228.61,2026-04-29,667909
U004672,O010476,1023.35,2026-05-04,667909
U004673,O010477,465.26,2025-12-24,401330
U004673,O010478,919.75,2026-01-26,401330
U004673,O010479,770.28,2026-02-07,401330
U004673,O010480,441.39,2026-03-11,401330
U004673,O010481,404.4,2026-03-14,401330
U004673,O010482,443.71,2026-05-04,401330
U004673,O010483,52.18,2026-07-24,401330
U004674,O010484,1009.29,2026-01-28,485691
U004675,O010485,710.48,2026-04-19,328992
U004676,O010486,639.12,2026-05-12,666063
U004676,O010487,1229.84,2026-05-18,666063
U004676,O010488,908.0,2026-06-04,666063
U004677,O010489,211.68,2026-02-10,768418
U004677,O010490,256.02,2026-03-06,768418
U004677,O010491,198.06,2026-04-04,768418
U004678,O010492,370.53,2026-03-03,264894
U004678,O010493,579.22,2026-03-29,264894
U004679,O010494,762.54,2026-07-28,688831
U004680,O010495,650.93,2026-03-01,838536
U004680,O010496,974.53,2026-04-09,838536
U004680,O010497,724.72,2026-04-23,838536
U004680,O010498,574.33,2026-05-12,838536
U004681,O010499,49.0,2026-04-16,602269
U004681,O010500,613.71,2026-05-19,602269
U004682,O010501,916.7,2026-02-16,229899
U004683,O010502,209.93,2026-02-18,858719
U004683,O010503,1052.82,2026-02-21,858719
U004683,O010504,791.51,2026-03-19,858719
U004684,O010505,1068.31,2025-12-10,186442
U004684,O010506,998.93,2025-12-25,186442
U004685,O010507,1137.5,2026-06-06,145392
U004686,O010508,511.54,2026-07-26,187484
U004688,O010509,475.97,2026-02-03,158208
U004688,O010510,1071.25,2026-04-18,158208
U004688,O010511,694.77,2026-04-27,158208
U004690,O010512,1045.55,2025-10-16,893162
U004690,O010513,609.62,2025-11-13,893162
U004690,O010514,656.45,2025-12-15,893162
U004690,O010515,347.83,2026-02-01,893162
U004690,O010516,1371.44,2026-03-22,893162
U004691,O010517,470.67,2025-09-12,279525
U004691,O010518,277.81,2025-09-28,279525
U004691,O010519,466.63,2025-11-20,279525
U004693,O010520,321.31,2026-08-05,435653
U004694,O010521,305.42,2026-05-24,179100
U004694,O010522,534.57,2026-05-29,179100
U004695,O010523,955.59,2026-01-11,226437
U004695,O010524,737.15,2026-02-25,226437
U004695,O010525,420.43,2026-02-28,226437
U004695,O010526,999.38,2026-04-04,226437
U004695,O010527,307.87,2026-04-08,226437
U004695,O010528,442.92,2026-05-16,226437
U004696,O010529,348.67,2026-01-11,224653
U004696,O010530,1124.85,2026-01-28,224653
U004696,O010531,395.51,2026-03-09,224653
U004696,O010532,624.89,2026-06-08,224653
U004697,O010533,471.35,2026-04-08,879584
U004697,O010534,1051.93,2026-05-01,879584
U004698,O010535,701.39,2026-02-20,552478
U004698,O010536,622.89,2026-03-14,552478
U004699,O010537,929.82,2026-08-14,386776
U004699,O010538,524.14,2026-08-18,386776
U004700,O010539,507.9,2026-07-25,253252
U004700,O010540,582.22,2026-07-31,253252
U004700,O010541,678.28,2026-08-07,253252
U004702,O010542,561.1,2026-08-09,102053
U004703,O010543,697.02,2026-05-27,595329
U004703,O010544,642.69,2026-06-21,595329
U004705,O010545,750.76,2026-04-05,491455
U004706,O010546,962.34,2026-04-19,278206
U004706,O010547,902.82,2026-05-04,278206
U004707,O010548,295.63,2025-12-22,281117
U004707,O010549,312.13,2026-02-11,281117
U004707,O010550,787.12,2026-03-04,281117
U004707,O010551,648.1,2026-03-13,281117
U004708,O010552,632.35,2025-12-01,560907
U004708,O010553,741.86,2025-12-25,560907
U004708,O010554,673.62,2026-03-05,560907
U004709,O010555,856.88,2026-05-14,749573
U004709,O010556,288.04,2026-06-18,749573
U004709,O010557,233.86,2026-06-24,749573
U004710,O010558,297.97,2026-08-23,307024
U004711,O010559,672.74,2026-04-30,394833
U004711,O010560,568.7,2026-05-01,394833
U004711,O010561,934.8,2026-06-14,394833
U004711,O010562,414.63,2026-07-25,394833
U004711,O010563,576.24,2026-08-25,394833
U004712,O010564,576.19,2026-06-26,686684
U004712,O010565,49.0,2026-08-12,686684
U004713,O010566,942.67,2025-09-15,485189
U004713,O010567,719.71,2025-10-15,485189
U004715,O010568,502.57,2026-07-09,698376
U004716,O010569,496.24,2026-01-22,728256
U004716,O010570,1066.89,2026-02-20,728256
U004717,O010571,853.7,2026-07-05,697632
U004718,O010572,748.28,2026-02-23,424003
U004718,O010573,513.32,2026-06-09,424003
U004719,O010574,1025.07,2026-03-23,693249
U004719,O010575,383.53,2026-04-18,693249
U004719,O010576,402.28,2026-04-19,693249
U004719,O010577,676.26,2026-06-26,693249
U004720,O010578,390.4,2025-12-02,453607
U004720,O010579,604.71,2025-12-09,453607
U004721,O010580,551.99,2026-03-29,292153
U004721,O010581,49.0,2026-04-13,292153
U004721,O010582,425.95,2026-04-30,292153
U004722,O010583,568.45,2026-08-19,163809
U004723,O010584,49.0,2026-02-01,313542
U004723,O010585,306.09,2026-03-06,313542
U004723,O010586,731.9,2026-03-15,313542
U004724,O010587,613.13,2025-09-27,549201
U004726,O010588,1061.9,2026-05-29,216949
U004726,O010589,872.99,2026-06-01,216949
U004727,O010590,375.87,2026-02-20,188480
U004728,O010591,592.25,2026-03-16,766613
U004728,O010592,567.91,2026-05-02,766613
U004728,O010593,842.0,2026-05-06,766613
U004728,O010594,507.34,2026-06-26,766613
U004729,O010595,672.27,2026-04-26,483906
U004729,O010596,885.46,2026-04-28,483906
U004730,O010597,528.55,2026-06-06,103815
U004730,O010598,1224.63,2026-07-23,103815
U004730,O010599,529.72,2026-08-10,103815
U004731,O010600,428.86,2025-10-04,737546
U004731,O010601,804.94,2026-01-22,737546
U004731,O010602,552.95,2026-01-27,737546
U004732,O010603,708.06,2026-02-01,220596
U004732,O010604,485.47,2026-05-24,220596
U004732,O010605,822.43,2026-06-11,220596
U004733,O010606,353.67,2026-04-28,493360
U004734,O010607,1232.92,2026-02-04,283009
U004734,O010608,512.95,2026-02-24,283009
U004734,O010609,705.15,2026-02-26,283009
U004735,O010610,701.91,2026-01-11,415546
U004736,O010611,630.35,2026-07-26,773817
U004737,O010612,892.25,2025-09-24,660033
U004737,O010613,345.69,2025-10-14,660033
U004737,O010614,436.78,2025-12-02,660033
U004738,O010615,514.86,2026-08-04,212323
U004739,O010616,350.38,2025-10-26,793303
U004739,O010617,239.28,2025-10-28,793303
U004739,O010618,717.9,2025-11-10,793303
U004739,O010619,691.26,2025-11-20,793303
U004740,O010620,945.9,2026-03-12,255885
U004740,O010621,524.19,2026-04-06,255885
U004740,O010622,383.03,2026-04-09,255885
U004741,O010623,358.29,2025-11-09,139241
U004741,O010624,936.67,2025-12-08,139241
U004744,O010625,748.96,2026-07-30,458396
U004745,O010626,460.56,2026-01-07,113702
U004745,O010627,613.49,2026-02-23,113702
U004746,O010628,560.13,2025-10-14,141505
U004746,O010629,813.91,2025-11-02,141505
U004747,O010630,734.61,2025-10-02,321559
U004747,O010631,840.22,2025-11-11,321559
U004747,O010632,733.82,2025-11-22,321559
U004747,O010633,1533.86,2025-11-28,321559
U004752,O010634,370.44,2026-04-28,252772
U004752,O010635,799.06,2026-05-03,252772
U004753,O010636,623.67,2026-07-28,720276
U004753,O010637,386.93,2026-08-02,720276
U004753,O010638,72.89,2026-08-17,720276
U004754,O010639,850.46,2026-05-09,227611
U004754,O010640,49.0,2026-06-20,227611
U004755,O010641,925.6,2026-06-11,690643
U004755,O010642,118.57,2026-06-17,690643
U004756,O010643,349.52,2026-08-11,793820
U004756,O010644,308.66,2026-08-14,793820
U004757,O010645,417.13,2026-04-05,729864
U004757,O010646,400.35,2026-06-04,729864
U004758,O010647,1001.55,2026-04-09,667936
U004758,O010648,759.57,2026-04-17,667936
U004759,O010649,594.32,2026-06-29,479714
U004760,O010650,1059.68,2026-06-14,148396
U004760,O010651,759.33,2026-07-21,148396
U004760,O010652,442.82,2026-08-02,148396
U004760,O010653,272.82,2026-08-13,148396
U004761,O010654,243.7,2026-04-09,495589
U004761,O010655,565.2,2026-04-14,495589
U004761,O010656,120.94,2026-04-16,495589
U004763,O010657,464.8,2026-08-17,243597
U004764,O010658,468.74,2026-06-18,184951
U004764,O010659,1105.33,2026-07-01,184951
U004765,O010660,494.63,2025-12-25,638175
U004766,O010661,216.11,2026-08-01,717615
U004766,O010662,948.46,2026-08-07,717615
U004767,O010663,837.88,2026-08-13,134869
U004768,O010664,387.63,2025-12-04,282261
U004768,O010665,568.2,2025-12-06,282261
U004769,O010666,564.88,2026-07-08,353978
U004770,O010667,464.46,2025-12-07,187359
U004770,O010668,537.42,2025-12-11,187359
U004771,O010669,905.42,2026-04-06,815393
U004771,O010670,213.74,2026-04-14,815393
U004771,O010671,496.4,2026-06-06,815393
U004771,O010672,1167.71,2026-06-25,815393
U004771,O010673,747.69,2026-07-10,815393
U004771,O010674,588.46,2026-07-27,815393
U004772,O010675,698.29,2025-12-26,344107
U004773,O010676,490.77,2026-05-16,611417
U004773,O010677,252.43,2026-07-20,611417
U004774,O010678,289.55,2025-11-16,806485
U004774,O010679,454.34,2025-12-17,806485
U004775,O010680,102.12,2026-06-02,593970
U004775,O010681,72.43,2026-08-14,593970
U004776,O010682,873.53,2025-09-12,161796
U004776,O010683,604.12,2025-10-03,161796
U004776,O010684,366.29,2025-10-14,161796
U004777,O010685,1224.02,2025-11-22,765451
U004777,O010686,968.39,2026-01-09,765451
U004777,O010687,811.74,2026-04-03,765451
U004778,O010688,607.34,2026-05-29,361640
U004779,O010689,769.05,2026-06-12,105113
U004781,O010690,715.88,2025-12-16,392658
U004783,O010691,602.61,2026-03-05,215355
U004784,O010692,1104.25,2026-08-15,491110
U004785,O010693,1105.7,2025-12-02,350626
U004785,O010694,652.85,2025-12-03,350626
U004785,O010695,517.9,2025-12-20,350626
U004786,O010696,510.07,2025-12-12,720697
U004787,O010697,768.96,2025-11-27,174027
U004787,O010698,483.39,2026-01-12,174027
U004787,O010699,691.77,2026-02-28,174027
U004788,O010700,685.71,2026-01-03,535002
U004788,O010701,1275.21,2026-02-21,535002
U004788,O010702,494.51,2026-03-27,535002
U004789,O010703,332.23,2025-11-13,887838
U004790,O010704,756.98,2026-08-25,110565
U004791,O010705,762.57,2025-12-08,583503
U004792,O010706,602.08,2026-01-27,495403
U004792,O010707,551.83,2026-01-31,495403
U004792,O010708,278.76,2026-02-21,495403
U004792,O010709,790.65,2026-04-15,495403
U004793,O010710,691.16,2026-06-03,702263
U004793,O010711,504.44,2026-06-08,702263
U004795,O010712,496.93,2025-11-08,141019
U004795,O010713,441.17,2025-12-08,141019
U004795,O010714,312.09,2026-01-26,141019
U004796,O010715,688.76,2025-11-07,599568
U004796,O010716,776.27,2025-11-30,599568
U004796,O010717,446.14,2025-12-18,599568
U004798,O010718,1004.35,2026-04-17,122449
U004798,O010719,49.0,2026-05-27,122449
U004799,O010720,286.52,2026-07-30,231865
U004799,O010721,750.44,2026-08-15,231865
U004800,O010722,274.21,2026-04-17,875474
U004800,O010723,305.04,2026-05-09,875474
U004802,O010724,844.47,2025-12-02,197395
U004802,O010725,1214.71,2026-01-30,197395
U004805,O010726,963.14,2026-04-11,485191
U004805,O010727,662.27,2026-05-01,485191
U004805,O010728,806.65,2026-05-21,485191
U004805,O010729,777.93,2026-06-23,485191
U004806,O010730,903.69,2026-06-26,354847
U004806,O010731,856.95,2026-07-03,354847
U004807,O010732,551.76,2025-10-27,711355
U004807,O010733,700.77,2025-11-01,711355
U004808,O010734,209.72,2025-11-14,380052
U004808,O010735,241.83,2025-11-23,380052
U004808,O010736,485.11,2025-12-15,380052
U004809,O010737,502.18,2026-07-17,649759
U004809,O010738,654.5,2026-08-14,649759
U004810,O010739,487.37,2026-01-06,763742
U004810,O010740,518.76,2026-01-11,763742
U004811,O010741,853.93,2026-03-17,647372
U004811,O010742,313.37,2026-04-14,647372
U004811,O010743,590.45,2026-04-17,647372
U004812,O010744,775.41,2025-12-13,843617
U004812,O010745,1016.56,2026-02-05,843617
U004813,O010746,876.11,2025-11-30,879424
U004814,O010747,713.0,2026-03-26,452235
U004814,O010748,253.36,2026-05-05,452235
U004814,O010749,414.9,2026-05-17,452235
U004814,O010750,265.71,2026-06-30,452235
U004816,O010751,1162.62,2026-05-28,387983
U004816,O010752,552.33,2026-06-05,387983
U004817,O010753,1264.44,2026-05-23,657902
U004817,O010754,656.46,2026-06-10,657902
U004818,O010755,1152.86,2026-04-28,230405
U004818,O010756,874.04,2026-06-21,230405
U004818,O010757,865.3,2026-07-14,230405
U004818,O010758,621.4,2026-07-26,230405
U004818,O010759,816.12,2026-08-14,230405
U004819,O010760,847.82,2026-06-03,615301
U004819,O010761,186.0,2026-06-12,615301
U004819,O010762,606.21,2026-06-17,615301
U004819,O010763,877.51,2026-08-03,615301
U004819,O010764,1000.14,2026-08-13,615301
U004820,O010765,1061.07,2026-03-22,406652
U004820,O010766,374.63,2026-08-01,406652
U004820,O010767,887.19,2026-08-07,406652
U004821,O010768,869.66,2026-02-08,864706
U004821,O010769,716.71,2026-03-09,864706
U004822,O010770,675.63,2025-12-24,361585
U004822,O010771,951.45,2026-01-19,361585
U004822,O010772,699.61,2026-01-22,361585
U004823,O010773,524.82,2026-06-26,827926
U004823,O010774,709.47,2026-07-11,827926
U004823,O010775,398.5,2026-07-17,827926
U004823,O010776,591.43,2026-07-30,827926
U004823,O010777,632.21,2026-08-02,827926
U004825,O010778,890.75,2026-01-01,634965
U004826,O010779,422.99,2025-10-01,222887
U004826,O010780,779.53,2025-10-26,222887
U004827,O010781,629.46,2026-06-01,151690
U004828,O010782,777.47,2026-08-11,311681
U004829,O010783,536.14,2025-12-23,765069
U004830,O010784,681.98,2025-11-07,867459
U004830,O010785,937.02,2025-11-13,867459
U004831,O010786,569.46,2025-10-22,393443
U004831,O010787,302.4,2025-11-21,393443
U004831,O010788,762.78,2025-11-23,393443
U004831,O010789,719.49,2025-12-01,393443
U004831,O010790,550.61,2026-02-18,393443
U004832,O010791,151.25,2025-11-15,833398
U004833,O010792,854.84,2025-11-14,279753
U004833,O010793,513.04,2025-11-22,279753
U004834,O010794,938.08,2026-01-02,495751
U004835,O010795,938.56,2025-10-19,539843
U004835,O010796,535.0,2025-11-15,539843
U004835,O010797,896.37,2025-12-03,539843
U004836,O010798,685.63,2025-09-17,644910
U004836,O010799,647.09,2025-10-12,644910
U004836,O010800,470.5,2025-10-28,644910
U004837,O010801,319.56,2026-03-01,582012
U004837,O010802,425.8,2026-03-23,582012
U004837,O010803,296.95,2026-04-20,582012
U004838,O010804,595.05,2026-03-17,639484
U004840,O010805,592.33,2026-02-05,261226
U004840,O010806,174.32,2026-03-24,261226
U004840,O010807,1115.72,2026-04-04,261226
U004841,O010808,616.09,2025-12-29,568375
U004841,O010809,974.63,2026-03-25,568375
U004841,O010810,547.55,2026-05-05,568375
U004841,O010811,596.5,2026-05-18,568375
U004842,O010812,1046.98,2026-07-17,569672
U004842,O010813,1379.1,2026-07-25,569672
U004842,O010814,1290.9,2026-08-07,569672
U004844,O010815,800.83,2026-04-15,767329
U004844,O010816,743.27,2026-04-27,767329
U004844,O010817,1350.87,2026-05-14,767329
U004845,O010818,160.65,2026-08-04,882720
U004845,O010819,656.79,2026-08-12,882720
U004846,O010820,56.33,2026-04-16,470509
U004846,O010821,1419.36,2026-05-31,470509
U004847,O010822,104.45,2026-08-05,715170
U004848,O010823,415.32,2026-04-01,474051
U004848,O010824,473.45,2026-06-12,474051
U004848,O010825,750.09,2026-08-25,474051
U004849,O010826,542.93,2026-03-14,585345
U004849,O010827,179.55,2026-04-08,585345
U004850,O010828,780.86,2026-07-06,246924
U004850,O010829,802.65,2026-07-15,246924
U004850,O010830,721.41,2026-08-06,246924
U004851,O010831,632.72,2025-12-17,362904
U004852,O010832,146.18,2026-08-06,482165
U004852,O010833,933.36,2026-08-13,482165
U004853,O010834,867.69,2025-10-24,290918
U004853,O010835,71.12,2026-01-09,290918
U004853,O010836,1062.8,2026-01-28,290918
U004854,O010837,491.21,2026-01-08,652488
U004854,O010838,663.31,2026-01-23,652488
U004854,O010839,1169.49,2026-02-18,652488
U004855,O010840,793.3,2026-04-02,614233
U004856,O010841,680.9,2026-01-01,797652
U004856,O010842,864.12,2026-01-17,797652
U004856,O010843,969.01,2026-06-10,797652
U004857,O010844,486.2,2026-03-07,143961
U004857,O010845,290.31,2026-03-21,143961
U004858,O010846,107.99,2026-02-07,384975
U004858,O010847,250.34,2026-02-18,384975
U004858,O010848,487.55,2026-05-30,384975
U004859,O010849,1065.86,2026-01-13,187199
U004859,O010850,473.32,2026-02-09,187199
U004859,O010851,616.02,2026-02-22,187199
U004860,O010852,654.09,2026-03-07,326115
U004861,O010853,745.2,2026-06-18,476718
U004861,O010854,774.94,2026-07-09,476718
U004862,O010855,1228.78,2026-03-15,489513
U004863,O010856,846.62,2026-06-07,475711
U004863,O010857,606.66,2026-07-29,475711
U004863,O010858,733.77,2026-08-09,475711
U004865,O010859,664.65,2025-11-27,519270
U004865,O010860,398.78,2026-01-14,519270
U004865,O010861,962.89,2026-02-09,519270
U004866,O010862,637.15,2026-02-06,696888
U004867,O010863,489.98,2026-05-25,429642
U004868,O010864,594.26,2025-11-05,375680
U004869,O010865,341.89,2026-07-09,629179
U004869,O010866,422.79,2026-07-14,629179
U004869,O010867,769.92,2026-07-21,629179
U004870,O010868,410.79,2026-04-25,540922
U004870,O010869,935.93,2026-05-05,540922
U004871,O010870,824.47,2026-04-06,876574
U004872,O010871,385.92,2026-01-02,466309
U004872,O010872,738.65,2026-01-20,466309
U004872,O010873,680.08,2026-02-11,466309
U004873,O010874,485.71,2026-08-03,824384
U004873,O010875,1077.78,2026-08-21,824384
U004874,O010876,895.18,2025-12-31,543200
U004875,O010877,523.67,2026-06-05,654928
U004875,O010878,821.42,2026-07-16,654928
U004876,O010879,314.98,2026-08-06,188190
U004876,O010880,893.11,2026-08-11,188190
U004877,O010881,795.61,2026-04-25,832383
U004877,O010882,693.7,2026-06-28,832383
U004878,O010883,521.4,2026-07-23,630861
U004879,O010884,689.43,2026-01-15,283568
U004879,O010885,723.86,2026-02-13,283568
U004880,O010886,1226.54,2025-12-28,374063
U004880,O010887,491.14,2026-02-07,374063
U004880,O010888,447.78,2026-02-14,374063
U004880,O010889,310.58,2026-03-01,374063
U004881,O010890,825.05,2025-12-07,503885
U004881,O010891,433.98,2025-12-08,503885
U004881,O010892,662.02,2026-01-19,503885
U004881,O010893,159.45,2026-01-21,503885
U004881,O010894,686.15,2026-02-01,503885
U004882,O010895,1033.08,2026-07-03,366576
U004883,O010896,1097.64,2026-01-07,175062
U004883,O010897,487.55,2026-01-28,175062
U004884,O010898,1235.16,2026-05-21,299037
U004884,O010899,415.58,2026-06-23,299037
U004886,O010900,605.43,2026-03-09,601120
U004886,O010901,1003.38,2026-05-06,601120
U004888,O010902,766.1,2026-02-16,496191
U004888,O010903,717.82,2026-02-25,496191
U004888,O010904,1019.16,2026-02-27,496191
U004889,O010905,1255.37,2026-02-02,221377
U004889,O010906,1070.45,2026-02-14,221377
U004890,O010907,555.37,2026-08-02,532578
U004891,O010908,801.55,2025-12-25,651779
U004892,O010909,590.16,2026-02-01,373924
U004893,O010910,333.48,2025-10-07,387901
U004893,O010911,850.22,2026-02-20,387901
U004893,O010912,49.0,2026-03-04,387901
U004893,O010913,335.28,2026-04-04,387901
U004893,O010914,390.68,2026-05-17,387901
U004894,O010915,469.56,2026-03-17,353642
U004894,O010916,657.3,2026-04-08,353642
U004894,O010917,750.59,2026-04-27,353642
U004894,O010918,233.57,2026-05-03,353642
U004895,O010919,1089.68,2026-04-20,126957
U004895,O010920,765.89,2026-04-28,126957
U004895,O010921,793.08,2026-07-01,126957
U004895,O010922,211.59,2026-07-05,126957
U004896,O010923,340.52,2025-11-11,215380
U004896,O010924,285.12,2025-12-23,215380
U004896,O010925,393.59,2026-01-15,215380
U004896,O010926,621.23,2026-01-27,215380
U004896,O010927,790.67,2026-03-08,215380
U004897,O010928,406.34,2025-11-27,197180
U004897,O010929,734.07,2025-12-31,197180
U004897,O010930,424.42,2026-02-01,197180
U004897,O010931,648.33,2026-03-27,197180
U004898,O010932,910.91,2026-02-21,406322
U004898,O010933,113.47,2026-03-20,406322
U004898,O010934,893.21,2026-04-13,406322
U004898,O010935,961.64,2026-08-09,406322
U004899,O010936,49.0,2026-05-22,533494
U004899,O010937,501.84,2026-05-28,533494
U004899,O010938,817.76,2026-06-03,533494
U004899,O010939,221.87,2026-08-09,533494
U004900,O010940,858.74,2026-02-15,255449
U004900,O010941,1063.52,2026-03-19,255449
U004901,O010942,264.65,2025-10-19,208726
U004901,O010943,288.06,2025-12-01,208726
U004902,O010944,614.99,2026-01-26,124740
U004902,O010945,49.0,2026-03-07,124740
U004902,O010946,914.55,2026-03-27,124740
U004903,O010947,626.45,2026-01-27,469378
U004904,O010948,1020.18,2026-08-10,176688
U004904,O010949,679.98,2026-08-19,176688
U004905,O010950,1155.66,2026-07-17,335291
U004905,O010951,833.59,2026-07-21,335291
U004906,O010952,722.52,2026-01-15,649510
U004906,O010953,366.03,2026-02-21,649510
U004906,O010954,148.32,2026-03-18,649510
U004906,O010955,876.81,2026-04-11,649510
U004907,O010956,848.02,2026-07-30,838707
U004907,O010957,735.17,2026-08-03,838707
U004907,O010958,606.09,2026-08-21,838707
U004909,O010959,363.75,2025-12-07,527575
U004909,O010960,974.49,2025-12-22,527575
U004909,O010961,459.84,2026-01-29,527575
U004909,O010962,686.69,2026-02-05,527575
U004911,O010963,165.71,2026-01-05,786496
U004911,O010964,245.31,2026-01-23,786496
U004912,O010965,205.0,2025-12-10,301211
U004912,O010966,583.69,2025-12-14,301211
U004912,O010967,1053.48,2026-02-03,301211
U004912,O010968,761.81,2026-02-11,301211
U004912,O010969,1342.97,2026-03-27,301211
U004914,O010970,598.43,2026-08-20,232995
U004915,O010971,724.81,2026-08-03,312123
U004916,O010972,853.03,2025-10-10,184815
U004917,O010973,807.82,2025-12-25,468695
U004917,O010974,762.94,2026-01-04,468695
U004918,O010975,483.85,2026-06-15,335444
U004918,O010976,442.0,2026-07-02,335444
U004918,O010977,499.01,2026-07-13,335444
U004919,O010978,752.55,2026-02-05,371251
U004919,O010979,782.86,2026-02-27,371251
U004919,O010980,1296.73,2026-03-20,371251
U004921,O010981,338.48,2025-09-24,278173
U004921,O010982,522.72,2025-09-27,278173
U004921,O010983,869.76,2025-11-04,278173
U004922,O010984,845.6,2026-08-22,838755
U004923,O010985,763.2,2026-01-11,836629
U004924,O010986,49.0,2026-01-07,566377
U004924,O010987,648.94,2026-04-04,566377
U004924,O010988,605.41,2026-05-11,566377
U004924,O010989,351.17,2026-08-01,566377
U004925,O010990,552.99,2026-06-23,857524
U004925,O010991,890.87,2026-07-06,857524
U004927,O010992,150.72,2026-01-29,633233
U004928,O010993,1186.85,2026-02-20,696839
U004928,O010994,1172.91,2026-03-01,696839
U004928,O010995,49.0,2026-05-25,696839
U004929,O010996,449.89,2026-05-31,502739
U004929,O010997,733.29,2026-06-21,502739
U004930,O010998,698.62,2026-01-21,588429
U004930,O010999,1029.67,2026-01-31,588429
U004930,O011000,193.61,2026-03-23,588429
U004930,O011001,49.0,2026-07-09,588429
U004931,O011002,859.44,2025-12-08,734058
U004931,O011003,367.41,2026-01-03,734058
U004931,O011004,1193.34,2026-02-20,734058
U004932,O011005,485.07,2026-01-31,477521
U004932,O011006,825.28,2026-02-28,477521
U004933,O011007,347.16,2025-12-29,558893
U004933,O011008,357.79,2026-01-17,558893
U004933,O011009,368.28,2026-04-06,558893
U004933,O011010,749.16,2026-04-15,558893
U004934,O011011,1343.82,2026-08-23,228873
U004935,O011012,559.42,2026-08-10,469932
U004936,O011013,297.48,2026-07-22,430517
U004937,O011014,307.92,2025-12-14,617845
U004937,O011015,865.54,2026-03-01,617845
U004937,O011016,387.36,2026-04-15,617845
U004938,O011017,1002.6,2025-11-20,723111
U004938,O011018,1233.37,2025-11-23,723111
U004939,O011019,477.67,2026-08-12,370014
U004940,O011020,302.31,2025-11-12,236374
U004940,O011021,257.61,2026-02-05,236374
U004941,O011022,1258.61,2026-07-02,159889
U004941,O011023,1168.4,2026-08-06,159889
U004942,O011024,442.38,2025-12-04,192056
U004942,O011025,731.44,2025-12-21,192056
U004942,O011026,567.81,2026-01-08,192056
U004943,O011027,223.33,2026-06-14,579211
U004943,O011028,701.65,2026-07-14,579211
U004943,O011029,492.88,2026-08-11,579211
U004945,O011030,416.16,2026-01-08,774451
U004945,O011031,462.98,2026-01-22,774451
U004945,O011032,699.57,2026-01-27,774451
U004946,O011033,595.43,2025-10-21,550879
U004946,O011034,610.01,2025-12-03,550879
U004948,O011035,49.0,2025-12-05,248838
U004949,O011036,803.21,2025-12-28,550071
U004949,O011037,1072.9,2026-01-28,550071
U004950,O011038,481.36,2025-11-11,556169
U004950,O011039,1044.22,2025-12-31,556169
U004950,O011040,607.28,2026-01-29,556169
U004950,O011041,843.76,2026-02-03,556169
U004950,O011042,838.22,2026-02-06,556169
U004950,O011043,129.46,2026-03-03,556169
U004952,O011044,432.97,2025-11-20,206613
U004952,O011045,376.55,2025-12-09,206613
U004952,O011046,1039.5,2026-01-13,206613
U004952,O011047,578.5,2026-02-19,206613
U004952,O011048,1288.9,2026-03-14,206613
U004953,O011049,691.19,2026-01-25,339894
U004953,O011050,766.91,2026-02-09,339894
U004953,O011051,599.06,2026-05-19,339894
U004954,O011052,262.09,2026-04-19,732744
U004955,O011053,128.08,2026-05-10,174262
U004957,O011054,855.42,2026-02-21,385459
U004958,O011055,895.92,2025-11-03,692112
U004959,O011056,302.23,2025-12-25,492915
U004960,O011057,297.88,2026-01-08,182466
U004960,O011058,825.81,2026-01-18,182466
U004960,O011059,629.68,2026-02-02,182466
U004960,O011060,635.47,2026-03-30,182466
U004961,O011061,223.01,2026-01-24,267729
U004961,O011062,1293.2,2026-03-21,267729
U004962,O011063,744.68,2025-12-10,538193
U004962,O011064,818.28,2026-01-12,538193
U004964,O011065,504.23,2026-03-08,286304
U004965,O011066,605.07,2026-04-14,300945
U004965,O011067,359.4,2026-04-17,300945
U004965,O011068,819.93,2026-04-29,300945
U004965,O011069,1169.32,2026-05-21,300945
U004966,O011070,919.1,2026-02-07,133689
U004967,O011071,529.63,2026-02-19,509943
U004967,O011072,369.16,2026-03-25,509943
U004968,O011073,799.04,2025-12-19,101167
U004968,O011074,645.48,2025-12-31,101167
U004968,O011075,979.6,2026-04-04,101167
U004968,O011076,1133.93,2026-05-17,101167
U004972,O011077,49.0,2026-02-13,250074
U004973,O011078,280.28,2026-05-15,723701
U004973,O011079,1067.98,2026-05-23,723701
U004975,O011080,683.0,2026-07-25,863117
U004976,O011081,699.93,2025-11-21,424228
U004977,O011082,572.12,2026-02-28,395980
U004977,O011083,724.03,2026-03-16,395980
U004977,O011084,574.72,2026-05-15,395980
U004978,O011085,531.23,2026-03-12,856996
U004978,O011086,193.52,2026-03-24,856996
U004980,O011087,472.37,2026-07-28,329124
U004980,O011088,427.95,2026-08-18,329124
U004981,O011089,578.6,2026-08-04,274116
U004981,O011090,321.22,2026-08-25,274116
U004982,O011091,781.97,2026-05-26,493078
U004982,O011092,801.32,2026-06-25,493078
U004982,O011093,634.93,2026-08-08,493078
U004983,O011094,827.95,2026-03-04,210892
U004983,O011095,1171.41,2026-06-04,210892
U004984,O011096,1066.59,2026-03-03,348113
U004984,O011097,826.8,2026-04-04,348113
U004984,O011098,116.77,2026-05-18,348113
U004984,O011099,214.4,2026-06-05,348113
U004985,O011100,1139.05,2026-01-02,141476
U004986,O011101,410.89,2025-10-28,133222
U004987,O011102,694.12,2026-07-31,622646
U004989,O011103,497.78,2026-02-22,639035
U004989,O011104,472.71,2026-03-18,639035
U004989,O011105,1139.11,2026-04-14,639035
U004989,O011106,245.98,2026-06-06,639035
U004989,O011107,186.44,2026-06-10,639035
U004990,O011108,274.47,2025-10-13,709781
U004990,O011109,827.94,2025-10-28,709781
U004990,O011110,745.57,2025-11-24,709781
U004990,O011111,195.16,2025-11-26,709781
U004991,O011112,384.41,2026-03-15,128584
U004991,O011113,1119.72,2026-03-28,128584
U004991,O011114,353.08,2026-04-29,128584
U004992,O011115,760.04,2026-02-04,843812
U004992,O011116,1011.46,2026-02-18,843812
U004993,O011117,148.49,2025-09-10,860940
U004993,O011118,701.35,2025-10-20,860940
U004993,O011119,464.47,2025-11-16,860940
U004994,O011120,394.14,2026-07-16,801628
U004995,O011121,729.35,2025-12-20,602888
U004995,O011122,556.44,2026-01-10,602888
U004996,O011123,270.64,2026-06-04,386062
U004996,O011124,552.39,2026-06-15,386062
U004996,O011125,793.73,2026-06-17,386062
U004996,O011126,750.59,2026-07-30,386062
U004997,O011127,957.0,2026-03-06,755298
U004997,O011128,576.39,2026-03-10,755298
U004998,O011129,717.65,2026-07-01,811668
U004998,O011130,322.7,2026-07-08,811668
U004998,O011131,730.74,2026-08-23,811668
U004999,O011132,49.0,2026-02-17,828522
U004999,O011133,556.88,2026-03-08,828522
U004999,O011134,1156.84,2026-03-11,828522
U004999,O011135,1255.13,2026-04-27,828522
U004999,O011136,808.2,2026-05-29,828522
U005000,O011137,158.52,2026-03-20,832352
U005001,O011138,681.51,2025-09-10,763136
U005001,O011139,770.41,2025-11-27,763136
U005001,O011140,696.7,2026-01-24,763136
U005004,O011141,604.99,2026-02-05,539955
U005004,O011142,590.42,2026-02-12,539955
U005004,O011143,1299.68,2026-02-19,539955
U005004,O011144,334.98,2026-04-30,539955
U005005,O011145,288.26,2026-08-26,125345
U005006,O011146,116.55,2025-11-07,243249
U005006,O011147,943.02,2025-12-10,243249
U005006,O011148,553.17,2025-12-22,243249
U005006,O011149,212.11,2026-01-13,243249
U005007,O011150,381.8,2026-04-10,506657
U005007,O011151,1122.33,2026-05-25,506657
U005010,O011152,920.33,2026-08-13,734826
U005010,O011153,884.89,2026-08-16,734826
U005011,O011154,935.41,2025-11-16,487484
U005011,O011155,903.86,2025-12-11,487484
U005013,O011156,630.8,2025-10-01,832989
U005014,O011157,715.11,2025-10-19,495059
U005014,O011158,129.96,2025-11-11,495059
U005014,O011159,1097.75,2025-12-30,495059
U005014,O011160,622.25,2026-01-11,495059
U005014,O011161,748.3,2026-01-14,495059
U005017,O011162,463.31,2026-02-01,344436
U005017,O011163,1465.77,2026-02-03,344436
U005018,O011164,778.17,2026-08-19,687146
U005020,O011165,501.47,2025-12-18,327188
U005020,O011166,1112.96,2026-01-25,327188
U005020,O011167,912.21,2026-02-02,327188
U005020,O011168,483.25,2026-03-30,327188
U005021,O011169,507.25,2025-12-26,185948
U005022,O011170,333.99,2026-02-13,509505
U005022,O011171,267.44,2026-03-27,509505
U005022,O011172,201.62,2026-03-29,509505
U005023,O011173,581.7,2026-05-15,407521
U005023,O011174,291.95,2026-05-21,407521
U005023,O011175,636.09,2026-06-15,407521
U005024,O011176,1103.85,2025-12-28,860806
U005024,O011177,530.84,2026-02-10,860806
U005024,O011178,442.78,2026-03-01,860806
U005025,O011179,1141.86,2026-07-16,196463
U005026,O011180,316.16,2026-05-27,181697
U005026,O011181,49.0,2026-06-15,181697
U005026,O011182,693.01,2026-06-19,181697
U005026,O011183,609.34,2026-07-05,181697
U005027,O011184,156.06,2026-05-30,220963
U005027,O011185,1000.29,2026-07-04,220963
U005027,O011186,694.53,2026-07-15,220963
U005029,O011187,1029.72,2026-03-22,558812
U005030,O011188,89.72,2025-09-26,588483
U005030,O011189,890.08,2025-10-05,588483
U005030,O011190,983.52,2025-10-17,588483
U005030,O011191,1227.73,2025-12-10,588483
U005031,O011192,512.33,2026-02-04,221732
U005031,O011193,1092.22,2026-02-19,221732
U005032,O011194,891.3,2026-01-20,380963
U005032,O011195,757.14,2026-02-18,380963
U005032,O011196,151.45,2026-02-21,380963
U005033,O011197,504.9,2026-06-08,697851
U005034,O011198,498.58,2025-10-09,832764
U005034,O011199,302.37,2025-11-02,832764
U005035,O011200,595.36,2026-02-23,784895
U005036,O011201,728.79,2026-07-11,131457
U005038,O011202,1073.99,2026-03-26,418222
U005038,O011203,649.8,2026-03-30,418222
U005038,O011204,990.55,2026-04-20,418222
U005038,O011205,375.31,2026-04-28,418222
U005038,O011206,589.54,2026-05-19,418222
U005039,O011207,247.63,2025-11-14,382480
U005039,O011208,860.49,2025-12-11,382480
U005039,O011209,321.01,2026-01-09,382480
U005040,O011210,699.54,2026-03-14,666731
U005040,O011211,555.15,2026-05-29,666731
U005041,O011212,1173.48,2025-12-13,291309
U005041,O011213,538.61,2025-12-15,291309
U005041,O011214,1376.0,2026-01-09,291309
U005042,O011215,912.91,2025-09-26,444309
U005042,O011216,973.33,2025-10-04,444309
U005042,O011217,228.31,2025-10-29,444309
U005042,O011218,820.48,2025-11-20,444309
U005043,O011219,813.26,2026-07-15,785445
U005043,O011220,381.67,2026-07-18,785445
U005043,O011221,696.58,2026-07-31,785445
U005043,O011222,535.03,2026-08-08,785445
U005044,O011223,794.53,2026-06-26,398627
U005044,O011224,888.66,2026-07-27,398627
U005045,O011225,761.75,2026-01-25,781619
U005045,O011226,353.45,2026-02-14,781619
U005047,O011227,851.32,2026-04-28,589810
U005047,O011228,837.98,2026-05-28,589810
U005047,O011229,785.7,2026-06-03,589810
U005049,O011230,504.11,2025-12-06,266949
U005049,O011231,114.5,2026-02-14,266949
U005049,O011232,239.83,2026-04-05,266949
U005049,O011233,514.89,2026-04-27,266949
U005049,O011234,685.24,2026-05-09,266949
U005050,O011235,1360.27,2025-11-10,262770
U005050,O011236,329.36,2025-11-12,262770
U005050,O011237,433.0,2025-12-13,262770
U005051,O011238,49.0,2026-08-11,433305
U005051,O011239,282.34,2026-08-14,433305
U005052,O011240,842.96,2026-08-09,528316
U005055,O011241,393.12,2026-04-18,777704
U005055,O011242,872.78,2026-05-18,777704
U005055,O011243,361.43,2026-06-16,777704
U005056,O011244,49.0,2025-09-24,318238
U005056,O011245,496.19,2025-11-12,318238
U005056,O011246,151.04,2025-11-14,318238
U005056,O011247,831.11,2025-12-02,318238
U005057,O011248,747.32,2025-12-09,172215
U005057,O011249,586.07,2026-01-01,172215
U005057,O011250,798.32,2026-02-17,172215
U005058,O011251,623.93,2026-06-12,408395
U005058,O011252,561.01,2026-06-26,408395
U005059,O011253,775.67,2025-10-02,738716
U005059,O011254,381.36,2025-10-18,738716
U005060,O011255,442.66,2026-08-02,332079
U005060,O011256,352.01,2026-08-06,332079
U005061,O011257,154.47,2026-02-10,811649
U005061,O011258,292.63,2026-03-03,811649
U005062,O011259,650.43,2026-05-09,174515
U005062,O011260,860.63,2026-06-28,174515
U005064,O011261,552.26,2025-11-24,227153
U005064,O011262,455.91,2026-01-16,227153
U005064,O011263,362.22,2026-01-26,227153
U005065,O011264,904.95,2026-03-07,731732
U005065,O011265,586.7,2026-03-14,731732
U005065,O011266,851.95,2026-04-04,731732
U005065,O011267,966.02,2026-05-06,731732
U005065,O011268,600.37,2026-06-01,731732
U005066,O011269,154.95,2026-01-25,824110
U005067,O011270,701.17,2025-09-17,653959
U005067,O011271,514.1,2025-10-28,653959
U005067,O011272,696.67,2025-12-29,653959
U005067,O011273,297.93,2026-02-21,653959
U005068,O011274,902.67,2025-12-03,718717
U005068,O011275,569.63,2025-12-24,718717
U005069,O011276,632.32,2026-07-10,685233
U005069,O011277,1134.84,2026-08-13,685233
U005070,O011278,907.57,2025-12-04,511535
U005071,O011279,343.88,2026-02-07,189315
U005071,O011280,1044.36,2026-05-16,189315
U005072,O011281,177.51,2026-04-18,433049
U005073,O011282,1055.58,2025-11-22,260440
U005073,O011283,661.13,2025-11-23,260440
U005073,O011284,597.96,2025-12-09,260440
U005074,O011285,561.49,2026-05-14,523322
U005074,O011286,1115.16,2026-05-28,523322
U005074,O011287,459.75,2026-06-22,523322
U005075,O011288,722.65,2026-06-24,774906
U005075,O011289,504.51,2026-07-02,774906
U005076,O011290,743.86,2026-01-14,328064
U005076,O011291,863.64,2026-01-17,328064
U005076,O011292,399.66,2026-02-19,328064
U005077,O011293,381.76,2026-01-17,855817
U005078,O011294,186.59,2025-10-15,583829
U005078,O011295,451.78,2025-12-03,583829
U005080,O011296,599.63,2025-10-17,445568
U005080,O011297,550.19,2026-01-07,445568
U005081,O011298,385.54,2026-01-19,486533
U005081,O011299,823.88,2026-02-06,486533
U005081,O011300,770.28,2026-02-07,486533
U005082,O011301,870.85,2026-04-07,530273
U005082,O011302,646.05,2026-05-08,530273
U005082,O011303,885.71,2026-06-13,530273
U005082,O011304,604.11,2026-06-20,530273
U005082,O011305,262.28,2026-07-16,530273
U005083,O011306,527.31,2026-06-08,367412
U005084,O011307,849.45,2026-07-22,311528
U005084,O011308,51.86,2026-08-18,311528
U005085,O011309,836.89,2026-05-12,211873
U005085,O011310,900.79,2026-06-09,211873
U005085,O011311,938.55,2026-07-02,211873
U005085,O011312,482.5,2026-07-06,211873
U005087,O011313,940.46,2026-07-09,362364
U005087,O011314,394.66,2026-07-22,362364
U005087,O011315,434.91,2026-07-29,362364
U005088,O011316,49.0,2026-07-06,473355
U005089,O011317,974.66,2026-06-21,577184
U005091,O011318,49.0,2026-04-02,668326
U005091,O011319,445.53,2026-05-07,668326
U005091,O011320,452.15,2026-07-07,668326
U005091,O011321,818.19,2026-08-13,668326
U005092,O011322,767.49,2025-12-30,686456
U005092,O011323,304.75,2026-01-02,686456
U005092,O011324,1101.3,2026-01-07,686456
U005092,O011325,379.26,2026-02-05,686456
U005092,O011326,659.09,2026-02-07,686456
U005092,O011327,408.97,2026-03-03,686456
U005092,O011328,778.88,2026-04-26,686456
U005093,O011329,492.29,2026-01-01,190734
U005093,O011330,623.82,2026-01-17,190734
U005093,O011331,414.02,2026-01-23,190734
U005093,O011332,1089.09,2026-02-17,190734
U005093,O011333,493.85,2026-03-31,190734
U005093,O011334,988.9,2026-06-18,190734
U005094,O011335,1205.29,2026-05-21,488263
U005095,O011336,504.89,2025-12-21,531895
U005095,O011337,321.81,2026-01-17,531895
U005095,O011338,1011.43,2026-01-21,531895
U005096,O011339,750.47,2026-05-22,738083
U005096,O011340,919.75,2026-07-03,738083
U005097,O011341,897.97,2026-03-02,892054
U005098,O011342,419.01,2026-03-21,872603
U005098,O011343,546.09,2026-04-21,872603
U005098,O011344,714.69,2026-05-01,872603
U005098,O011345,1182.87,2026-05-12,872603
U005100,O011346,689.01,2026-06-27,770393
U005100,O011347,847.15,2026-07-03,770393
U005101,O011348,714.55,2026-02-12,148779
U005102,O011349,613.19,2026-01-21,585275
U005103,O011350,272.7,2026-03-14,396387
U005103,O011351,465.54,2026-03-28,396387
U005104,O011352,49.0,2026-01-06,364841
U005104,O011353,1112.34,2026-04-23,364841
U005104,O011354,762.29,2026-05-16,364841
U005104,O011355,784.65,2026-07-14,364841
U005105,O011356,611.29,2026-08-15,617211
U005106,O011357,168.33,2025-11-21,166341
U005109,O011358,1348.07,2025-12-11,594855
U005109,O011359,1260.58,2026-01-10,594855
U005110,O011360,804.38,2026-04-14,822472
U005110,O011361,275.95,2026-04-27,822472
U005110,O011362,929.09,2026-06-13,822472
U005111,O011363,1183.88,2026-06-17,550586
U005111,O011364,1040.4,2026-06-19,550586
U005113,O011365,760.72,2026-07-05,571464
U005114,O011366,1197.75,2025-11-25,390694
U005114,O011367,525.56,2025-11-27,390694
U005115,O011368,578.81,2025-11-30,472682
U005115,O011369,1280.98,2025-12-14,472682
U005115,O011370,1009.62,2026-02-13,472682
U005115,O011371,759.26,2026-02-16,472682
U005117,O011372,1077.55,2026-04-30,147898
U005120,O011373,85.39,2025-09-28,852186
U005120,O011374,49.0,2025-10-08,852186
U005120,O011375,523.61,2025-10-13,852186
U005120,O011376,332.61,2025-10-19,852186
U005120,O011377,616.82,2026-01-17,852186
U005120,O011378,757.17,2026-01-20,852186
U005123,O011379,74.39,2025-09-30,657914
U005123,O011380,499.95,2025-11-04,657914
U005123,O011381,794.12,2025-11-11,657914
U005124,O011382,366.45,2026-03-09,332515
U005125,O011383,775.48,2026-01-17,222641
U005125,O011384,860.62,2026-01-21,222641
U005125,O011385,737.73,2026-02-13,222641
U005126,O011386,497.33,2025-10-01,601558
U005126,O011387,654.85,2025-11-13,601558
U005127,O011388,592.59,2026-05-10,417726
U005127,O011389,390.48,2026-05-12,417726
U005127,O011390,448.42,2026-05-21,417726
U005128,O011391,75.21,2026-06-30,767562
U005128,O011392,893.85,2026-07-13,767562
U005130,O011393,847.96,2026-04-20,655883
U005130,O011394,571.32,2026-04-29,655883
U005130,O011395,997.75,2026-05-19,655883
U005130,O011396,267.57,2026-07-17,655883
U005131,O011397,305.95,2026-04-10,456641
U005131,O011398,374.32,2026-06-05,456641
U005131,O011399,293.11,2026-06-21,456641
U005132,O011400,502.85,2026-04-18,187132
U005132,O011401,760.02,2026-05-12,187132
U005133,O011402,587.45,2025-10-15,689535
U005133,O011403,501.88,2025-11-07,689535
U005134,O011404,444.87,2026-04-16,656918
U005134,O011405,883.89,2026-04-28,656918
U005134,O011406,250.38,2026-06-18,656918
U005134,O011407,406.52,2026-07-15,656918
U005134,O011408,794.67,2026-08-01,656918
U005134,O011409,600.86,2026-08-20,656918
U005135,O011410,772.41,2026-08-03,123670
U005135,O011411,837.84,2026-08-18,123670
U005136,O011412,903.07,2025-11-17,363455
U005137,O011413,538.34,2025-11-04,275169
U005137,O011414,1172.57,2026-01-24,275169
U005137,O011415,1045.3,2026-03-01,275169
U005139,O011416,785.53,2025-11-22,465452
U005139,O011417,791.64,2025-12-22,465452
U005139,O011418,787.76,2026-01-01,465452
U005140,O011419,626.4,2026-08-06,216547
U005140,O011420,792.54,2026-08-14,216547
U005141,O011421,1042.25,2025-12-01,425024
U005141,O011422,519.23,2025-12-28,425024
U005141,O011423,494.36,2026-01-27,425024
U005141,O011424,474.55,2026-02-18,425024
U005141,O011425,522.64,2026-03-13,425024
U005142,O011426,318.06,2026-05-28,706894
U005143,O011427,137.89,2026-07-28,808676
U005143,O011428,482.43,2026-07-30,808676
U005144,O011429,937.05,2026-03-10,707152
U005144,O011430,898.45,2026-04-14,707152
U005144,O011431,176.77,2026-05-03,707152
U005145,O011432,802.46,2026-01-03,741896
U005145,O011433,617.9,2026-01-24,741896
U005145,O011434,296.39,2026-02-09,741896
U005145,O011435,404.93,2026-02-11,741896
U005146,O011436,1191.73,2026-07-08,348237
U005146,O011437,1308.87,2026-07-14,348237
U005148,O011438,371.9,2025-09-13,876539
U005148,O011439,552.14,2025-09-17,876539
U005149,O011440,1061.5,2026-03-16,125158
U005149,O011441,752.04,2026-05-04,125158
U005150,O011442,49.0,2026-06-19,796194
U005150,O011443,949.44,2026-07-30,796194
U005150,O011444,698.24,2026-08-07,796194
U005151,O011445,849.14,2026-03-29,520951
U005152,O011446,675.02,2026-01-14,549253
U005152,O011447,248.94,2026-03-05,549253
U005152,O011448,502.69,2026-03-07,549253
U005153,O011449,432.17,2025-12-03,886091
U005153,O011450,417.48,2026-02-17,886091
U005153,O011451,1103.66,2026-03-21,886091
U005153,O011452,708.1,2026-06-16,886091
U005153,O011453,49.69,2026-06-25,886091
U005153,O011454,865.55,2026-07-03,886091
U005156,O011455,424.34,2026-03-31,140383
U005156,O011456,245.37,2026-04-10,140383
U005156,O011457,256.87,2026-05-04,140383
U005156,O011458,1179.69,2026-05-14,140383
U005157,O011459,747.12,2026-05-15,150669
U005158,O011460,291.66,2026-08-17,724785
U005159,O011461,548.27,2025-12-26,368856
U005160,O011462,610.43,2026-02-05,146644
U005160,O011463,326.07,2026-02-11,146644
U005160,O011464,978.63,2026-03-07,146644
U005160,O011465,359.36,2026-05-31,146644
U005160,O011466,842.25,2026-07-06,146644
U005161,O011467,521.42,2025-11-18,571485
U005161,O011468,505.07,2026-01-31,571485
U005161,O011469,621.34,2026-02-15,571485
U005161,O011470,657.22,2026-02-20,571485
U005161,O011471,456.32,2026-02-21,571485
U005161,O011472,1071.27,2026-03-16,571485
U005161,O011473,192.54,2026-03-23,571485
U005162,O011474,779.33,2026-08-23,658943
U005164,O011475,624.99,2025-10-06,635953
U005165,O011476,376.06,2026-06-29,218906
U005165,O011477,494.78,2026-07-23,218906
U005165,O011478,856.47,2026-07-30,218906
U005166,O011479,64.85,2026-08-13,528469
U005166,O011480,853.48,2026-08-23,528469
U005168,O011481,1098.73,2026-07-15,351490
U005169,O011482,743.3,2026-08-14,855143
U005170,O011483,168.22,2025-10-03,220763
U005170,O011484,418.89,2025-12-02,220763
U005170,O011485,1023.85,2025-12-30,220763
U005171,O011486,673.02,2025-12-12,714729
U005171,O011487,532.51,2026-01-18,714729
U005171,O011488,886.58,2026-02-15,714729
U005171,O011489,1039.8,2026-02-18,714729
U005172,O011490,381.62,2026-05-08,343414
U005172,O011491,433.34,2026-06-04,343414
U005172,O011492,718.52,2026-06-12,343414
U005173,O011493,665.81,2026-08-10,887151
U005174,O011494,1076.29,2026-07-02,310253
U005174,O011495,847.89,2026-07-09,310253
U005174,O011496,49.0,2026-08-19,310253
U005176,O011497,648.4,2026-08-19,598544
U005177,O011498,427.28,2026-07-30,298357
U005178,O011499,867.03,2026-06-09,835632
U005179,O011500,613.91,2026-01-13,743660
U005179,O011501,430.15,2026-02-21,743660
U005179,O011502,803.69,2026-03-13,743660
U005179,O011503,818.59,2026-04-03,743660
U005180,O011504,415.47,2026-04-29,523440
U005181,O011505,619.66,2026-02-06,764629
U005182,O011506,423.95,2026-05-13,481841
U005182,O011507,524.92,2026-06-05,481841
U005183,O011508,502.79,2026-08-02,805984
U005184,O011509,566.27,2026-06-03,341646
U005184,O011510,557.21,2026-06-18,341646
U005185,O011511,1071.99,2025-10-25,892725
U005185,O011512,506.08,2025-10-31,892725
U005185,O011513,885.06,2025-11-02,892725
U005185,O011514,1090.02,2025-11-04,892725
U005185,O011515,506.05,2026-01-11,892725
U005186,O011516,53.63,2026-06-20,656023
U005187,O011517,1193.13,2026-04-28,357746
U005188,O011518,182.81,2025-12-15,671726
U005188,O011519,763.79,2025-12-24,671726
U005189,O011520,236.27,2025-10-21,360358
U005189,O011521,931.24,2025-11-13,360358
U005189,O011522,683.24,2025-12-03,360358
U005190,O011523,804.12,2026-05-06,369542
U005190,O011524,806.12,2026-06-19,369542
U005190,O011525,599.31,2026-06-26,369542
U005191,O011526,856.57,2026-06-06,817861
U005191,O011527,685.81,2026-06-14,817861
U005191,O011528,594.33,2026-07-26,817861
U005192,O011529,392.21,2026-06-23,264465
U005192,O011530,49.0,2026-07-14,264465
U005193,O011531,680.42,2026-01-23,212430
U005193,O011532,955.39,2026-03-24,212430
U005193,O011533,1236.25,2026-04-08,212430
U005193,O011534,922.75,2026-05-19,212430
U005193,O011535,672.28,2026-06-23,212430
U005195,O011536,281.51,2025-11-30,553657
U005196,O011537,270.87,2026-02-08,160820
U005197,O011538,1000.35,2026-02-24,195559
U005198,O011539,1318.62,2026-06-19,883748
U005198,O011540,513.36,2026-07-28,883748
U005199,O011541,1019.73,2026-02-19,343913
U005200,O011542,782.51,2026-07-03,309920
U005200,O011543,1062.51,2026-07-27,309920
U005201,O011544,592.91,2026-02-04,298699
U005201,O011545,1186.24,2026-02-21,298699
U005201,O011546,700.9,2026-03-22,298699
U005202,O011547,599.57,2026-03-27,227854
U005202,O011548,911.63,2026-04-13,227854
U005202,O011549,637.15,2026-04-24,227854
U005203,O011550,468.87,2026-01-02,206162
U005203,O011551,752.78,2026-01-03,206162
U005203,O011552,763.39,2026-01-05,206162
U005204,O011553,979.0,2026-06-12,661057
U005204,O011554,779.61,2026-07-19,661057
U005204,O011555,571.02,2026-07-21,661057
U005205,O011556,740.38,2026-06-17,789156
U005206,O011557,412.76,2025-10-19,719376
U005206,O011558,685.33,2025-10-29,719376
U005206,O011559,465.37,2025-11-30,719376
U005207,O011560,685.98,2026-05-08,740436
U005207,O011561,496.28,2026-07-05,740436
U005209,O011562,498.77,2026-05-15,412628
U005209,O011563,467.95,2026-06-10,412628
U005210,O011564,440.0,2026-02-18,639404
U005210,O011565,675.61,2026-03-22,639404
U005212,O011566,611.32,2025-12-08,633987
U005213,O011567,371.04,2026-08-09,363663
U005213,O011568,1297.63,2026-08-23,363663
U005214,O011569,579.29,2026-05-26,682381
U005214,O011570,856.16,2026-06-20,682381
U005214,O011571,934.3,2026-07-03,682381
U005214,O011572,862.29,2026-07-21,682381
U005215,O011573,274.96,2025-12-21,466372
U005216,O011574,713.92,2026-01-12,422152
U005216,O011575,471.15,2026-03-06,422152
U005217,O011576,1378.1,2026-01-15,301611
U005217,O011577,869.27,2026-01-23,301611
U005217,O011578,280.94,2026-02-25,301611
U005218,O011579,566.8,2026-07-14,765395
U005218,O011580,777.92,2026-07-30,765395
U005218,O011581,878.59,2026-08-13,765395
U005219,O011582,159.0,2026-07-19,868722
U005219,O011583,465.03,2026-08-17,868722
U005220,O011584,806.73,2026-06-15,545571
U005220,O011585,274.47,2026-07-03,545571
U005221,O011586,324.07,2025-12-31,317312
U005221,O011587,263.97,2026-01-18,317312
U005221,O011588,515.31,2026-04-01,317312
U005223,O011589,819.45,2025-10-15,159999
U005224,O011590,265.71,2026-05-28,709305
U005224,O011591,615.4,2026-07-09,709305
U005225,O011592,663.59,2025-09-04,879193
U005225,O011593,1079.88,2025-09-28,879193
U005226,O011594,1309.28,2026-06-28,830694
U005226,O011595,680.56,2026-07-21,830694
U005226,O011596,139.12,2026-07-29,830694
U005227,O011597,720.49,2026-06-16,511208
U005227,O011598,1036.61,2026-07-14,511208
U005227,O011599,906.77,2026-07-26,511208
U005228,O011600,1025.84,2026-05-10,745673
U005228,O011601,897.59,2026-05-27,745673
U005228,O011602,493.42,2026-08-07,745673
U005229,O011603,193.87,2026-02-20,580418
U005229,O011604,352.81,2026-02-25,580418
U005229,O011605,555.12,2026-03-14,580418
U005230,O011606,596.28,2026-01-30,566709
U005230,O011607,858.97,2026-02-09,566709
U005231,O011608,909.86,2025-11-28,841155
U005231,O011609,564.86,2026-01-01,841155
U005232,O011610,80.48,2026-06-06,199618
U005233,O011611,49.0,2026-04-26,106300
U005233,O011612,1240.42,2026-08-11,106300
U005235,O011613,1303.1,2025-10-14,704263
U005235,O011614,932.51,2026-01-09,704263
U005236,O011615,528.13,2025-11-13,480445
U005236,O011616,969.14,2026-02-01,480445
U005236,O011617,520.34,2026-02-13,480445
U005236,O011618,551.97,2026-02-21,480445
U005238,O011619,1067.06,2026-07-18,406763
U005238,O011620,357.61,2026-08-08,406763
U005238,O011621,544.61,2026-08-17,406763
U005239,O011622,526.66,2026-08-18,299787
U005240,O011623,462.64,2026-03-01,751233
U005240,O011624,375.8,2026-04-26,751233
U005240,O011625,1078.57,2026-05-09,751233
U005241,O011626,487.23,2026-02-26,606709
U005241,O011627,152.72,2026-03-04,606709
U005242,O011628,391.12,2026-07-30,316890
U005243,O011629,680.71,2026-03-16,408377
U005243,O011630,902.66,2026-04-11,408377
U005243,O011631,714.69,2026-05-27,408377
U005244,O011632,623.88,2025-11-11,668579
U005244,O011633,523.33,2025-12-03,668579
U005244,O011634,969.19,2026-02-14,668579
U005244,O011635,792.32,2026-04-01,668579
U005244,O011636,902.32,2026-04-21,668579
U005245,O011637,1035.77,2026-02-18,863042
U005245,O011638,1066.37,2026-04-05,863042
U005246,O011639,855.44,2026-01-07,289201
U005246,O011640,705.09,2026-01-10,289201
U005246,O011641,553.72,2026-02-16,289201
U005248,O011642,921.24,2026-05-29,781293
U005248,O011643,643.1,2026-05-30,781293
U005248,O011644,513.72,2026-07-09,781293
U005249,O011645,506.29,2026-02-23,702882
U005249,O011646,280.4,2026-03-03,702882
U005249,O011647,640.72,2026-03-18,702882
U005250,O011648,1150.9,2026-04-09,566843
U005250,O011649,989.28,2026-04-21,566843
U005250,O011650,656.28,2026-07-24,566843
U005251,O011651,49.0,2026-06-05,145941
U005251,O011652,749.51,2026-06-25,145941
U005252,O011653,504.14,2026-04-01,855056
U005253,O011654,199.26,2026-04-27,614375
U005253,O011655,112.42,2026-05-30,614375
U005254,O011656,1318.08,2026-03-23,179400
U005254,O011657,125.9,2026-04-01,179400
U005254,O011658,758.3,2026-04-22,179400
U005255,O011659,817.36,2026-08-04,689493
U005255,O011660,265.34,2026-08-08,689493
U005257,O011661,436.57,2026-02-22,621578
U005257,O011662,733.28,2026-03-01,621578
U005257,O011663,362.15,2026-03-12,621578
U005258,O011664,1100.02,2026-01-19,610399
U005258,O011665,389.59,2026-01-25,610399
U005258,O011666,808.34,2026-02-16,610399
U005258,O011667,352.86,2026-02-26,610399
U005258,O011668,822.91,2026-02-27,610399
U005258,O011669,666.3,2026-03-04,610399
U005258,O011670,420.62,2026-05-01,610399
U005258,O011671,372.65,2026-05-13,610399
U005259,O011672,655.74,2026-01-08,815119
U005260,O011673,446.85,2026-01-02,547987
U005260,O011674,1069.32,2026-01-25,547987
U005261,O011675,1053.45,2026-08-02,267821
U005262,O011676,596.1,2025-11-26,570728
U005262,O011677,662.43,2025-12-11,570728
U005262,O011678,753.26,2025-12-27,570728
U005262,O011679,1212.32,2026-01-08,570728
U005262,O011680,614.83,2026-02-11,570728
U005263,O011681,176.65,2025-11-22,174780
U005263,O011682,730.42,2025-11-25,174780
U005263,O011683,1548.85,2025-12-24,174780
U005264,O011684,985.5,2025-11-13,804462
U005265,O011685,416.78,2025-12-31,637236
U005265,O011686,1012.53,2026-01-09,637236
U005266,O011687,936.88,2026-05-01,361327
U005266,O011688,676.03,2026-05-30,361327
U005266,O011689,225.29,2026-05-31,361327
U005267,O011690,990.72,2025-12-30,207504
U005267,O011691,1027.17,2026-03-06,207504
U005267,O011692,439.85,2026-04-06,207504
U005267,O011693,1092.41,2026-06-25,207504
U005268,O011694,1044.04,2026-06-18,391537
U005268,O011695,479.39,2026-07-05,391537
U005268,O011696,116.54,2026-08-01,391537
U005268,O011697,954.83,2026-08-12,391537
U005269,O011698,1167.48,2025-11-26,285296
U005269,O011699,262.7,2025-12-02,285296
U005269,O011700,1091.2,2026-01-14,285296
U005272,O011701,819.92,2026-03-08,184524
U005272,O011702,648.24,2026-03-22,184524
U005272,O011703,328.66,2026-03-28,184524
U005273,O011704,855.25,2026-04-19,384851
U005273,O011705,401.78,2026-05-25,384851
U005273,O011706,957.74,2026-06-29,384851
U005273,O011707,765.03,2026-07-03,384851
U005273,O011708,459.44,2026-07-20,384851
U005273,O011709,805.7,2026-08-12,384851
U005274,O011710,271.83,2025-09-15,243763
U005274,O011711,501.98,2025-10-03,243763
U005274,O011712,548.63,2025-12-09,243763
U005275,O011713,806.68,2026-07-06,714431
U005275,O011714,1258.86,2026-07-10,714431
U005276,O011715,603.59,2026-08-21,704000
U005279,O011716,1154.31,2026-03-26,544592
U005279,O011717,492.81,2026-05-29,544592
U005279,O011718,787.1,2026-06-13,544592
U005280,O011719,1001.89,2026-01-16,380112
U005282,O011720,416.37,2025-12-04,758516
U005282,O011721,788.34,2025-12-27,758516
U005282,O011722,997.61,2026-01-30,758516
U005283,O011723,336.58,2026-06-06,818380
U005284,O011724,918.39,2026-08-11,897049
U005284,O011725,874.74,2026-08-18,897049
U005285,O011726,988.62,2025-11-07,777056
U005286,O011727,559.25,2026-08-08,699010
U005286,O011728,751.24,2026-08-19,699010
U005287,O011729,255.39,2026-08-22,630779
U005288,O011730,816.42,2025-12-20,440660
U005288,O011731,1198.0,2025-12-23,440660
U005289,O011732,732.17,2026-02-02,686922
U005289,O011733,263.13,2026-02-13,686922
U005290,O011734,304.62,2026-03-17,331850
U005290,O011735,130.55,2026-04-13,331850
U005291,O011736,618.5,2025-11-13,440489
U005292,O011737,639.34,2025-09-26,875091
U005292,O011738,861.6,2025-10-02,875091
U005292,O011739,400.25,2025-10-16,875091
U005292,O011740,258.76,2025-10-18,875091
U005292,O011741,86.99,2025-10-26,875091
U005293,O011742,596.18,2026-08-22,464676
U005294,O011743,722.67,2026-04-19,176047
U005294,O011744,663.3,2026-06-23,176047
U005294,O011745,615.38,2026-07-01,176047
U005295,O011746,555.72,2026-08-04,240105
U005296,O011747,931.22,2025-10-02,519061
U005296,O011748,881.56,2025-10-23,519061
U005297,O011749,825.54,2026-02-26,845584
U005298,O011750,623.78,2026-02-03,593427
U005298,O011751,547.96,2026-03-22,593427
U005299,O011752,672.7,2026-05-06,703360
U005299,O011753,721.26,2026-05-19,703360
U005300,O011754,480.84,2026-01-01,577010
U005300,O011755,471.12,2026-01-07,577010
U005300,O011756,489.3,2026-02-02,577010
U005300,O011757,678.23,2026-03-15,577010
U005300,O011758,529.27,2026-04-06,577010
U005301,O011759,748.48,2026-07-23,757301
U005302,O011760,573.97,2026-06-18,234123
U005302,O011761,665.64,2026-06-20,234123
U005302,O011762,718.74,2026-07-25,234123
U005302,O011763,521.06,2026-08-11,234123
U005303,O011764,770.74,2026-06-25,825789
U005303,O011765,398.67,2026-06-26,825789
U005304,O011766,1002.22,2026-06-14,533370
U005305,O011767,557.07,2025-10-26,159542
U005306,O011768,1140.33,2025-11-22,873688
U005306,O011769,845.39,2026-01-05,873688
U005306,O011770,429.84,2026-01-12,873688
U005306,O011771,451.2,2026-02-21,873688
U005306,O011772,495.48,2026-03-14,873688
U005307,O011773,936.26,2026-03-23,461964
U005307,O011774,560.66,2026-04-08,461964
U005309,O011775,739.24,2026-08-02,336880
U005309,O011776,569.51,2026-08-11,336880
U005311,O011777,464.45,2026-05-15,252277
U005311,O011778,904.96,2026-06-09,252277
U005311,O011779,49.0,2026-07-10,252277
U005312,O011780,1310.31,2025-11-23,204669
U005312,O011781,528.3,2025-12-08,204669
U005313,O011782,327.0,2026-02-08,589186
U005314,O011783,286.38,2026-06-18,747277
U005314,O011784,545.51,2026-06-29,747277
U005315,O011785,794.94,2025-11-08,655275
U005315,O011786,700.87,2026-01-07,655275
U005315,O011787,606.69,2026-02-06,655275
U005315,O011788,790.89,2026-02-16,655275
U005315,O011789,735.14,2026-07-16,655275
U005316,O011790,451.49,2026-08-02,714694
U005316,O011791,378.45,2026-08-12,714694
U005317,O011792,266.86,2026-06-19,403083
U005318,O011793,945.1,2025-09-14,487804
U005318,O011794,520.05,2025-09-28,487804
U005319,O011795,1002.36,2026-04-12,237100
U005319,O011796,452.11,2026-04-30,237100
U005319,O011797,834.23,2026-05-13,237100
U005319,O011798,349.02,2026-05-16,237100
U005320,O011799,718.68,2026-04-06,457084
U005320,O011800,712.2,2026-04-07,457084
U005321,O011801,608.29,2026-03-11,702940
U005321,O011802,169.93,2026-03-29,702940
U005321,O011803,339.22,2026-04-10,702940
U005321,O011804,758.68,2026-04-27,702940
U005323,O011805,49.0,2025-12-12,710628
U005323,O011806,530.01,2025-12-17,710628
U005323,O011807,381.6,2025-12-27,710628
U005324,O011808,837.55,2026-06-09,340078
U005324,O011809,550.22,2026-06-24,340078
U005324,O011810,303.98,2026-06-30,340078
U005325,O011811,348.39,2025-09-25,446542
U005325,O011812,960.52,2025-11-10,446542
U005325,O011813,743.48,2026-01-19,446542
U005325,O011814,49.0,2026-01-26,446542
U005326,O011815,710.4,2026-04-30,677223
U005326,O011816,756.23,2026-05-10,677223
U005327,O011817,817.1,2026-03-22,587919
U005327,O011818,757.47,2026-03-31,587919
U005327,O011819,620.53,2026-04-27,587919
U005327,O011820,49.0,2026-06-16,587919
U005328,O011821,618.54,2026-07-05,130699
U005329,O011822,49.0,2025-12-01,203513
U005329,O011823,331.12,2025-12-04,203513
U005330,O011824,754.57,2026-03-08,297403
U005331,O011825,296.88,2026-06-10,518265
U005332,O011826,764.58,2026-06-14,816474
U005332,O011827,996.98,2026-08-03,816474
U005332,O011828,1029.72,2026-08-08,816474
U005333,O011829,804.29,2026-03-07,632548
U005333,O011830,482.78,2026-03-24,632548
U005336,O011831,615.33,2026-03-01,642535
U005336,O011832,640.64,2026-05-11,642535
U005336,O011833,468.42,2026-05-18,642535
U005337,O011834,608.3,2026-04-03,256066
U005338,O011835,511.74,2026-02-27,573076
U005338,O011836,553.33,2026-05-17,573076
U005338,O011837,1179.37,2026-06-05,573076
U005339,O011838,682.68,2025-12-09,823312
U005339,O011839,634.1,2025-12-17,823312
U005339,O011840,928.45,2025-12-29,823312
U005339,O011841,850.85,2026-01-03,823312
U005340,O011842,758.39,2026-03-08,867598
U005340,O011843,1282.58,2026-05-06,867598
U005340,O011844,480.75,2026-06-09,867598
U005340,O011845,918.58,2026-06-17,867598
U005341,O011846,515.26,2025-12-19,289088
U005341,O011847,929.18,2025-12-29,289088
U005341,O011848,689.66,2026-01-04,289088
U005341,O011849,1207.6,2026-03-30,289088
U005341,O011850,755.35,2026-06-10,289088
U005341,O011851,962.06,2026-08-15,289088
U005343,O011852,724.27,2026-03-08,388161
U005343,O011853,536.92,2026-03-11,388161
U005344,O011854,1036.45,2025-11-27,786010
U005344,O011855,480.59,2025-11-30,786010
U005344,O011856,753.72,2025-12-27,786010
U005345,O011857,661.3,2026-04-16,411053
U005346,O011858,888.02,2025-12-31,791491
U005346,O011859,1022.62,2026-01-04,791491
U005349,O011860,860.54,2025-12-24,238834
U005349,O011861,396.1,2026-01-03,238834
U005349,O011862,752.25,2026-01-15,238834
U005349,O011863,1063.65,2026-02-20,238834
U005349,O011864,450.86,2026-03-15,238834
U005350,O011865,614.8,2026-07-29,321238
U005350,O011866,313.79,2026-08-06,321238
U005351,O011867,731.07,2026-07-14,860645
U005351,O011868,438.11,2026-07-25,860645
U005352,O011869,830.29,2026-03-02,430010
U005353,O011870,707.01,2026-01-23,648394
U005354,O011871,610.55,2026-03-13,768776
U005354,O011872,387.89,2026-03-25,768776
U005354,O011873,1215.21,2026-04-02,768776
U005354,O011874,904.11,2026-04-27,768776
U005354,O011875,918.01,2026-06-05,768776
U005355,O011876,954.34,2025-12-26,757889
U005355,O011877,467.01,2026-02-02,757889
U005355,O011878,881.08,2026-02-28,757889
U005356,O011879,866.99,2025-11-05,697919
U005356,O011880,387.82,2025-11-07,697919
U005356,O011881,926.94,2025-12-20,697919
U005357,O011882,49.0,2026-06-09,187338
U005357,O011883,428.61,2026-08-17,187338
U005358,O011884,1013.38,2025-10-29,498537
U005358,O011885,764.07,2026-01-14,498537
U005358,O011886,591.18,2026-01-23,498537
U005358,O011887,749.58,2026-02-04,498537
U005358,O011888,548.57,2026-04-25,498537
U005358,O011889,669.4,2026-06-22,498537
U005358,O011890,1067.31,2026-07-09,498537
U005359,O011891,443.43,2026-01-10,814642
U005359,O011892,225.52,2026-02-02,814642
U005359,O011893,313.07,2026-03-14,814642
U005360,O011894,411.28,2026-05-07,184097
U005360,O011895,406.0,2026-06-22,184097
U005360,O011896,1309.08,2026-06-25,184097
U005361,O011897,738.98,2026-07-15,101844
U005361,O011898,575.86,2026-07-20,101844
U005363,O011899,608.78,2026-05-10,253158
U005363,O011900,527.78,2026-06-26,253158
U005363,O011901,64.03,2026-07-02,253158
U005364,O011902,268.96,2025-12-24,543013
U005365,O011903,308.19,2026-07-02,693704
U005365,O011904,969.04,2026-08-10,693704
U005366,O011905,1073.74,2026-05-28,639752
U005366,O011906,382.52,2026-06-12,639752
U005366,O011907,893.18,2026-07-10,639752
U005367,O011908,475.77,2025-11-28,445607
U005368,O011909,657.66,2025-12-03,788436
U005368,O011910,726.96,2025-12-08,788436
U005368,O011911,493.51,2025-12-17,788436
U005370,O011912,1013.46,2026-06-15,230020
U005370,O011913,832.76,2026-07-10,230020
U005370,O011914,677.99,2026-08-06,230020
U005373,O011915,285.21,2026-07-26,726744
U005375,O011916,413.29,2025-12-31,704329
U005375,O011917,296.73,2026-02-11,704329
U005376,O011918,486.37,2026-04-03,559328
U005376,O011919,304.9,2026-05-21,559328
U005377,O011920,1172.12,2026-04-09,213859
U005377,O011921,608.59,2026-04-16,213859
U005378,O011922,458.5,2025-10-18,348599
U005378,O011923,49.0,2025-11-01,348599
U005378,O011924,485.27,2025-11-17,348599
U005379,O011925,686.14,2025-12-17,200349
U005379,O011926,642.75,2025-12-31,200349
U005379,O011927,1289.57,2026-05-12,200349
U005379,O011928,1233.45,2026-06-12,200349
U005380,O011929,446.46,2026-04-18,818897
U005381,O011930,910.66,2026-08-07,525635
U005381,O011931,761.6,2026-08-09,525635
U005383,O011932,653.17,2025-09-06,582797
U005383,O011933,102.8,2025-12-24,582797
U005383,O011934,739.23,2025-12-29,582797
U005384,O011935,468.29,2026-07-22,130765
U005385,O011936,928.0,2026-06-17,876168
U005385,O011937,426.54,2026-08-04,876168
U005385,O011938,680.18,2026-08-13,876168
U005386,O011939,426.8,2026-06-06,872461
U005386,O011940,349.54,2026-07-29,872461
U005387,O011941,566.15,2026-07-26,883158
U005388,O011942,444.28,2025-10-23,134340
U005388,O011943,778.37,2025-11-07,134340
U005388,O011944,1002.0,2025-11-20,134340
U005389,O011945,802.36,2025-11-16,521936
U005389,O011946,1062.63,2025-12-18,521936
U005389,O011947,176.46,2026-05-10,521936
U005390,O011948,397.71,2025-09-07,574996
U005391,O011949,299.91,2025-11-15,198028
U005392,O011950,396.0,2026-01-06,180662
U005395,O011951,639.79,2026-03-15,422051
U005395,O011952,554.37,2026-04-15,422051
U005396,O011953,660.98,2026-05-27,101118
U005397,O011954,537.14,2025-12-07,679720
U005397,O011955,326.53,2025-12-11,679720
U005398,O011956,162.74,2026-01-28,418241
U005398,O011957,583.98,2026-01-30,418241
U005399,O011958,673.07,2026-02-03,213290
U005399,O011959,1040.21,2026-02-25,213290
U005399,O011960,384.01,2026-03-04,213290
U005399,O011961,479.02,2026-04-02,213290
U005400,O011962,298.78,2026-07-07,580529
U005400,O011963,507.47,2026-08-01,580529
U005401,O011964,1358.68,2026-03-28,666716
U005402,O011965,822.82,2026-01-25,386570
U005407,O011966,1038.85,2025-10-12,678492
U005407,O011967,396.22,2025-10-23,678492
U005407,O011968,530.23,2025-10-30,678492
U005409,O011969,1041.86,2026-04-18,732396
U005409,O011970,49.0,2026-05-30,732396
U005410,O011971,49.0,2026-01-14,822170
U005411,O011972,883.74,2026-05-29,736039
U005412,O011973,383.14,2026-04-04,480736
U005412,O011974,693.39,2026-05-30,480736
U005413,O011975,906.85,2026-07-07,421807
U005415,O011976,582.82,2026-01-28,892554
U005415,O011977,904.04,2026-03-21,892554
U005415,O011978,500.35,2026-03-24,892554
U005416,O011979,548.57,2026-08-24,336748
U005417,O011980,477.36,2026-07-31,425341
U005417,O011981,354.36,2026-08-04,425341
U005417,O011982,373.94,2026-08-12,425341
U005418,O011983,541.9,2026-08-22,808483
U005419,O011984,588.64,2025-10-06,201270
U005419,O011985,608.34,2025-10-08,201270
U005419,O011986,550.19,2025-10-27,201270
U005420,O011987,986.2,2025-11-02,656851
U005421,O011988,550.42,2026-02-08,405004
U005421,O011989,820.96,2026-02-18,405004
U005422,O011990,240.43,2026-08-01,239465
U005422,O011991,489.3,2026-08-14,239465
U005423,O011992,802.49,2025-12-24,503136
U005423,O011993,870.96,2026-01-26,503136
U005423,O011994,674.38,2026-03-17,503136
U005423,O011995,826.06,2026-03-26,503136
U005424,O011996,415.13,2026-07-26,103044
U005426,O011997,577.13,2026-06-02,335357
U005426,O011998,900.48,2026-06-05,335357
U005426,O011999,1011.69,2026-06-09,335357
U005427,O012000,224.06,2026-07-15,439427
U005428,O012001,493.45,2026-08-19,363418
U005429,O012002,786.27,2026-07-20,478647
U005432,O012003,753.55,2026-05-13,284154
U005432,O012004,392.46,2026-06-11,284154
U005432,O012005,784.95,2026-06-27,284154
U005432,O012006,980.13,2026-07-01,284154
U005432,O012007,152.08,2026-07-03,284154
U005433,O012008,565.19,2026-03-06,479617
U005433,O012009,575.07,2026-04-07,479617
U005433,O012010,454.0,2026-04-28,479617
U005434,O012011,1122.65,2025-12-31,494363
U005434,O012012,698.58,2026-01-15,494363
U005434,O012013,535.11,2026-01-21,494363
U005435,O012014,1380.13,2026-07-21,220995
U005436,O012015,673.74,2025-12-15,864638
U005436,O012016,785.41,2025-12-17,864638
U005437,O012017,669.88,2026-03-20,843132
U005437,O012018,856.29,2026-04-01,843132
U005438,O012019,514.07,2025-12-09,304552
U005438,O012020,840.35,2025-12-26,304552
U005438,O012021,791.42,2026-03-06,304552
U005439,O012022,721.75,2026-05-22,871135
U005440,O012023,1199.04,2025-12-29,817743
U005441,O012024,825.27,2026-02-22,200370
U005441,O012025,502.1,2026-03-28,200370
U005441,O012026,696.71,2026-05-02,200370
U005441,O012027,1036.23,2026-07-08,200370
U005443,O012028,604.69,2025-12-25,319058
U005443,O012029,1211.65,2026-02-12,319058
U005444,O012030,368.3,2026-03-05,222708
U005444,O012031,449.18,2026-03-20,222708
U005444,O012032,663.43,2026-06-29,222708
U005444,O012033,658.04,2026-07-31,222708
U005445,O012034,823.63,2026-06-17,218867
U005445,O012035,656.99,2026-07-25,218867
U005447,O012036,395.81,2026-05-24,684179
U005447,O012037,743.51,2026-06-01,684179
U005449,O012038,49.0,2025-12-04,224340
U005449,O012039,651.42,2025-12-17,224340
U005449,O012040,413.59,2025-12-24,224340
U005449,O012041,340.79,2026-02-03,224340
U005450,O012042,189.53,2025-11-06,837701
U005450,O012043,300.32,2025-11-20,837701
U005451,O012044,865.36,2026-08-20,664382
U005452,O012045,130.08,2026-08-12,399896
U005452,O012046,715.79,2026-08-16,399896
U005453,O012047,854.38,2026-02-28,694273
U005453,O012048,641.77,2026-03-03,694273
U005454,O012049,988.18,2026-03-20,479769
U005454,O012050,565.58,2026-03-27,479769
U005455,O012051,592.49,2026-03-09,139814
U005456,O012052,816.1,2025-12-02,365781
U005456,O012053,591.48,2026-03-17,365781
U005456,O012054,1132.7,2026-05-05,365781
U005456,O012055,840.35,2026-08-24,365781
U005457,O012056,373.02,2025-11-20,356280
U005459,O012057,1021.5,2026-02-02,836244
U005459,O012058,598.12,2026-03-14,836244
U005460,O012059,556.02,2026-04-26,220656
U005460,O012060,802.46,2026-05-04,220656
U005461,O012061,757.54,2026-02-01,281478
U005461,O012062,177.22,2026-02-23,281478
U005461,O012063,537.95,2026-03-05,281478
U005461,O012064,620.5,2026-03-06,281478
U005462,O012065,287.03,2026-05-02,504513
U005464,O012066,1101.58,2026-02-28,363206
U005464,O012067,635.61,2026-03-15,363206
U005465,O012068,454.5,2026-07-10,501244
U005466,O012069,669.84,2025-12-20,409143
U005466,O012070,584.52,2026-01-11,409143
U005467,O012071,896.74,2026-06-03,692140
U005467,O012072,721.38,2026-06-10,692140
U005467,O012073,648.33,2026-08-02,692140
U005468,O012074,638.17,2025-11-23,404132
U005468,O012075,834.17,2025-12-07,404132
U005469,O012076,555.64,2025-12-15,535713
U005469,O012077,656.19,2025-12-25,535713
U005469,O012078,689.59,2026-04-29,535713
U005471,O012079,492.96,2026-06-12,477415
U005471,O012080,947.46,2026-07-01,477415
U005471,O012081,804.85,2026-07-24,477415
U005473,O012082,542.1,2025-12-23,534454
U005473,O012083,899.29,2026-03-11,534454
U005473,O012084,697.21,2026-04-09,534454
U005473,O012085,594.72,2026-05-09,534454
U005473,O012086,953.17,2026-06-26,534454
U005474,O012087,290.34,2026-03-05,775694
U005475,O012088,1402.35,2026-05-17,285919
U005477,O012089,520.42,2026-07-24,101103
U005477,O012090,49.0,2026-08-10,101103
U005478,O012091,535.48,2025-10-23,299590
U005478,O012092,493.51,2025-12-05,299590
U005478,O012093,743.81,2026-01-07,299590
U005480,O012094,847.64,2025-10-15,895213
U005480,O012095,837.69,2025-11-19,895213
U005480,O012096,863.46,2025-12-10,895213
U005482,O012097,546.22,2026-06-24,751359
U005482,O012098,210.18,2026-07-28,751359
U005483,O012099,914.34,2025-12-20,372806
U005483,O012100,142.96,2026-03-14,372806
U005483,O012101,525.81,2026-03-15,372806
U005483,O012102,289.55,2026-04-20,372806
U005483,O012103,441.15,2026-06-11,372806
U005483,O012104,1168.09,2026-06-28,372806
U005483,O012105,615.52,2026-07-14,372806
U005484,O012106,171.8,2026-02-27,191069
U005484,O012107,695.28,2026-03-26,191069
U005484,O012108,369.38,2026-04-13,191069
U005485,O012109,465.06,2026-04-10,721837
U005485,O012110,558.98,2026-04-20,721837
U005486,O012111,542.52,2026-07-18,285941
U005487,O012112,829.08,2026-05-22,831881
U005488,O012113,49.0,2026-07-02,141442
U005488,O012114,853.57,2026-07-17,141442
U005490,O012115,913.13,2026-05-01,302647
U005490,O012116,506.43,2026-06-12,302647
U005490,O012117,647.97,2026-06-16,302647
U005491,O012118,462.94,2025-09-22,109599
U005491,O012119,445.4,2025-10-22,109599
U005491,O012120,450.65,2025-12-11,109599
U005491,O012121,193.53,2025-12-16,109599
U005492,O012122,601.55,2026-07-17,644011
U005492,O012123,725.94,2026-07-22,644011
U005492,O012124,536.48,2026-08-04,644011
U005493,O012125,454.1,2026-03-16,823513
U005493,O012126,1279.03,2026-04-12,823513
U005493,O012127,732.46,2026-04-16,823513
U005493,O012128,563.63,2026-05-11,823513
U005494,O012129,799.85,2026-08-26,389688
U005496,O012130,473.24,2026-03-15,777369
U005496,O012131,718.13,2026-03-24,777369
U005496,O012132,425.87,2026-04-13,777369
U005496,O012133,906.71,2026-05-10,777369
U005497,O012134,1078.6,2025-09-10,877655
U005497,O012135,573.09,2025-10-01,877655
U005497,O012136,1318.47,2025-10-21,877655
U005498,O012137,608.06,2026-07-05,832925
U005498,O012138,109.09,2026-08-11,832925
U005498,O012139,529.34,2026-08-25,832925
U005499,O012140,746.59,2026-07-17,368110
U005499,O012141,759.67,2026-08-10,368110
U005500,O012142,740.96,2026-08-02,373048
U005502,O012143,451.34,2026-06-19,550984
U005502,O012144,712.7,2026-08-21,550984
U005503,O012145,468.59,2026-08-15,640944
U005503,O012146,243.21,2026-08-17,640944
U005504,O012147,824.14,2026-03-12,685558
U005504,O012148,571.29,2026-05-02,685558
U005504,O012149,758.49,2026-07-27,685558
U005504,O012150,305.77,2026-08-08,685558
U005505,O012151,482.59,2025-11-22,452765
U005506,O012152,383.17,2026-03-23,753113
U005506,O012153,777.1,2026-04-19,753113
U005507,O012154,1121.44,2026-02-04,454164
U005507,O012155,901.71,2026-03-13,454164
U005507,O012156,289.14,2026-05-03,454164
U005508,O012157,633.04,2026-05-07,497142
U005508,O012158,714.55,2026-05-31,497142
U005508,O012159,722.8,2026-06-26,497142
U005508,O012160,1236.77,2026-06-30,497142
U005508,O012161,697.22,2026-07-04,497142
U005509,O012162,599.04,2026-01-19,580505
U005510,O012163,896.94,2026-06-06,586298
U005510,O012164,549.15,2026-06-10,586298
U005511,O012165,1082.1,2025-12-09,782623
U005512,O012166,1019.96,2026-03-09,389807
U005512,O012167,427.27,2026-04-22,389807
U005512,O012168,503.85,2026-04-25,389807
U005512,O012169,151.54,2026-04-26,389807
U005513,O012170,933.06,2026-07-24,423153
U005514,O012171,394.77,2026-02-17,313225
U005515,O012172,1263.26,2025-09-28,528329
U005516,O012173,805.7,2026-07-12,550295
U005519,O012174,826.63,2026-01-07,160834
U005519,O012175,554.53,2026-02-24,160834
U005519,O012176,640.55,2026-04-19,160834
U005519,O012177,401.98,2026-04-20,160834
U005519,O012178,1026.78,2026-04-29,160834
U005520,O012179,498.86,2025-11-12,638934
U005520,O012180,485.58,2025-12-05,638934
U005520,O012181,308.57,2026-02-13,638934
U005520,O012182,1031.36,2026-02-26,638934
U005521,O012183,851.99,2026-02-12,222798
U005521,O012184,895.82,2026-04-04,222798
U005521,O012185,772.13,2026-04-14,222798
U005522,O012186,441.76,2025-10-16,847534
U005522,O012187,770.58,2025-10-19,847534
U005522,O012188,421.69,2025-12-01,847534
U005523,O012189,800.19,2026-03-03,836707
U005523,O012190,801.08,2026-03-19,836707
U005525,O012191,748.89,2026-07-11,159152
U005525,O012192,396.16,2026-07-14,159152
U005526,O012193,915.45,2026-08-14,170567
U005527,O012194,827.76,2025-11-27,351390
U005528,O012195,803.49,2026-04-05,397904
U005529,O012196,896.27,2026-04-02,456933
U005529,O012197,1024.08,2026-05-11,456933
U005530,O012198,417.64,2026-06-10,729685
U005530,O012199,1023.68,2026-07-01,729685
U005531,O012200,798.26,2026-02-09,130112
U005531,O012201,870.07,2026-02-11,130112
U005533,O012202,80.99,2025-12-12,256654
U005534,O012203,385.97,2026-08-01,625992
U005535,O012204,916.02,2026-01-30,488771
U005536,O012205,854.79,2026-06-27,734493
U005537,O012206,93.72,2026-02-07,183078
U005538,O012207,719.23,2026-03-04,166062
U005538,O012208,498.03,2026-06-17,166062
U005538,O012209,921.45,2026-06-19,166062
U005539,O012210,839.26,2026-04-18,711014
U005539,O012211,519.47,2026-06-16,711014
U005539,O012212,126.04,2026-07-03,711014
U005541,O012213,1123.13,2026-04-01,297034
U005542,O012214,318.23,2026-04-03,523408
U005542,O012215,412.49,2026-06-10,523408
U005542,O012216,49.0,2026-06-20,523408
U005543,O012217,831.92,2025-12-16,858614
U005543,O012218,587.15,2026-02-03,858614
U005544,O012219,952.88,2026-04-05,369058
U005545,O012220,145.62,2026-01-10,323468
U005545,O012221,1033.14,2026-01-21,323468
U005545,O012222,49.0,2026-02-18,323468
U005545,O012223,323.77,2026-04-28,323468
U005545,O012224,1439.24,2026-06-20,323468
U005546,O012225,899.89,2025-09-25,125622
U005546,O012226,652.89,2025-11-20,125622
U005546,O012227,590.21,2025-12-16,125622
U005546,O012228,1187.34,2025-12-21,125622
U005546,O012229,583.29,2025-12-30,125622
U005548,O012230,595.11,2026-08-19,712127
U005548,O012231,1232.97,2026-08-26,712127
U005549,O012232,856.04,2026-04-18,679098
U005549,O012233,847.72,2026-04-25,679098
U005549,O012234,876.5,2026-05-01,679098
U005550,O012235,267.97,2026-08-01,881332
U005550,O012236,811.68,2026-08-02,881332
U005551,O012237,428.59,2026-06-03,129873
U005551,O012238,319.06,2026-07-02,129873
U005551,O012239,570.76,2026-07-30,129873
U005552,O012240,503.43,2025-12-20,827044
U005552,O012241,250.66,2026-01-20,827044
U005552,O012242,869.39,2026-02-18,827044
U005553,O012243,603.64,2026-06-10,195058
U005553,O012244,428.98,2026-06-25,195058
U005554,O012245,356.89,2025-12-25,560079
U005554,O012246,972.03,2026-01-01,560079
U005554,O012247,639.58,2026-01-31,560079
U005554,O012248,889.13,2026-02-05,560079
U005555,O012249,500.06,2026-06-13,742770
U005555,O012250,556.26,2026-07-17,742770
U005555,O012251,908.75,2026-08-01,742770
U005555,O012252,352.67,2026-08-25,742770
U005556,O012253,952.3,2025-10-02,190830
U005557,O012254,579.86,2026-05-05,745581
U005557,O012255,656.39,2026-05-15,745581
U005558,O012256,665.54,2025-12-10,895313
U005558,O012257,869.54,2025-12-22,895313
U005558,O012258,975.7,2025-12-29,895313
U005559,O012259,194.35,2026-08-14,590864
U005559,O012260,574.93,2026-08-26,590864
U005560,O012261,575.82,2026-01-15,194557
U005560,O012262,871.98,2026-01-21,194557
U005560,O012263,487.9,2026-02-16,194557
U005561,O012264,947.7,2026-07-27,127788
U005562,O012265,665.56,2026-08-10,136269
U005563,O012266,208.33,2026-04-01,197754
U005563,O012267,625.53,2026-04-03,197754
U005564,O012268,739.75,2026-07-13,709911
U005564,O012269,273.48,2026-08-04,709911
U005564,O012270,848.9,2026-08-15,709911
U005565,O012271,858.28,2025-09-04,595504
U005565,O012272,389.84,2026-01-01,595504
U005565,O012273,554.34,2026-02-14,595504
U005565,O012274,1249.72,2026-04-26,595504
U005565,O012275,681.26,2026-05-12,595504
U005565,O012276,806.33,2026-06-14,595504
U005565,O012277,167.13,2026-07-04,595504
U005565,O012278,522.96,2026-07-20,595504
U005566,O012279,105.28,2026-08-16,582728
U005566,O012280,1029.87,2026-08-24,582728
U005566,O012281,489.08,2026-08-25,582728
U005567,O012282,615.46,2025-12-14,270385
U005567,O012283,905.11,2026-02-04,270385
U005567,O012284,181.59,2026-02-11,270385
U005567,O012285,485.88,2026-02-14,270385
U005568,O012286,429.31,2025-09-22,331536
U005568,O012287,605.24,2025-11-05,331536
U005568,O012288,1040.73,2025-12-06,331536
U005569,O012289,907.94,2026-01-05,196321
U005571,O012290,671.31,2025-09-30,289033
U005572,O012291,915.24,2025-10-27,748538
U005572,O012292,49.0,2025-11-08,748538
U005573,O012293,173.34,2025-12-30,122191
U005574,O012294,454.17,2026-05-13,207966
U005574,O012295,1001.88,2026-08-08,207966
U005575,O012296,851.32,2026-06-11,546977
U005575,O012297,228.93,2026-07-26,546977
U005576,O012298,664.48,2026-04-03,225056
U005578,O012299,1179.34,2026-04-01,346381
U005578,O012300,219.22,2026-06-08,346381
U005578,O012301,437.52,2026-06-16,346381
U005579,O012302,429.63,2026-07-25,369315
U005579,O012303,514.33,2026-08-02,369315
U005580,O012304,639.36,2026-04-22,273102
U005580,O012305,515.15,2026-04-26,273102
U005580,O012306,1215.21,2026-05-03,273102
U005581,O012307,757.21,2026-07-26,260707
U005582,O012308,721.35,2026-02-24,526004
U005582,O012309,601.13,2026-03-04,526004
U005583,O012310,639.98,2025-10-09,813215
U005584,O012311,551.33,2026-03-12,337669
U005584,O012312,661.06,2026-03-17,337669
U005585,O012313,500.83,2026-02-12,267432
U005585,O012314,543.3,2026-02-17,267432
U005586,O012315,770.73,2025-12-13,147019
U005587,O012316,1202.13,2025-12-20,363781
U005587,O012317,527.86,2026-01-04,363781
U005588,O012318,487.27,2026-05-27,886772
U005588,O012319,1168.95,2026-06-07,886772
U005589,O012320,990.34,2026-08-20,571227
U005591,O012321,1084.74,2025-10-31,376640
U005591,O012322,275.73,2025-11-13,376640
U005591,O012323,427.44,2025-11-18,376640
U005591,O012324,350.99,2026-03-11,376640
U005591,O012325,385.91,2026-06-03,376640
U005591,O012326,478.97,2026-06-21,376640
U005592,O012327,812.45,2026-05-09,467328
U005592,O012328,130.04,2026-06-05,467328
U005592,O012329,701.74,2026-06-19,467328
U005592,O012330,275.22,2026-06-26,467328
U005594,O012331,626.93,2026-04-27,577037
U005594,O012332,791.91,2026-05-26,577037
U005595,O012333,792.66,2025-12-28,286482
U005595,O012334,472.45,2026-01-10,286482
U005596,O012335,711.49,2026-06-17,369343
U005596,O012336,886.06,2026-06-25,369343
U005597,O012337,284.92,2026-04-28,478050
U005597,O012338,505.37,2026-06-23,478050
U005597,O012339,767.05,2026-07-27,478050
U005598,O012340,1021.65,2026-08-02,898044
U005599,O012341,1226.56,2026-03-10,571158
U005599,O012342,144.86,2026-03-17,571158
U005599,O012343,325.57,2026-05-01,571158
U005599,O012344,442.86,2026-07-10,571158
U005600,O012345,889.57,2026-08-19,233358
U005600,O012346,952.22,2026-08-23,233358
U005601,O012347,761.51,2026-05-13,899709
U005603,O012348,573.53,2025-10-22,280076
U005603,O012349,529.39,2025-11-07,280076
U005603,O012350,205.23,2025-11-20,280076
U005604,O012351,692.51,2025-12-24,516591
U005604,O012352,789.24,2026-01-16,516591
U005604,O012353,484.12,2026-01-20,516591
U005605,O012354,879.77,2026-04-01,294448
U005605,O012355,1053.57,2026-04-05,294448
U005605,O012356,631.98,2026-04-10,294448
U005605,O012357,1112.53,2026-04-16,294448
U005606,O012358,260.54,2026-05-26,613634
U005607,O012359,391.26,2025-11-16,454075
U005608,O012360,719.07,2025-10-17,898596
U005608,O012361,667.8,2025-11-07,898596
U005608,O012362,690.27,2025-11-10,898596
U005608,O012363,745.61,2026-02-09,898596
U005609,O012364,924.81,2026-02-24,643546
U005609,O012365,1289.42,2026-03-07,643546
U005610,O012366,861.04,2026-02-12,759944
U005610,O012367,714.02,2026-02-18,759944
U005610,O012368,865.68,2026-04-02,759944
U005611,O012369,222.43,2026-06-27,301086
U005612,O012370,924.23,2026-07-03,462893
U005612,O012371,223.03,2026-08-01,462893
U005612,O012372,126.4,2026-08-09,462893
U005613,O012373,823.11,2025-09-15,487006
U005614,O012374,559.6,2026-04-03,561366
U005614,O012375,642.67,2026-04-16,561366
U005614,O012376,194.71,2026-06-16,561366
U005615,O012377,783.62,2026-06-06,127455
U005615,O012378,486.9,2026-06-10,127455
U005615,O012379,732.51,2026-06-23,127455
U005618,O012380,1004.88,2026-05-21,115682
U005618,O012381,561.79,2026-06-04,115682
U005619,O012382,341.8,2026-04-26,277734
U005620,O012383,603.44,2026-03-11,146793
U005620,O012384,937.73,2026-03-26,146793
U005620,O012385,685.07,2026-05-04,146793
U005620,O012386,1011.95,2026-05-10,146793
U005621,O012387,979.83,2025-10-01,554942
U005622,O012388,644.67,2026-08-01,513436
U005622,O012389,813.93,2026-08-22,513436
U005623,O012390,528.51,2026-08-06,611838
U005625,O012391,995.19,2026-01-23,690342
U005625,O012392,418.45,2026-03-12,690342
U005625,O012393,583.71,2026-05-20,690342
U005625,O012394,788.78,2026-05-30,690342
U005626,O012395,193.16,2025-12-13,510120
U005626,O012396,885.8,2026-02-05,510120
U005626,O012397,365.68,2026-04-16,510120
U005626,O012398,662.35,2026-04-18,510120
U005627,O012399,960.33,2026-01-27,790920
U005627,O012400,817.76,2026-01-31,790920
U005627,O012401,688.29,2026-03-07,790920
U005627,O012402,353.13,2026-04-02,790920
U005628,O012403,917.34,2025-12-11,644627
U005629,O012404,371.56,2026-01-21,515920
U005629,O012405,879.53,2026-02-22,515920
U005631,O012406,674.11,2026-01-11,182689
U005631,O012407,665.98,2026-03-02,182689
U005631,O012408,49.0,2026-03-11,182689
U005632,O012409,556.2,2026-02-12,861583
U005632,O012410,804.91,2026-02-24,861583
U005633,O012411,677.8,2026-08-16,887059
U005635,O012412,843.14,2025-10-28,396073
U005637,O012413,691.17,2026-01-12,459754
U005637,O012414,267.06,2026-02-06,459754
U005637,O012415,312.62,2026-03-31,459754
U005637,O012416,661.48,2026-04-12,459754
U005637,O012417,295.56,2026-04-26,459754
U005638,O012418,450.23,2026-02-02,757989
U005638,O012419,345.21,2026-02-19,757989
U005639,O012420,540.89,2026-05-25,475824
U005640,O012421,496.36,2026-04-20,526874
U005641,O012422,269.87,2026-07-26,848262
U005641,O012423,486.11,2026-07-31,848262
U005642,O012424,871.99,2026-03-19,185728
U005642,O012425,661.13,2026-05-02,185728
U005643,O012426,444.16,2026-03-07,253617
U005644,O012427,358.64,2026-06-11,552477
U005646,O012428,437.1,2026-04-03,617172
U005646,O012429,465.5,2026-05-11,617172
U005646,O012430,487.05,2026-05-17,617172
U005647,O012431,878.59,2025-11-28,270066
U005647,O012432,159.74,2025-12-24,270066
U005647,O012433,682.89,2025-12-25,270066
U005647,O012434,466.71,2026-01-05,270066
U005647,O012435,961.62,2026-04-12,270066
U005648,O012436,859.44,2026-02-18,804001
U005648,O012437,235.71,2026-04-06,804001
U005649,O012438,579.86,2026-03-23,355690
U005649,O012439,148.09,2026-03-28,355690
U005650,O012440,712.3,2026-07-19,505932
U005651,O012441,665.59,2026-04-23,802434
U005651,O012442,610.99,2026-04-29,802434
U005651,O012443,380.51,2026-05-12,802434
U005652,O012444,510.18,2026-08-26,248840
U005653,O012445,786.35,2026-05-22,596201
U005654,O012446,1241.22,2025-12-13,453930
U005654,O012447,979.97,2025-12-18,453930
U005654,O012448,486.2,2026-03-14,453930
U005654,O012449,743.64,2026-04-10,453930
U005655,O012450,757.89,2026-08-02,433688
U005658,O012451,623.6,2025-11-21,478490
U005658,O012452,324.78,2025-12-01,478490
U005660,O012453,696.71,2026-01-18,494634
U005661,O012454,764.99,2026-02-17,865099
U005661,O012455,765.43,2026-03-10,865099
U005661,O012456,198.36,2026-03-19,865099
U005661,O012457,425.86,2026-03-30,865099
U005661,O012458,411.94,2026-04-13,865099
U005663,O012459,1416.66,2025-12-25,791392
U005664,O012460,940.56,2026-02-12,402301
U005665,O012461,604.67,2025-11-14,278908
U005665,O012462,170.73,2025-12-14,278908
U005665,O012463,466.93,2025-12-16,278908
U005666,O012464,49.0,2026-06-17,812026
U005666,O012465,1445.33,2026-07-08,812026
U005668,O012466,143.93,2025-10-14,441296
U005669,O012467,1110.56,2025-12-14,793043
U005670,O012468,1029.5,2026-02-08,487167
U005672,O012469,248.0,2026-03-19,646938
U005672,O012470,945.42,2026-03-21,646938
U005672,O012471,49.0,2026-03-29,646938
U005673,O012472,611.83,2026-08-25,583396
U005674,O012473,741.04,2026-05-27,478499
U005674,O012474,873.54,2026-05-31,478499
U005675,O012475,801.77,2026-04-01,662313
U005676,O012476,399.28,2026-02-11,567978
U005677,O012477,696.44,2025-12-03,330748
U005677,O012478,433.57,2026-03-22,330748
U005677,O012479,428.99,2026-03-30,330748
U005678,O012480,577.95,2026-01-14,126207
U005678,O012481,434.1,2026-02-14,126207
U005678,O012482,415.47,2026-02-24,126207
U005679,O012483,650.2,2026-05-23,797830
U005680,O012484,1032.33,2026-04-21,755511
U005680,O012485,654.69,2026-05-01,755511
U005680,O012486,619.01,2026-05-25,755511
U005680,O012487,313.98,2026-06-03,755511
U005681,O012488,422.78,2026-04-08,492667
U005681,O012489,1414.87,2026-04-17,492667
U005681,O012490,611.58,2026-05-18,492667
U005681,O012491,690.04,2026-06-03,492667
U005682,O012492,259.26,2026-04-07,344581
U005685,O012493,582.48,2026-03-30,398990
U005685,O012494,182.04,2026-05-14,398990
U005685,O012495,1219.68,2026-07-03,398990
U005687,O012496,316.85,2026-02-26,300590
U005687,O012497,370.58,2026-03-17,300590
U005687,O012498,538.23,2026-04-10,300590
U005687,O012499,196.07,2026-05-26,300590
U005688,O012500,1184.51,2026-04-22,670685
U005688,O012501,982.93,2026-06-20,670685
U005689,O012502,480.52,2025-11-28,727819
U005689,O012503,943.73,2025-12-07,727819
U005690,O012504,839.15,2026-08-22,387036
U005690,O012505,220.53,2026-08-24,387036
U005691,O012506,564.94,2026-01-04,768319
U005692,O012507,192.01,2026-08-24,142800
U005693,O012508,788.17,2026-04-07,264410
U005693,O012509,529.3,2026-05-12,264410
U005694,O012510,487.27,2025-10-06,239559
U005694,O012511,697.24,2025-10-29,239559
U005694,O012512,347.87,2025-11-21,239559
U005695,O012513,1231.36,2026-06-04,558642
U005695,O012514,49.0,2026-07-09,558642
U005695,O012515,498.63,2026-07-19,558642
U005696,O012516,680.5,2026-01-31,235982
U005696,O012517,564.36,2026-02-02,235982
U005696,O012518,711.25,2026-03-04,235982
U005697,O012519,286.99,2026-06-03,637506
U005697,O012520,761.46,2026-07-15,637506
U005697,O012521,990.92,2026-07-24,637506
U005697,O012522,445.03,2026-08-04,637506
U005698,O012523,949.13,2026-06-01,573136
U005698,O012524,1043.75,2026-06-05,573136
U005698,O012525,570.54,2026-07-25,573136
U005698,O012526,771.45,2026-08-14,573136
U005699,O012527,438.07,2026-05-23,122453
U005699,O012528,1183.86,2026-06-01,122453
U005700,O012529,900.6,2026-05-31,585000
U005700,O012530,304.53,2026-06-09,585000
U005700,O012531,1284.77,2026-08-16,585000
U005701,O012532,257.46,2026-05-14,877762
U005701,O012533,735.55,2026-06-05,877762
U005701,O012534,320.24,2026-06-19,877762
U005702,O012535,747.45,2026-02-22,420194
U005702,O012536,408.68,2026-03-28,420194
U005702,O012537,1060.6,2026-04-16,420194
U005702,O012538,744.83,2026-05-06,420194
U005703,O012539,272.07,2026-01-17,191354
U005703,O012540,716.8,2026-01-26,191354
U005703,O012541,299.48,2026-01-31,191354
U005703,O012542,742.18,2026-02-01,191354
U005704,O012543,680.7,2025-11-09,347330
U005705,O012544,1362.51,2026-06-14,377758
U005705,O012545,997.37,2026-08-24,377758
U005706,O012546,456.51,2026-01-15,332907
U005707,O012547,677.82,2026-08-19,397714
U005708,O012548,667.36,2026-01-21,685227
U005708,O012549,791.35,2026-02-23,685227
U005709,O012550,1111.28,2025-11-12,155950
U005709,O012551,469.75,2025-12-20,155950
U005710,O012552,1263.85,2026-04-17,108536
U005710,O012553,595.14,2026-05-27,108536
U005712,O012554,508.45,2026-08-21,826793
U005713,O012555,687.45,2026-08-24,171447
U005714,O012556,355.63,2026-06-16,754349
U005714,O012557,916.53,2026-06-19,754349
U005715,O012558,536.01,2026-08-06,530405
U005715,O012559,539.21,2026-08-14,530405
U005716,O012560,663.45,2025-11-29,630842
U005717,O012561,210.79,2025-11-30,532218
U005717,O012562,813.1,2026-02-12,532218
U005718,O012563,1096.78,2026-07-03,316939
U005718,O012564,975.76,2026-07-27,316939
U005718,O012565,1285.53,2026-08-13,316939
U005719,O012566,785.47,2026-06-19,564669
U005719,O012567,884.43,2026-06-24,564669
U005720,O012568,923.61,2026-01-03,130032
U005720,O012569,171.57,2026-04-13,130032
U005722,O012570,680.71,2026-01-04,658821
U005722,O012571,437.72,2026-01-20,658821
U005723,O012572,404.74,2026-02-04,296985
U005723,O012573,598.68,2026-02-25,296985
U005725,O012574,634.56,2026-06-30,165124
U005726,O012575,1369.58,2026-05-24,820414
U005727,O012576,205.02,2026-02-06,240334
U005727,O012577,909.68,2026-04-11,240334
U005727,O012578,850.44,2026-05-06,240334
U005728,O012579,874.34,2026-01-11,800266
U005728,O012580,707.59,2026-02-23,800266
U005728,O012581,770.64,2026-03-05,800266
U005729,O012582,1335.49,2026-07-07,527796
U005729,O012583,496.04,2026-07-11,527796
U005729,O012584,827.75,2026-08-04,527796
U005730,O012585,934.8,2026-02-13,132634
U005730,O012586,1273.98,2026-03-04,132634
U005730,O012587,894.83,2026-03-16,132634
U005730,O012588,561.2,2026-06-16,132634
U005730,O012589,741.33,2026-06-28,132634
U005730,O012590,898.6,2026-07-15,132634
U005731,O012591,262.21,2025-12-23,422919
U005731,O012592,563.24,2025-12-28,422919
U005731,O012593,486.07,2026-02-14,422919
U005731,O012594,719.61,2026-03-09,422919
U005731,O012595,472.3,2026-04-10,422919
U005732,O012596,1255.09,2026-07-21,493468
U005732,O012597,520.23,2026-07-27,493468
U005733,O012598,777.71,2026-08-26,638639
U005734,O012599,917.27,2026-03-13,670305
U005734,O012600,868.8,2026-03-16,670305
U005734,O012601,455.13,2026-05-06,670305
U005734,O012602,49.0,2026-05-11,670305
U005734,O012603,943.0,2026-05-12,670305
U005734,O012604,932.69,2026-08-03,670305
U005736,O012605,569.37,2026-02-13,349476
U005736,O012606,458.33,2026-06-23,349476
U005738,O012607,259.31,2026-04-17,216037
U005738,O012608,1338.5,2026-05-06,216037
U005739,O012609,715.45,2026-03-16,780795
U005739,O012610,392.6,2026-03-19,780795
U005739,O012611,691.62,2026-04-02,780795
U005740,O012612,731.36,2026-05-30,679503
U005741,O012613,835.42,2026-03-07,654284
U005741,O012614,312.24,2026-05-09,654284
U005741,O012615,328.82,2026-05-25,654284
U005742,O012616,737.63,2025-11-16,291069
U005743,O012617,1170.13,2026-01-23,258568
U005744,O012618,628.32,2025-12-04,640085
U005744,O012619,879.18,2025-12-26,640085
U005744,O012620,562.34,2026-01-07,640085
U005744,O012621,457.44,2026-01-21,640085
U005745,O012622,410.39,2026-07-04,792574
U005745,O012623,443.83,2026-07-23,792574
U005745,O012624,220.52,2026-08-17,792574
U005746,O012625,734.2,2025-10-06,517300
U005747,O012626,513.58,2026-06-12,674884
U005747,O012627,505.35,2026-07-04,674884
U005748,O012628,265.89,2025-10-19,172298
U005748,O012629,535.17,2025-10-22,172298
U005748,O012630,278.34,2025-10-28,172298
U005749,O012631,816.75,2025-11-06,636241
U005750,O012632,264.1,2026-04-29,756779
U005750,O012633,216.8,2026-04-30,756779
U005751,O012634,789.65,2025-10-06,320626
U005751,O012635,213.72,2025-10-21,320626
U005752,O012636,801.59,2026-04-02,730885
U005752,O012637,49.0,2026-04-04,730885
U005753,O012638,853.93,2026-05-31,737938
U005754,O012639,1284.64,2026-04-02,491416
U005754,O012640,780.91,2026-04-09,491416
U005754,O012641,1110.94,2026-07-16,491416
U005755,O012642,671.69,2026-08-25,701954
U005756,O012643,516.5,2026-07-18,716210
U005756,O012644,977.35,2026-07-20,716210
U005756,O012645,251.89,2026-07-30,716210
U005757,O012646,468.24,2026-05-25,613132
U005757,O012647,892.82,2026-07-05,613132
U005758,O012648,932.04,2026-03-22,344313
U005758,O012649,659.6,2026-05-09,344313
U005758,O012650,49.0,2026-05-16,344313
U005759,O012651,1004.51,2026-04-05,268345
U005759,O012652,594.7,2026-04-22,268345
U005760,O012653,953.73,2026-06-16,367452
U005761,O012654,1123.22,2025-10-26,294350
U005761,O012655,1120.96,2025-11-07,294350
U005761,O012656,420.88,2025-11-16,294350
U005761,O012657,881.62,2025-11-22,294350
U005761,O012658,541.35,2026-01-17,294350
U005762,O012659,824.56,2026-05-10,257446
U005762,O012660,317.27,2026-05-27,257446
U005764,O012661,570.66,2026-04-08,325015
U005764,O012662,1028.09,2026-08-01,325015
U005765,O012663,745.85,2026-03-14,833022
U005765,O012664,912.59,2026-04-03,833022
U005766,O012665,1037.03,2025-12-11,442712
U005767,O012666,651.1,2026-04-05,200429
U005767,O012667,233.12,2026-04-09,200429
U005767,O012668,944.24,2026-04-29,200429
U005767,O012669,681.85,2026-06-02,200429
U005767,O012670,947.72,2026-07-17,200429
U005768,O012671,776.53,2026-07-24,288178
U005768,O012672,507.19,2026-08-03,288178
U005769,O012673,935.81,2026-04-03,283692
U005769,O012674,164.91,2026-04-04,283692
U005769,O012675,681.52,2026-04-09,283692
U005769,O012676,795.56,2026-06-01,283692
U005770,O012677,426.4,2026-02-25,447623
U005770,O012678,537.94,2026-03-02,447623
U005770,O012679,744.51,2026-06-01,447623
U005770,O012680,544.25,2026-07-02,447623
U005771,O012681,540.74,2025-11-24,657273
U005771,O012682,745.74,2025-11-26,657273
U005771,O012683,341.37,2025-12-15,657273
U005771,O012684,570.86,2025-12-17,657273
U005771,O012685,593.07,2026-01-02,657273
U005772,O012686,322.24,2025-11-23,166023
U005774,O012687,532.14,2026-01-20,875693
U005774,O012688,449.1,2026-03-02,875693
U005774,O012689,929.86,2026-04-30,875693
U005774,O012690,555.13,2026-05-27,875693
U005774,O012691,472.0,2026-06-07,875693
U005774,O012692,549.76,2026-06-14,875693
U005775,O012693,1121.67,2026-03-10,332351
U005775,O012694,1117.84,2026-04-28,332351
U005775,O012695,565.11,2026-06-06,332351
U005775,O012696,762.06,2026-06-09,332351
U005775,O012697,549.17,2026-06-11,332351
U005776,O012698,1186.49,2026-07-27,595457
U005776,O012699,502.45,2026-08-18,595457
U005777,O012700,309.51,2026-03-17,490638
U005777,O012701,985.66,2026-03-18,490638
U005777,O012702,469.69,2026-04-22,490638
U005777,O012703,364.4,2026-05-03,490638
U005778,O012704,750.86,2026-04-07,853406
U005778,O012705,727.21,2026-06-01,853406
U005779,O012706,734.11,2026-05-05,289378
U005779,O012707,933.64,2026-06-30,289378
U005779,O012708,727.04,2026-07-25,289378
U005779,O012709,1020.33,2026-08-20,289378
U005781,O012710,683.37,2025-11-04,631003
U005782,O012711,356.14,2025-10-27,838570
U005782,O012712,651.08,2025-11-24,838570
U005782,O012713,842.63,2025-11-30,838570
U005782,O012714,49.0,2025-12-04,838570
U005782,O012715,592.66,2025-12-29,838570
U005783,O012716,340.99,2026-06-05,827067
U005783,O012717,919.39,2026-06-15,827067
U005784,O012718,664.71,2026-01-28,606640
U005784,O012719,1128.42,2026-02-10,606640
U005786,O012720,854.34,2026-08-11,161964
U005787,O012721,717.97,2026-05-08,793531
U005787,O012722,1046.47,2026-05-31,793531
U005787,O012723,693.51,2026-07-02,793531
U005788,O012724,643.39,2025-12-16,678138
U005788,O012725,49.0,2026-02-07,678138
U005789,O012726,741.65,2025-09-10,690327
U005789,O012727,464.91,2025-09-23,690327
U005789,O012728,490.25,2026-05-23,690327
U005789,O012729,164.94,2026-07-07,690327
U005789,O012730,417.07,2026-07-19,690327
U005790,O012731,666.99,2025-10-09,446221
U005790,O012732,285.2,2025-11-01,446221
U005790,O012733,49.0,2025-11-20,446221
U005791,O012734,858.98,2025-10-09,635339
U005791,O012735,767.3,2025-11-03,635339
U005791,O012736,1254.57,2025-11-12,635339
U005793,O012737,988.96,2026-04-15,352958
U005795,O012738,617.19,2025-11-30,204182
U005795,O012739,813.08,2026-01-05,204182
U005795,O012740,651.38,2026-02-03,204182
U005796,O012741,723.99,2026-06-25,687500
U005796,O012742,314.04,2026-07-01,687500
U005796,O012743,195.77,2026-07-10,687500
U005798,O012744,600.25,2025-12-18,429417
U005799,O012745,560.42,2026-03-22,141126
U005800,O012746,307.97,2026-07-12,844439
U005800,O012747,840.02,2026-08-09,844439
U005801,O012748,688.42,2026-01-23,238151
U005801,O012749,846.54,2026-02-02,238151
U005802,O012750,603.18,2026-03-12,816176
U005802,O012751,646.58,2026-03-24,816176
U005802,O012752,413.71,2026-04-19,816176
U005802,O012753,825.99,2026-04-22,816176
U005803,O012754,737.04,2026-02-12,131248
U005803,O012755,519.95,2026-02-13,131248
U005803,O012756,861.8,2026-02-24,131248
U005803,O012757,322.01,2026-02-27,131248
U005803,O012758,417.71,2026-03-05,131248
U005803,O012759,925.7,2026-05-02,131248
U005804,O012760,195.03,2026-05-12,188866
U005804,O012761,1086.26,2026-06-06,188866
U005805,O012762,704.25,2025-09-15,353805
U005806,O012763,871.56,2025-12-28,127953
U005807,O012764,951.05,2026-06-25,307578
U005807,O012765,859.58,2026-08-03,307578
U005808,O012766,418.28,2026-06-27,765665
U005809,O012767,49.0,2026-01-31,162751
U005809,O012768,528.93,2026-03-08,162751
U005810,O012769,825.65,2025-09-24,441051
U005810,O012770,1379.6,2026-01-05,441051
U005810,O012771,635.04,2026-01-28,441051
U005810,O012772,820.14,2026-02-17,441051
U005811,O012773,415.92,2026-03-14,690621
U005811,O012774,746.19,2026-03-27,690621
U005812,O012775,503.86,2025-12-10,201492
U005813,O012776,705.68,2026-07-18,615261
U005814,O012777,298.5,2026-07-31,122941
U005814,O012778,576.99,2026-08-25,122941
U005815,O012779,445.05,2025-12-07,448310
U005815,O012780,178.41,2025-12-15,448310
U005815,O012781,807.44,2026-01-03,448310
U005816,O012782,984.11,2026-05-15,375362
U005816,O012783,165.41,2026-06-12,375362
U005816,O012784,1083.24,2026-07-03,375362
U005818,O012785,668.18,2026-06-05,375080
U005818,O012786,1256.81,2026-07-12,375080
U005818,O012787,888.61,2026-07-20,375080
U005819,O012788,351.35,2026-02-11,629989
U005819,O012789,383.89,2026-03-07,629989
U005819,O012790,1017.67,2026-04-02,629989
U005819,O012791,628.35,2026-05-03,629989
U005820,O012792,627.98,2026-02-06,643263
U005820,O012793,297.46,2026-03-01,643263
U005820,O012794,630.27,2026-03-11,643263
U005821,O012795,799.66,2026-05-06,601185
U005821,O012796,284.36,2026-05-08,601185
U005823,O012797,388.24,2026-05-25,471238
U005823,O012798,524.13,2026-06-02,471238
U005823,O012799,1102.14,2026-06-04,471238
U005824,O012800,789.87,2026-07-27,390937
U005824,O012801,493.43,2026-07-30,390937
U005824,O012802,538.99,2026-08-16,390937
U005825,O012803,427.51,2026-05-05,894078
U005825,O012804,951.36,2026-06-14,894078
U005825,O012805,1110.94,2026-08-05,894078
U005826,O012806,629.96,2025-10-18,497671
U005826,O012807,391.11,2025-11-23,497671
U005827,O012808,927.39,2025-12-13,178974
U005828,O012809,483.06,2026-07-02,350512
U005829,O012810,925.59,2026-01-15,876799
U005829,O012811,749.29,2026-02-18,876799
U005830,O012812,984.75,2026-05-27,102402
U005832,O012813,634.26,2025-09-27,526570
U005832,O012814,1003.6,2026-01-27,526570
U005832,O012815,273.24,2026-02-03,526570
U005833,O012816,984.93,2026-08-16,165509
U005834,O012817,682.66,2025-10-02,868926
U005834,O012818,345.23,2025-10-26,868926
U005834,O012819,624.2,2025-11-10,868926
U005835,O012820,429.55,2025-11-24,187909
U005835,O012821,190.04,2026-01-17,187909
U005835,O012822,279.74,2026-01-29,187909
U005836,O012823,864.03,2025-12-08,323508
U005837,O012824,989.16,2025-12-04,159849
U005838,O012825,707.17,2026-07-31,555363
U005838,O012826,296.82,2026-08-01,555363
U005839,O012827,181.39,2026-07-01,122641
U005839,O012828,555.52,2026-07-17,122641
U005839,O012829,572.07,2026-07-20,122641
U005839,O012830,269.02,2026-08-20,122641
U005841,O012831,503.4,2026-07-09,522359
U005841,O012832,613.3,2026-07-14,522359
U005842,O012833,318.2,2026-06-14,178849
U005842,O012834,951.04,2026-06-29,178849
U005843,O012835,782.61,2026-07-25,184062
U005844,O012836,784.5,2025-09-30,199630
U005844,O012837,780.77,2025-10-07,199630
U005844,O012838,460.78,2025-10-26,199630
U005844,O012839,1249.34,2026-01-28,199630
U005844,O012840,597.2,2026-02-21,199630
U005844,O012841,708.01,2026-03-08,199630
U005845,O012842,818.46,2025-10-22,268091
U005845,O012843,725.46,2025-11-08,268091
U005846,O012844,404.64,2026-03-30,826050
U005846,O012845,354.28,2026-04-21,826050
U005847,O012846,470.82,2026-06-30,273295
U005849,O012847,631.83,2026-04-12,182020
U005849,O012848,969.41,2026-07-22,182020
U005850,O012849,579.37,2026-04-15,679164
U005850,O012850,438.61,2026-05-25,679164
U005850,O012851,925.14,2026-07-08,679164
U005851,O012852,948.78,2026-02-20,391632
U005851,O012853,1101.99,2026-02-25,391632
U005851,O012854,795.56,2026-03-17,391632
U005851,O012855,153.09,2026-04-22,391632
U005853,O012856,1293.61,2026-05-09,705074
U005854,O012857,891.79,2026-07-17,222028
U005854,O012858,487.1,2026-08-26,222028
U005856,O012859,252.66,2026-03-19,662147
U005856,O012860,1255.92,2026-03-29,662147
U005857,O012861,49.0,2026-03-14,597191
U005857,O012862,521.31,2026-03-16,597191
U005857,O012863,359.58,2026-05-04,597191
U005857,O012864,1048.42,2026-05-24,597191
U005858,O012865,767.22,2026-05-15,306415
U005858,O012866,674.71,2026-05-19,306415
U005858,O012867,863.1,2026-08-09,306415
U005858,O012868,869.04,2026-08-10,306415
U005858,O012869,506.05,2026-08-16,306415
U005859,O012870,721.4,2025-11-25,203899
U005859,O012871,942.12,2026-01-10,203899
U005859,O012872,408.94,2026-02-20,203899
U005859,O012873,645.67,2026-03-05,203899
U005859,O012874,450.39,2026-06-11,203899
U005859,O012875,753.32,2026-08-14,203899
U005861,O012876,920.61,2026-02-24,423458
U005861,O012877,345.36,2026-05-03,423458
U005861,O012878,426.46,2026-06-21,423458
U005862,O012879,1150.41,2025-11-05,305121
U005862,O012880,138.09,2025-11-09,305121
U005862,O012881,377.31,2025-11-12,305121
U005864,O012882,977.21,2025-12-05,701398
U005865,O012883,1176.94,2026-07-21,357472
U005866,O012884,831.99,2026-08-19,270544
U005866,O012885,428.42,2026-08-26,270544
U005867,O012886,1261.47,2025-11-16,580883
U005867,O012887,797.98,2025-12-11,580883
U005867,O012888,106.43,2025-12-23,580883
U005867,O012889,980.0,2026-01-06,580883
U005868,O012890,861.12,2025-12-07,370023
U005868,O012891,509.23,2026-01-25,370023
U005869,O012892,409.62,2026-01-09,721710
U005869,O012893,565.89,2026-01-21,721710
U005869,O012894,786.74,2026-01-29,721710
U005870,O012895,655.7,2026-02-02,691527
U005870,O012896,300.84,2026-02-12,691527
U005870,O012897,686.0,2026-02-13,691527
U005871,O012898,1211.94,2026-03-29,423932
U005872,O012899,885.03,2026-01-09,697853
U005872,O012900,49.0,2026-01-31,697853
U005873,O012901,1432.02,2026-06-19,736487
U005873,O012902,800.21,2026-08-17,736487
U005874,O012903,291.29,2025-12-07,592961
U005874,O012904,380.34,2026-04-09,592961
U005876,O012905,771.99,2025-12-01,127661
U005876,O012906,655.28,2025-12-03,127661
U005877,O012907,885.36,2026-01-10,243232
U005878,O012908,208.77,2025-10-29,359664
U005879,O012909,552.41,2026-03-12,542023
U005879,O012910,90.57,2026-04-11,542023
U005880,O012911,819.88,2026-06-19,336416
U005880,O012912,134.12,2026-07-03,336416
U005880,O012913,1062.98,2026-07-14,336416
U005880,O012914,310.25,2026-08-05,336416
U005880,O012915,524.0,2026-08-19,336416
U005880,O012916,403.32,2026-08-23,336416
U005881,O012917,560.66,2026-07-01,304639
U005881,O012918,925.05,2026-08-14,304639
U005882,O012919,631.18,2026-06-23,119661
U005882,O012920,1052.85,2026-07-15,119661
U005882,O012921,610.66,2026-07-21,119661
U005884,O012922,721.76,2025-10-19,632424
U005885,O012923,733.06,2025-10-01,445604
U005885,O012924,415.41,2025-10-26,445604
U005886,O012925,1041.12,2026-01-12,345915
U005887,O012926,278.65,2026-03-22,410213
U005887,O012927,589.88,2026-04-16,410213
U005887,O012928,560.72,2026-04-26,410213
U005888,O012929,1267.54,2026-08-06,360230
U005891,O012930,665.45,2026-01-18,174981
U005891,O012931,876.37,2026-03-10,174981
U005892,O012932,134.66,2026-02-19,285934
U005892,O012933,665.9,2026-03-23,285934
U005892,O012934,721.46,2026-05-02,285934
U005892,O012935,891.91,2026-07-12,285934
U005892,O012936,800.46,2026-07-17,285934
U005893,O012937,338.48,2026-04-26,711058
U005893,O012938,509.45,2026-05-13,711058
U005894,O012939,435.19,2026-02-07,855682
U005894,O012940,813.47,2026-04-26,855682
U005894,O012941,967.01,2026-05-17,855682
U005894,O012942,335.36,2026-06-04,855682
U005896,O012943,915.32,2026-07-28,527513
U005897,O012944,648.16,2026-02-14,361664
U005897,O012945,675.54,2026-02-15,361664
U005899,O012946,502.26,2026-05-11,488491
U005900,O012947,1191.25,2025-10-16,720556
U005900,O012948,576.52,2026-02-06,720556
U005901,O012949,965.07,2026-07-11,862227
U005901,O012950,1148.42,2026-08-10,862227
U005902,O012951,615.79,2026-02-16,720421
U005902,O012952,471.92,2026-04-23,720421
U005902,O012953,551.38,2026-05-15,720421
U005902,O012954,287.58,2026-05-20,720421
U005902,O012955,335.95,2026-07-03,720421
U005903,O012956,522.96,2026-04-24,307104
U005903,O012957,716.28,2026-06-19,307104
U005903,O012958,509.72,2026-07-20,307104
U005904,O012959,781.13,2025-10-31,220360
U005904,O012960,1027.01,2026-01-18,220360
U005904,O012961,857.03,2026-01-22,220360
U005904,O012962,952.21,2026-01-27,220360
U005904,O012963,1035.0,2026-03-26,220360
U005904,O012964,620.38,2026-03-29,220360
U005905,O012965,268.2,2025-11-11,403035
U005905,O012966,669.47,2025-12-06,403035
U005905,O012967,1115.2,2026-03-19,403035
U005905,O012968,409.04,2026-05-24,403035
U005906,O012969,410.68,2026-03-23,543218
U005906,O012970,1039.54,2026-04-04,543218
U005906,O012971,984.13,2026-04-19,543218
U005907,O012972,854.94,2025-11-05,254669
U005907,O012973,328.95,2025-11-25,254669
U005907,O012974,68.33,2026-01-06,254669
U005907,O012975,446.84,2026-02-20,254669
U005908,O012976,389.2,2026-01-14,828331
U005911,O012977,629.05,2026-07-19,620986
U005911,O012978,200.92,2026-08-20,620986
U005912,O012979,790.36,2025-11-11,481474
U005912,O012980,456.12,2026-03-15,481474
U005913,O012981,873.44,2026-03-07,726063
U005913,O012982,693.58,2026-03-13,726063
U005915,O012983,753.7,2026-07-09,326319
U005915,O012984,695.61,2026-08-13,326319
U005915,O012985,282.5,2026-08-15,326319
U005916,O012986,793.2,2026-06-11,697209
U005916,O012987,400.05,2026-06-26,697209
U005917,O012988,823.61,2026-01-02,605105
U005918,O012989,947.43,2026-05-15,787627
U005918,O012990,888.54,2026-07-17,787627
U005919,O012991,109.56,2026-06-15,600527
U005919,O012992,1104.24,2026-06-20,600527
U005920,O012993,842.43,2026-06-25,768494
U005920,O012994,946.3,2026-07-14,768494
U005920,O012995,1005.35,2026-07-20,768494
U005921,O012996,630.95,2026-05-13,401521
U005921,O012997,599.88,2026-06-15,401521
U005921,O012998,1196.41,2026-06-24,401521
U005922,O012999,653.5,2025-09-25,407089
U005922,O013000,662.29,2025-10-15,407089
U005922,O013001,892.42,2025-10-23,407089
U005923,O013002,570.28,2026-02-22,806610
U005923,O013003,790.13,2026-03-04,806610
U005923,O013004,688.14,2026-06-02,806610
U005924,O013005,443.64,2026-04-24,700119
U005924,O013006,607.17,2026-05-05,700119
U005924,O013007,477.16,2026-07-03,700119
U005925,O013008,277.54,2025-10-01,872186
U005925,O013009,776.68,2025-10-21,872186
U005926,O013010,302.48,2026-05-24,429150
U005927,O013011,524.64,2026-01-07,550839
U005927,O013012,1016.56,2026-03-23,550839
U005928,O013013,1102.09,2026-04-05,533678
U005928,O013014,640.78,2026-06-14,533678
U005928,O013015,775.24,2026-07-26,533678
U005928,O013016,725.22,2026-08-18,533678
U005928,O013017,677.84,2026-08-23,533678
U005929,O013018,256.33,2026-06-08,867751
U005930,O013019,787.87,2026-04-14,370088
U005930,O013020,77.87,2026-06-10,370088
U005930,O013021,611.08,2026-06-27,370088
U005931,O013022,600.18,2026-08-13,233261
U005933,O013023,163.62,2026-01-26,683101
U005934,O013024,696.22,2026-06-08,393820
U005934,O013025,1150.74,2026-08-03,393820
U005935,O013026,458.11,2026-01-16,412796
U005936,O013027,1236.0,2025-12-07,412053
U005937,O013028,431.2,2026-05-29,277663
U005937,O013029,696.91,2026-07-25,277663
U005938,O013030,626.08,2026-04-20,589346
U005938,O013031,609.1,2026-06-05,589346
U005938,O013032,686.2,2026-07-04,589346
U005939,O013033,670.98,2025-12-11,784232
U005940,O013034,249.82,2026-05-04,815732
U005940,O013035,197.13,2026-07-11,815732
U005940,O013036,798.49,2026-07-30,815732
U005941,O013037,1025.07,2026-06-26,143686
U005941,O013038,888.9,2026-07-01,143686
U005944,O013039,730.87,2026-03-28,568446
U005944,O013040,423.28,2026-06-22,568446
U005946,O013041,643.28,2026-02-14,204210
U005946,O013042,736.97,2026-03-12,204210
U005946,O013043,853.33,2026-04-26,204210
U005947,O013044,514.03,2026-06-03,470858
U005947,O013045,1236.23,2026-07-15,470858
U005948,O013046,271.49,2026-04-13,203273
U005949,O013047,558.25,2025-11-11,878397
U005950,O013048,715.98,2026-01-03,148201
U005950,O013049,887.34,2026-01-15,148201
U005950,O013050,670.44,2026-01-28,148201
U005951,O013051,449.09,2026-01-24,878555
U005951,O013052,755.08,2026-03-03,878555
U005952,O013053,711.02,2025-11-20,751588
U005952,O013054,504.03,2025-12-28,751588
U005953,O013055,303.36,2026-07-06,180202
U005953,O013056,550.47,2026-07-13,180202
U005954,O013057,676.87,2025-12-02,263604
U005954,O013058,473.59,2025-12-18,263604
U005955,O013059,764.18,2026-08-01,563077
U005955,O013060,1367.43,2026-08-20,563077
U005956,O013061,1029.81,2026-07-31,562613
U005956,O013062,600.16,2026-08-04,562613
U005957,O013063,408.33,2026-01-09,120953
U005957,O013064,1169.63,2026-04-11,120953
U005959,O013065,1044.34,2026-07-30,180192
U005959,O013066,877.82,2026-08-14,180192
U005960,O013067,399.33,2025-12-26,272800
U005960,O013068,767.69,2026-01-04,272800
U005960,O013069,1065.78,2026-01-13,272800
U005960,O013070,506.5,2026-01-18,272800
U005960,O013071,388.15,2026-03-13,272800
U005960,O013072,335.65,2026-06-08,272800
U005963,O013073,519.29,2025-10-07,775660
U005965,O013074,519.65,2026-05-03,725898
U005969,O013075,767.04,2026-06-15,808677
U005969,O013076,1102.46,2026-07-24,808677
U005969,O013077,638.58,2026-08-15,808677
U005970,O013078,145.68,2025-11-21,500516
U005970,O013079,49.0,2025-12-12,500516
U005971,O013080,291.25,2026-05-04,185362
U005971,O013081,409.32,2026-05-06,185362
U005971,O013082,633.84,2026-05-08,185362
U005972,O013083,610.37,2026-02-15,373549
U005972,O013084,113.25,2026-02-20,373549
U005972,O013085,804.38,2026-05-07,373549
U005972,O013086,431.72,2026-05-16,373549
U005973,O013087,394.19,2025-12-16,859029
U005973,O013088,657.05,2026-01-25,859029
U005973,O013089,49.0,2026-02-19,859029
U005973,O013090,884.63,2026-03-09,859029
U005974,O013091,498.67,2026-05-29,655806
U005975,O013092,1026.26,2026-04-06,881791
U005975,O013093,405.32,2026-04-07,881791
U005975,O013094,910.04,2026-05-26,881791
U005976,O013095,59.8,2025-10-18,803507
U005976,O013096,567.55,2025-12-08,803507
U005976,O013097,629.27,2025-12-11,803507
U005976,O013098,814.19,2025-12-16,803507
U005976,O013099,604.43,2026-01-27,803507
U005978,O013100,660.01,2025-10-30,848533
U005978,O013101,106.16,2025-11-06,848533
U005978,O013102,194.54,2025-12-01,848533
U005978,O013103,601.5,2025-12-20,848533
U005978,O013104,776.98,2026-01-02,848533
U005979,O013105,863.62,2025-10-28,343852
U005979,O013106,616.57,2025-11-16,343852
U005979,O013107,639.56,2025-11-19,343852
U005980,O013108,551.72,2026-06-14,628542
U005981,O013109,1243.1,2026-06-21,569307
U005981,O013110,90.94,2026-06-29,569307
U005982,O013111,1124.26,2026-06-30,237545
U005982,O013112,49.0,2026-08-14,237545
U005983,O013113,893.76,2026-06-25,658873
U005983,O013114,858.09,2026-07-02,658873
U005984,O013115,920.49,2026-03-23,544640
U005984,O013116,866.55,2026-04-18,544640
U005985,O013117,497.83,2026-05-28,864583
U005985,O013118,852.72,2026-07-05,864583
U005987,O013119,146.68,2026-06-09,592022
U005987,O013120,961.87,2026-08-14,592022
U005988,O013121,423.15,2026-03-28,134893
U005988,O013122,131.68,2026-04-29,134893
U005988,O013123,436.18,2026-05-05,134893
U005988,O013124,623.81,2026-05-06,134893
U005988,O013125,645.78,2026-05-30,134893
U005990,O013126,670.07,2026-04-24,527847
U005990,O013127,742.75,2026-05-14,527847
U005991,O013128,449.72,2025-12-29,365292
U005991,O013129,613.26,2026-01-31,365292
U005991,O013130,502.93,2026-02-13,365292
U005992,O013131,515.68,2026-01-15,176791
U005993,O013132,907.37,2025-10-28,324623
U005993,O013133,253.6,2025-12-25,324623
U005993,O013134,244.48,2026-01-05,324623
U005994,O013135,753.79,2026-07-21,119172
U005995,O013136,590.38,2026-01-19,626477
U005995,O013137,607.3,2026-02-15,626477
U005995,O013138,694.34,2026-03-30,626477
U005996,O013139,837.17,2026-05-08,490386
U005996,O013140,1267.39,2026-07-09,490386
U005996,O013141,1192.11,2026-08-12,490386
U005996,O013142,1067.63,2026-08-16,490386
U005997,O013143,1042.08,2026-08-20,750318
U005998,O013144,896.68,2026-05-21,172739
U005998,O013145,849.66,2026-06-14,172739
U005998,O013146,710.48,2026-07-02,172739
U005999,O013147,331.66,2026-06-17,371040
U006000,O013148,525.43,2026-03-04,382326
U006000,O013149,49.0,2026-04-03,382326
U006001,O013150,586.78,2026-07-04,843210
U006003,O013151,591.02,2026-05-28,781533
U006003,O013152,1154.06,2026-06-06,781533
U006003,O013153,1144.73,2026-06-13,781533
U006004,O013154,1391.83,2026-08-16,361385
U006005,O013155,782.57,2025-12-05,341760
U006005,O013156,815.3,2026-01-13,341760
U006005,O013157,368.94,2026-02-06,341760
U006005,O013158,76.78,2026-02-13,341760
U006006,O013159,580.01,2025-11-21,249619
U006006,O013160,910.28,2025-11-24,249619
U006007,O013161,639.89,2026-01-23,537320
U006007,O013162,709.4,2026-02-07,537320
U006007,O013163,612.63,2026-02-13,537320
U006008,O013164,1184.11,2026-05-28,529855
U006009,O013165,1004.35,2025-09-14,409561
U006009,O013166,886.48,2025-10-24,409561
U006010,O013167,541.37,2026-05-02,236811
U006010,O013168,1043.25,2026-06-27,236811
U006011,O013169,673.55,2026-03-20,104812
U006011,O013170,982.73,2026-03-22,104812
U006012,O013171,557.19,2025-11-26,715338
U006012,O013172,691.5,2026-02-15,715338
U006012,O013173,234.75,2026-02-20,715338
U006013,O013174,318.75,2025-11-12,135308
U006013,O013175,606.47,2025-12-02,135308
U006014,O013176,928.36,2026-05-31,144639
U006015,O013177,578.52,2026-08-11,378899
U006016,O013178,827.44,2026-04-14,384307
U006017,O013179,1064.41,2025-12-27,286223
U006017,O013180,566.4,2025-12-29,286223
U006017,O013181,647.87,2026-01-03,286223
U006018,O013182,599.04,2025-12-17,657800
U006019,O013183,788.61,2026-04-01,879566
U006019,O013184,236.07,2026-06-23,879566
U006019,O013185,448.22,2026-06-27,879566
U006019,O013186,804.16,2026-08-06,879566
U006020,O013187,565.15,2026-04-06,660132
U006020,O013188,482.42,2026-04-12,660132
U006020,O013189,592.0,2026-04-24,660132
U006021,O013190,673.24,2026-08-02,339245
U006021,O013191,994.13,2026-08-21,339245
U006022,O013192,687.56,2026-01-08,846318
U006022,O013193,680.27,2026-01-18,846318
U006022,O013194,1128.98,2026-01-28,846318
U006022,O013195,1003.46,2026-02-04,846318
U006023,O013196,814.23,2026-01-30,555022
U006023,O013197,806.71,2026-02-04,555022
U006023,O013198,408.48,2026-03-03,555022
U006024,O013199,657.07,2025-12-25,617545
U006024,O013200,361.87,2026-01-09,617545
U006025,O013201,492.64,2026-04-01,148821
U006025,O013202,497.6,2026-04-09,148821
U006026,O013203,49.0,2026-06-25,427813
U006026,O013204,997.85,2026-07-05,427813
U006026,O013205,502.51,2026-07-23,427813
U006026,O013206,1022.53,2026-08-25,427813
U006027,O013207,372.38,2026-04-06,821038
U006027,O013208,799.94,2026-05-07,821038
U006027,O013209,792.98,2026-07-18,821038
U006028,O013210,1527.41,2026-04-28,292206
U006028,O013211,858.44,2026-06-06,292206
U006028,O013212,1220.36,2026-08-19,292206
U006029,O013213,560.65,2026-01-22,286331
U006029,O013214,643.85,2026-02-09,286331
U006029,O013215,945.92,2026-02-22,286331
U006029,O013216,1006.9,2026-04-02,286331
U006030,O013217,1434.57,2026-08-25,176353
U006031,O013218,504.26,2025-10-14,730186
U006031,O013219,843.44,2026-02-21,730186
U006032,O013220,837.45,2025-12-23,890819
U006033,O013221,305.96,2026-07-02,451063
U006033,O013222,215.92,2026-08-19,451063
U006034,O013223,460.54,2026-01-08,320574
U006034,O013224,530.61,2026-01-16,320574
U006034,O013225,829.29,2026-02-21,320574
U006035,O013226,1041.28,2025-10-13,268896
U006035,O013227,610.81,2025-11-06,268896
U006036,O013228,325.45,2026-05-15,114620
U006036,O013229,722.0,2026-07-21,114620
U006037,O013230,506.54,2026-04-27,736510
U006037,O013231,902.9,2026-07-22,736510
U006037,O013232,490.31,2026-08-26,736510
U006038,O013233,49.0,2026-03-15,655170
U006038,O013234,49.0,2026-05-23,655170
U006038,O013235,902.39,2026-06-17,655170
U006039,O013236,359.47,2025-11-23,246204
U006040,O013237,770.64,2025-09-29,491098
U006040,O013238,705.06,2025-10-19,491098
U006041,O013239,49.0,2026-04-03,818976
U006041,O013240,689.44,2026-05-11,818976
U006041,O013241,422.34,2026-05-26,818976
U006041,O013242,854.83,2026-06-18,818976
U006041,O013243,639.01,2026-07-15,818976
U006041,O013244,1222.17,2026-07-19,818976
U006043,O013245,622.65,2025-12-27,377024
U006043,O013246,741.59,2025-12-28,377024
U006043,O013247,915.33,2026-02-15,377024
U006044,O013248,485.55,2025-09-28,570655
U006044,O013249,485.19,2025-10-11,570655
U006044,O013250,820.19,2025-10-23,570655
U006046,O013251,1116.28,2026-01-01,451772
U006046,O013252,861.2,2026-01-12,451772
U006046,O013253,833.92,2026-01-16,451772
U006047,O013254,452.56,2026-06-30,364862
U006047,O013255,716.38,2026-07-16,364862
U006048,O013256,234.61,2026-02-09,435352
U006048,O013257,415.21,2026-02-13,435352
U006051,O013258,623.86,2026-03-17,385445
U006051,O013259,671.16,2026-06-05,385445
U006051,O013260,787.06,2026-06-19,385445
U006051,O013261,661.71,2026-06-29,385445
U006051,O013262,537.65,2026-07-16,385445
U006051,O013263,850.63,2026-07-22,385445
U006052,O013264,464.91,2026-04-15,162851
U006053,O013265,320.86,2026-07-29,732917
U006053,O013266,761.62,2026-08-11,732917
U006053,O013267,563.48,2026-08-25,732917
U006054,O013268,270.61,2026-03-25,322992
U006054,O013269,565.01,2026-04-25,322992
U006057,O013270,566.41,2025-11-13,243740
U006058,O013271,844.23,2026-08-01,889350
U006058,O013272,524.99,2026-08-02,889350
U006061,O013273,1091.9,2026-01-06,727893
U006061,O013274,326.18,2026-01-09,727893
U006061,O013275,438.06,2026-02-06,727893
U006062,O013276,782.77,2026-03-17,854294
U006062,O013277,972.63,2026-05-30,854294
U006063,O013278,312.73,2026-03-05,260594
U006063,O013279,553.79,2026-04-06,260594
U006063,O013280,499.66,2026-05-02,260594
U006063,O013281,904.28,2026-05-15,260594
U006064,O013282,914.51,2025-10-14,501241
U006065,O013283,1012.5,2025-10-04,854836
U006065,O013284,373.35,2025-10-11,854836
U006068,O013285,211.11,2026-04-05,846761
U006068,O013286,686.28,2026-04-08,846761
U006068,O013287,959.47,2026-06-19,846761
U006068,O013288,536.42,2026-07-30,846761
U006069,O013289,49.0,2026-03-16,108012
U006069,O013290,803.22,2026-03-29,108012
U006070,O013291,775.68,2026-01-28,325126
U006072,O013292,711.77,2026-07-24,302214
U006072,O013293,979.45,2026-08-08,302214
U006073,O013294,897.26,2026-05-02,358898
U006074,O013295,189.81,2026-06-14,213430
U006074,O013296,544.87,2026-07-30,213430
U006074,O013297,670.02,2026-08-02,213430
U006075,O013298,1068.21,2025-12-27,422140
U006075,O013299,652.14,2026-01-27,422140
U006075,O013300,393.12,2026-01-31,422140
U006076,O013301,1249.51,2026-01-17,394350
U006077,O013302,825.2,2026-02-10,436632
U006078,O013303,567.84,2026-02-14,541283
U006078,O013304,851.31,2026-02-21,541283
U006078,O013305,816.51,2026-02-28,541283
U006078,O013306,803.51,2026-06-05,541283
U006078,O013307,606.05,2026-06-29,541283
U006079,O013308,942.72,2026-05-01,352629
U006079,O013309,1185.8,2026-05-09,352629
U006079,O013310,662.36,2026-05-27,352629
U006080,O013311,703.88,2026-01-11,706800
U006081,O013312,729.71,2026-01-04,713690
U006081,O013313,599.9,2026-01-28,713690
U006082,O013314,1000.79,2026-07-12,483818
U006082,O013315,698.04,2026-07-24,483818
U006083,O013316,1097.47,2026-08-01,292568
U006083,O013317,594.07,2026-08-25,292568
U006084,O013318,766.59,2026-06-07,590919
U006084,O013319,1019.67,2026-06-24,590919
U006084,O013320,275.17,2026-07-17,590919
U006085,O013321,561.46,2026-02-05,704544
U006086,O013322,994.9,2026-04-29,147163
U006088,O013323,324.1,2026-06-09,682705
U006088,O013324,944.42,2026-06-13,682705
U006088,O013325,546.25,2026-08-02,682705
U006088,O013326,1265.18,2026-08-14,682705
U006089,O013327,274.53,2025-11-25,309930
U006089,O013328,537.46,2025-11-28,309930
U006089,O013329,601.05,2025-12-11,309930
U006090,O013330,579.52,2025-10-12,769520
U006090,O013331,513.78,2025-10-16,769520
U006090,O013332,439.92,2026-01-31,769520
U006090,O013333,910.33,2026-04-06,769520
U006090,O013334,889.04,2026-06-08,769520
U006091,O013335,519.16,2026-01-02,157888
U006091,O013336,630.62,2026-02-24,157888
U006091,O013337,620.46,2026-03-11,157888
U006091,O013338,760.74,2026-06-09,157888
U006091,O013339,813.47,2026-07-27,157888
U006092,O013340,488.93,2026-02-09,557459
U006092,O013341,450.43,2026-02-20,557459
U006093,O013342,1059.83,2026-04-02,197496
U006093,O013343,752.79,2026-04-04,197496
U006094,O013344,541.67,2026-07-05,202966
U006095,O013345,873.29,2025-10-06,792013
U006096,O013346,607.72,2026-02-22,858807
U006097,O013347,550.63,2025-11-14,431406
U006097,O013348,565.34,2026-01-06,431406
U006098,O013349,1257.94,2025-12-20,394219
U006098,O013350,975.75,2025-12-29,394219
U006098,O013351,1241.7,2026-01-12,394219
U006098,O013352,892.12,2026-04-27,394219
U006098,O013353,769.15,2026-05-29,394219
U006099,O013354,692.57,2026-03-25,673911
U006099,O013355,49.0,2026-04-17,673911
U006099,O013356,770.01,2026-05-14,673911
U006101,O013357,1126.3,2026-08-18,300864
U006101,O013358,1025.53,2026-08-23,300864
U006101,O013359,477.55,2026-08-25,300864
U006103,O013360,906.41,2026-03-27,805990
U006104,O013361,1029.58,2025-10-28,275651
U006104,O013362,548.49,2025-11-13,275651
U006105,O013363,867.64,2026-02-01,202544
U006106,O013364,422.74,2026-04-11,382575
U006106,O013365,156.49,2026-07-19,382575
U006107,O013366,1183.06,2025-11-30,110256
U006107,O013367,480.99,2025-12-01,110256
U006107,O013368,194.2,2025-12-10,110256
U006107,O013369,696.31,2026-06-15,110256
U006107,O013370,893.69,2026-06-18,110256
U006107,O013371,483.44,2026-06-22,110256
U006109,O013372,249.21,2026-02-23,527774
U006109,O013373,773.17,2026-03-13,527774
U006110,O013374,641.85,2026-01-09,121059
U006110,O013375,1154.99,2026-01-31,121059
U006111,O013376,542.18,2026-03-08,358395
U006111,O013377,767.08,2026-03-27,358395
U006111,O013378,987.43,2026-05-16,358395
U006111,O013379,632.46,2026-06-03,358395
U006111,O013380,172.96,2026-07-28,358395
U006112,O013381,1169.61,2026-07-10,560835
U006112,O013382,605.38,2026-08-21,560835
U006113,O013383,647.81,2026-08-16,371837
U006115,O013384,362.41,2026-08-23,674422
U006117,O013385,107.73,2026-08-17,284013
U006118,O013386,365.92,2026-03-21,494044
U006120,O013387,353.98,2026-06-01,583965
U006120,O013388,1307.97,2026-07-14,583965
U006120,O013389,459.4,2026-07-29,583965
U006121,O013390,935.18,2026-04-26,440092
U006123,O013391,1223.41,2026-05-01,285986
U006124,O013392,590.93,2026-07-23,670102
U006125,O013393,662.93,2026-06-23,475695
U006125,O013394,688.8,2026-07-04,475695
U006126,O013395,684.45,2025-11-25,678459
U006126,O013396,708.38,2025-12-02,678459
U006126,O013397,1091.71,2026-02-26,678459
U006127,O013398,535.94,2026-06-23,406707
U006128,O013399,1167.78,2025-12-01,296697
U006128,O013400,652.03,2026-02-18,296697
U006128,O013401,292.62,2026-03-01,296697
U006129,O013402,1246.55,2026-07-23,712247
U006129,O013403,49.0,2026-08-08,712247
U006130,O013404,999.28,2026-03-04,685281
U006131,O013405,854.05,2026-04-18,142352
U006132,O013406,1112.65,2026-08-23,267959
U006133,O013407,921.54,2026-07-21,367304
U006134,O013408,479.66,2026-08-11,843610
U006135,O013409,518.41,2025-09-18,769823
U006136,O013410,889.6,2026-08-11,789730
U006137,O013411,692.22,2025-11-29,677445
U006137,O013412,158.71,2025-12-24,677445
U006137,O013413,580.04,2026-01-25,677445
U006138,O013414,1021.87,2026-04-26,130436
U006138,O013415,49.0,2026-05-26,130436
U006139,O013416,273.12,2026-05-03,263644
U006139,O013417,428.95,2026-05-16,263644
U006139,O013418,487.15,2026-06-22,263644
U006140,O013419,653.65,2026-01-19,768832
U006140,O013420,641.37,2026-02-11,768832
U006141,O013421,648.46,2025-11-15,793603
U006141,O013422,420.29,2025-12-22,793603
U006142,O013423,621.56,2026-06-23,134538
U006142,O013424,1047.48,2026-06-27,134538
U006142,O013425,1003.01,2026-07-10,134538
U006142,O013426,250.96,2026-07-23,134538
U006144,O013427,556.55,2026-06-15,337927
U006144,O013428,856.85,2026-08-08,337927
U006145,O013429,749.99,2026-02-06,434422
U006145,O013430,999.81,2026-02-09,434422
U006145,O013431,528.66,2026-04-14,434422
U006145,O013432,589.12,2026-05-05,434422
U006146,O013433,615.33,2026-05-08,359495
U006148,O013434,1044.43,2026-08-10,812945
U006149,O013435,854.22,2026-02-05,524126
U006149,O013436,95.48,2026-02-15,524126
U006149,O013437,709.91,2026-03-17,524126
U006150,O013438,866.32,2025-12-18,420117
U006150,O013439,647.14,2026-02-20,420117
U006150,O013440,710.68,2026-03-02,420117
U006150,O013441,901.5,2026-05-13,420117
U006151,O013442,1452.66,2026-03-01,419206
U006153,O013443,961.15,2026-05-09,170141
U006153,O013444,751.49,2026-05-21,170141
U006154,O013445,900.21,2026-04-23,292265
U006154,O013446,449.56,2026-04-25,292265
U006155,O013447,457.58,2026-08-02,225703
U006155,O013448,444.19,2026-08-14,225703
U006157,O013449,622.34,2026-06-22,357393
U006157,O013450,518.31,2026-07-15,357393
U006157,O013451,826.48,2026-08-04,357393
U006158,O013452,335.91,2026-02-22,622780
U006158,O013453,844.51,2026-02-26,622780
U006159,O013454,919.93,2026-04-12,184205
U006159,O013455,557.16,2026-04-22,184205
U006159,O013456,899.65,2026-04-24,184205
U006159,O013457,466.09,2026-05-25,184205
U006159,O013458,597.65,2026-06-11,184205
U006160,O013459,696.66,2026-04-13,860153
U006161,O013460,421.06,2025-11-12,472360
U006162,O013461,635.26,2026-05-30,565434
U006162,O013462,492.6,2026-06-04,565434
U006162,O013463,872.2,2026-06-29,565434
U006163,O013464,651.67,2026-07-03,146615
U006163,O013465,436.64,2026-08-14,146615
U006164,O013466,529.71,2026-01-22,793873
U006164,O013467,863.19,2026-01-31,793873
U006166,O013468,116.38,2026-02-15,515262
U006166,O013469,242.51,2026-04-04,515262
U006167,O013470,234.88,2025-10-20,480871
U006167,O013471,767.82,2025-11-27,480871
U006167,O013472,667.79,2025-12-06,480871
U006169,O013473,1092.41,2026-05-19,365238
U006169,O013474,49.0,2026-08-04,365238
U006170,O013475,592.73,2026-08-20,643759
U006171,O013476,329.68,2026-04-11,360168
U006171,O013477,695.35,2026-05-06,360168
U006171,O013478,649.36,2026-05-31,360168
U006173,O013479,138.1,2026-08-22,510649
U006173,O013480,349.22,2026-08-23,510649
U006174,O013481,564.42,2026-07-02,812324
U006176,O013482,716.44,2026-04-17,263406
U006176,O013483,645.0,2026-04-30,263406
U006176,O013484,688.31,2026-05-28,263406
U006176,O013485,790.65,2026-06-08,263406
U006177,O013486,714.57,2026-01-13,344808
U006179,O013487,347.45,2026-01-28,202921
U006179,O013488,798.35,2026-02-18,202921
U006180,O013489,1113.91,2026-08-01,747063
U006180,O013490,761.9,2026-08-18,747063
U006182,O013491,991.14,2026-03-23,750899
U006184,O013492,1047.09,2026-02-20,780810
U006184,O013493,236.18,2026-03-06,780810
U006184,O013494,677.5,2026-03-26,780810
U006184,O013495,716.22,2026-04-11,780810
U006185,O013496,434.22,2025-12-27,143061
U006185,O013497,456.68,2026-02-20,143061
U006185,O013498,547.93,2026-03-07,143061
U006185,O013499,743.24,2026-04-03,143061
U006185,O013500,49.0,2026-08-05,143061
U006186,O013501,671.58,2026-03-13,607449
U006186,O013502,661.95,2026-03-30,607449
U006187,O013503,895.39,2025-11-15,674936
U006187,O013504,925.85,2025-12-27,674936
U006187,O013505,813.38,2026-01-01,674936
U006187,O013506,732.05,2026-01-22,674936
U006188,O013507,206.2,2026-06-05,835503
U006188,O013508,853.37,2026-06-17,835503
U006189,O013509,402.84,2026-08-17,162687
U006190,O013510,1699.15,2026-03-13,381062
U006190,O013511,832.11,2026-04-06,381062
U006190,O013512,582.76,2026-04-08,381062
U006190,O013513,546.22,2026-04-21,381062
U006190,O013514,808.47,2026-04-23,381062
U006192,O013515,245.08,2025-09-27,486765
U006194,O013516,826.57,2026-08-06,217683
U006195,O013517,195.5,2025-11-12,852215
U006195,O013518,996.48,2025-12-17,852215
U006195,O013519,703.51,2026-01-01,852215
U006196,O013520,648.58,2025-12-08,743030
U006196,O013521,315.33,2025-12-29,743030
U006196,O013522,608.17,2026-03-16,743030
U006196,O013523,698.93,2026-03-24,743030
U006196,O013524,698.53,2026-03-29,743030
U006197,O013525,424.62,2025-10-13,564754
U006197,O013526,989.59,2025-11-15,564754
U006198,O013527,1057.26,2026-08-22,615659
U006200,O013528,136.15,2026-08-22,789132
U006202,O013529,664.69,2026-03-18,760002
U006202,O013530,680.6,2026-06-20,760002
U006203,O013531,498.47,2026-07-13,149070
U006203,O013532,579.44,2026-08-15,149070
U006204,O013533,251.67,2025-09-18,481541
U006204,O013534,373.55,2025-10-09,481541
U006205,O013535,762.43,2026-04-29,346431
U006205,O013536,772.87,2026-06-15,346431
U006205,O013537,298.72,2026-07-04,346431
U006206,O013538,667.05,2026-05-28,753105
U006206,O013539,844.1,2026-06-21,753105
U006208,O013540,499.76,2026-02-13,396955
U006208,O013541,1102.61,2026-02-26,396955
U006209,O013542,203.19,2025-09-19,151491
U006210,O013543,632.99,2026-07-16,457169
U006211,O013544,577.86,2026-06-16,670172
U006211,O013545,537.82,2026-08-16,670172
U006212,O013546,741.45,2026-07-03,314438
U006214,O013547,627.96,2026-08-14,369718
U006215,O013548,222.97,2026-06-18,434466
U006216,O013549,1110.75,2025-11-09,618387
U006216,O013550,696.2,2025-11-26,618387
U006216,O013551,672.5,2025-12-06,618387
U006216,O013552,1159.4,2026-01-09,618387
U006218,O013553,277.47,2026-07-26,878910
U006218,O013554,747.64,2026-08-17,878910
U006219,O013555,882.76,2026-07-15,235922
U006220,O013556,550.97,2025-12-17,137363
U006220,O013557,993.39,2026-01-05,137363
U006221,O013558,884.63,2026-07-31,468476
U006221,O013559,1260.56,2026-08-12,468476
U006222,O013560,49.0,2025-11-12,436299
U006222,O013561,425.76,2025-11-17,436299
U006222,O013562,384.27,2025-11-23,436299
U006223,O013563,559.96,2026-02-19,829341
U006223,O013564,367.98,2026-03-31,829341
U006223,O013565,682.57,2026-04-06,829341
U006224,O013566,651.74,2026-04-29,118344
U006225,O013567,1009.39,2025-09-08,386355
U006226,O013568,997.01,2026-01-02,396444
U006226,O013569,486.13,2026-02-11,396444
U006226,O013570,504.06,2026-03-29,396444
U006227,O013571,852.14,2026-04-24,226794
U006227,O013572,470.99,2026-07-09,226794
U006229,O013573,681.85,2026-08-25,196315
U006230,O013574,621.93,2026-05-06,785744
U006231,O013575,1080.57,2025-10-28,395490
U006231,O013576,459.14,2025-11-30,395490
U006232,O013577,739.19,2026-05-14,811639
U006232,O013578,354.34,2026-07-05,811639
U006235,O013579,750.7,2026-03-03,470292
U006235,O013580,694.78,2026-04-02,470292
U006235,O013581,706.23,2026-05-15,470292
U006236,O013582,553.88,2026-05-26,838361
U006236,O013583,876.39,2026-07-15,838361
U006236,O013584,1004.72,2026-07-31,838361
U006237,O013585,247.33,2026-07-17,252955
U006239,O013586,591.56,2025-12-16,151387
U006239,O013587,823.17,2025-12-21,151387
U006239,O013588,985.79,2026-02-14,151387
U006239,O013589,690.72,2026-02-25,151387
U006239,O013590,282.11,2026-02-28,151387
U006239,O013591,557.1,2026-03-04,151387
U006240,O013592,603.37,2026-02-11,306250
U006240,O013593,395.64,2026-02-24,306250
U006240,O013594,705.08,2026-04-05,306250
U006240,O013595,1396.97,2026-05-11,306250
U006241,O013596,777.54,2025-09-23,626990
U006243,O013597,357.44,2025-11-12,520725
U006243,O013598,188.46,2025-11-16,520725
U006243,O013599,828.54,2025-11-23,520725
U006243,O013600,1268.67,2025-12-14,520725
U006245,O013601,420.65,2026-01-09,269475
U006245,O013602,376.63,2026-02-04,269475
U006246,O013603,358.06,2025-09-27,860343
U006246,O013604,1017.27,2025-11-11,860343
U006246,O013605,601.08,2025-12-08,860343
U006246,O013606,527.77,2026-01-29,860343
U006246,O013607,342.35,2026-02-09,860343
U006246,O013608,404.55,2026-02-26,860343
U006247,O013609,307.3,2026-02-28,149749
U006247,O013610,601.82,2026-03-09,149749
U006247,O013611,975.02,2026-03-28,149749
U006247,O013612,696.27,2026-04-24,149749
U006247,O013613,594.22,2026-05-05,149749
U006250,O013614,476.8,2026-04-26,313296
U006250,O013615,763.31,2026-05-01,313296
U006251,O013616,528.33,2026-03-18,513443
U006251,O013617,342.27,2026-04-12,513443
U006252,O013618,749.77,2025-12-09,742752
U006252,O013619,973.0,2026-01-22,742752
U006253,O013620,851.84,2026-06-03,484166
U006253,O013621,922.84,2026-07-01,484166
U006254,O013622,176.82,2026-06-16,479343
U006254,O013623,882.46,2026-06-25,479343
U006255,O013624,361.98,2025-10-02,800290
U006255,O013625,526.16,2025-10-27,800290
U006255,O013626,1205.35,2025-11-13,800290
U006257,O013627,614.36,2026-07-15,418733
U006257,O013628,522.16,2026-08-06,418733
U006258,O013629,273.21,2026-03-24,365682
U006260,O013630,464.68,2026-04-01,351700
U006260,O013631,1103.08,2026-05-10,351700
U006260,O013632,501.67,2026-05-16,351700
U006260,O013633,185.79,2026-06-25,351700
U006260,O013634,708.53,2026-07-04,351700
U006264,O013635,181.87,2026-06-16,233557
U006264,O013636,251.26,2026-08-14,233557
U006267,O013637,784.86,2026-07-16,548805
U006267,O013638,1576.48,2026-07-31,548805
U006268,O013639,561.05,2026-05-10,489218
U006269,O013640,770.34,2026-03-07,342222
U006269,O013641,704.74,2026-03-25,342222
U006269,O013642,555.51,2026-04-30,342222
U006271,O013643,425.51,2026-06-01,745966
U006271,O013644,1048.52,2026-06-27,745966
U006272,O013645,793.71,2026-06-16,187450
U006273,O013646,595.32,2026-05-23,571929
U006273,O013647,902.64,2026-07-04,571929
U006274,O013648,589.91,2025-12-21,423148
U006275,O013649,788.36,2026-04-23,418777
U006275,O013650,1541.28,2026-06-04,418777
U006275,O013651,202.87,2026-06-18,418777
U006275,O013652,536.82,2026-07-06,418777
U006277,O013653,591.99,2026-04-14,436440
U006277,O013654,710.42,2026-06-01,436440
U006277,O013655,526.13,2026-07-06,436440
U006278,O013656,1166.27,2025-11-01,312838
U006280,O013657,772.88,2025-09-21,692335
U006280,O013658,515.52,2025-10-14,692335
U006281,O013659,1287.11,2026-01-09,234725
U006281,O013660,896.52,2026-01-30,234725
U006281,O013661,1040.67,2026-02-28,234725
U006281,O013662,717.8,2026-03-30,234725
U006282,O013663,299.16,2026-05-22,849774
U006282,O013664,299.83,2026-06-01,849774
U006282,O013665,49.0,2026-07-12,849774
U006283,O013666,607.82,2026-02-18,263861
U006283,O013667,354.94,2026-02-28,263861
U006284,O013668,642.58,2026-04-21,497428
U006284,O013669,566.35,2026-05-15,497428
U006284,O013670,411.34,2026-06-08,497428
U006285,O013671,546.56,2025-11-21,333228
U006285,O013672,587.18,2026-01-02,333228
U006285,O013673,625.45,2026-01-03,333228
U006285,O013674,924.04,2026-01-23,333228
U006286,O013675,1089.05,2026-03-03,603081
U006286,O013676,992.4,2026-04-12,603081
U006286,O013677,761.96,2026-05-25,603081
U006287,O013678,451.64,2026-02-20,473290
U006287,O013679,736.26,2026-05-09,473290
U006288,O013680,773.18,2025-10-04,205023
U006288,O013681,883.05,2025-10-24,205023
U006288,O013682,889.16,2025-11-09,205023
U006288,O013683,380.91,2025-11-29,205023
U006288,O013684,388.59,2025-12-13,205023
U006290,O013685,388.43,2026-05-16,613455
U006291,O013686,737.43,2026-06-22,231468
U006291,O013687,636.49,2026-08-03,231468
U006292,O013688,1025.95,2026-05-17,874530
U006292,O013689,644.45,2026-05-22,874530
U006293,O013690,371.6,2025-10-17,654780
U006293,O013691,770.11,2025-11-06,654780
U006293,O013692,1044.6,2025-12-02,654780
U006293,O013693,393.53,2025-12-13,654780
U006293,O013694,675.32,2025-12-17,654780
U006294,O013695,725.48,2026-08-02,664665
U006295,O013696,1265.32,2026-02-02,687949
U006295,O013697,349.34,2026-02-08,687949
U006295,O013698,168.55,2026-05-09,687949
U006297,O013699,421.3,2025-11-19,713463
U006298,O013700,940.97,2026-04-07,344753
U006298,O013701,510.38,2026-05-26,344753
U006299,O013702,368.51,2026-06-04,799165
U006299,O013703,1159.6,2026-06-06,799165
U006300,O013704,781.9,2026-03-18,570957
U006302,O013705,809.02,2026-05-17,275543
U006302,O013706,492.38,2026-05-19,275543
U006302,O013707,513.25,2026-06-19,275543
U006303,O013708,468.22,2026-06-14,569168
U006304,O013709,905.75,2025-10-20,282223
U006304,O013710,643.49,2025-10-30,282223
U006304,O013711,640.98,2025-11-03,282223
U006304,O013712,313.73,2025-12-25,282223
U006305,O013713,422.43,2026-02-08,309160
U006305,O013714,755.15,2026-03-14,309160
U006305,O013715,49.0,2026-04-02,309160
U006306,O013716,960.91,2026-03-15,405772
U006306,O013717,859.56,2026-03-23,405772
U006306,O013718,735.68,2026-05-10,405772
U006306,O013719,339.96,2026-05-27,405772
U006307,O013720,638.85,2025-10-13,416191
U006307,O013721,897.36,2025-10-15,416191
U006307,O013722,482.95,2025-10-21,416191
U006307,O013723,658.57,2025-10-28,416191
U006308,O013724,956.57,2025-11-16,741391
U006309,O013725,161.76,2026-02-06,703326
U006309,O013726,641.74,2026-03-04,703326
U006309,O013727,529.41,2026-03-07,703326
U006310,O013728,1034.59,2026-07-30,849509
U006310,O013729,1591.78,2026-08-10,849509
U006312,O013730,546.32,2026-01-04,702983
U006312,O013731,823.02,2026-01-12,702983
U006313,O013732,454.55,2026-05-27,682889
U006313,O013733,558.43,2026-06-19,682889
U006313,O013734,273.15,2026-07-24,682889
U006313,O013735,715.42,2026-07-28,682889
U006314,O013736,527.0,2025-12-03,394633
U006314,O013737,249.48,2025-12-05,394633
U006314,O013738,452.21,2026-01-02,394633
U006314,O013739,617.59,2026-01-21,394633
U006315,O013740,836.88,2026-01-17,375356
U006315,O013741,647.19,2026-02-03,375356
U006315,O013742,590.53,2026-02-22,375356
U006315,O013743,217.74,2026-05-13,375356
U006315,O013744,963.66,2026-05-21,375356
U006315,O013745,571.94,2026-06-15,375356
U006316,O013746,468.1,2026-04-04,782234
U006316,O013747,917.69,2026-05-27,782234
U006317,O013748,1033.29,2025-12-27,263618
U006317,O013749,793.34,2026-02-03,263618
U006317,O013750,309.33,2026-02-25,263618
U006317,O013751,1204.49,2026-03-28,263618
U006318,O013752,321.43,2026-03-27,517412
U006318,O013753,885.23,2026-05-10,517412
U006318,O013754,273.78,2026-06-12,517412
U006320,O013755,584.62,2025-10-05,679083
U006320,O013756,1053.33,2025-10-31,679083
U006320,O013757,374.87,2025-12-21,679083
U006320,O013758,700.01,2026-01-20,679083
U006320,O013759,281.4,2026-02-12,679083
U006321,O013760,967.5,2026-04-10,386413
U006321,O013761,1024.84,2026-06-05,386413
U006321,O013762,793.68,2026-06-09,386413
U006322,O013763,896.94,2026-08-05,867325
U006324,O013764,465.56,2026-01-29,293405
U006324,O013765,757.98,2026-04-05,293405
U006324,O013766,208.87,2026-05-06,293405
U006324,O013767,580.57,2026-06-01,293405
U006325,O013768,743.25,2026-02-20,668352
U006325,O013769,692.3,2026-03-09,668352
U006327,O013770,926.33,2026-04-27,312446
U006327,O013771,932.12,2026-06-07,312446
U006327,O013772,633.76,2026-06-18,312446
U006327,O013773,641.03,2026-07-24,312446
U006328,O013774,261.82,2026-07-04,329988
U006328,O013775,684.76,2026-07-15,329988
U006331,O013776,603.71,2025-12-02,728173
U006331,O013777,984.32,2025-12-14,728173
U006331,O013778,589.06,2025-12-20,728173
U006332,O013779,667.3,2026-02-05,343803
U006332,O013780,489.58,2026-04-08,343803
U006333,O013781,606.79,2026-04-03,571852
U006333,O013782,661.63,2026-08-22,571852
U006334,O013783,578.89,2025-12-05,612027
U006334,O013784,86.84,2026-04-15,612027
U006334,O013785,469.98,2026-05-19,612027
U006334,O013786,296.88,2026-05-29,612027
U006334,O013787,496.71,2026-07-03,612027
U006335,O013788,359.13,2026-07-21,874003
U006335,O013789,73.3,2026-08-12,874003
U006336,O013790,452.26,2025-11-01,861162
U006337,O013791,49.0,2026-04-02,306256
U006337,O013792,311.03,2026-04-19,306256
U006337,O013793,847.22,2026-05-12,306256
U006338,O013794,374.16,2025-12-07,665565
U006339,O013795,415.61,2026-07-11,773562
U006341,O013796,804.12,2026-01-09,279229
U006341,O013797,702.54,2026-02-08,279229
U006341,O013798,518.8,2026-04-15,279229
U006341,O013799,1198.79,2026-04-30,279229
U006341,O013800,239.84,2026-05-11,279229
U006342,O013801,525.62,2025-09-28,377070
U006342,O013802,560.05,2025-11-10,377070
U006342,O013803,838.62,2025-12-10,377070
U006342,O013804,49.0,2025-12-12,377070
U006342,O013805,258.36,2026-04-03,377070
U006343,O013806,753.66,2026-02-17,373317
U006343,O013807,838.78,2026-03-09,373317
U006343,O013808,650.66,2026-04-05,373317
U006343,O013809,1020.94,2026-04-09,373317
U006345,O013810,1118.0,2026-07-14,212403
U006345,O013811,758.15,2026-08-07,212403
U006347,O013812,872.83,2026-04-02,547779
U006347,O013813,365.49,2026-05-05,547779
U006347,O013814,970.4,2026-06-10,547779
U006348,O013815,496.77,2026-07-18,232036
U006349,O013816,1095.17,2026-03-25,805027
U006350,O013817,281.38,2026-03-22,838080
U006351,O013818,1006.64,2026-04-24,596139
U006351,O013819,244.03,2026-04-29,596139
U006353,O013820,745.82,2026-01-15,784183
U006353,O013821,758.25,2026-05-01,784183
U006354,O013822,710.02,2025-11-13,783345
U006354,O013823,641.9,2025-11-19,783345
U006354,O013824,564.28,2025-11-23,783345
U006355,O013825,941.39,2026-03-15,179989
U006355,O013826,951.62,2026-04-06,179989
U006356,O013827,773.84,2026-08-13,470010
U006357,O013828,777.41,2026-02-26,411839
U006358,O013829,853.32,2025-12-29,205949
U006358,O013830,774.72,2026-03-01,205949
U006358,O013831,1005.84,2026-03-15,205949
U006358,O013832,806.63,2026-04-04,205949
U006358,O013833,580.05,2026-04-17,205949
U006358,O013834,430.08,2026-04-28,205949
U006359,O013835,49.0,2025-12-14,497828
U006360,O013836,568.53,2026-02-25,307341
U006360,O013837,884.77,2026-04-15,307341
U006360,O013838,535.99,2026-04-28,307341
U006360,O013839,911.02,2026-05-28,307341
U006363,O013840,804.94,2026-06-28,228791
U006364,O013841,689.78,2025-11-16,831697
U006365,O013842,1060.07,2026-03-09,362118
U006365,O013843,1023.13,2026-03-11,362118
U006366,O013844,448.99,2025-12-21,680865
U006366,O013845,498.12,2026-01-22,680865
U006367,O013846,837.84,2026-02-08,113737
U006367,O013847,348.87,2026-03-15,113737
U006367,O013848,842.71,2026-03-30,113737
U006368,O013849,891.41,2026-04-18,220266
U006368,O013850,540.68,2026-05-19,220266
U006369,O013851,561.39,2026-03-25,424741
U006369,O013852,497.69,2026-03-29,424741
U006369,O013853,950.51,2026-04-22,424741
U006370,O013854,559.71,2026-02-23,696172
U006370,O013855,936.88,2026-04-20,696172
U006371,O013856,897.8,2025-09-29,727203
U006371,O013857,885.78,2025-10-17,727203
U006372,O013858,494.34,2026-08-04,835003
U006373,O013859,538.33,2026-02-10,576841
U006373,O013860,1009.02,2026-02-11,576841
U006373,O013861,225.69,2026-04-17,576841
U006374,O013862,978.84,2026-03-09,510624
U006375,O013863,471.16,2026-05-23,366836
U006375,O013864,827.52,2026-06-01,366836
U006375,O013865,49.0,2026-06-24,366836
U006376,O013866,852.61,2026-05-11,896489
U006377,O013867,397.13,2025-12-27,149064
U006377,O013868,661.29,2026-01-05,149064
U006377,O013869,1228.79,2026-03-05,149064
U006378,O013870,344.42,2026-05-09,806263
U006378,O013871,498.47,2026-06-23,806263
U006379,O013872,1004.98,2026-04-12,507855
U006379,O013873,666.18,2026-04-23,507855
U006380,O013874,606.88,2025-10-12,692141
U006380,O013875,49.0,2025-11-19,692141
U006380,O013876,57.97,2025-12-20,692141
U006380,O013877,929.33,2025-12-31,692141
U006381,O013878,870.44,2025-11-12,409749
U006381,O013879,709.89,2025-11-15,409749
U006382,O013880,498.33,2026-01-17,829533
U006382,O013881,1390.46,2026-02-27,829533
U006383,O013882,381.95,2026-03-14,389160
U006383,O013883,836.99,2026-05-07,389160
U006385,O013884,546.77,2026-06-28,548622
U006386,O013885,865.17,2026-03-15,596916
U006386,O013886,432.53,2026-03-17,596916
U006387,O013887,323.49,2025-10-29,228809
U006388,O013888,744.07,2026-05-24,555948
U006388,O013889,472.24,2026-06-25,555948
U006389,O013890,495.35,2026-01-25,414249
U006389,O013891,871.44,2026-01-27,414249
U006389,O013892,1029.45,2026-02-23,414249
U006390,O013893,634.35,2025-12-07,771590
U006391,O013894,375.21,2025-10-13,296891
U006392,O013895,200.13,2026-03-21,714671
U006392,O013896,322.94,2026-03-25,714671
U006392,O013897,554.41,2026-05-11,714671
U006394,O013898,49.0,2026-08-01,174342
U006395,O013899,564.69,2026-02-15,158767
U006395,O013900,949.95,2026-03-11,158767
U006395,O013901,828.78,2026-03-23,158767
U006396,O013902,661.12,2026-02-01,704531
U006397,O013903,903.65,2026-06-03,208835
U006397,O013904,833.05,2026-06-29,208835
U006398,O013905,956.83,2026-01-29,887931
U006398,O013906,732.71,2026-02-16,887931
U006398,O013907,597.13,2026-02-18,887931
U006399,O013908,1191.12,2026-05-21,172634
U006399,O013909,425.96,2026-05-29,172634
U006400,O013910,623.1,2026-04-05,844740
U006400,O013911,240.19,2026-04-17,844740
U006400,O013912,480.9,2026-04-19,844740
U006401,O013913,169.1,2025-11-11,635333
U006401,O013914,1164.06,2025-12-18,635333
U006401,O013915,1010.1,2026-03-09,635333
U006401,O013916,1112.03,2026-03-10,635333
U006402,O013917,520.85,2026-07-11,254187
U006403,O013918,475.57,2026-06-23,846889
U006405,O013919,595.03,2026-04-10,332130
U006408,O013920,875.84,2025-12-17,791128
U006408,O013921,49.0,2026-01-07,791128
U006408,O013922,1097.91,2026-01-22,791128
U006408,O013923,1104.09,2026-01-27,791128
U006409,O013924,560.24,2026-02-19,618357
U006409,O013925,456.16,2026-03-01,618357
U006409,O013926,1079.58,2026-04-01,618357
U006410,O013927,882.73,2026-03-22,322613
U006411,O013928,234.01,2026-08-10,491272
U006412,O013929,627.31,2026-08-25,366124
U006413,O013930,892.46,2026-01-10,710931
U006413,O013931,868.93,2026-02-09,710931
U006413,O013932,49.0,2026-04-25,710931
U006414,O013933,1267.34,2025-10-04,670514
U006414,O013934,265.93,2025-10-16,670514
U006414,O013935,588.24,2025-12-02,670514
U006414,O013936,423.19,2025-12-06,670514
U006416,O013937,49.0,2026-06-08,305762
U006416,O013938,815.92,2026-06-13,305762
U006419,O013939,1261.5,2025-11-02,559563
U006421,O013940,321.09,2026-06-25,318923
U006421,O013941,249.75,2026-07-04,318923
U006422,O013942,592.21,2026-07-27,827169
U006423,O013943,505.82,2026-05-13,443023
U006423,O013944,732.21,2026-05-15,443023
U006423,O013945,608.78,2026-07-22,443023
U006424,O013946,555.69,2025-11-15,611336
U006424,O013947,304.94,2025-11-30,611336
U006424,O013948,1091.17,2025-12-01,611336
U006424,O013949,615.43,2025-12-04,611336
U006424,O013950,824.37,2025-12-18,611336
U006425,O013951,508.73,2026-04-08,780041
U006426,O013952,785.28,2026-01-06,142825
U006427,O013953,852.98,2026-02-03,102794
U006427,O013954,81.8,2026-02-26,102794
U006427,O013955,598.71,2026-04-11,102794
U006428,O013956,830.59,2026-06-11,584257
U006428,O013957,779.42,2026-06-30,584257
U006431,O013958,605.44,2026-08-12,635942
U006432,O013959,860.68,2026-02-12,404263
U006432,O013960,598.13,2026-02-21,404263
U006432,O013961,342.01,2026-03-11,404263
U006432,O013962,954.52,2026-04-01,404263
U006432,O013963,628.47,2026-04-30,404263
U006432,O013964,529.83,2026-06-10,404263
U006433,O013965,782.81,2026-01-06,536361
U006434,O013966,1240.3,2026-07-04,557891
U006435,O013967,852.06,2025-12-31,128469
U006435,O013968,1168.01,2026-01-20,128469
U006435,O013969,567.4,2026-02-18,128469
U006435,O013970,945.87,2026-04-13,128469
U006436,O013971,889.5,2026-01-11,372980
U006436,O013972,633.06,2026-01-31,372980
U006436,O013973,635.24,2026-02-14,372980
U006436,O013974,293.44,2026-03-24,372980
U006436,O013975,872.94,2026-05-07,372980
U006436,O013976,670.92,2026-06-17,372980
U006437,O013977,414.22,2025-12-26,349359
U006439,O013978,882.18,2025-10-13,748701
U006439,O013979,801.55,2025-10-18,748701
U006439,O013980,1086.88,2025-11-18,748701
U006439,O013981,984.8,2025-11-21,748701
U006440,O013982,674.97,2026-05-23,418941
U006440,O013983,685.52,2026-05-26,418941
U006440,O013984,557.14,2026-06-02,418941
U006441,O013985,389.91,2026-06-16,594439
U006442,O013986,358.71,2026-05-21,734229
U006443,O013987,592.11,2026-02-06,859979
U006444,O013988,1052.46,2026-08-08,433986
U006444,O013989,756.33,2026-08-22,433986
U006445,O013990,385.49,2026-02-24,870920
U006445,O013991,1023.04,2026-03-09,870920
U006445,O013992,411.34,2026-03-12,870920
U006445,O013993,569.17,2026-03-27,870920
U006445,O013994,779.75,2026-08-20,870920
U006446,O013995,672.19,2026-07-20,133664
U006447,O013996,570.42,2026-06-25,287850
U006447,O013997,938.81,2026-07-01,287850
U006447,O013998,597.12,2026-07-11,287850
U006449,O013999,450.89,2026-03-18,282749
U006449,O014000,532.17,2026-05-31,282749
U006450,O014001,440.47,2025-09-16,527134
U006450,O014002,1021.19,2025-11-02,527134
U006450,O014003,877.33,2025-12-06,527134
U006450,O014004,1272.98,2026-01-07,527134
U006451,O014005,536.78,2026-05-27,472677
U006451,O014006,913.65,2026-07-07,472677
U006452,O014007,658.49,2025-10-19,182138
U006453,O014008,545.34,2026-03-26,858794
U006453,O014009,582.18,2026-06-20,858794
U006454,O014010,875.93,2026-04-24,531965
U006454,O014011,756.24,2026-06-04,531965
U006454,O014012,1072.5,2026-06-09,531965
U006455,O014013,852.72,2026-07-14,563872
U006457,O014014,708.38,2025-10-16,493681
U006458,O014015,687.06,2025-10-27,159571
U006459,O014016,851.17,2026-06-27,716937
U006459,O014017,49.0,2026-07-08,716937
U006459,O014018,568.37,2026-07-18,716937
U006459,O014019,495.87,2026-08-25,716937
U006460,O014020,995.06,2026-07-24,378997
U006460,O014021,49.0,2026-08-02,378997
U006461,O014022,611.93,2026-02-07,487550
U006461,O014023,391.92,2026-02-21,487550
U006461,O014024,450.67,2026-03-15,487550
U006461,O014025,991.02,2026-04-01,487550
U006461,O014026,842.33,2026-04-09,487550
U006462,O014027,49.0,2026-08-01,735394
U006463,O014028,940.88,2025-12-17,390736
U006463,O014029,49.0,2026-01-22,390736
U006463,O014030,1100.51,2026-01-30,390736
U006464,O014031,1143.96,2025-10-08,613747
U006464,O014032,1131.36,2025-11-11,613747
U006464,O014033,1109.4,2025-11-13,613747
U006466,O014034,770.25,2025-10-14,254356
U006468,O014035,912.29,2026-06-27,631472
U006468,O014036,657.92,2026-07-15,631472
U006469,O014037,793.89,2026-01-21,804867
U006469,O014038,724.38,2026-03-24,804867
U006469,O014039,915.82,2026-03-28,804867
U006470,O014040,555.85,2026-05-28,238662
U006470,O014041,400.16,2026-06-06,238662
U006470,O014042,979.8,2026-07-13,238662
U006470,O014043,697.43,2026-07-23,238662
U006471,O014044,915.42,2025-10-08,410271
U006471,O014045,962.59,2025-12-15,410271
U006473,O014046,315.57,2025-11-25,612114
U006473,O014047,391.38,2025-12-29,612114
U006473,O014048,156.86,2026-01-25,612114
U006473,O014049,556.25,2026-01-28,612114
U006474,O014050,933.86,2026-01-16,352102
U006474,O014051,713.67,2026-02-14,352102
U006474,O014052,507.3,2026-03-04,352102
U006475,O014053,1204.62,2025-12-16,726618
U006475,O014054,967.98,2026-01-25,726618
U006475,O014055,359.38,2026-03-04,726618
U006476,O014056,797.67,2026-03-08,153982
U006477,O014057,573.49,2025-09-29,833857
U006478,O014058,129.74,2026-04-26,828073
U006478,O014059,818.26,2026-06-29,828073
U006479,O014060,385.28,2026-03-05,620385
U006479,O014061,245.5,2026-04-20,620385
U006479,O014062,451.74,2026-05-10,620385
U006480,O014063,1081.26,2026-07-10,787986
U006480,O014064,914.46,2026-08-01,787986
U006481,O014065,567.28,2025-12-26,530426
U006481,O014066,1007.88,2026-02-07,530426
U006481,O014067,810.3,2026-03-01,530426
U006481,O014068,583.43,2026-03-21,530426
U006482,O014069,636.05,2026-04-17,462930
U006482,O014070,756.96,2026-06-11,462930
U006482,O014071,739.7,2026-07-13,462930
U006482,O014072,776.19,2026-07-23,462930
U006483,O014073,430.86,2026-06-25,813520
U006484,O014074,626.55,2025-11-22,705295
U006484,O014075,363.08,2026-01-20,705295
U006484,O014076,513.82,2026-02-12,705295
U006484,O014077,429.52,2026-03-29,705295
U006484,O014078,633.9,2026-04-07,705295
U006485,O014079,533.73,2025-11-10,759012
U006486,O014080,1153.66,2026-07-19,591967
U006486,O014081,456.15,2026-08-01,591967
U006487,O014082,1150.89,2026-01-16,583386
U006487,O014083,779.08,2026-03-06,583386
U006489,O014084,266.63,2026-02-05,800912
U006489,O014085,499.12,2026-07-14,800912
U006490,O014086,436.03,2026-08-23,165350
U006491,O014087,817.91,2025-12-07,534263
U006491,O014088,812.92,2025-12-19,534263
U006491,O014089,744.07,2026-01-22,534263
U006492,O014090,372.99,2026-01-14,498531
U006492,O014091,530.09,2026-02-20,498531
U006492,O014092,694.88,2026-03-02,498531
U006493,O014093,859.45,2025-10-04,852173
U006493,O014094,480.45,2025-11-15,852173
U006493,O014095,635.45,2025-11-30,852173
U006493,O014096,647.5,2025-12-08,852173
U006493,O014097,1184.37,2025-12-19,852173
U006493,O014098,877.89,2026-02-15,852173
U006494,O014099,786.43,2025-12-07,163094
U006494,O014100,825.0,2025-12-09,163094
U006494,O014101,1005.88,2026-02-26,163094
U006495,O014102,257.09,2026-01-09,213574
U006495,O014103,866.48,2026-04-28,213574
U006495,O014104,972.6,2026-06-17,213574
U006496,O014105,496.45,2026-03-23,324899
U006496,O014106,881.05,2026-04-15,324899
U006496,O014107,820.37,2026-05-08,324899
U006496,O014108,687.47,2026-06-20,324899
U006496,O014109,480.16,2026-07-16,324899
U006496,O014110,1137.88,2026-08-01,324899
U006498,O014111,578.86,2025-10-04,251433
U006498,O014112,1230.65,2025-11-05,251433
U006499,O014113,445.48,2026-03-20,638932
U006499,O014114,1245.4,2026-06-16,638932
U006499,O014115,776.29,2026-07-20,638932
U006501,O014116,513.9,2025-12-17,553878
U006501,O014117,563.16,2025-12-22,553878
U006501,O014118,1324.89,2026-02-14,553878
U006501,O014119,638.06,2026-03-23,553878
U006501,O014120,49.0,2026-04-03,553878
U006501,O014121,239.53,2026-05-07,553878
U006501,O014122,637.44,2026-05-18,553878
U006501,O014123,520.75,2026-07-01,553878
U006502,O014124,940.28,2026-05-25,468908
U006503,O014125,591.96,2025-12-27,218280
U006503,O014126,268.94,2026-01-04,218280
U006503,O014127,552.6,2026-01-19,218280
U006503,O014128,949.06,2026-01-20,218280
U006505,O014129,1038.07,2026-08-09,839761
U006506,O014130,492.9,2025-12-10,220606
U006506,O014131,622.25,2025-12-15,220606
U006506,O014132,887.63,2025-12-24,220606
U006508,O014133,481.21,2026-07-16,426720
U006508,O014134,763.74,2026-07-22,426720
U006509,O014135,230.14,2026-04-20,144537
U006509,O014136,805.83,2026-06-09,144537
U006509,O014137,868.32,2026-06-11,144537
U006510,O014138,1197.85,2025-12-29,262215
U006510,O014139,1076.57,2026-01-05,262215
U006510,O014140,898.08,2026-02-16,262215
U006510,O014141,943.45,2026-02-18,262215
U006512,O014142,381.99,2026-04-18,366411
U006512,O014143,311.71,2026-04-23,366411
U006512,O014144,213.93,2026-04-29,366411
U006512,O014145,669.42,2026-05-20,366411
U006513,O014146,926.88,2026-05-04,308442
U006513,O014147,438.48,2026-08-05,308442
U006513,O014148,457.34,2026-08-20,308442
U006514,O014149,864.68,2026-03-03,250056
U006515,O014150,557.26,2026-04-25,859825
U006515,O014151,1041.98,2026-05-26,859825
U006517,O014152,348.03,2026-03-28,427526
U006517,O014153,49.0,2026-04-23,427526
U006519,O014154,141.45,2026-05-25,529163
U006519,O014155,540.76,2026-06-01,529163
U006519,O014156,359.85,2026-08-14,529163
U006520,O014157,351.28,2026-02-06,196943
U006520,O014158,1588.14,2026-03-13,196943
U006520,O014159,948.41,2026-04-03,196943
U006520,O014160,172.34,2026-04-09,196943
U006521,O014161,405.63,2025-10-03,831526
U006521,O014162,404.15,2025-10-13,831526
U006522,O014163,954.42,2026-06-05,121989
U006523,O014164,514.77,2026-07-10,746120
U006523,O014165,528.18,2026-08-11,746120
U006524,O014166,1070.17,2025-12-19,632732
U006524,O014167,669.71,2026-02-02,632732
U006525,O014168,621.91,2025-12-06,416702
U006525,O014169,1132.12,2026-01-02,416702
U006526,O014170,821.04,2026-07-09,542873
U006526,O014171,1100.35,2026-07-27,542873
U006527,O014172,478.58,2026-03-17,330650
U006527,O014173,887.32,2026-03-20,330650
U006528,O014174,729.0,2026-05-24,720310
U006528,O014175,976.64,2026-07-01,720310
U006529,O014176,49.0,2026-05-13,120602
U006529,O014177,698.37,2026-05-25,120602
U006530,O014178,618.09,2026-04-18,866550
U006530,O014179,724.78,2026-05-03,866550
U006531,O014180,1172.54,2025-12-15,646469
U006531,O014181,555.67,2025-12-21,646469
U006533,O014182,875.8,2025-09-14,546425
U006533,O014183,674.4,2025-09-26,546425
U006534,O014184,752.43,2026-04-18,609779
U006534,O014185,381.33,2026-04-21,609779
U006534,O014186,1207.8,2026-04-26,609779
U006536,O014187,690.17,2026-06-13,813292
U006536,O014188,967.59,2026-06-17,813292
U006537,O014189,1249.33,2026-02-02,398921
U006540,O014190,649.17,2026-05-19,533001
U006541,O014191,777.41,2026-06-17,197101
U006542,O014192,336.98,2025-12-21,872401
U006542,O014193,459.52,2025-12-26,872401
U006542,O014194,685.15,2026-01-09,872401
U006543,O014195,292.39,2026-06-27,625010
U006543,O014196,245.3,2026-07-17,625010
U006543,O014197,917.57,2026-08-07,625010
U006544,O014198,282.86,2026-01-21,827919
U006544,O014199,376.14,2026-04-16,827919
U006544,O014200,513.61,2026-05-23,827919
U006547,O014201,1091.61,2026-02-20,342351
U006547,O014202,848.41,2026-03-09,342351
U006548,O014203,535.17,2026-01-09,453294
U006548,O014204,768.14,2026-02-14,453294
U006548,O014205,1159.72,2026-04-14,453294
U006550,O014206,554.42,2026-04-16,828751
U006550,O014207,943.52,2026-05-28,828751
U006550,O014208,319.63,2026-06-14,828751
U006550,O014209,147.51,2026-06-24,828751
U006550,O014210,867.78,2026-07-14,828751
U006551,O014211,546.31,2026-05-10,661213
U006552,O014212,665.11,2026-01-30,671534
U006552,O014213,939.81,2026-03-03,671534
U006552,O014214,1082.44,2026-03-18,671534
U006553,O014215,1176.13,2025-12-12,134989
U006554,O014216,804.86,2026-02-05,590762
U006555,O014217,95.48,2026-03-03,318903
U006555,O014218,799.59,2026-03-06,318903
U006555,O014219,852.8,2026-03-11,318903
U006557,O014220,789.73,2026-01-29,774255
U006557,O014221,535.59,2026-02-02,774255
U006558,O014222,501.66,2025-10-31,829026
U006558,O014223,1157.81,2025-11-06,829026
U006558,O014224,1004.11,2025-11-24,829026
U006559,O014225,743.25,2026-01-04,382116
U006560,O014226,224.94,2026-03-15,845875
U006560,O014227,837.48,2026-05-29,845875
U006560,O014228,311.55,2026-06-20,845875
U006560,O014229,49.0,2026-07-03,845875
U006561,O014230,444.37,2026-04-18,433718
U006561,O014231,214.56,2026-04-29,433718
U006562,O014232,1116.7,2026-08-07,516177
U006563,O014233,909.29,2026-08-25,427901
U006564,O014234,162.62,2026-03-27,380756
U006565,O014235,711.46,2026-05-19,496337
U006565,O014236,211.36,2026-05-21,496337
U006565,O014237,414.18,2026-05-27,496337
U006566,O014238,403.05,2026-03-22,640313
U006566,O014239,58.93,2026-05-20,640313
U006566,O014240,603.27,2026-05-27,640313
U006566,O014241,352.89,2026-06-01,640313
U006567,O014242,551.15,2026-05-06,695700
U006567,O014243,514.23,2026-05-20,695700
U006569,O014244,664.34,2026-07-13,413469
U006569,O014245,696.77,2026-07-16,413469
U006570,O014246,759.18,2025-12-09,146190
U006570,O014247,501.59,2025-12-22,146190
U006571,O014248,1017.75,2025-11-10,647828
U006572,O014249,420.28,2026-03-26,899129
U006572,O014250,321.69,2026-04-03,899129
U006572,O014251,842.19,2026-06-30,899129
U006572,O014252,359.65,2026-07-11,899129
U006573,O014253,443.88,2026-05-11,414014
U006574,O014254,990.68,2025-10-03,342550
U006574,O014255,393.76,2025-10-17,342550
U006576,O014256,540.94,2026-08-04,570799
U006576,O014257,314.51,2026-08-25,570799
U006577,O014258,375.02,2026-01-25,849799
U006577,O014259,592.31,2026-02-01,849799
U006577,O014260,376.53,2026-03-25,849799
U006577,O014261,1052.94,2026-03-27,849799
U006578,O014262,878.95,2026-05-02,728715
U006580,O014263,188.89,2026-01-23,427152
U006580,O014264,788.79,2026-02-18,427152
U006580,O014265,885.25,2026-03-08,427152
U006581,O014266,526.84,2026-07-05,281097
U006583,O014267,370.64,2025-12-26,434496
U006583,O014268,438.18,2026-03-05,434496
U006583,O014269,1198.38,2026-03-20,434496
U006583,O014270,221.51,2026-05-03,434496
U006584,O014271,986.84,2026-04-21,522711
U006584,O014272,1181.89,2026-06-11,522711
U006585,O014273,158.81,2026-05-27,193993
U006585,O014274,712.2,2026-07-09,193993
U006585,O014275,639.99,2026-08-06,193993
U006587,O014276,965.43,2026-04-25,161887
U006587,O014277,910.14,2026-06-08,161887
U006588,O014278,110.01,2025-10-20,632076
U006590,O014279,406.2,2026-07-04,708799
U006591,O014280,872.78,2025-11-27,513072
U006591,O014281,49.0,2025-12-18,513072
U006591,O014282,462.15,2026-02-01,513072
U006591,O014283,494.01,2026-02-28,513072
U006592,O014284,538.69,2025-12-17,617725
U006593,O014285,428.57,2026-06-26,641753
U006594,O014286,466.61,2026-08-21,313701
U006595,O014287,244.89,2026-04-14,753466
U006595,O014288,49.0,2026-05-06,753466
U006597,O014289,663.52,2025-10-11,349184
U006597,O014290,1126.16,2025-10-16,349184
U006597,O014291,690.64,2025-11-12,349184
U006597,O014292,347.08,2025-11-18,349184
U006598,O014293,375.16,2025-10-24,204388
U006598,O014294,1351.47,2025-10-31,204388
U006598,O014295,445.8,2025-12-31,204388
U006599,O014296,728.15,2026-05-15,249448
U006599,O014297,699.85,2026-08-12,249448
U006600,O014298,845.92,2026-07-12,134933
U006600,O014299,592.34,2026-08-14,134933
U006601,O014300,767.23,2025-10-21,790947
U006601,O014301,456.65,2025-11-05,790947
U006603,O014302,578.68,2025-11-12,878944
U006603,O014303,325.31,2026-01-28,878944
U006604,O014304,926.67,2026-03-11,863474
U006604,O014305,718.26,2026-04-21,863474
U006604,O014306,465.94,2026-04-24,863474
U006604,O014307,282.07,2026-07-06,863474
U006607,O014308,440.8,2026-01-19,491722
U006608,O014309,538.26,2026-06-07,804192
U006608,O014310,657.8,2026-06-20,804192
U006609,O014311,893.25,2025-12-04,872678
U006610,O014312,790.18,2026-02-02,584391
U006610,O014313,532.85,2026-03-26,584391
U006610,O014314,576.35,2026-04-06,584391
U006611,O014315,1067.62,2025-11-24,588461
U006611,O014316,852.97,2025-12-27,588461
U006612,O014317,261.37,2026-02-11,693246
U006612,O014318,806.37,2026-04-18,693246
U006612,O014319,427.31,2026-04-20,693246
U006612,O014320,450.89,2026-05-26,693246
U006612,O014321,1212.51,2026-07-15,693246
U006613,O014322,1003.56,2026-02-11,517148
U006613,O014323,139.88,2026-05-07,517148
U006613,O014324,817.47,2026-07-03,517148
U006613,O014325,329.86,2026-08-08,517148
U006613,O014326,393.96,2026-08-26,517148
U006614,O014327,497.75,2025-09-18,208660
U006614,O014328,319.35,2025-10-21,208660
U006614,O014329,642.22,2025-10-24,208660
U006614,O014330,327.49,2025-10-25,208660
U006614,O014331,755.51,2025-11-04,208660
U006614,O014332,946.73,2025-11-25,208660
U006615,O014333,673.43,2026-08-20,139763
U006616,O014334,723.89,2025-11-20,454873
U006617,O014335,510.42,2025-10-22,247943
U006617,O014336,694.62,2025-10-25,247943
U006617,O014337,991.94,2025-11-17,247943
U006618,O014338,782.12,2026-04-10,880121
U006618,O014339,190.71,2026-04-14,880121
U006619,O014340,807.07,2025-11-11,470071
U006619,O014341,970.42,2025-12-05,470071
U006619,O014342,1712.18,2025-12-24,470071
U006619,O014343,815.72,2026-02-05,470071
U006619,O014344,950.76,2026-03-29,470071
U006620,O014345,706.36,2026-07-09,489990
U006621,O014346,282.48,2026-07-09,858562
U006622,O014347,805.55,2026-03-19,422636
U006623,O014348,674.01,2026-02-14,567610
U006623,O014349,173.42,2026-03-03,567610
U006624,O014350,809.65,2026-05-02,675806
U006624,O014351,84.65,2026-05-17,675806
U006626,O014352,758.04,2025-10-29,562014
U006626,O014353,589.59,2025-12-21,562014
U006626,O014354,1022.77,2026-02-26,562014
U006627,O014355,687.61,2026-08-15,684952
U006628,O014356,909.63,2026-04-15,743970
U006629,O014357,228.45,2025-11-19,513407
U006629,O014358,1212.01,2025-11-24,513407
U006630,O014359,1385.24,2026-08-08,162340
U006631,O014360,71.84,2026-07-07,210722
U006632,O014361,258.19,2026-04-02,448242
U006633,O014362,682.67,2026-06-08,475353
U006633,O014363,439.55,2026-07-19,475353
U006633,O014364,791.87,2026-07-24,475353
U006634,O014365,1126.59,2025-12-17,685634
U006634,O014366,534.29,2025-12-22,685634
U006635,O014367,660.09,2026-07-22,772439
U006636,O014368,1075.5,2026-02-18,553963
U006636,O014369,281.28,2026-02-22,553963
U006636,O014370,318.1,2026-03-03,553963
U006636,O014371,678.83,2026-03-19,553963
U006636,O014372,402.22,2026-05-27,553963
U006637,O014373,405.19,2026-04-26,620275
U006637,O014374,1404.22,2026-06-04,620275
U006637,O014375,886.49,2026-06-19,620275
U006637,O014376,813.07,2026-06-30,620275
U006637,O014377,567.66,2026-07-15,620275
U006637,O014378,104.75,2026-07-22,620275
U006637,O014379,296.94,2026-08-14,620275
U006637,O014380,891.39,2026-08-21,620275
U006638,O014381,522.3,2026-06-26,223347
U006638,O014382,691.25,2026-07-12,223347
U006639,O014383,360.92,2026-01-20,331803
U006639,O014384,907.86,2026-01-29,331803
U006639,O014385,49.0,2026-02-02,331803
U006640,O014386,876.98,2026-07-28,620801
U006641,O014387,850.72,2026-05-12,214783
U006641,O014388,498.13,2026-06-01,214783
U006641,O014389,880.21,2026-07-01,214783
U006643,O014390,610.15,2025-11-18,462368
U006643,O014391,417.62,2025-12-22,462368
U006644,O014392,931.66,2026-03-10,601907
U006644,O014393,1500.95,2026-03-22,601907
U006644,O014394,955.63,2026-05-27,601907
U006644,O014395,822.15,2026-05-31,601907
U006644,O014396,569.14,2026-07-17,601907
U006645,O014397,580.17,2026-07-30,468102
U006646,O014398,691.98,2026-06-24,660286
U006646,O014399,1051.94,2026-06-25,660286
U006646,O014400,741.06,2026-08-01,660286
U006647,O014401,219.61,2026-03-29,570362
U006647,O014402,928.5,2026-04-11,570362
U006647,O014403,192.86,2026-04-18,570362
U006648,O014404,298.37,2026-07-09,775055
U006648,O014405,660.13,2026-07-25,775055
U006649,O014406,248.34,2026-08-24,377357
U006652,O014407,425.74,2026-04-30,649638
U006653,O014408,904.81,2026-07-23,888686
U006655,O014409,451.49,2026-05-24,172232
U006655,O014410,255.86,2026-06-03,172232
U006655,O014411,49.0,2026-06-13,172232
U006656,O014412,533.79,2026-03-13,822239
U006658,O014413,218.46,2026-05-04,696653
U006658,O014414,302.16,2026-05-28,696653
U006659,O014415,348.5,2025-11-07,896711
U006659,O014416,757.4,2025-11-12,896711
U006660,O014417,186.79,2025-10-19,311412
U006660,O014418,950.47,2025-10-23,311412
U006660,O014419,1163.16,2025-10-30,311412
U006660,O014420,1297.45,2025-11-26,311412
U006661,O014421,737.25,2025-11-27,667297
U006661,O014422,568.34,2026-01-04,667297
U006661,O014423,973.36,2026-01-23,667297
U006662,O014424,118.39,2026-04-11,482416
U006662,O014425,1345.27,2026-04-22,482416
U006663,O014426,455.0,2026-08-22,361366
U006664,O014427,252.78,2025-10-26,449713
U006664,O014428,285.16,2025-11-13,449713
U006664,O014429,681.77,2025-12-12,449713
U006665,O014430,416.82,2025-10-29,216937
U006665,O014431,754.11,2025-11-12,216937
U006665,O014432,652.26,2025-12-02,216937
U006666,O014433,622.97,2026-01-07,333515
U006666,O014434,878.8,2026-02-07,333515
U006666,O014435,955.39,2026-02-28,333515
U006668,O014436,476.68,2026-03-21,530490
U006668,O014437,602.17,2026-04-15,530490
U006668,O014438,252.77,2026-05-23,530490
U006668,O014439,53.0,2026-05-30,530490
U006668,O014440,575.52,2026-06-12,530490
U006669,O014441,579.27,2026-08-06,384454
U006670,O014442,461.13,2026-04-10,362862
U006670,O014443,968.37,2026-04-21,362862
U006670,O014444,354.15,2026-05-18,362862
U006670,O014445,1019.56,2026-06-25,362862
U006672,O014446,491.37,2026-06-22,897307
U006672,O014447,844.15,2026-07-15,897307
U006672,O014448,365.17,2026-07-17,897307
U006672,O014449,1100.0,2026-07-27,897307
U006673,O014450,971.63,2025-11-17,666795
U006673,O014451,576.11,2025-12-10,666795
U006674,O014452,646.87,2026-03-29,308559
U006674,O014453,1236.7,2026-04-01,308559
U006674,O014454,769.5,2026-04-27,308559
U006675,O014455,430.67,2025-11-05,323718
U006675,O014456,474.5,2025-11-09,323718
U006675,O014457,504.7,2026-01-02,323718
U006676,O014458,583.23,2026-06-08,832791
U006677,O014459,1073.33,2026-06-04,392374
U006677,O014460,563.85,2026-07-06,392374
U006677,O014461,581.96,2026-07-16,392374
U006677,O014462,903.46,2026-07-29,392374
U006678,O014463,49.0,2026-04-20,110043
U006678,O014464,740.78,2026-04-29,110043
U006679,O014465,942.94,2026-07-07,145209
U006679,O014466,535.88,2026-07-24,145209
U006681,O014467,500.64,2026-03-20,677592
U006681,O014468,484.32,2026-04-08,677592
U006684,O014469,1134.28,2025-11-21,880896
U006684,O014470,448.9,2025-11-25,880896
U006684,O014471,394.8,2025-12-31,880896
U006685,O014472,714.84,2026-05-15,773653
U006686,O014473,733.65,2026-05-26,387010
U006686,O014474,769.2,2026-06-08,387010
U006686,O014475,1177.42,2026-07-05,387010
U006687,O014476,494.94,2026-07-19,499770
U006687,O014477,1134.99,2026-07-30,499770
U006687,O014478,439.27,2026-08-10,499770
U006688,O014479,738.75,2025-12-07,238819
U006688,O014480,144.42,2025-12-23,238819
U006689,O014481,615.96,2026-05-13,319468
U006689,O014482,295.62,2026-05-26,319468
U006689,O014483,744.31,2026-08-23,319468
U006690,O014484,803.3,2026-07-23,776048
U006692,O014485,946.31,2026-04-13,304108
U006692,O014486,673.67,2026-06-05,304108
U006693,O014487,889.22,2026-06-28,222498
U006693,O014488,659.89,2026-07-24,222498
U006693,O014489,851.37,2026-08-21,222498
U006694,O014490,981.55,2026-08-18,851468
U006696,O014491,604.45,2026-05-22,539984
U006696,O014492,598.75,2026-07-11,539984
U006697,O014493,232.64,2026-01-05,321404
U006697,O014494,378.59,2026-03-10,321404
U006697,O014495,330.95,2026-04-17,321404
U006698,O014496,1097.06,2026-04-21,189022
U006698,O014497,310.06,2026-05-16,189022
U006698,O014498,769.01,2026-05-22,189022
U006698,O014499,467.35,2026-08-02,189022
U006699,O014500,1134.59,2026-06-17,309328
U006699,O014501,932.42,2026-07-24,309328
U006701,O014502,539.77,2026-03-03,478322
U006701,O014503,849.98,2026-03-22,478322
U006701,O014504,995.64,2026-04-02,478322
U006702,O014505,670.32,2026-01-16,454685
U006702,O014506,935.69,2026-02-09,454685
U006704,O014507,720.41,2026-03-19,678590
U006704,O014508,594.78,2026-04-10,678590
U006705,O014509,390.86,2025-11-23,226046
U006706,O014510,275.81,2026-08-17,525484
U006707,O014511,486.7,2026-07-20,549608
U006707,O014512,915.95,2026-08-24,549608
U006708,O014513,799.74,2026-05-29,483352
U006708,O014514,745.72,2026-06-26,483352
U006710,O014515,549.61,2026-03-01,616447
U006712,O014516,795.61,2026-04-12,238592
U006713,O014517,302.81,2025-12-20,161010
U006713,O014518,855.99,2026-01-03,161010
U006713,O014519,485.75,2026-01-28,161010
U006713,O014520,57.42,2026-02-10,161010
U006714,O014521,384.29,2026-02-04,793148
U006714,O014522,811.28,2026-03-24,793148
U006715,O014523,939.79,2025-12-23,735789
U006716,O014524,135.35,2026-04-08,347953
U006716,O014525,365.19,2026-05-30,347953
U006716,O014526,944.77,2026-06-27,347953
U006716,O014527,1005.65,2026-07-21,347953
U006717,O014528,178.1,2026-02-06,294118
U006717,O014529,332.25,2026-02-12,294118
U006717,O014530,718.63,2026-02-13,294118
U006717,O014531,1161.32,2026-03-29,294118
U006717,O014532,673.57,2026-04-14,294118
U006719,O014533,538.16,2025-09-23,451829
U006719,O014534,1068.37,2025-10-26,451829
U006720,O014535,348.19,2026-08-05,634836
U006721,O014536,766.17,2025-10-15,784958
U006721,O014537,748.52,2025-10-19,784958
U006721,O014538,324.88,2025-11-10,784958
U006722,O014539,300.54,2026-02-22,665378
U006722,O014540,661.34,2026-03-01,665378
U006722,O014541,175.44,2026-03-07,665378
U006722,O014542,617.97,2026-04-04,665378
U006722,O014543,442.6,2026-06-25,665378
U006723,O014544,269.67,2025-12-18,181060
U006724,O014545,1036.41,2025-12-25,589084
U006724,O014546,1437.77,2026-01-20,589084
U006724,O014547,255.7,2026-02-08,589084
U006725,O014548,902.28,2026-06-01,158087
U006725,O014549,389.56,2026-07-13,158087
U006726,O014550,322.37,2026-05-19,512935
U006728,O014551,850.21,2026-06-28,504572
U006728,O014552,571.5,2026-07-21,504572
U006728,O014553,1238.96,2026-07-22,504572
U006729,O014554,692.38,2026-01-26,806817
U006730,O014555,931.44,2026-06-04,807344
U006731,O014556,325.75,2025-12-13,150339
U006731,O014557,935.79,2026-02-21,150339
U006731,O014558,726.11,2026-02-24,150339
U006733,O014559,601.98,2026-03-02,540207
U006734,O014560,507.37,2025-12-29,145017
U006734,O014561,426.53,2026-01-07,145017
U006734,O014562,391.43,2026-01-27,145017
U006734,O014563,462.49,2026-02-06,145017
U006734,O014564,751.15,2026-03-16,145017
U006735,O014565,875.79,2025-10-28,143288
U006735,O014566,1077.15,2025-11-21,143288
U006735,O014567,836.59,2026-02-16,143288
U006736,O014568,689.59,2026-04-10,653702
U006736,O014569,507.2,2026-04-15,653702
U006736,O014570,1150.58,2026-05-27,653702
U006737,O014571,361.99,2026-06-15,633093
U006738,O014572,548.18,2025-10-26,897453
U006738,O014573,610.81,2025-11-04,897453
U006738,O014574,977.22,2025-11-06,897453
U006738,O014575,506.7,2025-12-12,897453
U006739,O014576,535.5,2026-05-31,445701
U006739,O014577,313.65,2026-07-11,445701
U006740,O014578,1203.27,2026-01-13,363718
U006741,O014579,592.81,2025-09-29,810560
U006741,O014580,80.88,2025-12-02,810560
U006741,O014581,1072.72,2026-01-14,810560
U006741,O014582,747.86,2026-02-01,810560
U006741,O014583,875.06,2026-02-14,810560
U006742,O014584,52.44,2026-05-17,765483
U006742,O014585,866.67,2026-06-20,765483
U006742,O014586,751.97,2026-07-15,765483
U006742,O014587,1041.11,2026-07-23,765483
U006742,O014588,573.02,2026-08-18,765483
U006743,O014589,976.53,2026-07-13,276543
U006743,O014590,804.16,2026-08-04,276543
U006744,O014591,765.21,2025-12-16,790062
U006744,O014592,531.28,2025-12-20,790062
U006744,O014593,811.63,2026-01-02,790062
U006744,O014594,326.42,2026-01-20,790062
U006745,O014595,49.0,2026-01-12,846599
U006745,O014596,443.97,2026-02-02,846599
U006745,O014597,440.79,2026-04-18,846599
U006745,O014598,545.07,2026-05-07,846599
U006745,O014599,862.05,2026-05-21,846599
U006746,O014600,945.49,2026-08-08,225897
U006747,O014601,878.68,2025-11-17,250395
U006747,O014602,493.01,2025-12-27,250395
U006747,O014603,588.44,2026-01-30,250395
U006748,O014604,376.51,2026-08-13,106900
U006749,O014605,619.88,2025-11-24,806038
U006750,O014606,997.13,2026-06-17,253212
U006750,O014607,860.16,2026-06-22,253212
U006750,O014608,551.26,2026-07-21,253212
U006751,O014609,803.01,2026-08-01,377701
U006751,O014610,738.0,2026-08-14,377701
U006751,O014611,526.72,2026-08-17,377701
U006752,O014612,809.65,2026-03-06,659990
U006752,O014613,807.69,2026-05-06,659990
U006752,O014614,929.81,2026-05-14,659990
U006752,O014615,548.1,2026-05-16,659990
U006752,O014616,531.39,2026-05-22,659990
U006752,O014617,719.2,2026-07-05,659990
U006753,O014618,494.67,2026-07-15,818642
U006753,O014619,727.34,2026-07-17,818642
U006754,O014620,378.01,2025-12-21,222229
U006754,O014621,1355.24,2025-12-27,222229
U006755,O014622,325.99,2026-06-24,122493
U006756,O014623,889.76,2025-11-08,333839
U006756,O014624,903.71,2025-12-25,333839
U006757,O014625,906.24,2025-11-02,776371
U006757,O014626,633.7,2026-01-19,776371
U006757,O014627,734.63,2026-03-13,776371
U006758,O014628,552.51,2026-08-25,119628
U006759,O014629,49.0,2025-10-12,688385
U006759,O014630,652.07,2025-10-17,688385
U006759,O014631,805.66,2025-12-08,688385
U006759,O014632,627.73,2026-02-12,688385
U006759,O014633,336.39,2026-02-14,688385
U006759,O014634,67.04,2026-02-24,688385
U006760,O014635,432.59,2026-06-15,271522
U006761,O014636,1008.39,2025-10-03,828056
U006761,O014637,383.79,2025-10-06,828056
U006763,O014638,834.61,2025-11-15,882373
U006763,O014639,599.63,2026-01-16,882373
U006763,O014640,49.0,2026-01-27,882373
U006763,O014641,1069.94,2026-02-05,882373
U006763,O014642,301.18,2026-03-29,882373
U006764,O014643,400.25,2026-06-10,567442
U006765,O014644,655.56,2025-12-25,323931
U006766,O014645,775.52,2026-03-22,524260
U006766,O014646,599.42,2026-04-19,524260
U006766,O014647,804.51,2026-04-22,524260
U006766,O014648,922.23,2026-05-16,524260
U006766,O014649,622.98,2026-06-05,524260
U006767,O014650,718.97,2025-11-02,613335
U006768,O014651,1027.06,2026-03-21,301142
U006769,O014652,613.4,2026-08-22,306209
U006770,O014653,1161.84,2026-02-16,454298
U006771,O014654,1051.19,2026-02-26,828072
U006771,O014655,832.51,2026-04-03,828072
U006772,O014656,1062.05,2026-01-21,345631
U006772,O014657,953.59,2026-04-03,345631
U006772,O014658,757.99,2026-04-06,345631
U006773,O014659,844.78,2026-02-02,478680
U006774,O014660,771.57,2026-01-05,181308
U006774,O014661,1096.58,2026-01-09,181308
U006774,O014662,535.52,2026-02-22,181308
U006774,O014663,856.44,2026-04-15,181308
U006775,O014664,534.59,2026-05-05,788345
U006775,O014665,486.76,2026-06-06,788345
U006775,O014666,866.98,2026-06-11,788345
U006775,O014667,851.46,2026-07-27,788345
U006776,O014668,751.49,2026-02-09,643641
U006776,O014669,693.4,2026-02-21,643641
U006776,O014670,821.08,2026-06-27,643641
U006777,O014671,933.88,2025-12-10,552322
U006778,O014672,591.52,2026-07-21,583581
U006779,O014673,1173.52,2026-06-02,299335
U006780,O014674,981.41,2026-07-23,193398
U006780,O014675,771.56,2026-07-24,193398
U006781,O014676,192.08,2025-11-06,408411
U006782,O014677,649.96,2026-06-16,374451
U006783,O014678,693.9,2026-08-24,483395
U006784,O014679,383.11,2026-07-12,313126
U006784,O014680,480.86,2026-07-29,313126
U006785,O014681,849.76,2025-10-09,661377
U006785,O014682,1137.74,2025-11-05,661377
U006785,O014683,594.62,2025-12-20,661377
U006785,O014684,833.24,2026-01-11,661377
U006786,O014685,581.85,2025-09-06,817784
U006786,O014686,1201.51,2025-09-18,817784
U006786,O014687,573.11,2025-11-07,817784
U006788,O014688,266.71,2026-05-21,237581
U006788,O014689,381.54,2026-06-08,237581
U006789,O014690,417.44,2026-06-16,144338
U006790,O014691,370.87,2026-06-12,871858
U006791,O014692,725.82,2025-12-11,874411
U006791,O014693,134.38,2025-12-25,874411
U006791,O014694,707.17,2026-02-15,874411
U006793,O014695,1149.34,2026-06-06,881680
U006795,O014696,407.42,2025-11-12,111368
U006795,O014697,716.79,2025-11-20,111368
U006795,O014698,527.59,2025-12-04,111368
U006795,O014699,428.22,2025-12-06,111368
U006796,O014700,463.18,2026-02-03,177375
U006796,O014701,1014.85,2026-03-18,177375
U006796,O014702,486.36,2026-04-01,177375
U006798,O014703,793.22,2026-07-19,290124
U006798,O014704,872.01,2026-07-24,290124
U006800,O014705,894.58,2026-03-24,759587
U006800,O014706,393.91,2026-06-06,759587
U006800,O014707,666.43,2026-06-12,759587
U006801,O014708,49.0,2026-06-22,714756
U006801,O014709,274.45,2026-06-25,714756
U006802,O014710,991.67,2025-11-20,211809
U006802,O014711,361.18,2025-11-25,211809
U006803,O014712,566.67,2025-10-29,123413
U006803,O014713,494.74,2025-12-02,123413
U006804,O014714,668.71,2026-03-13,347702
U006804,O014715,1197.58,2026-05-25,347702
U006804,O014716,95.07,2026-06-10,347702
U006805,O014717,461.32,2025-12-25,800683
U006805,O014718,883.15,2026-01-06,800683
U006805,O014719,586.92,2026-02-23,800683
U006805,O014720,1212.59,2026-03-08,800683
U006805,O014721,1161.69,2026-03-11,800683
U006806,O014722,970.62,2025-12-23,663657
U006806,O014723,910.34,2025-12-27,663657
U006807,O014724,1059.75,2026-05-11,871407
U006807,O014725,591.85,2026-05-27,871407
U006807,O014726,328.09,2026-06-20,871407
U006807,O014727,811.02,2026-07-14,871407
U006808,O014728,187.25,2026-04-22,272389
U006808,O014729,1137.1,2026-07-13,272389
U006809,O014730,868.54,2025-11-01,767193
U006810,O014731,49.0,2026-03-08,493945
U006810,O014732,667.97,2026-03-15,493945
U006810,O014733,917.39,2026-04-29,493945
U006810,O014734,1081.31,2026-05-24,493945
U006810,O014735,552.47,2026-06-25,493945
U006811,O014736,802.11,2026-01-24,204079
U006811,O014737,733.78,2026-02-26,204079
U006811,O014738,786.82,2026-04-04,204079
U006812,O014739,381.53,2026-05-20,143021
U006812,O014740,594.44,2026-06-04,143021
U006812,O014741,1048.29,2026-07-25,143021
U006812,O014742,435.18,2026-08-06,143021
U006813,O014743,981.3,2026-03-28,662037
U006813,O014744,427.8,2026-04-04,662037
U006813,O014745,755.49,2026-04-12,662037
U006814,O014746,123.8,2026-06-13,614107
U006814,O014747,704.82,2026-07-13,614107
U006814,O014748,1376.89,2026-07-31,614107
U006815,O014749,233.08,2026-02-13,223962
U006815,O014750,836.48,2026-05-04,223962
U006815,O014751,759.45,2026-05-25,223962
U006815,O014752,835.04,2026-07-08,223962
U006815,O014753,788.37,2026-08-11,223962
U006816,O014754,491.01,2025-10-15,200395
U006816,O014755,569.19,2025-12-18,200395
U006816,O014756,693.71,2026-01-08,200395
U006816,O014757,945.47,2026-01-21,200395
U006817,O014758,543.89,2026-03-14,215286
U006817,O014759,716.68,2026-05-09,215286
U006817,O014760,560.27,2026-05-19,215286
U006817,O014761,177.07,2026-06-15,215286
U006817,O014762,264.26,2026-06-17,215286
U006817,O014763,677.09,2026-07-08,215286
U006817,O014764,524.41,2026-07-10,215286
U006818,O014765,977.87,2025-11-01,314227
U006818,O014766,501.78,2025-11-22,314227
U006819,O014767,936.2,2025-10-13,155664
U006819,O014768,787.6,2025-11-19,155664
U006820,O014769,679.73,2026-07-22,490303
U006820,O014770,880.28,2026-08-18,490303
U006821,O014771,573.64,2026-02-10,866098
U006821,O014772,722.45,2026-04-19,866098
U006821,O014773,766.6,2026-05-07,866098
U006822,O014774,732.75,2026-08-01,851454
U006823,O014775,676.17,2026-05-26,164219
U006823,O014776,799.69,2026-06-16,164219
U006823,O014777,429.49,2026-08-04,164219
U006824,O014778,895.83,2026-07-03,310961
U006824,O014779,353.63,2026-07-05,310961
U006824,O014780,424.08,2026-07-09,310961
U006825,O014781,1221.67,2026-05-06,687930
U006825,O014782,356.34,2026-05-23,687930
U006826,O014783,1053.74,2025-10-04,841929
U006826,O014784,170.91,2025-10-12,841929
U006827,O014785,397.09,2025-09-05,870707
U006827,O014786,184.08,2025-09-07,870707
U006827,O014787,171.57,2025-10-09,870707
U006827,O014788,964.15,2025-11-07,870707
U006827,O014789,525.67,2025-12-15,870707
U006827,O014790,544.5,2025-12-19,870707
U006827,O014791,482.38,2026-01-22,870707
U006830,O014792,1090.86,2026-01-08,447366
U006830,O014793,438.34,2026-04-13,447366
U006831,O014794,1091.39,2025-12-14,148935
U006831,O014795,988.75,2025-12-22,148935
U006831,O014796,276.87,2026-01-09,148935
U006831,O014797,878.27,2026-02-10,148935
U006831,O014798,883.12,2026-02-21,148935
U006831,O014799,712.62,2026-04-09,148935
U006832,O014800,469.18,2025-11-14,850369
U006833,O014801,1139.73,2026-06-09,877931
U006833,O014802,329.4,2026-06-14,877931
U006833,O014803,98.95,2026-08-13,877931
U006833,O014804,427.42,2026-08-25,877931
U006836,O014805,582.6,2026-05-27,640139
U006836,O014806,1477.71,2026-06-06,640139
U006837,O014807,71.69,2026-03-31,671106
U006837,O014808,548.94,2026-05-03,671106
U006840,O014809,621.77,2026-06-28,114651
U006841,O014810,424.32,2026-07-19,371657
U006841,O014811,970.07,2026-08-10,371657
U006842,O014812,926.85,2026-02-09,604936
U006842,O014813,1289.72,2026-02-10,604936
U006843,O014814,356.9,2026-07-31,730559
U006843,O014815,634.09,2026-08-05,730559
U006844,O014816,1067.01,2026-04-09,212237
U006844,O014817,538.89,2026-04-20,212237
U006844,O014818,822.29,2026-05-28,212237
U006846,O014819,901.08,2025-10-15,331264
U006846,O014820,265.35,2025-10-23,331264
U006846,O014821,988.75,2025-12-04,331264
U006846,O014822,49.0,2025-12-29,331264
U006847,O014823,587.36,2026-02-02,633760
U006848,O014824,933.8,2026-05-02,405442
U006848,O014825,362.33,2026-08-04,405442
U006849,O014826,801.79,2026-01-14,203974
U006850,O014827,833.81,2026-03-19,624971
U006850,O014828,726.79,2026-05-05,624971
U006851,O014829,981.17,2026-02-23,727945
U006851,O014830,1093.99,2026-03-25,727945
U006851,O014831,119.96,2026-03-29,727945
U006851,O014832,512.0,2026-04-09,727945
U006851,O014833,253.32,2026-04-10,727945
U006852,O014834,449.88,2026-07-21,213625
U006854,O014835,674.89,2026-03-27,114208
U006856,O014836,615.86,2026-02-06,637916
U006856,O014837,887.26,2026-02-25,637916
U006857,O014838,1184.38,2025-12-01,829723
U006857,O014839,606.92,2025-12-03,829723
U006857,O014840,779.44,2026-01-25,829723
U006857,O014841,692.63,2026-03-05,829723
U006858,O014842,648.47,2026-06-03,237682
U006859,O014843,912.29,2026-04-12,316486
U006859,O014844,598.94,2026-06-10,316486
U006859,O014845,729.61,2026-06-14,316486
U006859,O014846,681.21,2026-06-22,316486
U006859,O014847,867.91,2026-07-15,316486
U006860,O014848,1309.21,2025-10-25,838816
U006860,O014849,135.5,2025-11-06,838816
U006860,O014850,577.92,2025-12-19,838816
U006860,O014851,347.95,2026-01-18,838816
U006861,O014852,224.17,2026-03-27,571211
U006862,O014853,236.26,2025-10-20,740915
U006862,O014854,343.82,2025-10-29,740915
U006862,O014855,1240.38,2025-12-14,740915
U006862,O014856,645.26,2026-02-26,740915
U006863,O014857,759.43,2026-04-27,372575
U006863,O014858,675.85,2026-05-01,372575
U006863,O014859,1107.67,2026-05-12,372575
U006864,O014860,568.03,2025-09-22,231403
U006864,O014861,1154.06,2025-09-24,231403
U006865,O014862,822.66,2025-11-12,620156
U006865,O014863,879.06,2025-11-24,620156
U006866,O014864,293.84,2026-04-05,536105
U006866,O014865,708.84,2026-05-07,536105
U006866,O014866,82.34,2026-05-24,536105
U006867,O014867,351.0,2026-04-18,189889
U006867,O014868,49.0,2026-04-26,189889
U006867,O014869,153.44,2026-06-22,189889
U006867,O014870,717.61,2026-07-09,189889
U006867,O014871,399.78,2026-08-02,189889
U006868,O014872,396.27,2026-05-18,896151
U006869,O014873,1426.92,2026-06-24,377849
U006870,O014874,941.25,2026-08-24,453133
U006871,O014875,688.66,2026-01-07,630163
U006871,O014876,569.22,2026-01-12,630163
U006873,O014877,428.71,2026-06-07,230548
U006874,O014878,824.41,2026-05-08,621356
U006874,O014879,822.28,2026-05-27,621356
U006874,O014880,457.63,2026-06-06,621356
U006874,O014881,501.54,2026-06-24,621356
U006874,O014882,624.91,2026-07-25,621356
U006875,O014883,872.38,2026-01-09,648454
U006875,O014884,71.08,2026-01-13,648454
U006876,O014885,1086.07,2025-10-11,307366
U006876,O014886,93.37,2025-10-17,307366
U006876,O014887,573.44,2025-11-20,307366
U006876,O014888,795.9,2025-12-05,307366
U006877,O014889,228.84,2025-10-14,180802
U006877,O014890,414.61,2025-10-16,180802
U006878,O014891,346.06,2026-03-29,896328
U006878,O014892,1162.73,2026-04-20,896328
U006878,O014893,230.89,2026-05-12,896328
U006878,O014894,590.83,2026-06-17,896328
U006879,O014895,803.79,2026-02-13,160496
U006879,O014896,930.33,2026-03-15,160496
U006879,O014897,807.49,2026-06-19,160496
U006879,O014898,61.56,2026-07-02,160496
U006880,O014899,515.68,2026-04-25,362257
U006880,O014900,123.97,2026-07-08,362257
U006881,O014901,907.97,2026-08-06,457384
U006882,O014902,672.44,2026-03-04,438481
U006882,O014903,568.41,2026-04-11,438481
U006882,O014904,609.83,2026-05-02,438481
U006883,O014905,794.9,2025-11-30,447895
U006883,O014906,400.99,2025-12-16,447895
U006883,O014907,1139.69,2025-12-24,447895
U006884,O014908,780.26,2026-03-18,814391
U006884,O014909,1052.78,2026-03-20,814391
U006884,O014910,416.42,2026-05-29,814391
U006884,O014911,853.34,2026-06-10,814391
U006884,O014912,697.98,2026-06-28,814391
U006885,O014913,1003.45,2026-04-19,656463
U006885,O014914,732.68,2026-05-20,656463
U006885,O014915,752.29,2026-06-15,656463
U006886,O014916,244.02,2025-10-08,118320
U006886,O014917,348.37,2025-11-02,118320
U006886,O014918,469.56,2026-02-06,118320
U006886,O014919,675.21,2026-04-17,118320
U006887,O014920,278.86,2026-07-24,415257
U006888,O014921,1486.03,2026-06-03,157325
U006888,O014922,413.49,2026-06-18,157325
U006889,O014923,903.91,2025-11-07,125515
U006890,O014924,685.47,2026-06-26,647214
U006890,O014925,630.83,2026-07-14,647214
U006891,O014926,812.35,2026-08-02,282127
U006892,O014927,588.58,2025-09-18,885956
U006893,O014928,898.79,2025-10-08,870512
U006893,O014929,747.64,2025-12-01,870512
U006894,O014930,742.5,2025-12-18,178318
U006894,O014931,795.12,2025-12-28,178318
U006895,O014932,354.07,2026-04-22,623906
U006895,O014933,49.0,2026-05-06,623906
U006897,O014934,277.49,2026-02-10,594321
U006898,O014935,734.65,2025-12-18,363645
U006898,O014936,452.1,2025-12-30,363645
U006898,O014937,664.96,2026-01-07,363645
U006899,O014938,907.85,2025-11-27,298659
U006899,O014939,392.38,2026-01-15,298659
U006899,O014940,486.64,2026-03-07,298659
U006899,O014941,673.64,2026-03-17,298659
U006899,O014942,637.91,2026-04-04,298659
U006900,O014943,900.32,2026-02-27,663175
U006900,O014944,500.55,2026-03-28,663175
U006900,O014945,812.4,2026-04-28,663175
U006900,O014946,1160.59,2026-05-19,663175
U006901,O014947,99.75,2026-08-05,416927
U006901,O014948,843.02,2026-08-09,416927
U006902,O014949,455.3,2026-03-31,382812
U006903,O014950,213.45,2025-09-21,731067
U006903,O014951,606.51,2025-10-13,731067
U006903,O014952,852.85,2025-12-29,731067
U006905,O014953,1134.37,2026-05-18,223216
U006905,O014954,507.64,2026-08-21,223216
U006906,O014955,880.82,2026-08-14,317922
U006907,O014956,579.18,2026-05-17,737940
U006907,O014957,675.66,2026-05-30,737940
U006908,O014958,1226.84,2026-08-11,170360
U006909,O014959,562.09,2026-02-13,429915
U006909,O014960,74.98,2026-02-23,429915
U006909,O014961,752.72,2026-03-12,429915
U006909,O014962,716.54,2026-03-17,429915
U006909,O014963,619.98,2026-06-10,429915
U006910,O014964,967.63,2026-08-21,347249
U006912,O014965,804.59,2026-06-12,289895
U006913,O014966,774.4,2026-04-20,754383
U006914,O014967,704.38,2026-08-23,108559
U006915,O014968,878.22,2025-10-06,723465
U006916,O014969,434.66,2025-09-29,609606
U006917,O014970,547.15,2026-08-20,129307
U006918,O014971,685.5,2026-02-08,130111
U006918,O014972,323.69,2026-02-23,130111
U006918,O014973,349.7,2026-05-13,130111
U006918,O014974,105.75,2026-06-08,130111
U006918,O014975,509.27,2026-06-15,130111
U006919,O014976,1169.54,2026-02-23,531021
U006919,O014977,790.75,2026-03-11,531021
U006920,O014978,629.84,2026-04-01,801953
U006920,O014979,338.97,2026-05-07,801953
U006920,O014980,1154.2,2026-07-01,801953
U006920,O014981,147.2,2026-07-24,801953
U006920,O014982,698.51,2026-08-09,801953
U006922,O014983,548.26,2026-03-08,122710
U006922,O014984,390.8,2026-03-12,122710
U006923,O014985,622.74,2025-12-30,237223
U006923,O014986,1124.18,2026-01-15,237223
U006923,O014987,1076.64,2026-02-05,237223
U006923,O014988,888.15,2026-02-24,237223
U006923,O014989,187.04,2026-03-12,237223
U006924,O014990,878.91,2025-09-21,171767
U006924,O014991,272.59,2025-11-14,171767
U006924,O014992,541.74,2026-02-12,171767
U006924,O014993,376.61,2026-02-19,171767
U006924,O014994,490.66,2026-02-25,171767
U006924,O014995,380.23,2026-03-10,171767
U006924,O014996,810.75,2026-03-23,171767
U006926,O014997,666.9,2026-05-22,372421
U006926,O014998,282.73,2026-08-03,372421
U006927,O014999,488.84,2026-05-21,453079
U006927,O015000,841.65,2026-06-05,453079
U006929,O015001,641.32,2026-06-19,423550
U006929,O015002,1337.59,2026-06-21,423550
U006930,O015003,358.26,2026-03-09,820018
U006930,O015004,385.79,2026-03-15,820018
U006930,O015005,968.14,2026-03-26,820018
U006931,O015006,396.72,2026-02-07,834732
U006931,O015007,751.11,2026-02-10,834732
U006931,O015008,761.7,2026-04-13,834732
U006932,O015009,681.05,2026-05-11,872341
U006932,O015010,527.59,2026-05-15,872341
U006932,O015011,208.35,2026-05-17,872341
U006932,O015012,732.89,2026-06-08,872341
U006932,O015013,391.52,2026-06-13,872341
U006932,O015014,580.07,2026-08-13,872341
U006933,O015015,448.47,2026-08-06,897328
U006934,O015016,731.35,2026-03-28,598983
U006934,O015017,855.6,2026-05-17,598983
U006935,O015018,81.96,2026-03-25,257593
U006936,O015019,922.19,2025-12-09,569050
U006936,O015020,650.37,2026-01-21,569050
U006936,O015021,721.19,2026-02-20,569050
U006936,O015022,949.6,2026-08-01,569050
U006937,O015023,841.07,2026-04-08,228506
U006938,O015024,469.17,2026-03-31,611478
U006939,O015025,894.47,2026-06-18,236455
U006939,O015026,629.52,2026-07-31,236455
U006939,O015027,1341.67,2026-08-01,236455
U006940,O015028,608.39,2026-04-08,771643
U006940,O015029,522.34,2026-04-25,771643
U006940,O015030,387.21,2026-05-05,771643
U006941,O015031,923.96,2026-08-20,776159
U006944,O015032,392.98,2025-11-30,515840
U006944,O015033,802.07,2026-01-01,515840
U006945,O015034,845.57,2025-11-28,665296
U006946,O015035,520.21,2025-09-23,175194
U006947,O015036,490.51,2026-08-15,719355
U006948,O015037,523.95,2025-12-18,197650
U006948,O015038,625.06,2025-12-27,197650
U006948,O015039,969.07,2026-01-22,197650
U006948,O015040,979.38,2026-03-06,197650
U006948,O015041,118.71,2026-03-14,197650
U006949,O015042,962.68,2026-06-21,192569
U006949,O015043,655.72,2026-07-06,192569
U006949,O015044,304.85,2026-07-16,192569
U006950,O015045,971.25,2026-02-25,613643
U006950,O015046,584.79,2026-05-20,613643
U006950,O015047,859.29,2026-05-26,613643
U006950,O015048,767.97,2026-06-13,613643
U006950,O015049,511.89,2026-07-08,613643
U006951,O015050,913.9,2025-12-12,200797
U006952,O015051,948.19,2026-08-25,365951
U006953,O015052,1099.81,2026-07-23,867690
U006953,O015053,947.82,2026-08-10,867690
U006954,O015054,382.89,2025-11-27,425077
U006954,O015055,247.08,2026-02-21,425077
U006955,O015056,240.5,2026-04-26,298149
U006956,O015057,951.2,2026-07-28,371081
U006956,O015058,544.4,2026-08-01,371081
U006957,O015059,49.0,2026-01-16,714202
U006957,O015060,1118.17,2026-01-20,714202
U006958,O015061,746.52,2025-12-07,573688
U006958,O015062,307.2,2025-12-16,573688
U006959,O015063,792.45,2026-03-13,258561
U006960,O015064,562.73,2026-05-26,609071
U006960,O015065,842.15,2026-06-20,609071
U006960,O015066,710.51,2026-07-10,609071
U006960,O015067,531.12,2026-07-31,609071
U006961,O015068,443.11,2026-06-28,300362
U006964,O015069,954.82,2025-10-14,638661
U006964,O015070,511.89,2025-12-18,638661
U006964,O015071,638.08,2025-12-22,638661
U006964,O015072,301.18,2026-04-26,638661
U006965,O015073,861.62,2026-01-30,847688
U006966,O015074,809.53,2026-02-23,560428
U006968,O015075,786.32,2026-06-02,808265
U006968,O015076,741.78,2026-07-12,808265
U006969,O015077,479.0,2025-11-03,790736
U006970,O015078,554.33,2025-11-03,568236
U006970,O015079,887.37,2026-02-19,568236
U006970,O015080,245.08,2026-05-19,568236
U006971,O015081,597.69,2026-02-03,190331
U006971,O015082,618.03,2026-03-09,190331
U006971,O015083,248.44,2026-03-24,190331
U006971,O015084,479.18,2026-04-02,190331
U006971,O015085,574.55,2026-04-10,190331
U006972,O015086,759.91,2026-02-18,139290
U006972,O015087,440.58,2026-03-18,139290
U006974,O015088,721.37,2026-08-13,569089
U006974,O015089,285.35,2026-08-20,569089
U006974,O015090,1119.19,2026-08-23,569089
U006975,O015091,967.26,2026-08-25,545906
U006976,O015092,684.32,2026-07-29,430565
U006976,O015093,1100.79,2026-08-15,430565
U006977,O015094,720.4,2026-05-30,247026
U006977,O015095,387.46,2026-06-06,247026
U006977,O015096,397.4,2026-06-14,247026
U006979,O015097,809.03,2026-02-16,169405
U006979,O015098,239.97,2026-04-12,169405
U006979,O015099,383.48,2026-05-13,169405
U006980,O015100,888.23,2026-05-13,393495
U006980,O015101,657.86,2026-05-23,393495
U006980,O015102,595.03,2026-06-19,393495
U006980,O015103,1059.46,2026-06-29,393495
U006980,O015104,980.75,2026-07-17,393495
U006981,O015105,731.17,2026-06-17,397682
U006981,O015106,618.9,2026-06-30,397682
U006982,O015107,318.65,2026-06-18,829215
U006982,O015108,1038.82,2026-06-27,829215
U006983,O015109,980.21,2025-09-27,401181
U006983,O015110,1263.15,2025-10-15,401181
U006983,O015111,1090.5,2025-11-21,401181
U006983,O015112,470.84,2025-12-06,401181
U006983,O015113,1044.85,2026-01-09,401181
U006984,O015114,241.71,2026-05-20,850190
U006984,O015115,304.11,2026-06-07,850190
U006985,O015116,702.37,2026-07-04,367526
U006985,O015117,958.33,2026-07-11,367526
U006986,O015118,1501.58,2026-02-02,163419
U006986,O015119,651.35,2026-04-13,163419
U006986,O015120,456.95,2026-05-02,163419
U006986,O015121,848.23,2026-05-16,163419
U006986,O015122,515.72,2026-06-02,163419
U006987,O015123,836.82,2026-05-01,289964
U006987,O015124,1285.21,2026-05-25,289964
U006988,O015125,1196.67,2026-04-28,321758
U006988,O015126,599.42,2026-04-29,321758
U006988,O015127,353.53,2026-05-09,321758
U006989,O015128,114.16,2025-09-22,426554
U006989,O015129,825.79,2025-09-25,426554
U006989,O015130,1250.67,2025-10-12,426554
U006989,O015131,634.41,2025-12-21,426554
U006992,O015132,691.93,2026-07-20,790129
U006992,O015133,744.74,2026-07-26,790129
U006992,O015134,49.0,2026-08-17,790129
U006993,O015135,306.28,2025-12-06,507821
U006994,O015136,850.62,2026-03-12,510140
U006994,O015137,729.62,2026-03-14,510140
U006994,O015138,630.45,2026-04-30,510140
U006994,O015139,184.5,2026-05-19,510140
U006995,O015140,487.96,2026-08-01,471189
U006997,O015141,170.03,2025-12-14,254460
U006997,O015142,818.52,2025-12-30,254460
U006997,O015143,1015.65,2026-01-22,254460
U006997,O015144,573.87,2026-01-25,254460
U006998,O015145,546.88,2026-03-11,319610
U006998,O015146,1335.62,2026-04-11,319610
U007000,O015147,49.0,2026-07-31,156877
U007000,O015148,587.92,2026-08-02,156877
U007001,O015149,777.41,2026-02-07,303573
U007001,O015150,613.46,2026-02-22,303573
U007001,O015151,851.87,2026-03-14,303573
U007002,O015152,375.56,2026-03-19,582893
U007002,O015153,1054.08,2026-04-14,582893
U007002,O015154,750.73,2026-05-10,582893
U007002,O015155,411.92,2026-08-16,582893
U007003,O015156,712.16,2025-11-18,823863
U007004,O015157,866.15,2025-12-28,714455
U007004,O015158,270.94,2025-12-30,714455
U007005,O015159,827.58,2026-04-30,746858
U007005,O015160,834.33,2026-06-16,746858
U007005,O015161,778.15,2026-07-04,746858
U007006,O015162,394.31,2025-12-24,575659
U007006,O015163,784.02,2026-04-03,575659
U007007,O015164,473.29,2026-01-03,748095
U007008,O015165,327.19,2025-11-06,714603
U007008,O015166,544.64,2025-11-09,714603
U007008,O015167,948.55,2026-01-10,714603
U007008,O015168,430.35,2026-01-24,714603
U007008,O015169,760.8,2026-03-10,714603
U007009,O015170,840.39,2026-02-09,544834
U007010,O015171,575.57,2025-11-09,239251
U007010,O015172,1492.74,2025-12-28,239251
U007010,O015173,1142.53,2026-03-06,239251
U007010,O015174,1199.83,2026-04-01,239251
U007011,O015175,102.77,2026-03-29,626483
U007011,O015176,488.99,2026-04-21,626483
U007011,O015177,339.02,2026-06-16,626483
U007011,O015178,766.35,2026-07-04,626483
U007012,O015179,458.69,2026-05-26,506413
U007013,O015180,555.23,2026-01-07,612950
U007013,O015181,847.25,2026-01-18,612950
U007014,O015182,710.74,2025-10-12,673006
U007014,O015183,326.5,2025-12-13,673006
U007014,O015184,559.65,2026-01-09,673006
U007014,O015185,472.81,2026-03-21,673006
U007015,O015186,495.51,2026-03-12,587201
U007017,O015187,341.39,2026-01-13,879672
U007017,O015188,903.1,2026-02-05,879672
U007018,O015189,372.42,2026-01-22,500784
U007018,O015190,761.46,2026-02-21,500784
U007020,O015191,930.68,2026-04-27,347050
U007022,O015192,625.87,2025-09-23,135530
U007022,O015193,464.6,2025-10-06,135530
U007022,O015194,1438.69,2025-11-05,135530
U007023,O015195,1068.88,2025-10-07,349780
U007024,O015196,613.45,2025-11-04,426157
U007025,O015197,1113.23,2026-06-27,109100
U007025,O015198,236.72,2026-07-29,109100
U007025,O015199,432.6,2026-08-08,109100
U007025,O015200,652.22,2026-08-20,109100
U007026,O015201,739.15,2026-04-17,821329
U007026,O015202,455.42,2026-07-05,821329
U007027,O015203,975.46,2025-11-12,274147
U007027,O015204,870.62,2025-12-09,274147
U007029,O015205,775.47,2026-05-06,688358
U007029,O015206,660.48,2026-05-08,688358
U007029,O015207,542.78,2026-06-16,688358
U007030,O015208,236.21,2025-10-24,608290
U007031,O015209,916.44,2025-12-31,177462
U007031,O015210,928.44,2026-01-24,177462
U007031,O015211,1009.87,2026-03-25,177462
U007032,O015212,527.24,2026-05-09,373241
U007033,O015213,1675.61,2025-10-18,116440
U007033,O015214,474.37,2025-10-22,116440
U007034,O015215,494.49,2025-11-19,425582
U007034,O015216,588.12,2025-12-03,425582
U007034,O015217,839.9,2025-12-22,425582
U007035,O015218,450.53,2026-01-20,591629
U007035,O015219,782.21,2026-02-15,591629
U007036,O015220,765.47,2026-08-09,817501
U007037,O015221,747.38,2026-05-14,852337
U007038,O015222,400.02,2026-08-01,615812
U007039,O015223,555.84,2025-09-14,222744
U007039,O015224,456.26,2025-12-01,222744
U007039,O015225,541.67,2025-12-10,222744
U007039,O015226,1320.95,2026-01-20,222744
U007042,O015227,801.2,2026-08-21,164485
U007043,O015228,702.93,2026-08-15,532394
U007044,O015229,724.69,2026-04-23,219208
U007044,O015230,867.75,2026-05-11,219208
U007044,O015231,762.66,2026-06-02,219208
U007045,O015232,1052.25,2025-11-13,173623
U007045,O015233,541.95,2025-11-26,173623
U007046,O015234,609.1,2025-11-05,683318
U007047,O015235,725.84,2025-10-18,612360
U007047,O015236,484.84,2025-11-05,612360
U007049,O015237,877.8,2025-12-27,488542
U007049,O015238,470.86,2025-12-29,488542
U007049,O015239,411.28,2026-01-08,488542
U007049,O015240,306.88,2026-02-25,488542
U007050,O015241,835.55,2026-01-25,608082
U007050,O015242,649.92,2026-02-10,608082
U007051,O015243,720.27,2025-10-05,261175
U007051,O015244,719.99,2025-11-10,261175
U007051,O015245,506.77,2025-12-18,261175
U007052,O015246,722.2,2026-03-14,522338
U007052,O015247,957.77,2026-06-17,522338
U007052,O015248,589.39,2026-07-04,522338
U007052,O015249,1092.35,2026-07-12,522338
U007052,O015250,49.0,2026-07-26,522338
U007052,O015251,241.28,2026-08-01,522338
U007054,O015252,206.39,2026-01-20,790379
U007054,O015253,860.06,2026-01-27,790379
U007054,O015254,712.93,2026-03-04,790379
U007054,O015255,119.29,2026-04-21,790379
U007054,O015256,455.21,2026-05-14,790379
U007055,O015257,600.3,2026-03-04,496721
U007056,O015258,410.97,2025-10-04,616012
U007056,O015259,355.82,2025-10-14,616012
U007057,O015260,667.8,2025-10-24,101578
U007057,O015261,779.34,2025-10-26,101578
U007058,O015262,522.62,2025-10-23,340001
U007059,O015263,750.91,2026-02-07,523961
U007059,O015264,967.26,2026-02-14,523961
U007060,O015265,824.97,2026-08-22,480328
U007061,O015266,809.02,2025-09-18,750230
U007061,O015267,187.65,2025-10-13,750230
U007062,O015268,895.46,2026-08-12,476238
U007062,O015269,625.43,2026-08-18,476238
U007063,O015270,834.42,2026-03-06,126864
U007063,O015271,49.0,2026-05-04,126864
U007064,O015272,932.42,2026-04-24,592576
U007064,O015273,868.09,2026-04-30,592576
U007064,O015274,545.38,2026-08-01,592576
U007065,O015275,405.45,2026-05-22,317085
U007066,O015276,382.49,2025-11-19,184192
U007066,O015277,904.06,2025-12-18,184192
U007066,O015278,725.75,2025-12-25,184192
U007068,O015279,444.16,2026-02-11,665475
U007068,O015280,298.98,2026-03-09,665475
U007069,O015281,788.26,2026-02-12,662994
U007069,O015282,805.8,2026-03-01,662994
U007069,O015283,843.96,2026-03-08,662994
U007069,O015284,1115.7,2026-03-20,662994
U007070,O015285,1194.8,2026-03-21,268438
U007070,O015286,800.42,2026-04-14,268438
U007071,O015287,587.27,2026-05-25,833801
U007071,O015288,403.14,2026-07-10,833801
U007072,O015289,967.92,2026-05-04,687631
U007072,O015290,318.8,2026-06-08,687631
U007072,O015291,383.76,2026-06-26,687631
U007072,O015292,373.18,2026-08-18,687631
U007073,O015293,754.75,2026-04-11,775300
U007075,O015294,438.6,2026-03-13,472976
U007076,O015295,582.51,2026-01-03,217171
U007076,O015296,798.43,2026-02-16,217171
U007076,O015297,1262.21,2026-04-05,217171
U007076,O015298,1442.25,2026-04-15,217171
U007077,O015299,210.89,2026-03-18,624422
U007077,O015300,924.81,2026-04-06,624422
U007078,O015301,572.1,2025-11-13,483432
U007078,O015302,705.46,2025-11-22,483432
U007078,O015303,1019.3,2025-12-30,483432
U007078,O015304,622.96,2026-01-06,483432
U007078,O015305,563.75,2026-01-18,483432
U007079,O015306,694.96,2026-05-19,557773
U007079,O015307,546.53,2026-05-23,557773
U007079,O015308,525.04,2026-06-10,557773
U007079,O015309,466.73,2026-06-24,557773
U007079,O015310,734.28,2026-06-27,557773
U007080,O015311,394.25,2026-03-02,148386
U007080,O015312,605.13,2026-03-15,148386
U007080,O015313,967.16,2026-04-12,148386
U007080,O015314,636.81,2026-04-27,148386
U007080,O015315,970.66,2026-07-04,148386
U007081,O015316,858.44,2025-09-22,809232
U007081,O015317,416.3,2025-11-13,809232
U007082,O015318,506.54,2025-10-01,418883
U007082,O015319,851.05,2025-10-13,418883
U007084,O015320,656.38,2025-12-28,680933
U007084,O015321,1489.4,2026-02-08,680933
U007084,O015322,460.02,2026-02-15,680933
U007085,O015323,570.63,2026-06-03,722088
U007085,O015324,475.37,2026-06-30,722088
U007085,O015325,884.32,2026-07-02,722088
U007086,O015326,869.73,2026-07-04,211531
U007087,O015327,473.77,2026-04-15,626404
U007087,O015328,434.19,2026-04-16,626404
U007087,O015329,635.15,2026-05-18,626404
U007087,O015330,938.15,2026-05-29,626404
U007088,O015331,373.04,2026-07-23,113979
U007088,O015332,380.64,2026-08-17,113979
U007088,O015333,513.87,2026-08-20,113979
U007089,O015334,877.92,2026-06-09,684733
U007089,O015335,1176.02,2026-06-12,684733
U007090,O015336,488.41,2026-01-01,115461
U007090,O015337,839.63,2026-01-09,115461
U007090,O015338,800.53,2026-02-09,115461
U007091,O015339,136.27,2026-01-22,846993
U007091,O015340,988.63,2026-03-27,846993
U007092,O015341,916.18,2026-02-21,654387
U007092,O015342,227.22,2026-03-17,654387
U007092,O015343,864.61,2026-05-25,654387
U007092,O015344,1001.01,2026-06-16,654387
U007092,O015345,684.95,2026-08-14,654387
U007092,O015346,718.49,2026-08-20,654387
U007094,O015347,818.59,2026-03-18,615313
U007094,O015348,968.56,2026-03-20,615313
U007094,O015349,583.63,2026-04-16,615313
U007095,O015350,334.74,2026-06-17,485696
U007096,O015351,656.97,2025-10-31,254270
U007096,O015352,947.96,2025-12-06,254270
U007097,O015353,762.11,2026-04-13,578403
U007098,O015354,1438.99,2026-01-12,467187
U007098,O015355,520.67,2026-02-01,467187
U007099,O015356,933.3,2026-04-19,830084
U007100,O015357,485.59,2026-02-24,586838
U007100,O015358,446.42,2026-03-06,586838
U007100,O015359,182.7,2026-03-31,586838
U007100,O015360,904.82,2026-04-06,586838
U007101,O015361,804.55,2026-05-25,770324
U007101,O015362,772.92,2026-06-11,770324
U007101,O015363,966.67,2026-06-30,770324
U007102,O015364,1079.87,2026-03-20,507235
U007102,O015365,194.66,2026-03-28,507235
U007102,O015366,739.56,2026-04-27,507235
U007102,O015367,891.21,2026-05-09,507235
U007102,O015368,188.41,2026-08-25,507235
U007103,O015369,447.55,2026-07-15,426983
U007105,O015370,622.0,2025-12-17,502938
U007105,O015371,679.95,2025-12-18,502938
U007105,O015372,569.38,2026-01-09,502938
U007105,O015373,396.96,2026-01-25,502938
U007106,O015374,592.56,2025-10-18,566215
U007106,O015375,826.24,2025-10-27,566215
U007106,O015376,838.45,2025-12-14,566215
U007106,O015377,1087.07,2025-12-28,566215
U007107,O015378,173.13,2025-11-03,140130
U007108,O015379,512.12,2025-12-17,276307
U007108,O015380,601.76,2026-03-22,276307
U007108,O015381,423.44,2026-03-28,276307
U007108,O015382,670.7,2026-06-14,276307
U007108,O015383,697.87,2026-06-19,276307
U007108,O015384,781.36,2026-07-02,276307
U007109,O015385,514.29,2026-03-23,670827
U007109,O015386,692.56,2026-04-26,670827
U007109,O015387,562.99,2026-05-28,670827
U007110,O015388,530.65,2026-08-24,433114
U007112,O015389,287.71,2026-05-14,424331
U007113,O015390,573.71,2026-02-11,187751
U007113,O015391,660.93,2026-03-25,187751
U007113,O015392,130.18,2026-04-05,187751
U007114,O015393,481.07,2025-11-16,514729
U007114,O015394,937.21,2025-11-28,514729
U007114,O015395,635.04,2025-12-20,514729
U007114,O015396,1080.55,2026-03-07,514729
U007117,O015397,829.48,2025-10-04,785849
U007117,O015398,599.64,2025-10-27,785849
U007118,O015399,1036.02,2026-03-15,296154
U007118,O015400,671.85,2026-04-15,296154
U007120,O015401,1067.6,2026-08-20,335930
U007122,O015402,403.66,2026-02-23,641341
U007122,O015403,292.55,2026-03-09,641341
U007122,O015404,665.02,2026-04-02,641341
U007122,O015405,1179.89,2026-05-20,641341
U007122,O015406,445.99,2026-06-08,641341
U007122,O015407,1375.93,2026-06-11,641341
U007123,O015408,454.99,2025-11-21,884388
U007123,O015409,172.64,2025-12-04,884388
U007123,O015410,787.0,2026-01-26,884388
U007123,O015411,832.17,2026-02-23,884388
U007124,O015412,231.6,2026-07-15,311483
U007125,O015413,717.07,2026-04-04,420417
U007126,O015414,722.45,2026-07-21,744172
U007126,O015415,552.39,2026-07-31,744172
U007127,O015416,704.0,2026-06-16,870659
U007127,O015417,1009.19,2026-08-12,870659
U007127,O015418,169.06,2026-08-25,870659
U007128,O015419,1177.16,2026-05-08,594372
U007128,O015420,481.66,2026-05-31,594372
U007128,O015421,804.12,2026-06-25,594372
U007128,O015422,1108.75,2026-07-09,594372
U007129,O015423,734.33,2025-12-20,808932
U007130,O015424,932.13,2026-03-24,546487
U007131,O015425,463.79,2026-04-14,126982
U007131,O015426,290.13,2026-04-16,126982
U007131,O015427,558.82,2026-05-10,126982
U007133,O015428,854.1,2026-04-21,104706
U007133,O015429,1183.93,2026-05-06,104706
U007133,O015430,808.11,2026-06-24,104706
U007133,O015431,178.29,2026-07-03,104706
U007135,O015432,954.76,2025-12-17,543550
U007136,O015433,465.08,2026-04-02,251486
U007136,O015434,996.19,2026-05-05,251486
U007137,O015435,753.75,2026-02-20,510801
U007137,O015436,543.26,2026-05-10,510801
U007137,O015437,49.0,2026-05-13,510801
U007137,O015438,757.72,2026-05-18,510801
U007137,O015439,621.88,2026-06-24,510801
U007137,O015440,509.47,2026-06-25,510801
U007138,O015441,877.05,2025-11-02,389780
U007138,O015442,1298.99,2025-11-14,389780
U007139,O015443,190.51,2026-01-16,480905
U007139,O015444,512.53,2026-04-12,480905
U007139,O015445,824.2,2026-06-29,480905
U007139,O015446,1194.09,2026-07-13,480905
U007139,O015447,294.42,2026-07-23,480905
U007139,O015448,509.47,2026-08-19,480905
U007140,O015449,1076.8,2025-09-25,592600
U007141,O015450,730.68,2026-02-07,766325
U007141,O015451,617.18,2026-02-27,766325
U007141,O015452,211.85,2026-03-02,766325
U007142,O015453,450.53,2026-06-18,737332
U007142,O015454,1108.68,2026-07-17,737332
U007142,O015455,49.0,2026-08-16,737332
U007143,O015456,1180.67,2026-05-28,759460
U007143,O015457,848.09,2026-07-05,759460
U007145,O015458,313.84,2026-04-12,869755
U007145,O015459,609.3,2026-06-26,869755
U007145,O015460,229.42,2026-07-21,869755
U007146,O015461,689.55,2026-03-01,221095
U007146,O015462,544.27,2026-03-15,221095
U007146,O015463,983.32,2026-06-02,221095
U007146,O015464,851.15,2026-07-15,221095
U007146,O015465,672.96,2026-07-17,221095
U007146,O015466,1428.32,2026-08-02,221095
U007147,O015467,485.64,2026-02-09,170071
U007147,O015468,466.58,2026-02-14,170071
U007147,O015469,780.43,2026-02-19,170071
U007149,O015470,553.16,2026-01-24,658216
U007149,O015471,478.13,2026-02-04,658216
U007149,O015472,397.66,2026-04-27,658216
U007150,O015473,940.63,2026-07-28,442465
U007151,O015474,994.54,2026-01-05,185804
U007151,O015475,460.87,2026-01-29,185804
U007152,O015476,458.18,2026-03-23,716738
U007152,O015477,1231.32,2026-03-31,716738
U007152,O015478,541.31,2026-04-03,716738
U007152,O015479,266.92,2026-05-09,716738
U007152,O015480,49.0,2026-06-05,716738
U007153,O015481,1024.35,2026-03-20,243142
U007154,O015482,49.0,2025-10-14,109442
U007154,O015483,322.39,2025-11-04,109442
U007156,O015484,49.0,2025-11-21,673994
U007156,O015485,848.72,2025-12-18,673994
U007157,O015486,645.18,2026-03-17,528889
U007158,O015487,469.04,2025-12-25,405970
U007158,O015488,666.13,2026-02-15,405970
U007158,O015489,934.38,2026-03-08,405970
U007158,O015490,573.23,2026-03-21,405970
U007159,O015491,1408.27,2026-03-17,309701
U007159,O015492,883.47,2026-03-19,309701
U007159,O015493,269.44,2026-03-27,309701
U007160,O015494,1117.62,2026-07-01,420005
U007160,O015495,772.73,2026-07-10,420005
U007160,O015496,358.41,2026-07-14,420005
U007161,O015497,63.62,2026-05-15,354807
U007161,O015498,575.11,2026-06-11,354807
U007162,O015499,1071.74,2026-08-25,608943
U007164,O015500,777.82,2026-04-04,425093
U007164,O015501,420.12,2026-04-07,425093
U007164,O015502,594.38,2026-05-28,425093
U007164,O015503,1030.78,2026-06-12,425093
U007165,O015504,739.9,2026-01-21,199229
U007166,O015505,705.37,2026-06-30,327420
U007166,O015506,470.74,2026-07-09,327420
U007167,O015507,686.42,2026-04-17,883041
U007167,O015508,530.79,2026-04-22,883041
U007167,O015509,679.73,2026-05-12,883041
U007168,O015510,58.85,2026-06-28,681337
U007168,O015511,472.26,2026-08-22,681337
U007169,O015512,501.48,2026-01-06,150459
U007170,O015513,839.55,2026-01-03,881108
U007170,O015514,422.32,2026-01-24,881108
U007170,O015515,601.38,2026-03-03,881108
U007170,O015516,619.87,2026-03-12,881108
U007171,O015517,687.18,2026-06-04,377206
U007171,O015518,329.87,2026-06-13,377206
U007172,O015519,391.09,2026-06-09,537944
U007172,O015520,762.61,2026-07-18,537944
U007173,O015521,1059.81,2025-12-12,289436
U007174,O015522,706.31,2026-03-11,105908
U007175,O015523,942.62,2026-05-23,247322
U007175,O015524,765.25,2026-08-03,247322
U007176,O015525,613.31,2025-09-18,864844
U007176,O015526,645.63,2025-09-28,864844
U007177,O015527,566.63,2026-01-01,560732
U007178,O015528,468.75,2025-10-28,663594
U007178,O015529,230.2,2025-11-14,663594
U007179,O015530,407.87,2026-05-30,612350
U007180,O015531,385.82,2026-04-03,196353
U007180,O015532,434.97,2026-04-29,196353
U007180,O015533,877.42,2026-05-14,196353
U007180,O015534,829.97,2026-06-30,196353
U007180,O015535,730.89,2026-07-04,196353
U007181,O015536,609.49,2025-09-12,153576
U007181,O015537,871.46,2025-12-10,153576
U007181,O015538,828.2,2026-03-18,153576
U007181,O015539,854.67,2026-05-22,153576
U007182,O015540,297.15,2026-06-11,271621
U007182,O015541,752.42,2026-06-21,271621
U007183,O015542,567.83,2026-05-21,817519
U007183,O015543,987.98,2026-06-09,817519
U007183,O015544,775.9,2026-07-29,817519
U007184,O015545,794.09,2026-06-16,555196
U007184,O015546,569.2,2026-08-07,555196
U007187,O015547,535.94,2026-04-28,528668
U007188,O015548,1017.93,2026-08-02,373963
U007190,O015549,228.75,2026-01-06,781832
U007190,O015550,564.87,2026-01-14,781832
U007190,O015551,91.68,2026-01-24,781832
U007191,O015552,329.05,2026-04-22,887873
U007191,O015553,1158.31,2026-04-26,887873
U007191,O015554,532.63,2026-05-20,887873
U007192,O015555,1204.0,2026-06-26,897185
U007192,O015556,464.87,2026-07-03,897185
U007193,O015557,532.25,2026-05-17,655285
U007193,O015558,972.64,2026-07-20,655285
U007194,O015559,704.65,2026-02-24,261890
U007194,O015560,741.37,2026-02-27,261890
U007194,O015561,49.0,2026-04-03,261890
U007195,O015562,767.7,2026-03-19,534450
U007195,O015563,1328.37,2026-03-21,534450
U007195,O015564,262.41,2026-05-14,534450
U007196,O015565,960.62,2026-04-19,256314
U007196,O015566,830.36,2026-07-11,256314
U007197,O015567,638.89,2026-05-31,233918
U007198,O015568,778.45,2026-06-02,269688
U007198,O015569,717.68,2026-08-05,269688
U007198,O015570,576.05,2026-08-07,269688
U007198,O015571,49.0,2026-08-09,269688
U007200,O015572,619.92,2026-03-08,442337
U007200,O015573,1033.21,2026-04-10,442337
U007201,O015574,676.24,2026-01-04,843683
U007201,O015575,348.82,2026-03-23,843683
U007201,O015576,487.48,2026-05-21,843683
U007201,O015577,920.61,2026-06-12,843683
U007202,O015578,482.57,2026-02-27,236120
U007202,O015579,561.23,2026-03-03,236120
U007202,O015580,350.58,2026-03-10,236120
U007203,O015581,1059.02,2026-07-21,456500
U007203,O015582,417.98,2026-08-18,456500
U007204,O015583,525.79,2026-07-04,599788
U007204,O015584,935.23,2026-07-06,599788
U007204,O015585,457.92,2026-07-20,599788
U007205,O015586,524.68,2026-02-26,897137
U007205,O015587,868.19,2026-04-22,897137
U007205,O015588,875.85,2026-04-24,897137
U007205,O015589,1117.08,2026-05-20,897137
U007205,O015590,570.58,2026-05-22,897137
U007205,O015591,1157.8,2026-07-31,897137
U007206,O015592,1027.78,2025-11-02,854570
U007207,O015593,639.65,2025-11-22,464144
U007207,O015594,835.88,2025-12-14,464144
U007208,O015595,851.92,2026-07-04,230131
U007208,O015596,936.48,2026-08-24,230131
U007209,O015597,530.83,2026-07-21,255325
U007209,O015598,783.35,2026-07-23,255325
U007210,O015599,678.3,2026-06-29,154233
U007211,O015600,594.29,2026-08-05,523581
U007212,O015601,932.35,2026-03-07,467333
U007212,O015602,844.75,2026-03-18,467333
U007212,O015603,724.71,2026-03-20,467333
U007212,O015604,979.02,2026-06-22,467333
U007213,O015605,324.72,2026-07-02,411464
U007213,O015606,717.84,2026-08-06,411464
U007213,O015607,1228.09,2026-08-14,411464
U007213,O015608,1592.67,2026-08-23,411464
U007214,O015609,727.96,2026-08-19,495461
U007215,O015610,973.01,2026-03-03,123002
U007215,O015611,1026.13,2026-08-16,123002
U007216,O015612,652.2,2025-12-09,443611
U007216,O015613,773.32,2026-01-01,443611
U007216,O015614,508.72,2026-01-14,443611
U007217,O015615,952.25,2025-11-24,413206
U007217,O015616,904.75,2025-12-16,413206
U007218,O015617,252.86,2026-08-01,732565
U007218,O015618,721.53,2026-08-22,732565
U007219,O015619,539.24,2026-08-11,387647
U007220,O015620,1052.5,2025-10-29,308178
U007220,O015621,578.64,2025-11-15,308178
U007220,O015622,380.39,2025-12-05,308178
U007222,O015623,202.03,2026-08-21,300152
U007223,O015624,497.06,2026-01-22,238050
U007223,O015625,372.74,2026-03-20,238050
U007224,O015626,324.16,2026-04-10,248008
U007225,O015627,282.34,2025-11-15,114741
U007225,O015628,1056.6,2025-11-17,114741
U007226,O015629,1207.42,2026-07-13,623235
U007226,O015630,443.99,2026-07-25,623235
U007227,O015631,135.36,2026-01-03,494075
U007228,O015632,956.34,2026-04-06,263366
U007228,O015633,513.44,2026-05-25,263366
U007228,O015634,462.36,2026-06-28,263366
U007228,O015635,823.89,2026-06-30,263366
U007228,O015636,49.0,2026-07-01,263366
U007228,O015637,616.72,2026-08-22,263366
U007229,O015638,649.65,2026-06-19,872929
U007230,O015639,999.1,2026-03-11,438589
U007230,O015640,271.05,2026-04-13,438589
U007231,O015641,706.91,2026-04-15,840993
U007231,O015642,977.91,2026-05-09,840993
U007231,O015643,937.69,2026-05-22,840993
U007233,O015644,1084.19,2026-02-06,220176
U007233,O015645,466.33,2026-06-24,220176
U007233,O015646,682.06,2026-07-28,220176
U007234,O015647,579.84,2025-12-02,140415
U007234,O015648,392.19,2025-12-31,140415
U007234,O015649,592.39,2026-01-20,140415
U007235,O015650,664.09,2026-03-18,294818
U007235,O015651,241.9,2026-04-19,294818
U007235,O015652,64.46,2026-04-24,294818
U007235,O015653,609.37,2026-04-27,294818
U007235,O015654,528.17,2026-05-24,294818
U007237,O015655,610.08,2026-06-30,454111
U007238,O015656,665.08,2026-01-09,291892
U007238,O015657,475.26,2026-01-11,291892
U007239,O015658,740.59,2025-11-06,525657
U007239,O015659,218.66,2025-12-01,525657
U007239,O015660,594.56,2026-01-21,525657
U007239,O015661,429.59,2026-02-04,525657
U007240,O015662,1012.46,2026-02-05,204492
U007240,O015663,469.77,2026-02-21,204492
U007241,O015664,532.59,2026-07-03,480370
U007241,O015665,476.15,2026-07-17,480370
U007241,O015666,840.96,2026-08-06,480370
U007242,O015667,692.11,2026-02-01,114567
U007243,O015668,502.08,2025-12-21,802969
U007243,O015669,450.38,2026-03-17,802969
U007244,O015670,463.38,2026-02-08,333313
U007244,O015671,458.11,2026-02-20,333313
U007244,O015672,129.54,2026-03-02,333313
U007245,O015673,640.35,2026-06-02,198577
U007245,O015674,855.11,2026-06-06,198577
U007245,O015675,730.86,2026-06-14,198577
U007246,O015676,671.12,2026-01-09,606415
U007246,O015677,781.49,2026-03-03,606415
U007247,O015678,1075.52,2026-06-29,616854
U007248,O015679,114.49,2026-06-26,427136
U007248,O015680,581.55,2026-07-12,427136
U007250,O015681,306.3,2026-08-15,478247
U007250,O015682,596.35,2026-08-17,478247
U007251,O015683,794.28,2026-02-25,761742
U007251,O015684,522.78,2026-03-28,761742
U007251,O015685,941.46,2026-05-25,761742
U007252,O015686,995.63,2026-06-21,488447
U007253,O015687,845.18,2026-04-11,725499
U007253,O015688,920.32,2026-04-21,725499
U007253,O015689,474.42,2026-04-25,725499
U007253,O015690,978.56,2026-07-05,725499
U007254,O015691,1177.51,2026-05-12,466178
U007254,O015692,463.9,2026-06-11,466178
U007255,O015693,777.2,2026-04-03,270919
U007255,O015694,640.42,2026-04-30,270919
U007255,O015695,65.2,2026-06-16,270919
U007255,O015696,907.1,2026-07-01,270919
U007256,O015697,427.59,2026-02-16,835637
U007257,O015698,369.12,2026-08-10,873086
U007257,O015699,831.86,2026-08-13,873086
U007258,O015700,152.33,2026-03-19,654026
U007258,O015701,266.97,2026-05-10,654026
U007259,O015702,820.95,2026-06-01,818626
U007260,O015703,690.03,2026-05-15,337777
U007260,O015704,1323.22,2026-06-22,337777
U007260,O015705,1031.22,2026-06-26,337777
U007260,O015706,1211.79,2026-07-28,337777
U007262,O015707,921.43,2025-11-11,130995
U007266,O015708,1070.57,2026-02-16,891961
U007266,O015709,650.8,2026-03-24,891961
U007266,O015710,498.73,2026-04-11,891961
U007266,O015711,446.86,2026-06-14,891961
U007267,O015712,187.26,2026-08-22,450646
U007268,O015713,188.74,2026-06-30,457067
U007268,O015714,699.39,2026-07-08,457067
U007268,O015715,432.04,2026-07-24,457067
U007270,O015716,1026.17,2025-12-25,597394
U007270,O015717,761.06,2026-03-07,597394
U007270,O015718,342.62,2026-03-11,597394
U007271,O015719,848.66,2026-04-01,471422
U007271,O015720,779.07,2026-04-07,471422
U007271,O015721,1000.46,2026-04-15,471422
U007271,O015722,599.64,2026-06-11,471422
U007271,O015723,1070.22,2026-08-23,471422
U007272,O015724,1110.42,2025-11-16,152236
U007272,O015725,868.86,2026-01-20,152236
U007272,O015726,645.9,2026-02-14,152236
U007272,O015727,1010.59,2026-02-23,152236
U007273,O015728,708.6,2026-08-23,730913
U007274,O015729,674.31,2026-01-09,204388
U007274,O015730,1120.88,2026-05-03,204388
U007274,O015731,665.82,2026-05-20,204388
U007274,O015732,1022.87,2026-05-31,204388
U007274,O015733,914.47,2026-06-16,204388
U007275,O015734,49.0,2026-06-20,190289
U007275,O015735,576.2,2026-07-27,190289
U007276,O015736,1018.99,2026-07-24,588084
U007277,O015737,443.15,2025-11-12,576168
U007278,O015738,666.24,2026-03-15,760955
U007278,O015739,592.73,2026-03-27,760955
U007279,O015740,49.0,2026-07-29,212865
U007279,O015741,78.5,2026-08-15,212865
U007280,O015742,567.88,2026-01-15,418007
U007280,O015743,572.08,2026-02-25,418007
U007280,O015744,934.34,2026-04-12,418007
U007281,O015745,658.6,2026-08-08,833620
U007282,O015746,740.97,2026-04-06,665669
U007282,O015747,643.48,2026-05-13,665669
U007282,O015748,1293.26,2026-06-12,665669
U007282,O015749,49.0,2026-06-19,665669
U007283,O015750,722.06,2026-01-24,508821
U007283,O015751,498.96,2026-01-27,508821
U007284,O015752,536.24,2026-02-10,604359
U007284,O015753,994.4,2026-02-11,604359
U007285,O015754,930.57,2025-09-29,163970
U007285,O015755,543.8,2025-12-04,163970
U007285,O015756,603.88,2025-12-19,163970
U007286,O015757,398.91,2026-01-02,175551
U007287,O015758,507.36,2026-07-19,281475
U007288,O015759,708.47,2025-10-28,826468
U007288,O015760,219.33,2025-11-29,826468
U007288,O015761,535.92,2025-12-15,826468
U007289,O015762,478.49,2026-03-26,401032
U007289,O015763,837.64,2026-04-09,401032
U007289,O015764,1173.0,2026-05-01,401032
U007290,O015765,1014.8,2025-11-22,850396
U007290,O015766,535.27,2025-12-03,850396
U007290,O015767,766.16,2026-01-13,850396
U007291,O015768,327.94,2026-08-11,830810
U007292,O015769,929.94,2026-07-21,792761
U007292,O015770,461.93,2026-08-07,792761
U007293,O015771,1247.92,2026-06-03,420972
U007294,O015772,900.59,2026-01-30,260808
U007294,O015773,568.99,2026-05-25,260808
U007294,O015774,1006.85,2026-05-27,260808
U007294,O015775,751.33,2026-06-27,260808
U007295,O015776,631.84,2026-07-30,166721
U007295,O015777,867.1,2026-08-20,166721
U007296,O015778,464.54,2025-12-06,161140
U007296,O015779,401.01,2025-12-10,161140
U007297,O015780,403.64,2026-04-08,628079
U007297,O015781,1007.99,2026-04-11,628079
U007297,O015782,605.58,2026-04-15,628079
U007297,O015783,588.15,2026-04-29,628079
U007298,O015784,581.01,2026-05-02,599952
U007298,O015785,351.07,2026-05-27,599952
U007298,O015786,675.56,2026-05-30,599952
U007299,O015787,231.87,2025-11-07,515298
U007299,O015788,434.77,2025-11-14,515298
U007299,O015789,545.13,2025-11-22,515298
U007299,O015790,153.12,2026-01-25,515298
U007300,O015791,610.46,2025-12-19,490991
U007300,O015792,489.32,2026-01-16,490991
U007301,O015793,421.11,2026-03-13,526325
U007301,O015794,704.07,2026-04-12,526325
U007301,O015795,626.2,2026-06-14,526325
U007302,O015796,780.95,2026-02-22,440810
U007302,O015797,624.51,2026-06-24,440810
U007303,O015798,770.81,2026-06-14,765042
U007303,O015799,49.0,2026-06-26,765042
U007305,O015800,372.5,2025-12-23,306043
U007305,O015801,660.01,2026-01-22,306043
U007306,O015802,759.74,2025-09-17,671040
U007306,O015803,648.49,2025-10-26,671040
U007306,O015804,401.39,2025-11-13,671040
U007306,O015805,191.71,2025-12-02,671040
U007306,O015806,639.27,2025-12-27,671040
U007307,O015807,318.58,2026-01-23,159297
U007307,O015808,1098.31,2026-01-27,159297
U007307,O015809,1116.69,2026-01-29,159297
U007308,O015810,857.23,2026-08-08,103013
U007309,O015811,105.34,2025-11-21,117993
U007310,O015812,786.57,2026-03-19,235680
U007310,O015813,1212.81,2026-03-22,235680
U007311,O015814,627.9,2026-01-09,814554
U007311,O015815,512.98,2026-03-09,814554
U007312,O015816,688.18,2026-08-01,507564
U007312,O015817,496.36,2026-08-12,507564
U007313,O015818,266.94,2026-06-11,388267
U007313,O015819,66.8,2026-06-21,388267
U007314,O015820,505.14,2026-07-28,402604
U007314,O015821,989.76,2026-07-30,402604
U007315,O015822,656.92,2026-02-26,441672
U007315,O015823,1298.53,2026-03-08,441672
U007315,O015824,499.45,2026-04-01,441672
U007315,O015825,727.46,2026-05-20,441672
U007317,O015826,525.23,2026-08-12,502037
U007317,O015827,115.64,2026-08-16,502037
U007318,O015828,309.79,2026-01-13,264572
U007318,O015829,537.37,2026-02-11,264572
U007320,O015830,342.94,2026-02-14,811884
U007320,O015831,200.07,2026-02-16,811884
U007320,O015832,853.23,2026-05-06,811884
U007321,O015833,416.37,2026-03-29,161784
U007321,O015834,373.4,2026-05-03,161784
U007322,O015835,200.71,2025-11-04,487937
U007324,O015836,528.34,2026-03-27,394488
U007325,O015837,700.08,2026-02-18,382054
U007325,O015838,752.96,2026-04-14,382054
U007325,O015839,892.63,2026-07-30,382054
U007326,O015840,306.72,2025-10-13,529928
U007326,O015841,641.43,2025-11-19,529928
U007326,O015842,49.0,2025-11-25,529928
U007327,O015843,1297.47,2026-02-13,767615
U007327,O015844,793.86,2026-04-20,767615
U007327,O015845,1037.33,2026-05-04,767615
U007327,O015846,1064.22,2026-07-13,767615
U007328,O015847,801.83,2026-04-18,861052
U007328,O015848,1361.32,2026-05-22,861052
U007328,O015849,691.64,2026-06-28,861052
U007329,O015850,466.5,2026-01-30,425765
U007329,O015851,960.77,2026-02-20,425765
U007330,O015852,825.56,2026-02-16,439628
U007330,O015853,483.35,2026-02-24,439628
U007330,O015854,899.19,2026-06-06,439628
U007331,O015855,534.23,2026-06-25,660775
U007331,O015856,774.28,2026-08-20,660775
U007332,O015857,482.92,2026-08-04,120439
U007332,O015858,408.96,2026-08-14,120439
U007332,O015859,722.19,2026-08-20,120439
U007333,O015860,665.56,2026-07-25,620202
U007333,O015861,705.82,2026-07-26,620202
U007333,O015862,659.95,2026-08-03,620202
U007334,O015863,901.35,2026-07-31,408609
U007335,O015864,898.83,2025-11-14,520788
U007335,O015865,510.79,2025-11-22,520788
U007335,O015866,852.8,2025-12-02,520788
U007335,O015867,103.93,2026-03-10,520788
U007335,O015868,303.17,2026-03-20,520788
U007336,O015869,1067.57,2026-01-22,400304
U007336,O015870,661.74,2026-02-22,400304
U007336,O015871,720.9,2026-03-12,400304
U007338,O015872,719.15,2026-06-01,649994
U007338,O015873,741.09,2026-06-10,649994
U007339,O015874,657.92,2025-11-16,588493
U007339,O015875,593.09,2026-02-20,588493
U007339,O015876,414.42,2026-02-24,588493
U007339,O015877,837.56,2026-04-15,588493
U007339,O015878,212.0,2026-05-04,588493
U007339,O015879,982.11,2026-06-11,588493
U007340,O015880,741.59,2026-04-14,613241
U007340,O015881,598.96,2026-05-01,613241
U007340,O015882,842.75,2026-06-26,613241
U007340,O015883,218.66,2026-08-08,613241
U007340,O015884,612.31,2026-08-17,613241
U007341,O015885,588.72,2026-07-15,201538
U007342,O015886,1187.12,2026-07-22,736188
U007343,O015887,777.19,2026-04-23,705813
U007343,O015888,713.08,2026-06-07,705813
U007343,O015889,543.23,2026-06-16,705813
U007343,O015890,49.0,2026-08-17,705813
U007344,O015891,873.45,2026-07-06,722462
U007344,O015892,564.84,2026-08-11,722462
U007345,O015893,1009.89,2026-05-14,610247
U007345,O015894,871.97,2026-05-21,610247
U007345,O015895,983.96,2026-06-16,610247
U007345,O015896,793.81,2026-08-09,610247
U007346,O015897,722.66,2026-08-24,383154
U007347,O015898,1044.34,2026-04-04,666151
U007347,O015899,108.15,2026-05-25,666151
U007347,O015900,226.33,2026-06-17,666151
U007348,O015901,604.09,2025-12-15,697931
U007350,O015902,891.17,2026-04-16,781823
U007351,O015903,954.48,2026-01-03,753596
U007351,O015904,505.88,2026-02-19,753596
U007351,O015905,1088.55,2026-03-30,753596
U007352,O015906,1186.7,2026-07-25,836644
U007355,O015907,764.92,2026-05-25,210922
U007357,O015908,454.67,2026-07-04,302946
U007357,O015909,803.02,2026-07-25,302946
U007358,O015910,640.65,2026-05-25,868610
U007358,O015911,739.84,2026-06-07,868610
U007358,O015912,344.12,2026-08-23,868610
U007359,O015913,824.8,2026-07-05,566186
U007359,O015914,594.4,2026-07-10,566186
U007359,O015915,566.12,2026-08-19,566186
U007360,O015916,651.32,2026-06-09,357838
U007361,O015917,1351.32,2025-10-05,598945
U007361,O015918,847.36,2025-11-30,598945
U007361,O015919,1167.87,2025-12-04,598945
U007362,O015920,114.92,2026-05-03,317411
U007362,O015921,947.17,2026-05-19,317411
U007362,O015922,1017.25,2026-07-10,317411
U007362,O015923,910.46,2026-08-15,317411
U007363,O015924,314.57,2026-02-18,481499
U007363,O015925,927.61,2026-04-25,481499
U007363,O015926,819.01,2026-06-20,481499
U007365,O015927,953.22,2026-03-08,877155
U007365,O015928,187.29,2026-05-30,877155
U007366,O015929,1247.99,2026-02-26,568232
U007366,O015930,589.61,2026-03-03,568232
U007366,O015931,1037.0,2026-03-29,568232
U007366,O015932,473.05,2026-04-12,568232
U007367,O015933,628.62,2026-04-19,801275
U007367,O015934,726.88,2026-04-29,801275
U007368,O015935,1058.88,2026-07-22,789191
U007369,O015936,199.47,2026-02-19,402202
U007369,O015937,627.14,2026-03-11,402202
U007369,O015938,479.53,2026-03-14,402202
U007371,O015939,541.9,2026-07-01,114874
U007371,O015940,363.68,2026-07-06,114874
U007372,O015941,819.36,2025-11-22,140588
U007372,O015942,496.62,2025-11-23,140588
U007372,O015943,378.58,2025-11-25,140588
U007372,O015944,645.23,2026-01-04,140588
U007373,O015945,774.5,2025-11-23,143721
U007375,O015946,219.03,2026-03-10,878131
U007375,O015947,142.16,2026-03-11,878131
U007375,O015948,847.6,2026-03-27,878131
U007376,O015949,899.39,2026-02-24,817947
U007376,O015950,861.35,2026-02-26,817947
U007377,O015951,618.8,2026-05-09,227631
U007377,O015952,739.36,2026-05-12,227631
U007378,O015953,567.44,2026-07-17,447487
U007379,O015954,559.47,2026-02-09,245873
U007379,O015955,301.75,2026-02-27,245873
U007379,O015956,524.92,2026-04-11,245873
U007380,O015957,843.39,2026-02-12,148837
U007380,O015958,550.82,2026-03-11,148837
U007381,O015959,505.62,2026-01-27,605738
U007381,O015960,1163.12,2026-02-19,605738
U007381,O015961,962.12,2026-03-20,605738
U007382,O015962,335.9,2026-02-11,658054
U007382,O015963,746.5,2026-05-03,658054
U007383,O015964,1319.1,2026-01-21,682331
U007383,O015965,995.75,2026-07-06,682331
U007383,O015966,841.43,2026-07-18,682331
U007384,O015967,262.01,2025-12-03,463504
U007384,O015968,172.58,2025-12-14,463504
U007385,O015969,1410.86,2026-02-09,781348
U007385,O015970,524.31,2026-03-27,781348
U007385,O015971,1073.56,2026-04-10,781348
U007385,O015972,821.72,2026-05-11,781348
U007386,O015973,504.47,2026-08-17,812700
U007386,O015974,665.09,2026-08-25,812700
U007387,O015975,461.27,2026-05-24,435188
U007387,O015976,533.45,2026-06-05,435188
U007388,O015977,666.87,2025-12-26,132843
U007388,O015978,341.47,2026-03-13,132843
U007388,O015979,680.43,2026-03-29,132843
U007389,O015980,713.92,2026-08-17,283373
U007391,O015981,461.66,2026-08-06,119824
U007393,O015982,780.7,2025-12-06,358036
U007393,O015983,853.6,2026-01-11,358036
U007393,O015984,1141.31,2026-01-29,358036
U007393,O015985,216.12,2026-02-04,358036
U007394,O015986,742.24,2026-02-01,453372
U007394,O015987,1298.69,2026-02-14,453372
U007395,O015988,49.0,2025-12-21,103851
U007395,O015989,630.6,2026-03-09,103851
U007397,O015990,624.1,2026-07-07,888244
U007398,O015991,536.61,2026-07-06,228785
U007398,O015992,817.27,2026-07-10,228785
U007398,O015993,911.42,2026-08-09,228785
U007398,O015994,921.35,2026-08-10,228785
U007399,O015995,539.89,2025-11-25,418064
U007399,O015996,689.63,2025-12-17,418064
U007399,O015997,475.17,2025-12-23,418064
U007400,O015998,681.05,2025-12-21,897937
U007400,O015999,1291.05,2025-12-26,897937
U007400,O016000,1401.06,2026-01-06,897937
U007401,O016001,704.51,2025-11-15,239540
U007402,O016002,1071.5,2025-10-17,421796
U007402,O016003,462.24,2025-10-20,421796
U007402,O016004,703.72,2025-10-27,421796
U007403,O016005,802.37,2025-12-16,798735
U007404,O016006,593.4,2025-10-11,747889
U007404,O016007,400.95,2025-10-29,747889
U007404,O016008,457.09,2025-11-13,747889
U007405,O016009,729.12,2025-12-17,824763
U007406,O016010,890.44,2026-05-11,439314
U007406,O016011,920.65,2026-05-20,439314
U007407,O016012,855.33,2026-04-25,255703
U007407,O016013,701.27,2026-06-16,255703
U007408,O016014,635.84,2026-04-27,523604
U007408,O016015,815.56,2026-07-22,523604
U007409,O016016,533.02,2026-03-16,275569
U007409,O016017,398.38,2026-03-18,275569
U007410,O016018,430.77,2026-06-19,548061
U007410,O016019,242.37,2026-06-23,548061
U007410,O016020,908.21,2026-06-29,548061
U007410,O016021,629.37,2026-07-21,548061
U007410,O016022,889.61,2026-07-26,548061
U007411,O016023,572.8,2025-10-10,185027
U007411,O016024,804.71,2025-12-05,185027
U007411,O016025,796.88,2026-01-11,185027
U007412,O016026,460.0,2026-07-15,758666
U007412,O016027,580.01,2026-07-20,758666
U007412,O016028,278.43,2026-08-13,758666
U007413,O016029,304.29,2025-11-23,598485
U007413,O016030,823.3,2025-12-01,598485
U007413,O016031,306.39,2026-01-29,598485
U007414,O016032,354.39,2026-07-19,874374
U007414,O016033,49.0,2026-08-19,874374
U007415,O016034,406.31,2025-11-14,360297
U007415,O016035,626.17,2026-01-04,360297
U007415,O016036,463.6,2026-01-12,360297
U007416,O016037,966.07,2026-08-15,654425
U007416,O016038,585.09,2026-08-17,654425
U007416,O016039,615.51,2026-08-22,654425
U007417,O016040,478.99,2026-01-24,749825
U007417,O016041,686.72,2026-03-08,749825
U007417,O016042,482.18,2026-05-01,749825
U007417,O016043,1117.15,2026-07-19,749825
U007418,O016044,542.15,2026-07-20,354503
U007419,O016045,194.66,2026-08-22,400893
U007420,O016046,232.26,2026-03-19,311566
U007420,O016047,328.7,2026-06-13,311566
U007420,O016048,396.47,2026-06-21,311566
U007421,O016049,333.92,2026-05-17,176711
U007422,O016050,304.37,2026-05-11,396664
U007423,O016051,304.61,2025-12-01,245989
U007423,O016052,866.67,2026-01-12,245989
U007424,O016053,886.0,2026-01-04,380164
U007424,O016054,1113.32,2026-01-05,380164
U007424,O016055,171.42,2026-01-11,380164
U007424,O016056,604.75,2026-01-26,380164
U007425,O016057,862.06,2026-06-07,207369
U007425,O016058,195.5,2026-06-29,207369
U007426,O016059,796.37,2026-01-09,110195
U007426,O016060,1063.43,2026-02-22,110195
U007426,O016061,170.46,2026-02-27,110195
U007427,O016062,594.08,2026-08-03,540335
U007427,O016063,642.0,2026-08-11,540335
U007428,O016064,623.34,2026-02-11,207945
U007428,O016065,373.41,2026-03-07,207945
U007428,O016066,752.38,2026-03-12,207945
U007428,O016067,698.11,2026-03-18,207945
U007429,O016068,458.62,2026-02-10,541264
U007429,O016069,903.3,2026-02-17,541264
U007429,O016070,219.78,2026-02-18,541264
U007430,O016071,637.63,2026-01-13,687062
U007430,O016072,84.47,2026-01-25,687062
U007430,O016073,742.62,2026-03-12,687062
U007431,O016074,775.69,2026-04-22,197409
U007431,O016075,524.52,2026-06-26,197409
U007431,O016076,419.55,2026-06-28,197409
U007431,O016077,703.83,2026-07-27,197409
U007432,O016078,731.68,2025-10-10,448179
U007432,O016079,482.28,2025-10-14,448179
U007433,O016080,570.98,2026-02-06,305167
U007433,O016081,106.79,2026-05-18,305167
U007433,O016082,1030.1,2026-06-08,305167
U007434,O016083,183.03,2026-08-17,475533
U007435,O016084,875.64,2025-12-23,828107
U007435,O016085,327.11,2025-12-29,828107
U007435,O016086,742.62,2026-01-16,828107
U007436,O016087,875.94,2026-07-18,531584
U007436,O016088,594.16,2026-08-04,531584
U007438,O016089,287.07,2026-05-11,485681
U007438,O016090,495.04,2026-05-14,485681
U007439,O016091,776.53,2026-05-20,415349
U007439,O016092,893.21,2026-06-09,415349
U007439,O016093,782.47,2026-07-31,415349
U007440,O016094,638.12,2026-03-11,429527
U007440,O016095,265.73,2026-03-25,429527
U007441,O016096,740.99,2026-03-14,223231
U007442,O016097,850.26,2026-05-16,546239
U007442,O016098,279.55,2026-05-31,546239
U007442,O016099,482.16,2026-07-01,546239
U007442,O016100,718.65,2026-07-28,546239
U007443,O016101,630.85,2025-12-17,885611
U007443,O016102,922.88,2026-02-28,885611
U007444,O016103,1347.16,2025-12-02,240446
U007445,O016104,350.09,2026-05-10,841409
U007445,O016105,967.26,2026-05-20,841409
U007445,O016106,1071.4,2026-05-26,841409
U007445,O016107,639.91,2026-06-04,841409
U007445,O016108,721.17,2026-07-03,841409
U007446,O016109,833.4,2026-03-08,696121
U007446,O016110,479.41,2026-03-18,696121
U007446,O016111,898.24,2026-05-01,696121
U007446,O016112,233.46,2026-07-08,696121
U007447,O016113,1500.88,2026-07-01,809557
U007448,O016114,973.82,2026-03-11,373064
U007448,O016115,996.98,2026-03-13,373064
U007449,O016116,774.85,2026-01-17,547493
U007449,O016117,457.76,2026-03-26,547493
U007451,O016118,485.7,2026-06-20,623413
U007453,O016119,653.22,2025-11-20,243387
U007454,O016120,1098.7,2026-01-21,466504
U007454,O016121,144.91,2026-02-06,466504
U007455,O016122,817.37,2026-06-08,701234
U007455,O016123,772.12,2026-06-16,701234
U007455,O016124,484.04,2026-07-13,701234
U007456,O016125,954.48,2026-05-23,894859
U007456,O016126,301.5,2026-08-11,894859
U007456,O016127,360.82,2026-08-20,894859
U007457,O016128,841.46,2026-08-01,716337
U007457,O016129,617.94,2026-08-06,716337
U007458,O016130,685.7,2025-10-02,890780
U007458,O016131,458.37,2025-10-12,890780
U007458,O016132,945.9,2026-01-28,890780
U007458,O016133,985.03,2026-02-26,890780
U007459,O016134,176.61,2026-05-19,202321
U007459,O016135,1176.53,2026-05-30,202321
U007459,O016136,299.34,2026-07-10,202321
U007459,O016137,608.53,2026-08-04,202321
U007460,O016138,537.88,2026-04-19,728244
U007460,O016139,773.32,2026-05-21,728244
U007460,O016140,477.42,2026-06-23,728244
U007461,O016141,360.66,2026-06-21,439823
U007462,O016142,777.27,2025-11-21,772475
U007462,O016143,470.18,2025-12-05,772475
U007462,O016144,752.57,2025-12-06,772475
U007463,O016145,456.51,2026-06-23,331416
U007463,O016146,696.36,2026-07-13,331416
U007463,O016147,804.88,2026-08-15,331416
U007464,O016148,658.56,2026-04-29,781118
U007464,O016149,341.42,2026-06-29,781118
U007465,O016150,647.08,2026-02-17,514195
U007465,O016151,1038.16,2026-03-12,514195
U007465,O016152,563.25,2026-07-02,514195
U007465,O016153,497.77,2026-07-16,514195
U007465,O016154,1156.73,2026-08-21,514195
U007466,O016155,713.81,2025-10-31,109152
U007468,O016156,850.67,2026-02-01,623888
U007469,O016157,809.66,2026-01-26,340103
U007469,O016158,796.43,2026-03-01,340103
U007469,O016159,803.97,2026-03-14,340103
U007470,O016160,864.81,2026-03-27,679774
U007470,O016161,688.33,2026-04-08,679774
U007471,O016162,1178.27,2026-06-02,443487
U007472,O016163,1024.08,2026-02-20,706865
U007472,O016164,501.19,2026-03-09,706865
U007472,O016165,741.31,2026-03-15,706865
U007473,O016166,760.28,2025-10-07,665264
U007473,O016167,227.39,2025-10-09,665264
U007473,O016168,965.74,2025-10-30,665264
U007474,O016169,314.61,2026-04-07,690471
U007475,O016170,1285.7,2025-10-15,323486
U007475,O016171,650.13,2025-10-17,323486
U007475,O016172,667.12,2025-11-23,323486
U007475,O016173,105.88,2025-12-17,323486
U007475,O016174,1264.16,2026-02-12,323486
U007475,O016175,49.0,2026-03-12,323486
U007475,O016176,465.58,2026-03-18,323486
U007478,O016177,898.32,2026-06-03,340816
U007479,O016178,1320.28,2026-07-10,822552
U007479,O016179,313.94,2026-07-22,822552
U007482,O016180,804.76,2026-07-28,339211
U007483,O016181,815.92,2026-02-28,174258
U007483,O016182,752.78,2026-03-24,174258
U007483,O016183,956.47,2026-04-01,174258
U007484,O016184,344.01,2026-05-04,169175
U007484,O016185,49.0,2026-05-06,169175
U007484,O016186,500.62,2026-05-24,169175
U007485,O016187,435.06,2026-07-19,593595
U007486,O016188,174.02,2026-01-21,412888
U007486,O016189,677.82,2026-03-20,412888
U007486,O016190,810.33,2026-03-26,412888
U007486,O016191,834.05,2026-04-05,412888
U007486,O016192,351.55,2026-05-27,412888
U007487,O016193,188.02,2025-09-15,535588
U007487,O016194,866.32,2025-09-22,535588
U007489,O016195,49.4,2026-07-10,395144
U007490,O016196,829.41,2026-01-07,734106
U007490,O016197,49.0,2026-02-13,734106
U007491,O016198,674.34,2025-10-02,885931
U007492,O016199,793.34,2026-05-07,543664
U007492,O016200,1065.13,2026-06-23,543664
U007492,O016201,946.79,2026-06-29,543664
U007495,O016202,675.85,2026-05-03,193450
U007495,O016203,760.94,2026-06-07,193450
U007495,O016204,1047.89,2026-07-13,193450
U007496,O016205,565.65,2025-11-24,279202
U007496,O016206,483.62,2025-12-06,279202
U007496,O016207,678.41,2026-01-20,279202
U007496,O016208,773.59,2026-02-09,279202
U007496,O016209,236.57,2026-02-12,279202
U007497,O016210,805.96,2025-12-01,574402
U007498,O016211,527.81,2026-01-27,484575
U007498,O016212,912.72,2026-04-08,484575
U007498,O016213,851.38,2026-04-20,484575
U007499,O016214,1182.07,2026-02-23,786846
U007499,O016215,175.54,2026-04-16,786846
U007499,O016216,526.82,2026-05-05,786846
U007500,O016217,784.31,2025-12-28,154256
U007500,O016218,869.18,2026-01-15,154256
