user_id,instrument_hash,instrument_first_seen_date
U000001,upi_pnyk8xyxaw@okaxis,2025-09-30
U000002,upi_pnyk8xyxaw@okaxis,2025-09-30
U000003,upi_pnyk8xyxaw@okaxis,2025-10-01
U000004,upi_pnyk8xyxaw@okaxis,2025-10-01
U000005,upi_pnyk8xyxaw@okaxis,2025-10-03
U000006,upi_pnyk8xyxaw@okaxis,2025-10-02
U000007,upi_pnyk8xyxaw@okaxis,2025-10-02
U000008,upi_pnyk8xyxaw@okaxis,2025-10-01
U000009,upi_b6aaeu34aa@paytm,2026-04-29
U000010,card_1069_59edafff09,2026-05-01
U000011,card_5675_42ee5f78b2,2026-05-01
U000012,upi_tm4n1qpzyd@okicici,2026-04-29
U000013,upi_wbukr0h4u6@oksbi,2026-05-01
U000014,card_1321_0096a4e023,2026-05-01
U000015,upi_j90ayoxfrf@okaxis,2026-05-24
U000016,upi_mlt1pj7siz@oksbi,2026-05-22
U000017,upi_mivkh8dbz5@okhdfcbank,2026-05-22
U000018,card_5786_18781252fc,2026-05-22
U000019,card_2943_f2e66be649,2026-05-23
U000020,upi_nla2xsk90x@okaxis,2026-05-24
U000021,upi_vrfiuue1mk@paytm,2026-05-23
U000022,upi_9lzoksp87m@paytm,2026-07-02
U000023,upi_9lzoksp87m@paytm,2026-07-01
U000024,upi_9lzoksp87m@paytm,2026-07-01
U000025,upi_9lzoksp87m@paytm,2026-07-01
U000026,upi_9lzoksp87m@paytm,2026-06-30
U000027,upi_nacfgb9zae@paytm,2026-01-28
U000028,upi_sz4leqenq7@paytm,2026-01-30
U000029,upi_et8w14hzsv@oksbi,2026-01-30
U000030,upi_wty054sjnw@oksbi,2026-01-28
U000031,upi_sqg9zwwloo@paytm,2026-01-30
U000032,upi_orvnf89pi9@paytm,2026-01-30
U000033,card_3303_e27c34d059,2026-01-29
U000034,upi_8r0vpksdc5@oksbi,2026-01-29
U000035,card_5766_51677a9e52,2025-09-18
U000036,card_5766_51677a9e52,2025-09-16
U000037,card_5766_51677a9e52,2025-09-17
U000038,card_5766_51677a9e52,2025-09-16
U000039,card_5766_51677a9e52,2025-09-17
U000040,card_5766_51677a9e52,2025-09-17
U000041,card_5766_51677a9e52,2025-09-17
U000042,card_5766_51677a9e52,2025-09-18
U000043,card_5766_51677a9e52,2025-09-18
U000044,card_5766_51677a9e52,2025-09-16
U000045,card_5766_51677a9e52,2025-09-17
U000046,card_5766_51677a9e52,2025-09-16
U000047,card_5766_51677a9e52,2025-09-15
U000048,card_5766_51677a9e52,2025-09-18
U000049,card_0508_51d94200b9,2025-10-18
U000050,card_0508_51d94200b9,2025-10-18
U000051,card_0508_51d94200b9,2025-10-18
U000052,card_0508_51d94200b9,2025-10-19
U000053,upi_i64l5thxcx@ybl,2026-07-22
U000054,upi_oxxsz7467k@okhdfcbank,2026-07-21
U000055,upi_yij5e9lh6g@okaxis,2026-07-21
U000056,upi_9gpd56dcrj@okhdfcbank,2026-07-22
U000057,card_2126_5ceb10e87d,2026-05-05
U000058,card_2126_5ceb10e87d,2026-05-05
U000059,card_2126_5ceb10e87d,2026-05-06
U000060,card_2126_5ceb10e87d,2026-05-06
U000061,card_2126_5ceb10e87d,2026-05-05
U000062,card_2126_5ceb10e87d,2026-05-06
U000063,card_2126_5ceb10e87d,2026-05-05
U000064,card_2126_5ceb10e87d,2026-05-06
U000065,card_2126_5ceb10e87d,2026-05-04
U000066,card_2126_5ceb10e87d,2026-05-06
U000067,card_2126_5ceb10e87d,2026-05-06
U000068,card_2126_5ceb10e87d,2026-05-04
U000069,card_2126_5ceb10e87d,2026-05-04
U000070,upi_9lt9qna8um@okhdfcbank,2026-04-12
U000071,card_9609_0d978e6190,2026-04-12
U000072,upi_4wyhtcsjko@oksbi,2026-04-11
U000073,card_6815_dbf6299272,2026-04-12
U000074,upi_jagi9cqlk8@okaxis,2026-04-11
U000075,upi_j1ijelryne@ybl,2026-04-13
U000076,upi_ex12ma9ocr@paytm,2026-04-11
U000077,card_2298_60822e52d1,2026-04-11
U000078,card_3650_e6a71dfaea,2026-04-11
U000079,card_0513_db64170de0,2025-12-12
U000080,card_1368_fab283ebc8,2025-12-12
U000081,card_3647_27816a4e97,2025-12-11
U000082,upi_2bm0vtvju1@oksbi,2025-12-12
U000083,upi_4fsu1dlapz@paytm,2025-12-11
U000084,upi_quutm7j6wf@oksbi,2025-12-11
U000085,upi_ei5wwvnedu@oksbi,2025-12-12
U000086,upi_rmnvvcg140@paytm,2025-12-10
U000087,upi_k682igmtgk@ybl,2025-12-10
U000088,card_8877_018b234301,2025-12-10
U000089,upi_ffoifgzjez@ybl,2025-12-12
U000090,upi_gn20weoxdr@okaxis,2025-12-12
U000091,upi_muzb7ujrdn@okicici,2025-12-10
U000092,card_4896_f70b4ccce0,2025-12-12
U000093,upi_s9h2qfcu0x@oksbi,2025-12-11
U000094,upi_y0uvp257wx@okicici,2025-10-22
U000095,upi_8opu7fa15t@paytm,2025-10-23
U000096,card_5327_7bdce76fb5,2025-10-21
U000097,card_3524_2a6829d3e7,2025-10-22
U000098,upi_n1954ffywl@oksbi,2025-10-21
U000099,upi_yhl86h5ogu@okhdfcbank,2025-10-22
U000100,card_3069_8497c86d93,2025-10-23
U000101,card_8779_8d64361561,2025-10-23
U000102,card_5169_28eed3b94b,2025-10-23
U000103,card_0609_cfcc284fb0,2025-10-24
U000104,upi_x1fwthhkgj@paytm,2026-03-11
U000105,card_3133_438507c6b9,2026-03-10
U000106,card_0776_7421648f8b,2026-03-11
U000107,upi_bk6o76bzz8@okicici,2026-03-12
U000108,card_0907_8630e0edb3,2026-03-09
U000109,card_4772_b7c25fab19,2026-03-12
U000110,card_3463_1ffe180dd9,2026-03-09
U000111,upi_4yfjy80ef2@ybl,2026-03-11
U000112,upi_mesqpvz3i8@paytm,2026-03-09
U000113,upi_68yg5utyv6@okhdfcbank,2026-03-12
U000114,card_9986_e7fc7186ec,2026-03-11
U000115,card_7465_fb262a39a2,2026-03-09
U000116,upi_p1ikq8tun9@paytm,2025-10-03
U000117,upi_jgu5spujq5@okaxis,2025-10-04
U000118,card_4245_78136745b5,2025-10-05
U000119,card_1224_74a8e1b139,2025-10-04
U000120,card_4004_a9a4ea1332,2025-10-03
U000121,card_3497_1cc030b929,2025-10-04
U000122,card_5709_8565e2f63a,2025-10-05
U000123,upi_qeq8805eo0@oksbi,2025-09-30
U000124,upi_qeq8805eo0@oksbi,2025-10-01
U000125,upi_qeq8805eo0@oksbi,2025-09-29
U000126,upi_qeq8805eo0@oksbi,2025-09-29
U000127,upi_qeq8805eo0@oksbi,2025-09-30
U000128,upi_qeq8805eo0@oksbi,2025-09-29
U000129,upi_qeq8805eo0@oksbi,2025-09-29
U000130,upi_qeq8805eo0@oksbi,2025-09-29
U000131,upi_qeq8805eo0@oksbi,2025-10-01
U000132,upi_qeq8805eo0@oksbi,2025-09-30
U000133,upi_qeq8805eo0@oksbi,2025-09-30
U000134,upi_qeq8805eo0@oksbi,2025-09-29
U000135,upi_qeq8805eo0@oksbi,2025-10-01
U000136,upi_qeq8805eo0@oksbi,2025-09-29
U000137,upi_qeq8805eo0@oksbi,2025-09-30
U000138,upi_emt2kpy8ji@okicici,2026-05-04
U000139,upi_emt2kpy8ji@okicici,2026-05-05
U000140,upi_emt2kpy8ji@okicici,2026-05-04
U000141,upi_emt2kpy8ji@okicici,2026-05-03
U000142,upi_emt2kpy8ji@okicici,2026-05-05
U000143,upi_emt2kpy8ji@okicici,2026-05-05
U000144,upi_emt2kpy8ji@okicici,2026-05-03
U000145,upi_emt2kpy8ji@okicici,2026-05-05
U000146,upi_emt2kpy8ji@okicici,2026-05-03
U000147,upi_emt2kpy8ji@okicici,2026-05-06
U000148,upi_emt2kpy8ji@okicici,2026-05-05
U000149,upi_itdnchmqb4@okaxis,2025-12-01
U000150,card_0842_13a18ee396,2025-12-01
U000151,card_8524_2dd9f7606d,2025-11-30
U000152,card_2026_31ae3663fc,2025-11-30
U000153,card_1479_7c3ffb7433,2025-12-01
U000154,upi_ban6j15q59@okicici,2025-11-30
U000155,upi_q4k4e5pr06@oksbi,2025-11-30
U000156,upi_lalbp6gfz8@okhdfcbank,2025-12-01
U000157,upi_32ac259scn@oksbi,2025-12-01
U000158,upi_oi84jhbc8u@paytm,2025-12-01
U000159,card_8236_8850e0ecca,2026-02-24
U000160,card_6022_834cd4f839,2026-02-24
U000161,card_4591_42e8208fba,2026-02-25
U000162,card_3056_6daf454b13,2026-02-25
U000163,upi_1t9bjrvide@okaxis,2026-02-25
U000164,upi_meaku7kxz2@oksbi,2026-02-24
U000165,card_6600_cd9f325b5e,2026-02-26
U000166,upi_17oyq8cec4@okaxis,2026-02-26
U000167,upi_skug7ffnca@okhdfcbank,2026-02-25
U000168,card_9676_86bb256b31,2026-02-24
U000169,upi_b8tqkwkj33@okhdfcbank,2026-01-18
U000170,upi_b8tqkwkj33@okhdfcbank,2026-01-17
U000171,upi_b8tqkwkj33@okhdfcbank,2026-01-18
U000172,upi_b8tqkwkj33@okhdfcbank,2026-01-19
U000173,upi_b8tqkwkj33@okhdfcbank,2026-01-18
U000174,upi_b8tqkwkj33@okhdfcbank,2026-01-18
U000175,upi_b8tqkwkj33@okhdfcbank,2026-01-18
U000176,upi_b8tqkwkj33@okhdfcbank,2026-01-20
U000177,upi_b8tqkwkj33@okhdfcbank,2026-01-19
U000178,upi_b8tqkwkj33@okhdfcbank,2026-01-20
U000179,upi_b8tqkwkj33@okhdfcbank,2026-01-20
U000180,upi_b8tqkwkj33@okhdfcbank,2026-01-20
U000181,upi_59q01ebyyb@oksbi,2026-04-14
U000182,card_7604_e443dcb86e,2026-04-16
U000183,card_0115_40b69ab66a,2026-04-16
U000184,upi_bagwbsaud2@oksbi,2026-04-17
U000185,card_0430_fc28a6bae3,2026-04-16
U000186,card_7460_958e0a9716,2026-04-16
U000187,upi_5l5o36xzle@ybl,2026-04-15
U000188,upi_j6diy9f67x@okhdfcbank,2026-04-15
U000189,upi_nf6rq6hcpl@ybl,2026-04-14
U000190,upi_gsh4b117ch@okicici,2026-04-17
U000191,upi_zn6fwbloll@okicici,2026-04-16
U000192,upi_rlkm2cs933@okaxis,2026-04-15
U000193,upi_rzt7ju08fz@okaxis,2026-04-16
U000194,upi_m2d6wdqrwv@okaxis,2026-04-08
U000195,upi_m2d6wdqrwv@okaxis,2026-04-09
U000196,upi_m2d6wdqrwv@okaxis,2026-04-07
U000197,upi_m2d6wdqrwv@okaxis,2026-04-08
U000198,upi_m2d6wdqrwv@okaxis,2026-04-07
U000199,upi_m2d6wdqrwv@okaxis,2026-04-08
U000200,upi_m2d6wdqrwv@okaxis,2026-04-08
U000201,upi_m2d6wdqrwv@okaxis,2026-04-09
U000202,upi_m2d6wdqrwv@okaxis,2026-04-08
U000203,upi_m2d6wdqrwv@okaxis,2026-04-08
U000204,upi_m2d6wdqrwv@okaxis,2026-04-08
U000205,upi_m2d6wdqrwv@okaxis,2026-04-07
U000206,upi_m2d6wdqrwv@okaxis,2026-04-09
U000207,card_5187_c6e3d2590c,2026-02-28
U000208,card_5187_c6e3d2590c,2026-03-02
U000209,card_5187_c6e3d2590c,2026-03-01
U000210,card_5187_c6e3d2590c,2026-03-01
U000211,card_5187_c6e3d2590c,2026-02-27
U000212,card_5187_c6e3d2590c,2026-02-27
U000213,card_5187_c6e3d2590c,2026-03-01
U000214,card_5187_c6e3d2590c,2026-03-01
U000215,card_5187_c6e3d2590c,2026-02-28
U000216,card_4881_5b84b53231,2025-12-27
U000217,card_2625_96768a6405,2025-12-25
U000218,upi_i863tioo0z@oksbi,2025-12-27
U000219,upi_otk2vfvuu4@okaxis,2025-12-27
U000220,upi_2ykzw8cldc@oksbi,2025-12-26
U000221,upi_e8cxnahp2x@okhdfcbank,2025-12-25
U000222,upi_7hnda8xco6@oksbi,2025-12-25
U000223,upi_gx4p36vksh@okaxis,2026-04-03
U000224,upi_gx4p36vksh@okaxis,2026-04-05
U000225,upi_gx4p36vksh@okaxis,2026-04-05
U000226,upi_gx4p36vksh@okaxis,2026-04-04
U000227,upi_gx4p36vksh@okaxis,2026-04-05
U000228,upi_gx4p36vksh@okaxis,2026-04-04
U000229,upi_gx4p36vksh@okaxis,2026-04-03
U000230,upi_gx4p36vksh@okaxis,2026-04-03
U000231,upi_gx4p36vksh@okaxis,2026-04-03
U000232,upi_gx4p36vksh@okaxis,2026-04-03
U000233,upi_gx4p36vksh@okaxis,2026-04-03
U000234,upi_gx4p36vksh@okaxis,2026-04-05
U000235,upi_i48s59pipd@oksbi,2026-07-17
U000236,upi_ynp48j8ybj@oksbi,2026-07-18
U000237,upi_nejc5ia58u@paytm,2026-07-17
U000238,upi_deffs7mvjy@paytm,2026-07-18
U000239,upi_3hg177q83d@paytm,2026-07-18
U000240,card_0726_2ef9923b19,2026-07-17
U000241,upi_xmhfx12fnc@paytm,2026-06-15
U000242,card_3994_2e43e96038,2026-06-17
U000243,upi_ocpuvglpk4@okicici,2026-06-16
U000244,card_1503_0a93968a95,2026-06-15
U000245,upi_jiqp4ck7hq@okhdfcbank,2026-07-12
U000246,upi_uywwn020cf@okhdfcbank,2026-07-13
U000247,upi_wynb76irc3@oksbi,2026-07-11
U000248,card_3301_92ea0f37d5,2026-07-13
U000249,card_6112_efca8abe73,2026-07-13
U000250,upi_jk9jad8o24@okhdfcbank,2026-07-11
U000251,card_4897_01fc4766f8,2026-01-01
U000252,card_4897_01fc4766f8,2026-01-02
U000253,card_4897_01fc4766f8,2026-01-03
U000254,card_4897_01fc4766f8,2026-01-03
U000255,card_4897_01fc4766f8,2026-01-04
U000256,card_4897_01fc4766f8,2026-01-04
U000257,card_4897_01fc4766f8,2026-01-03
U000258,card_4897_01fc4766f8,2026-01-01
U000259,card_4897_01fc4766f8,2026-01-02
U000260,card_4897_01fc4766f8,2026-01-02
U000261,upi_scx9nmqsal@okicici,2026-03-23
U000262,upi_1nz7npdc0w@okicici,2026-03-24
U000263,upi_st0xr80tjc@okhdfcbank,2026-03-25
U000264,upi_o5483za003@okaxis,2026-06-09
U000265,upi_o5483za003@okaxis,2026-06-10
U000266,upi_o5483za003@okaxis,2026-06-09
U000267,card_5286_c0215c1435,2026-05-08
U000268,card_5286_c0215c1435,2026-05-10
U000269,card_5286_c0215c1435,2026-05-08
U000270,card_5286_c0215c1435,2026-05-10
U000271,card_5286_c0215c1435,2026-05-10
U000272,card_5286_c0215c1435,2026-05-11
U000273,upi_3imxpiws1j@oksbi,2025-11-16
U000274,upi_3imxpiws1j@oksbi,2025-11-15
U000275,upi_3imxpiws1j@oksbi,2025-11-14
U000276,upi_3imxpiws1j@oksbi,2025-11-15
U000277,upi_3imxpiws1j@oksbi,2025-11-14
U000278,upi_3imxpiws1j@oksbi,2025-11-13
U000279,upi_3imxpiws1j@oksbi,2025-11-13
U000280,upi_tuh59x6rmb@oksbi,2026-06-25
U000281,upi_yukwfu2n52@okaxis,2026-06-25
U000282,upi_vdltbh60p0@okicici,2026-06-25
U000283,card_8317_4a4fb18d20,2026-06-25
U000284,upi_800dt6cai6@ybl,2026-06-24
U000285,upi_xjfanb96l0@okaxis,2026-06-27
U000286,upi_zi5m30bfjg@oksbi,2026-06-25
U000287,card_0375_7d92770412,2026-06-25
U000288,upi_rjc0m9b26x@paytm,2026-06-26
U000289,upi_vb9taaf20b@okhdfcbank,2026-06-24
U000290,upi_f1wgqm03rs@okaxis,2026-06-26
U000291,card_4441_30e2db79cb,2026-06-24
U000292,upi_aqisdkborb@paytm,2026-06-25
U000293,upi_5mnuuwu39g@paytm,2026-06-27
U000294,card_2728_374b865f60,2025-11-28
U000295,card_1212_eada9d3b8a,2025-11-26
U000296,card_5791_b479fcd48c,2025-11-27
U000297,upi_agf9inp903@okaxis,2025-11-28
U000298,upi_na9qfk59zq@okaxis,2025-11-28
U000299,card_8706_105a30bb96,2025-11-28
U000300,card_4899_2e56f2ec64,2026-03-25
U000301,card_7119_15786054bf,2026-03-25
U000302,upi_w6j6iwjhzm@oksbi,2026-03-26
U000303,upi_d49srzjiap@oksbi,2026-03-27
U000304,card_6917_7b05d083fb,2026-03-27
U000305,upi_xtw2zpelka@ybl,2026-04-15
U000306,upi_xtw2zpelka@ybl,2026-04-15
U000307,upi_xtw2zpelka@ybl,2026-04-17
U000308,upi_xtw2zpelka@ybl,2026-04-17
U000309,upi_xtw2zpelka@ybl,2026-04-17
U000310,upi_xtw2zpelka@ybl,2026-04-15
U000311,upi_fcwuvn0idw@okaxis,2025-09-19
U000312,upi_fcwuvn0idw@okaxis,2025-09-18
U000313,upi_fcwuvn0idw@okaxis,2025-09-20
U000314,upi_fcwuvn0idw@okaxis,2025-09-19
U000315,upi_fcwuvn0idw@okaxis,2025-09-18
U000316,upi_fcwuvn0idw@okaxis,2025-09-18
U000317,upi_fcwuvn0idw@okaxis,2025-09-19
U000318,upi_fcwuvn0idw@okaxis,2025-09-19
U000319,upi_fcwuvn0idw@okaxis,2025-09-19
U000320,upi_fcwuvn0idw@okaxis,2025-09-18
U000321,upi_fcwuvn0idw@okaxis,2025-09-18
U000322,upi_fcwuvn0idw@okaxis,2025-09-20
U000323,upi_fcwuvn0idw@okaxis,2025-09-17
U000324,upi_uf4uk5fvj1@oksbi,2026-03-27
U000325,upi_5iro83gsxv@okhdfcbank,2026-03-29
U000326,upi_tz78uj14iv@okhdfcbank,2026-03-26
U000327,upi_btgilngd45@paytm,2026-03-26
U000328,upi_8l5agjj9j0@oksbi,2026-03-28
U000329,upi_cuejxefg5c@paytm,2026-03-28
U000330,card_9495_83c4d90f07,2026-03-26
U000331,upi_s1430qg5au@okaxis,2026-03-28
U000332,card_5566_370341a057,2026-03-27
U000333,upi_hilkl8n58y@okhdfcbank,2026-03-28
U000334,card_5280_c0c2bbeaff,2026-03-28
U000335,upi_9hs0xstdc5@okicici,2026-03-27
U000336,upi_35nkjlbm9l@okaxis,2026-03-26
U000337,card_6544_fcb67804dc,2026-03-27
U000338,upi_fz91vwi3t7@paytm,2026-03-29
U000339,upi_hdryj8us73@okaxis,2026-03-27
U000340,upi_l37ooe109q@ybl,2026-01-12
U000341,upi_l37ooe109q@ybl,2026-01-12
U000342,upi_l37ooe109q@ybl,2026-01-11
U000343,upi_l37ooe109q@ybl,2026-01-12
U000344,upi_l37ooe109q@ybl,2026-01-12
U000345,upi_l37ooe109q@ybl,2026-01-11
U000346,upi_l37ooe109q@ybl,2026-01-11
U000347,upi_l37ooe109q@ybl,2026-01-13
U000348,upi_l37ooe109q@ybl,2026-01-12
U000349,upi_l37ooe109q@ybl,2026-01-11
U000350,upi_l37ooe109q@ybl,2026-01-11
U000351,upi_l37ooe109q@ybl,2026-01-13
U000352,upi_l37ooe109q@ybl,2026-01-11
U000353,card_6837_de2b5a4988,2026-02-18
U000354,card_5243_d20d803f0a,2026-02-18
U000355,upi_w7zlpjh1ub@ybl,2026-02-18
U000356,card_8503_496c6ae3f7,2026-02-18
U000357,upi_3fh4o862le@okicici,2026-02-18
U000358,card_9202_92a250889f,2026-02-18
U000359,card_1929_c1cfb489a4,2026-02-18
U000360,card_1996_4c46b434fe,2026-02-19
U000361,upi_kfgp94c3uw@okhdfcbank,2026-02-18
U000362,card_8922_bfeb718cf9,2026-02-19
U000363,upi_esyhdhw7i8@okhdfcbank,2026-02-18
U000364,upi_wooeyp66kl@okaxis,2026-02-19
U000365,card_2012_cc08b0309e,2026-02-19
U000366,card_4280_36bab51f29,2026-02-18
U000367,upi_riinuodfz3@okicici,2025-11-17
U000368,card_7748_5cea54ec50,2025-11-17
U000369,upi_nbgdg48771@okaxis,2025-11-17
U000370,upi_sygiqaaayl@oksbi,2025-11-18
U000371,card_6774_de1234cc83,2025-11-19
U000372,card_4917_78e9551351,2025-11-19
U000373,card_4270_c20ae542cf,2025-11-20
U000374,upi_jnudj1p1vk@ybl,2025-11-22
U000375,card_2601_699bd48978,2025-11-21
U000376,upi_4gco5x78mw@oksbi,2025-11-24
U000377,upi_m0wguedsky@okaxis,2025-11-23
U000378,upi_up7pdriioi@okhdfcbank,2025-11-22
U000379,upi_deykcpk92c@paytm,2025-11-24
U000380,upi_6cecieciv6@ybl,2025-11-22
U000381,card_1351_739ac0111b,2025-11-22
U000382,upi_i2h18vyijx@ybl,2026-06-21
U000383,card_1241_acbacd1a0d,2026-06-21
U000384,card_8309_ed1055725d,2026-06-22
U000385,upi_nzeffm2edj@paytm,2026-06-22
U000386,card_9594_130ab8c11b,2026-06-22
U000387,upi_vpkxdwopqp@okicici,2026-06-22
U000388,upi_n6w4wiohj3@ybl,2025-12-06
U000389,upi_gp54ingmel@paytm,2025-12-07
U000390,upi_ss63mxyelf@okhdfcbank,2025-12-08
U000391,card_8501_1804882249,2025-12-07
U000392,upi_qcntiwttts@okicici,2025-12-08
U000393,upi_hzynbsk25r@okaxis,2026-03-20
U000394,card_3694_14d73458dc,2026-03-20
U000395,upi_d0cignqi1w@paytm,2026-03-20
U000396,upi_ag05mp4yco@okhdfcbank,2026-03-20
U000397,card_6907_8279f677b3,2026-03-20
U000398,card_2594_be5e5de81b,2026-03-20
U000399,upi_h9ybm0rn4u@paytm,2026-03-20
U000400,upi_wv15h9b0pj@paytm,2026-03-21
U000401,upi_9fbiwxhid5@ybl,2026-03-20
U000402,upi_s133h3w3xv@okaxis,2026-03-20
U000403,upi_t07b4wvzim@okicici,2026-03-20
U000404,card_4020_082984b103,2026-03-21
U000405,upi_krlli0af4g@okhdfcbank,2026-03-21
U000406,upi_rw4qkv32lb@okhdfcbank,2026-03-21
U000407,upi_koge2i8csj@okhdfcbank,2026-03-22
U000408,upi_b07sjcv2x6@paytm,2026-03-14
U000409,upi_8ohnrcnvob@oksbi,2026-03-14
U000410,card_3781_6244e2ff66,2026-03-14
U000411,upi_39ln2j11zv@okaxis,2026-03-14
U000412,upi_z3t5jiv6mh@okicici,2026-03-14
U000413,card_1067_7ff96eb1ea,2026-03-15
U000414,card_9104_42b0604a59,2026-03-15
U000415,upi_qkdj1hklvq@okicici,2026-03-15
U000416,upi_natej9zohv@okaxis,2026-03-15
U000417,card_3627_f39fba6560,2026-05-01
U000418,card_7514_ae3bbb9ef6,2026-05-01
U000419,card_3120_fc39b1c2b5,2026-05-02
U000420,upi_tgzl909jo1@ybl,2026-05-03
U000421,upi_y6tcwnspii@okaxis,2026-05-01
U000422,upi_hxm48xhu6d@ybl,2026-05-04
U000423,card_0175_d2738b27f2,2026-05-04
U000424,card_4235_e88d11e404,2026-07-16
U000425,card_9677_c00cdb067f,2026-07-16
U000426,card_4910_fb974b988b,2026-07-16
U000427,upi_68kfs8jene@okhdfcbank,2026-07-16
U000428,upi_38u9eomlnf@paytm,2026-07-16
U000429,upi_u5bwfqj0nq@ybl,2026-07-16
U000430,card_9581_f44a6975d2,2026-07-16
U000431,upi_x72nt3teal@okicici,2026-07-16
U000432,card_9236_054653eccc,2026-07-17
U000433,upi_40q4kqexbj@ybl,2026-07-17
U000434,card_9532_aebe2d74f3,2026-07-16
U000435,card_0888_91f90ce299,2026-06-09
U000436,upi_znqcossjlp@paytm,2026-06-09
U000437,upi_qy0utws50i@okaxis,2026-06-09
U000438,upi_i4217njs02@oksbi,2026-06-09
U000439,upi_s8hdkh4i2h@paytm,2026-06-10
U000440,card_5953_6096e1f621,2026-06-12
U000441,upi_o1qyq2tp2j@okicici,2025-12-09
U000442,upi_20vcb0yr9f@oksbi,2025-12-09
U000443,upi_rd46mw0ndh@paytm,2025-12-09
U000444,upi_m66aaq3rdh@okhdfcbank,2025-12-09
U000445,upi_13aj2e34hf@okhdfcbank,2025-12-10
U000446,card_0404_874c3ad6a9,2025-12-09
U000447,upi_t8y74c9bae@okicici,2025-12-10
U000448,upi_tpibfxewtt@okaxis,2025-12-09
U000449,upi_ngmfca77zf@ybl,2025-12-10
U000450,upi_api0mo5zia@okhdfcbank,2025-12-09
U000451,upi_p4vw6phsc8@okicici,2025-12-09
U000452,card_1780_de0af08e0e,2025-12-11
U000453,card_9962_50bf74821b,2025-12-09
U000454,card_3707_d548bb56f0,2026-03-12
U000455,upi_coagls4wrc@paytm,2026-03-12
U000456,card_8233_206ac0d266,2026-03-12
U000457,upi_h1xnfo8y0v@oksbi,2026-03-12
U000458,card_6162_ceb7735976,2026-03-12
U000459,card_0301_16a299c548,2026-03-12
U000460,card_9441_01a2b04664,2026-03-13
U000461,card_7105_05036f982a,2025-09-29
U000462,upi_m20iy8vp3v@oksbi,2025-09-29
U000463,card_1194_4c3aacfbdb,2025-09-30
U000464,upi_hbgnhbi1td@ybl,2025-09-30
U000465,card_8572_0dbbe1f16c,2025-10-01
U000466,card_3480_440f593ddd,2025-10-03
U000467,card_9010_1a4dd54f96,2025-10-02
U000468,upi_x8d7877t6b@paytm,2025-10-03
U000469,card_1536_739236a68e,2025-10-05
U000470,upi_4a0qkin4eg@paytm,2025-10-05
U000471,upi_sp13igwgo7@okicici,2025-10-07
U000472,upi_k2qgd663e9@okicici,2025-10-04
U000473,upi_wekalhb6ie@okaxis,2025-10-02
U000474,card_1006_b13eeea0e9,2025-10-06
U000475,card_8603_9921e993f0,2025-11-29
U000476,card_3010_d07c823580,2025-11-29
U000477,upi_8ihy64vt02@ybl,2025-11-29
U000478,upi_kivxtcq0i8@oksbi,2025-11-29
U000479,upi_ja478o8idb@okaxis,2025-11-29
U000480,card_3515_51146fd8ac,2025-11-29
U000481,upi_ucnr4kyk9z@okhdfcbank,2025-11-29
U000482,upi_55kakztq9q@ybl,2025-11-29
U000483,upi_ukdrbxa3l9@okaxis,2025-11-29
U000484,card_9680_0fec4f839c,2025-11-29
U000485,upi_gbyr99iweq@ybl,2025-11-30
U000486,upi_t67iwrjn8b@oksbi,2025-11-29
U000487,card_0815_b403194b28,2026-07-01
U000488,card_0350_16f01874f7,2026-07-01
U000489,upi_5zvpgjumg2@oksbi,2026-07-01
U000490,upi_qhaodm4dkp@paytm,2026-07-03
U000491,card_6191_300acf76ad,2026-07-03
U000492,card_0710_2570522ed7,2026-07-04
U000493,upi_j7275b9xli@oksbi,2026-07-05
U000494,card_7420_7572e38ff5,2026-07-03
U000495,upi_y6jhv88e2g@ybl,2026-07-04
U000496,upi_6tq1zn8mvh@ybl,2026-07-04
U000497,card_5495_25fc3417cf,2026-07-09
U000498,card_6834_44b1aa8959,2026-07-07
U000499,upi_pur0h2qay4@paytm,2026-07-06
U000500,card_1523_da18dc5b2d,2026-01-13
U000501,card_6230_866c94128f,2026-01-13
U000502,upi_ugvo4gw642@okaxis,2026-01-13
U000503,upi_ae03y7uyyy@okhdfcbank,2026-01-13
U000504,upi_ad31vce8ox@oksbi,2026-01-13
U000505,card_5135_078ffd2651,2026-01-13
U000506,card_2526_8939f8fdfe,2026-01-14
U000507,upi_eof9n0rmx8@ybl,2026-01-14
U000508,upi_7yztlpxu1n@okhdfcbank,2025-11-02
U000509,upi_apw2uhwgsc@paytm,2025-11-02
U000510,upi_u9ou416a08@oksbi,2025-11-02
U000511,upi_ivmrnlpmqf@ybl,2025-11-02
U000512,card_5339_8f8e777af0,2025-11-03
U000513,upi_y4890vgc8b@okhdfcbank,2025-11-03
U000514,upi_5sfttonp4y@okicici,2026-04-30
U000515,card_1712_4c7581e044,2026-04-30
U000516,card_1216_afe2d9f536,2026-04-30
U000517,card_8916_b63bad4dd0,2026-05-01
U000518,upi_22o7ft7unx@oksbi,2026-05-02
U000519,card_3245_0085f9e28f,2026-03-09
U000520,upi_k4domc7vdi@ybl,2026-03-09
U000521,upi_p3hhrzii05@ybl,2026-03-09
U000522,card_3417_89a1c98ee5,2026-03-09
U000523,card_8755_0db1ef96ff,2026-03-10
U000524,card_2525_e9362d0a36,2026-03-10
U000525,upi_r17qxf6svg@okaxis,2026-03-10
U000526,upi_kp0q2zg7ra@oksbi,2026-03-10
U000527,upi_wbkhw00ery@ybl,2026-03-10
U000528,card_6528_12b9408ee1,2026-03-10
U000529,upi_qnda1x044f@okaxis,2026-03-11
U000530,upi_5lp3ywz3oe@ybl,2026-03-10
U000531,upi_modr9kciq4@oksbi,2026-03-10
U000532,upi_ibq17gqqdt@paytm,2026-03-10
U000533,upi_99t65rwk73@oksbi,2025-11-12
U000534,card_1353_704b2eb8a4,2025-11-12
U000535,card_0554_1042d0dcc3,2025-11-13
U000536,upi_3hj1u1jtxe@oksbi,2025-11-14
U000537,upi_ngh0g96iu8@okicici,2025-11-15
U000538,upi_uwgj0mkitz@paytm,2025-11-16
U000539,upi_s84nxcdecs@ybl,2025-11-14
U000540,upi_50c7cdf3mp@okaxis,2025-11-14
U000541,upi_sxn0wx4vrg@okaxis,2025-11-17
U000542,upi_owwia6xi7y@okhdfcbank,2025-11-13
U000543,card_0211_b7efc1404a,2025-11-19
U000544,upi_px32csqpau@okhdfcbank,2025-11-13
U000545,card_8632_fdf469fa21,2025-12-29
U000546,card_6593_5af4ccc85e,2025-12-29
U000547,upi_4779btmd5g@okhdfcbank,2025-12-29
U000548,upi_kumoqfseza@ybl,2025-12-29
U000549,upi_9jop2ft76y@okaxis,2025-12-29
U000550,card_0794_42728a3c7d,2025-12-29
U000551,upi_ece1ka4z08@okicici,2025-12-30
U000552,card_3948_a4faffc9a3,2025-12-29
U000553,upi_ui5s6jvjcl@paytm,2025-12-30
U000554,upi_4i42g4lteb@okicici,2025-12-30
U000555,upi_z9bap62jh4@okhdfcbank,2026-04-14
U000556,card_8793_ceae5f25ad,2026-04-14
U000557,card_0617_d229d6f61a,2026-04-14
U000558,card_6768_e50d08e752,2026-04-14
U000559,upi_wsd01a4h7k@ybl,2026-04-14
U000560,upi_rc0ohmgx1j@oksbi,2026-01-15
U000561,upi_0sykq40uy3@ybl,2026-01-15
U000562,card_5917_4fc13d23f4,2026-01-15
U000563,card_0573_d80f3bc3fc,2026-01-16
U000564,upi_97h0234gj9@okicici,2026-01-16
U000565,card_4208_5e4924a0f9,2026-01-16
U000566,upi_gabs7lxprc@okaxis,2026-01-19
U000567,card_5477_c2080f8306,2026-01-20
U000568,card_6707_85706180f0,2026-01-20
U000569,upi_z35ysdi7xp@okhdfcbank,2026-01-20
U000570,upi_kkltcl4jr3@okaxis,2026-01-21
U000571,card_9821_0543827729,2026-01-18
U000572,upi_f9m7ucmrzq@okaxis,2026-01-19
U000573,upi_34q67c05zj@ybl,2026-01-25
U000574,upi_s3mnd4l93j@okicici,2025-10-04
U000575,card_4554_bfd950ae86,2025-10-04
U000576,upi_2o9o1h74u9@okicici,2025-10-04
U000577,card_4698_c21eaf805d,2025-10-05
U000578,upi_zu1zo9lfm4@paytm,2025-10-05
U000579,upi_mal5auhgcp@paytm,2025-10-04
U000580,upi_90om70rewi@okicici,2025-10-05
U000581,card_8048_1ca3af4313,2025-10-05
U000582,card_2417_089daa684b,2025-10-04
U000583,card_7449_16de02daa4,2025-10-05
U000584,upi_vayyo7vhsw@paytm,2025-10-05
U000585,upi_vf0dyabogz@okicici,2025-10-05
U000586,upi_c2pur2q9w4@oksbi,2025-10-06
U000587,upi_d6pk6qr6ct@okicici,2026-03-12
U000588,upi_gb54sqckom@okicici,2026-03-13
U000589,card_1623_d33558303c,2026-03-14
U000590,upi_wb9ysa0qk2@paytm,2026-03-15
U000591,card_3241_555200ff2e,2026-03-14
U000592,upi_9k1idgz08o@okhdfcbank,2026-03-15
U000593,upi_h8o3s1axa4@okicici,2026-03-15
U000594,upi_5lbroxe4gn@oksbi,2026-03-14
U000595,upi_piqra4jss5@okhdfcbank,2026-03-14
U000596,card_5668_4e19e3812b,2026-03-17
U000597,upi_h2qvio2bny@oksbi,2026-03-14
U000598,upi_fza82dfqps@okaxis,2026-07-20
U000599,upi_lcw31pzu8j@okaxis,2026-07-20
U000600,card_7510_82d21bd1d0,2026-07-20
U000601,card_8314_285597d869,2026-07-20
U000602,card_5143_b272e40bbf,2026-07-20
U000603,upi_zu27xurro8@okhdfcbank,2026-07-20
U000604,upi_waq3og7jtk@okicici,2026-07-21
U000605,card_7838_cff37f8ed2,2026-07-20
U000606,upi_fbuszde807@ybl,2026-07-21
U000607,upi_qnrkdnk8rx@paytm,2026-07-21
U000608,card_7695_19aefc1b51,2026-07-21
U000609,card_6655_0b11422cd5,2026-07-21
U000610,card_7938_89e06bbc63,2026-03-14
U000611,upi_cck34qo9df@paytm,2026-03-14
U000612,upi_6k7zhln6om@oksbi,2026-03-14
U000613,card_0678_8d7d36a593,2026-03-14
U000614,upi_csszygrykp@paytm,2026-03-14
U000615,upi_e7j12jfp4r@okicici,2026-03-14
U000616,card_4887_0ef0665cc5,2026-03-15
U000617,upi_xw2xaxv6a6@okhdfcbank,2026-03-15
U000618,card_2835_963c955837,2026-03-14
U000619,card_7470_df3ccbc4a7,2026-03-15
U000620,card_6139_e8c06d5d8c,2026-04-13
U000621,card_5569_b95a2515d5,2026-04-14
U000622,upi_d4qc0tqo7c@oksbi,2026-04-15
U000623,upi_is2eta3jzg@okhdfcbank,2026-04-15
U000624,upi_p4lbbztzzl@okaxis,2026-04-14
U000625,upi_jko8wa68io@okicici,2026-04-16
U000626,upi_1xkgqpe9wp@paytm,2026-04-18
U000627,upi_wsvb8k2i90@okicici,2026-04-18
U000628,card_7296_575638f347,2026-04-19
U000629,upi_f5e2476o9y@okaxis,2026-07-22
U000630,upi_8yevm59b2y@okaxis,2026-07-22
U000631,upi_udws02b3nj@okhdfcbank,2026-07-22
U000632,card_3436_1e4fd07bae,2026-07-22
U000633,upi_lj1yvm5ozv@paytm,2026-07-22
U000634,card_9730_df832a8017,2026-07-22
U000635,upi_g54p1v3huo@oksbi,2026-07-23
U000636,upi_l02okpxkuo@okhdfcbank,2026-07-23
U000637,upi_p1ggsnn7hi@okhdfcbank,2026-07-26
U000638,upi_0tlnsrbyee@oksbi,2026-07-26
U000639,card_2453_17775ea57b,2026-07-27
U000640,upi_oflewa68m1@ybl,2026-07-27
U000641,upi_bo2nt3frnw@okicici,2026-07-27
U000642,upi_q31eu8e47v@oksbi,2026-07-28
U000643,upi_86g2bxodoh@okaxis,2026-07-29
U000644,upi_dlnjwquk3j@oksbi,2026-07-29
U000645,card_2941_43d7ab102c,2026-08-01
U000646,card_4364_029511cdf7,2026-07-28
U000647,card_4549_9bcbde2bed,2026-04-07
U000648,upi_te18zyujqk@okhdfcbank,2026-04-07
U000649,upi_7zjl4ab3a5@paytm,2026-04-07
U000650,upi_0lhrf4z1lg@oksbi,2026-04-08
U000651,upi_bilo2vx54m@okicici,2026-04-07
U000652,upi_mubp1humik@okaxis,2026-04-07
U000653,card_4090_8bfea4efa0,2026-04-08
U000654,card_8464_3f3814aa23,2026-04-08
U000655,upi_21piwhgsi4@oksbi,2026-04-07
U000656,card_5187_750dab7dc6,2026-04-08
U000657,upi_2ija6tasub@okhdfcbank,2026-04-09
U000658,upi_82n5h8aa82@okhdfcbank,2026-04-09
U000659,card_4529_7dc53a4b0b,2026-04-08
U000660,upi_i1y11acp0y@okicici,2026-05-10
U000661,upi_pa0nalq29z@ybl,2026-05-10
U000662,upi_hst5o3004w@okicici,2026-05-10
U000663,upi_qb9lpfn7ld@paytm,2026-05-11
U000664,upi_7314hut72h@okaxis,2026-05-10
U000665,card_0980_4563b9bf15,2026-05-11
U000666,card_5312_bcd207bcbe,2026-05-11
U000667,card_3864_e808c9510d,2026-05-11
U000668,upi_a0shq78hxl@okhdfcbank,2026-05-11
U000669,upi_02nlxdtoth@paytm,2026-05-11
U000670,upi_znfyg8brb4@ybl,2026-05-12
U000671,upi_563zcarg5b@okaxis,2026-05-11
U000672,card_0792_622e6facae,2026-05-11
U000673,card_0350_c89899cbcc,2025-11-09
U000674,card_2175_df44263c47,2025-11-10
U000675,card_5190_b12f6455f4,2025-11-10
U000676,upi_vu0axyfjr8@oksbi,2025-11-10
U000677,upi_q6292h6fjm@oksbi,2025-11-10
U000678,upi_5n1qpwhmrt@paytm,2025-11-10
U000679,card_8450_435df1af7d,2025-11-14
U000680,card_0643_62eb7f1c8c,2025-11-11
U000681,upi_fl3z02rsit@ybl,2025-11-12
U000682,card_6605_4a23eea0c7,2025-11-14
U000683,upi_36ik739b3v@oksbi,2025-09-16
U000684,upi_wmg5s1osah@okhdfcbank,2025-09-16
U000685,card_9272_e6a92d11c3,2025-09-16
U000686,card_0845_63ac91c6fc,2025-09-16
U000687,upi_gcueu7jb5s@oksbi,2025-09-16
U000688,upi_4ylomegzhb@okicici,2025-09-16
U000689,upi_nzp6kz0hfd@paytm,2025-09-16
U000690,upi_6wrey9e15j@okicici,2025-09-16
U000691,card_9321_2458c37896,2025-09-16
U000692,card_4062_876a9b095a,2026-04-16
U000693,upi_tcbijwhc0g@okhdfcbank,2026-04-16
U000694,upi_sbqh5n2g0s@okhdfcbank,2026-04-16
U000695,card_4180_b8ce021797,2026-04-17
U000696,card_2721_8bb85e0e58,2026-04-18
U000697,upi_gy97ngmxey@okhdfcbank,2026-04-18
U000698,upi_hzrro7vhlp@paytm,2026-04-17
U000699,upi_94d649i3j1@paytm,2026-04-18
U000700,upi_b3d6g3xu9b@oksbi,2026-04-21
U000701,card_7213_5ec79c5388,2026-04-22
U000702,card_0900_480583a66b,2026-04-22
U000703,card_5437_ed128468d8,2026-04-21
U000704,upi_vy2sw074nw@okhdfcbank,2026-04-21
U000705,upi_atokuycf5e@okaxis,2026-04-26
U000706,card_9526_d80e64309b,2025-10-24
U000707,card_5202_a27cde993f,2025-10-24
U000708,card_7580_1cf6d6c58e,2025-10-24
U000709,upi_met0k1kuzb@okicici,2025-10-24
U000710,upi_4vshbar0xa@okicici,2025-10-24
U000711,upi_opy8clhxro@okaxis,2025-10-24
U000712,upi_6rdvnsgzee@ybl,2025-10-24
U000713,upi_qzsofn5v0j@okhdfcbank,2025-12-05
U000714,upi_1faedfhenr@okaxis,2025-12-05
U000715,card_3063_1c9d1f0ddf,2025-12-05
U000716,upi_pzdyrpoye9@okhdfcbank,2025-12-05
U000717,card_3535_772bf2e3f3,2025-12-05
U000718,card_2536_e8d691c343,2025-12-05
U000719,upi_k14t91kwe9@okhdfcbank,2026-04-12
U000720,card_7553_bf514637a1,2026-04-12
U000721,upi_gsewggvsme@paytm,2026-04-13
U000722,upi_8bvne35bnp@okicici,2026-04-13
U000723,upi_rmcc1kk5hc@ybl,2026-04-15
U000724,card_1081_e47184b2af,2026-04-15
U000725,upi_6kj9ske97c@ybl,2026-04-13
U000726,upi_1eka1fjvh2@okhdfcbank,2026-04-15
U000727,card_8852_5c21065108,2025-11-10
U000728,card_6161_3b380499a9,2025-11-10
U000729,upi_hpx7r91kcs@ybl,2025-11-10
U000730,card_5303_891fbf14f9,2025-11-10
U000731,card_9905_0523931211,2025-11-10
U000732,upi_3di3cbupw9@ybl,2025-11-10
U000733,card_2508_921c85f30d,2025-11-11
U000734,card_7973_0aa93032d8,2025-11-11
U000735,upi_qtndgvq7mn@okaxis,2025-11-11
U000736,upi_wbz9nfpxwx@okhdfcbank,2025-11-10
U000737,card_5971_adb3af6ed6,2025-11-10
U000738,upi_ge97xqgma2@ybl,2025-11-12
U000739,upi_a9ldfvpeh2@oksbi,2025-11-11
U000740,card_2613_289c40073b,2025-11-11
U000741,upi_pg8hpk4z0p@oksbi,2025-11-12
U000742,card_9696_987014a88c,2025-10-07
U000743,card_8514_02d322d5b2,2025-10-07
U000744,upi_8b8fmueq10@okicici,2025-10-07
U000745,upi_w9vuz2prz7@okhdfcbank,2025-10-08
U000746,card_7679_9f0dd692f4,2025-10-09
U000747,upi_t5fnnemr3y@paytm,2025-10-08
U000748,card_9076_cd5d9f2433,2025-10-11
U000749,card_8426_3635da9273,2025-10-12
U000750,card_0354_a1a29ccf90,2025-10-12
U000751,upi_54immwku1a@okicici,2025-10-11
U000752,upi_snuzwxd386@okaxis,2025-09-18
U000753,upi_l6936liv4s@okhdfcbank,2025-09-18
U000754,card_6004_476bbe6d50,2025-09-18
U000755,upi_6o37yow9np@oksbi,2025-09-18
U000756,card_9711_1584b76ccc,2025-09-18
U000757,upi_2czsz8tx8o@oksbi,2025-09-19
U000758,card_7808_d06ff2dedf,2026-05-18
U000759,card_6630_8e1c2ecb3f,2026-05-26
U000760,upi_eeyly24cp7@okaxis,2026-05-26
U000761,upi_f0vckb7pmi@paytm,2026-05-22
U000762,card_1455_635cd93031,2026-06-01
U000763,upi_i4apyznh1u@oksbi,2026-05-10
U000764,card_3611_cc68e93418,2026-05-28
U000765,card_0324_ebd2cd65a9,2026-06-11
U000766,upi_njch9jodnl@okhdfcbank,2026-06-17
U000767,upi_ml8z9a9cwu@okicici,2026-06-13
U000768,upi_ckx5d0b5cr@okicici,2025-11-18
U000769,upi_56olp3j3ef@ybl,2025-11-24
U000770,card_2720_815b820f26,2025-12-03
U000771,card_2185_0f7c7fbc42,2025-12-05
U000772,upi_8go93fza7r@okhdfcbank,2025-12-03
U000773,upi_u0xbl6ooem@okicici,2025-11-28
U000774,upi_89q44m7mia@paytm,2026-02-23
U000775,card_2129_87bd0d388a,2026-03-05
U000776,upi_rcretp70nm@okicici,2026-07-07
U000777,upi_gfcxwbnudd@okicici,2026-05-27
U000778,card_6721_214da703f0,2026-06-17
U000779,upi_cihutub2hb@okaxis,2026-05-13
U000780,card_0960_1c64669138,2026-02-26
U000781,upi_a8hnutnh4c@paytm,2025-11-17
U000782,card_4839_0fa8464d4f,2025-12-06
U000783,card_5236_8386d60cf4,2026-03-06
U000784,upi_g4hhg8qxv9@oksbi,2025-10-26
U000785,card_0157_99c21a8d89,2026-04-10
U000786,card_6593_e4d1f5df4e,2026-01-30
U000787,card_0310_7095b1f76b,2025-12-01
U000788,upi_kgnlzp2er6@okaxis,2026-01-17
U000789,upi_n93iyscwjl@okaxis,2025-12-28
U000790,card_7303_e5a273fa26,2026-04-20
U000791,card_1581_22bfd694be,2025-12-02
U000792,card_6549_73dee7621c,2026-03-31
U000793,upi_3azjwstvhy@oksbi,2026-02-11
U000794,upi_279i0eptiz@okhdfcbank,2025-12-20
U000795,upi_6ve6m4dnpb@ybl,2026-01-05
U000796,card_9886_0fb005a84b,2026-03-22
U000797,upi_ro7ok4p31v@paytm,2026-02-27
U000798,card_6160_e82da913c8,2025-10-29
U000799,upi_u0dv2gss5i@okaxis,2026-01-26
U000800,upi_n7x3tbgm7l@ybl,2026-02-23
U000801,card_9178_5a5d714126,2026-02-10
U000802,upi_hs7av1mywg@ybl,2026-01-29
U000803,upi_ljkr6392o9@paytm,2026-02-17
U000804,upi_65l9npw4u0@okicici,2026-06-07
U000805,card_4121_674a954d34,2026-03-13
U000806,upi_hsbt55vkt4@paytm,2026-04-25
U000807,upi_sxcbeutnus@ybl,2026-01-08
U000808,upi_x6bh7a1upy@oksbi,2026-01-17
U000809,upi_qv1uzoquk3@oksbi,2026-02-11
U000810,upi_v6facmtd10@okicici,2026-01-18
U000811,upi_wj218thefu@oksbi,2026-03-16
U000812,card_4500_01dc2524e0,2026-02-13
U000813,card_8393_766ccf6bd5,2026-04-22
U000814,upi_p9a1ul558a@ybl,2026-02-19
U000815,upi_nwdyu7l0sp@okhdfcbank,2025-12-03
U000816,upi_je4y54lwx4@ybl,2025-12-21
U000817,upi_u036kj8hgw@ybl,2025-12-26
U000818,upi_zu1be9jm31@paytm,2025-12-10
U000819,upi_d152hixac1@okhdfcbank,2025-11-28
U000820,upi_na3tgxdp8x@oksbi,2025-11-25
U000821,upi_jtdy9pr7gj@oksbi,2026-02-07
U000822,upi_1eo7sgbxux@ybl,2025-10-27
U000823,card_1978_da30fba946,2026-03-05
U000824,upi_fhy24g9kol@paytm,2025-10-07
U000825,card_4868_7f466f455e,2026-02-18
U000826,card_2043_e119b2042a,2026-02-06
U000827,upi_2i1kav93ai@paytm,2025-09-27
U000828,upi_31pa78i1oy@okhdfcbank,2026-03-29
U000829,upi_xkwpnsrleq@okicici,2026-03-24
U000830,card_2973_1f0b373a80,2026-05-02
U000831,upi_phyn41hobo@okaxis,2025-10-05
U000832,card_9397_c777b5eaf9,2026-03-11
U000833,upi_asfbdumjx1@okaxis,2026-01-11
U000834,card_4604_f4f23e48da,2025-12-17
U000835,upi_b8ug3upwxk@ybl,2026-02-07
U000836,upi_jw0xv32hbd@paytm,2025-12-15
U000837,card_7055_68afbb33aa,2025-11-15
U000838,card_3065_97a2d29211,2026-01-09
U000839,upi_tp5ir46x3r@okhdfcbank,2026-02-05
U000840,card_3807_33f2d22168,2026-02-09
U000841,upi_uwtv5e03tm@okhdfcbank,2026-01-28
U000842,upi_zk0iynmu3s@paytm,2026-02-17
U000843,card_2553_c2866b0981,2025-12-04
U000844,upi_lnl3kbywk1@oksbi,2026-03-25
U000845,card_5416_51ced18965,2025-11-30
U000846,upi_hui8lt4bar@okhdfcbank,2026-02-08
U000847,upi_0f2idh3foh@okaxis,2026-03-26
U000848,upi_fw4p049xtl@paytm,2026-02-09
U000849,upi_hg0dl1n9aq@ybl,2026-03-27
U000850,upi_aicx1p0xil@ybl,2026-03-22
U000851,card_9883_35c395c9ec,2025-12-07
U000852,upi_r6d6qk80lq@oksbi,2026-01-28
U000853,card_0007_13b08b6dce,2026-03-24
U000854,card_3888_0a3cb1a356,2026-02-19
U000855,upi_q839ayv63m@oksbi,2026-03-02
U000856,upi_442k72kwy2@okicici,2025-12-27
U000857,upi_wvygmqvjwq@oksbi,2025-10-18
U000858,card_2514_8c7e5a02a6,2026-03-24
U000859,card_1474_0e02e78616,2026-04-01
U000860,upi_gmtrxj9asf@paytm,2025-10-22
U000861,upi_lojry59die@okaxis,2026-01-26
U000862,upi_bx9s6e82fv@ybl,2026-05-05
U000863,upi_eowpc5805q@okaxis,2025-12-11
U000864,card_9957_4454c446bc,2026-06-02
U000865,upi_j3p3a6p7nb@okhdfcbank,2026-01-23
U000866,upi_3irjhsrm8a@ybl,2026-02-21
U000867,upi_0r0wtcen30@okicici,2025-11-11
U000868,card_3080_ff0c4949cf,2026-02-25
U000869,upi_08ipryfffw@paytm,2026-01-17
U000870,card_2841_71210f7a2a,2025-12-17
U000871,upi_sshhovpqtv@paytm,2026-01-22
U000872,card_5953_53bc7cf2b3,2025-12-08
U000873,upi_sgv0w1nscz@okhdfcbank,2025-11-29
U000874,card_1097_eed8ad9d59,2026-05-09
U000875,upi_letwadsqh4@ybl,2026-01-13
U000876,card_6487_eba9909eda,2026-01-24
U000877,card_3811_1ceac264d8,2025-12-17
U000878,upi_l1zk1ae8ee@oksbi,2025-12-26
U000879,card_3503_57d22c9b18,2026-06-18
U000880,card_4402_91f7e8ba3a,2025-11-14
U000881,upi_71wg8lasgx@oksbi,2026-04-27
U000882,card_7479_da195bfca5,2026-01-30
U000883,card_4812_2e4eb0292a,2026-04-25
U000884,upi_uhofi8oufw@paytm,2026-07-09
U000885,upi_zuckmr70l9@okhdfcbank,2026-02-13
U000886,card_8177_1520d0f99e,2026-06-17
U000887,upi_6a3hu03z39@ybl,2026-05-08
U000888,upi_1o7u6n9u43@oksbi,2026-01-10
U000889,upi_3139euu4h9@okhdfcbank,2026-03-18
U000890,upi_lprkve94jt@okhdfcbank,2025-12-31
U000891,card_4728_d282233315,2026-07-09
U000892,card_2080_b245cdce91,2026-02-19
U000893,card_8038_454fb20bf3,2026-01-21
U000894,card_9486_0c27c21fcb,2026-03-18
U000895,upi_5xp3cwqc5q@okaxis,2026-01-28
U000896,upi_ac6j77xvfa@okhdfcbank,2025-12-13
U000897,card_3014_2f5b2222a4,2026-06-12
U000898,upi_p0tn6rkgic@okaxis,2026-01-25
U000899,card_5274_2b781f3f40,2026-05-12
U000900,upi_6titz01t5u@okicici,2025-12-27
U000901,card_1857_5de93b2254,2025-12-11
U000902,upi_o4rjwktvgu@ybl,2026-04-20
U000903,upi_gk2gy08nzp@ybl,2026-05-15
U000904,card_1866_7b2407697d,2026-04-04
U000905,card_5972_f671571635,2026-05-24
U000906,card_4383_fb54601ac4,2026-01-29
U000907,card_9233_30ffea5548,2026-01-30
U000908,upi_mbian9mpib@oksbi,2025-11-29
U000909,upi_uua8loinnp@ybl,2026-04-10
U000910,card_1134_8e3e280138,2026-03-28
U000911,upi_pxvz40j768@paytm,2026-04-10
U000912,card_9498_27407aa37b,2026-04-10
U000913,upi_smmagcl9tz@ybl,2026-05-10
U000914,card_9257_a972de67e8,2026-03-26
U000915,card_2681_84d18bf836,2026-01-27
U000916,card_7232_7c0acad4bc,2025-12-04
U000917,upi_z98phtvd54@okicici,2026-02-01
U000918,upi_kmcqa2f3ds@okicici,2026-05-07
U000919,card_3276_044b47d4b5,2026-03-03
U000920,upi_cmhulvcb6h@ybl,2026-08-02
U000921,upi_l5o1ctds8f@okicici,2026-05-14
U000922,upi_f4fn48h7kw@paytm,2026-03-29
U000923,upi_o56yn0ephl@oksbi,2026-03-28
U000924,card_1343_73b8ae541a,2026-06-25
U000925,card_6521_f1de0bd37a,2026-03-12
U000926,upi_7gsh44j9q1@oksbi,2026-02-07
U000927,card_4232_598b791ce8,2026-07-06
U000928,upi_gg6mmjvfnb@okaxis,2026-01-10
U000929,upi_612d8fdny2@okhdfcbank,2026-03-02
U000930,card_1736_cba9719c2a,2025-12-28
U000931,card_8192_6d38841ca5,2026-07-31
U000932,card_9870_3a2464da96,2026-03-31
U000933,card_2931_1571365695,2026-02-04
U000934,upi_nsddlto6pv@oksbi,2025-12-29
U000935,card_8182_296895da94,2026-03-17
U000936,card_9631_04e8084c83,2026-01-08
U000937,upi_m90uerrrtl@okicici,2025-12-03
U000938,upi_jx89gmziox@okaxis,2026-05-21
U000939,card_7714_80fa7a3f10,2025-11-30
U000940,upi_gyw5puoyqe@ybl,2025-11-02
U000941,card_1717_191326f1c8,2026-01-20
U000942,upi_l3sqbdjwkb@okicici,2026-01-30
U000943,card_8383_3800fc7ed9,2026-04-06
U000944,upi_07pemjelq1@oksbi,2025-10-31
U000945,card_9923_658c18273e,2026-05-18
U000946,card_3217_cb544055be,2025-12-14
U000947,upi_1k6zamstud@oksbi,2026-05-26
U000948,card_4376_daeb0e315a,2026-01-10
U000949,upi_2xsf4l9klz@okaxis,2026-01-10
U000950,upi_rgq9xqit6e@paytm,2026-03-19
U000951,upi_2s53cnxhyl@okhdfcbank,2026-02-09
U000952,card_2447_8419697d4b,2026-03-03
U000953,upi_dbrn5emo7c@ybl,2026-01-04
U000954,upi_fqg4uljxn5@okhdfcbank,2026-03-04
U000955,upi_05p7thr4wt@okhdfcbank,2025-12-07
U000956,upi_4j05dhxigs@okaxis,2026-04-20
U000957,upi_bxiowy5ab4@okhdfcbank,2026-01-28
U000958,upi_sgqvfjhhpx@okicici,2026-07-19
U000959,upi_yoihkq0pmu@ybl,2026-06-16
U000960,card_6708_f2f54cd131,2026-04-19
U000961,upi_dsjpasl807@okicici,2025-12-02
U000962,card_0090_e6520bcd4f,2026-06-22
U000963,upi_vqeu0uc2lr@okhdfcbank,2026-01-21
U000964,card_5728_d5a786408d,2026-04-28
U000965,upi_qtm0i2a1ct@okaxis,2026-06-17
U000966,upi_dz1f1r6kdc@okhdfcbank,2026-01-16
U000967,card_5909_83342d9ef6,2026-07-14
U000968,card_0108_facfd6ef20,2026-01-06
U000969,upi_yjtf20zbe2@oksbi,2026-07-04
U000970,upi_mfl7mfg5rs@okhdfcbank,2025-10-27
U000971,upi_uhfmo4ux33@oksbi,2026-01-04
U000972,card_8581_831b1884dc,2026-05-11
U000973,card_1881_f0d0b71a92,2026-01-04
U000974,upi_2h6v91dz7s@okicici,2025-12-03
U000975,upi_gx4a2bx3h9@oksbi,2025-11-28
U000976,upi_x5uaza695d@oksbi,2026-02-19
U000977,upi_3ljrixh0rj@paytm,2026-03-05
U000978,card_8185_4597ad475a,2025-12-11
U000979,upi_1517j2rrzr@okaxis,2025-10-08
U000980,card_6220_8a1ae40019,2026-04-04
U000981,card_5470_c0ef7ef36b,2026-01-21
U000982,upi_mz27gwuytv@oksbi,2025-12-07
U000983,upi_5ewlx44uju@paytm,2025-09-18
U000984,card_8412_e0f4779587,2025-09-24
U000985,upi_k00tsm922g@paytm,2025-12-11
U000986,upi_ugkb4sfe08@okaxis,2025-10-04
U000987,upi_lkgltkgl8s@okhdfcbank,2026-03-09
U000988,upi_1yxmmk449z@ybl,2026-02-12
U000989,upi_pived0a32u@okaxis,2026-03-11
U000990,card_3455_66d61cf8a6,2025-10-11
U000991,card_7580_0f36b964e5,2025-11-22
U000992,upi_mucqjrv6mv@okhdfcbank,2026-02-16
U000993,upi_ogggdzenr4@okaxis,2025-10-03
U000994,upi_pp0jhsc12a@ybl,2026-02-26
U000995,card_3505_cce7fd9a5c,2026-02-01
U000996,upi_upqae5wpgb@okhdfcbank,2026-04-12
U000997,upi_c9reiqabuq@okhdfcbank,2025-09-25
U000998,upi_ufudd17qk5@okaxis,2025-10-19
U000999,card_7107_1453c669a2,2026-05-12
U001000,card_9516_f7aca46c64,2025-10-30
U001001,upi_e0zmfht0gb@oksbi,2025-11-05
U001002,upi_ma622zqs0f@okicici,2026-03-05
U001003,card_6945_32290d3636,2025-10-28
U001004,upi_g3jy9w34kd@okicici,2026-06-14
U001005,upi_rv9tkh6ar4@paytm,2026-03-01
U001006,upi_95cfely71w@oksbi,2025-11-18
U001007,upi_xzdysl3c6o@paytm,2026-02-12
U001008,upi_l1xilwmd12@okicici,2026-03-04
U001009,upi_bam5lpui95@paytm,2026-02-09
U001010,upi_aols2vi409@okaxis,2025-12-07
U001011,upi_1qussazs16@ybl,2026-04-01
U001012,upi_88m5ghd9kq@ybl,2025-12-01
U001013,upi_iixgnj298s@ybl,2025-12-23
U001014,upi_ldt3ampee1@okaxis,2026-03-10
U001015,card_8927_7247abf80c,2026-06-16
U001016,card_9067_eb3d1793cd,2026-02-24
U001017,upi_9suxovjjcm@paytm,2026-01-21
U001018,card_5792_ab89642542,2025-11-29
U001019,upi_rxei8q85gi@ybl,2026-02-10
U001020,card_9586_7b5cf3f291,2026-06-16
U001021,card_8713_d2548874e5,2026-06-21
U001022,card_2547_2d95f952b1,2026-01-03
U001023,upi_cbkuf7d3q2@oksbi,2026-02-27
U001024,card_3085_8f0c51c5bd,2026-07-10
U001025,upi_vao39z6c9l@okaxis,2026-04-28
U001026,upi_wppo70aars@ybl,2025-12-28
U001027,card_3898_b92507f4db,2025-10-20
U001028,card_0301_dfaf5117e5,2026-03-28
U001029,card_0494_fb2cf9f9d4,2025-11-14
U001030,card_4613_d3b4cb3f6f,2025-12-27
U001031,card_8413_103151e2a0,2026-07-31
U001032,card_9987_3112157afd,2026-06-17
U001033,upi_yurqcmvyl9@okhdfcbank,2026-06-14
U001034,upi_1okd4w2arp@paytm,2026-01-12
U001035,upi_mnicgy5o02@okhdfcbank,2025-12-21
U001036,card_7177_64f8c2bce2,2026-02-16
U001037,upi_taxg34no28@paytm,2026-02-26
U001038,card_7826_a421b70034,2026-05-06
U001039,card_5707_276a8dfc71,2026-06-24
U001040,upi_u0zoeryd12@paytm,2026-05-10
U001041,upi_gp6gv7zl8m@oksbi,2026-06-15
U001042,upi_4j0jx0faar@okhdfcbank,2025-12-09
U001043,upi_5hvr5ted2n@okhdfcbank,2026-03-02
U001044,card_1851_27375ed526,2026-06-27
U001045,card_3222_9e769ab16b,2026-05-11
U001046,upi_a8xg4xn0nh@ybl,2025-11-21
U001047,card_1862_bbf88efd60,2026-03-24
U001048,upi_roxptxw824@ybl,2026-05-15
U001049,card_0963_6615b6d455,2026-05-07
U001050,card_1936_7259d3a068,2026-04-11
U001051,upi_fct1teik7u@ybl,2026-05-11
U001052,upi_uv2ap7j3d3@okhdfcbank,2026-05-27
U001053,card_8991_4d0ab26b38,2026-04-20
U001054,card_5074_ee0b2cb1f6,2026-01-11
U001055,upi_p7iv0g0tw0@okicici,2026-01-19
U001056,upi_3pyhv25fmg@ybl,2025-11-19
U001057,upi_rxsp6ez59b@okicici,2026-07-16
U001058,upi_c0yg9hlyob@ybl,2026-01-26
U001059,card_2998_e68c96ff25,2025-12-14
U001060,upi_58bsel2cf1@okicici,2026-06-01
U001061,upi_mwnk9ez3xz@okhdfcbank,2026-01-18
U001062,card_3790_ba97de8255,2026-01-17
U001063,upi_jiacv6dmnp@okhdfcbank,2026-05-14
U001064,upi_tbu2y883zb@ybl,2026-07-06
U001065,upi_6ys2rqbzsa@okaxis,2026-04-29
U001066,upi_kgbg9xg7dk@okicici,2026-01-22
U001067,upi_6hkewxqere@oksbi,2026-03-16
U001068,upi_ciwt7d3h5j@ybl,2026-04-04
U001069,card_0339_30ada29eb9,2026-02-28
U001070,card_5833_ea6b866488,2025-10-14
U001071,upi_1cd0shgzi1@okicici,2025-10-24
U001072,upi_z1bb4xhuh9@okaxis,2026-02-17
U001073,upi_n7kpetcz2z@paytm,2026-03-27
U001074,upi_ux1kzt63hh@okhdfcbank,2025-10-23
U001075,card_7710_6282529842,2026-05-27
U001076,upi_dahs1zetl9@ybl,2026-03-10
U001077,upi_srzomfliz6@okicici,2026-05-26
U001078,card_6904_33e418f613,2026-04-21
U001079,upi_2stchizb8c@okicici,2026-06-07
U001080,upi_vllajzfp7j@okicici,2025-11-24
U001081,upi_a0xq6a6pmt@ybl,2026-07-10
U001082,upi_0oi13okchv@okhdfcbank,2026-03-22
U001083,card_3094_ade2ed8ec5,2025-10-17
U001084,upi_55ewbsszvz@okaxis,2026-04-13
U001085,upi_kkc3jqw76w@oksbi,2025-11-24
U001086,upi_n8e8u0k1oi@okhdfcbank,2026-05-30
U001087,upi_mfieos1d3l@oksbi,2025-11-24
U001088,upi_hzedw619jl@ybl,2026-06-08
U001089,upi_32krsfp54c@ybl,2025-12-23
U001090,upi_b9gx4gl8g9@ybl,2026-04-05
U001091,card_5435_7a225405b1,2025-12-13
U001092,upi_06ajdxvpmg@okaxis,2026-02-08
U001093,upi_0ekcfv4x23@okhdfcbank,2025-12-08
U001094,upi_qg5nf0797n@okicici,2026-04-27
U001095,upi_tmptqd6rvm@paytm,2025-10-22
U001096,card_2067_5dd4475ffb,2026-03-03
U001097,upi_km0jwu0j05@ybl,2026-06-01
U001098,upi_2xny1dkwdv@oksbi,2025-10-19
U001099,upi_2iq89q6485@paytm,2026-02-13
U001100,upi_70fm9ml10g@paytm,2026-05-10
U001101,upi_61rn01a407@paytm,2026-06-29
U001102,upi_chfrll4rtv@ybl,2025-12-02
U001103,upi_sowedzjkqo@okhdfcbank,2025-11-26
U001104,upi_gbt6tq8c2t@okicici,2026-01-30
U001105,upi_apl1il3162@oksbi,2025-11-15
U001106,card_0294_56775a2250,2026-03-27
U001107,card_1267_8ee752bb84,2025-12-12
U001108,card_0283_4ded6adf27,2025-12-08
U001109,upi_llalktlk5a@okicici,2026-07-08
U001110,upi_y56fvm7jpi@okhdfcbank,2025-09-15
U001111,upi_a6moyl0oon@okhdfcbank,2025-10-05
U001112,upi_s62p6ix792@paytm,2025-11-11
U001113,upi_krmlvll0og@ybl,2026-02-15
U001114,upi_be2xb6zydt@okhdfcbank,2025-11-14
U001115,upi_cqvsecvcre@oksbi,2026-03-17
U001116,upi_i79ja9fx8e@paytm,2025-10-19
U001117,upi_4tytvafnw9@paytm,2025-11-29
U001118,upi_jcjyyy1fiq@paytm,2025-11-14
U001119,upi_ild72pg1hv@paytm,2026-04-14
U001120,upi_nd6b0v1jti@okaxis,2026-02-28
U001121,upi_rgoexg5vj7@paytm,2026-03-27
U001122,upi_z05b2zz5h0@okaxis,2025-09-25
U001123,upi_d4m3kjwfgt@okaxis,2026-02-09
U001124,upi_tsgi2gpxs4@ybl,2026-04-11
U001125,upi_w7l9rkhrz5@oksbi,2026-03-12
U001126,upi_4vlck9efkn@okhdfcbank,2026-01-10
U001127,upi_1jcxbu6e9s@ybl,2026-04-29
U001128,upi_0sqrzgui4c@paytm,2026-02-22
U001129,card_4775_e336d8d623,2026-03-22
U001130,card_3666_2de85bc50e,2026-03-07
U001131,card_7053_b5278aa9c5,2026-02-18
U001132,upi_00qsi9bf4s@oksbi,2026-05-01
U001133,card_2343_8d0f555ff5,2026-04-25
U001134,upi_cro9e65rkk@okhdfcbank,2026-03-14
U001135,upi_wwxsi18ni4@okaxis,2026-02-17
U001136,upi_kzu2u8zf7s@oksbi,2025-09-30
U001137,upi_9k5wqfe4ua@oksbi,2025-09-26
U001138,upi_w98l2i4tcj@okicici,2026-01-23
U001139,upi_y24fgubidl@okaxis,2025-09-18
U001140,card_2303_d09798cedc,2025-12-10
U001141,upi_tjmx5f3v98@ybl,2026-01-07
U001142,upi_7autvftidk@oksbi,2025-11-13
U001143,upi_q873ovfxr6@okaxis,2026-07-24
U001144,upi_zwa93ygqro@okicici,2025-12-28
U001145,upi_ap5is9ysi6@ybl,2025-12-26
U001146,upi_8d3mzajs2j@oksbi,2026-01-27
U001147,upi_jilubdpa8i@paytm,2025-12-07
U001148,upi_ww4g5q5hqa@okicici,2026-02-21
U001149,card_1139_e8bbcfbecd,2025-12-23
U001150,card_4652_1e540d8a33,2025-12-25
U001151,upi_g7p6dexhwf@oksbi,2026-05-31
U001152,card_3165_4abaf5394f,2025-12-13
U001153,card_0289_342c0316f4,2026-06-20
U001154,upi_beuv1240pq@paytm,2026-04-06
U001155,card_3189_3ef228348b,2026-06-07
U001156,card_9459_4e23d2d2d4,2026-01-31
U001157,card_5136_751e4e7172,2026-01-29
U001158,upi_zuqhavt0rh@paytm,2026-05-11
U001159,upi_i4mpyc2kwp@oksbi,2026-02-21
U001160,card_8197_15d17235ae,2026-05-29
U001161,upi_551s1m1la7@ybl,2026-05-06
U001162,upi_rcewq2jhcc@okaxis,2026-06-28
U001163,upi_n1rqsb5j4y@okicici,2026-02-19
U001164,upi_gdxotuv54f@paytm,2026-01-10
U001165,upi_fft21zja4v@okicici,2025-12-24
U001166,upi_kseuvndck3@ybl,2025-12-07
U001167,upi_72ag9d9fs8@paytm,2025-12-11
U001168,upi_yu1uhpcpn3@paytm,2026-06-15
U001169,upi_9ms0beqcs9@okicici,2025-11-15
U001170,card_8767_e4dccecda7,2026-04-13
U001171,upi_mn0bpfc5g5@ybl,2026-01-26
U001172,upi_nvu3i7wzu8@okicici,2026-04-21
U001173,card_8473_078bcc69a5,2026-08-07
U001174,card_3877_7e99151104,2026-02-14
U001175,card_7477_33fc8ae188,2026-04-20
U001176,card_5265_56f18e61cd,2025-11-19
U001177,card_8801_ddddcaec2d,2026-05-12
U001178,card_2730_b8d5ed0f6a,2026-05-06
U001179,upi_xh377cjwcp@okicici,2025-09-08
U001180,card_0070_c31dbeccb0,2026-05-13
U001181,upi_p7lbkth89d@paytm,2025-11-23
U001182,upi_9k1m0yxuna@okaxis,2025-12-18
U001183,upi_kgzujvn766@oksbi,2026-05-12
U001184,card_1449_9265d2c5c7,2025-11-14
U001185,card_7599_99a57219b6,2025-10-06
U001186,upi_hmit7g9mx2@paytm,2025-10-19
U001187,upi_au2qbvfi9q@oksbi,2026-03-03
U001188,upi_n9f6d8mhjx@okaxis,2025-11-29
U001189,upi_etccu3xifc@okicici,2025-11-02
U001190,upi_uhdhm8kuiy@okicici,2025-09-19
U001191,card_1320_bbaa817e4c,2025-10-09
U001192,upi_pcgex392u5@okicici,2025-10-14
U001193,upi_et9dpnhtlt@okaxis,2025-11-25
U001194,upi_qisbdq178a@okaxis,2026-04-27
U001195,upi_ktpalsdn5c@okhdfcbank,2026-02-07
U001196,upi_202x8w3kfe@okaxis,2026-05-06
U001197,card_8522_4710077778,2025-09-15
U001198,upi_pk06ajpez5@oksbi,2025-12-25
U001199,upi_nvs8k51p96@okhdfcbank,2026-05-06
U001200,upi_d6b9lzrtwg@oksbi,2026-02-14
U001201,upi_4omh0hqg84@ybl,2025-12-06
U001202,upi_wknedjo3sq@paytm,2026-02-08
U001203,card_0375_0ebf54726b,2026-05-22
U001204,upi_acm577ht8c@oksbi,2026-04-02
U001205,upi_83aih0w65z@paytm,2026-01-27
U001206,card_5442_4204788681,2026-05-31
U001207,card_0249_f15f7e77c0,2026-03-13
U001208,upi_d45dc81ult@paytm,2026-02-04
U001209,card_3571_933f0c1da8,2026-03-03
U001210,upi_j4oavpktej@oksbi,2026-03-30
U001211,upi_n0o70fncl0@okhdfcbank,2026-03-14
U001212,upi_yc5yv5qhpy@okaxis,2026-04-02
U001213,upi_wi6f9sthxw@ybl,2026-01-03
U001214,upi_0g0hlwpwai@okaxis,2025-12-02
U001215,upi_8ozi1ds1xq@oksbi,2026-02-20
U001216,upi_j1r8o9irh9@okicici,2026-04-07
U001217,upi_jthk2n7vmi@oksbi,2025-10-14
U001218,upi_sh9t0rnw0l@okaxis,2026-05-04
U001219,upi_tevairjjw5@oksbi,2026-01-19
U001220,card_1667_93fde62f5d,2025-10-18
U001221,card_5991_8d9997bef1,2026-04-24
U001222,upi_jd03vzcfsi@okicici,2025-12-09
U001223,upi_o17rcftimd@ybl,2026-03-12
U001224,upi_eqzmrwzuui@okicici,2025-12-09
U001225,card_2103_18518d8d2d,2026-05-13
U001226,card_3288_94871bda71,2025-11-08
U001227,upi_33yuy37jhk@paytm,2026-06-04
U001228,upi_crmf6dzb3p@okicici,2025-11-01
U001229,upi_o30tg8nvna@oksbi,2026-05-28
U001230,card_9045_b7d7b84253,2026-01-18
U001231,upi_rffl6boipp@okaxis,2026-03-23
U001232,upi_le57xvdiz6@okhdfcbank,2026-06-13
U001233,card_6110_ad203737a0,2026-01-08
U001234,upi_11gkzyfr3o@ybl,2026-01-16
U001235,upi_do7k3n1i2t@paytm,2026-03-20
U001236,card_8170_c1a2783da2,2026-01-07
U001237,card_7164_a866dbf1ae,2026-04-22
U001238,upi_i60netxbr2@ybl,2026-01-04
U001239,card_4179_19a5c253cd,2025-11-25
U001240,upi_87rcz2xz32@okhdfcbank,2026-02-28
U001241,upi_f8gpldje24@ybl,2025-11-27
U001242,upi_joehy6xlcl@okicici,2026-04-22
U001243,upi_k888gmkndu@paytm,2026-04-13
U001244,card_9398_07658f6df0,2026-04-28
U001245,upi_1p8c9q0ntk@paytm,2026-02-12
U001246,upi_l5lfj1c5ay@ybl,2026-01-19
U001247,upi_w32g8ujf2p@ybl,2026-07-01
U001248,upi_0ats59alf7@okhdfcbank,2025-10-19
U001249,card_5901_6a000a109a,2026-03-28
U001250,upi_vd2hycz2dk@oksbi,2025-12-06
U001251,card_1486_4d0fdf428a,2026-06-07
U001252,upi_o4uk39dc3v@okicici,2026-07-04
U001253,card_3304_c0c8c4be62,2025-11-16
U001254,upi_p0b36gtxqi@okicici,2026-01-28
U001255,upi_wy6k4tpzrm@okicici,2026-03-27
U001256,upi_bbogtw3n71@okicici,2026-03-09
U001257,upi_mv5fefdg46@okaxis,2026-03-28
U001258,upi_funbg6ygyw@ybl,2026-06-24
U001259,card_6952_84f5a5b698,2025-11-26
U001260,card_7471_ff8932a509,2026-04-09
U001261,upi_uea2v1l6f0@paytm,2026-02-26
U001262,upi_5qgqi8zv89@okaxis,2026-05-05
U001263,upi_fqqb30r7ky@okicici,2025-11-10
U001264,upi_xjvyf07qn7@oksbi,2026-07-27
U001265,upi_g5nzaa7oqd@okaxis,2026-08-25
U001266,card_9576_8d6e04b760,2026-01-31
U001267,card_2718_b062730e8c,2026-08-13
U001268,card_4405_6baad1e97b,2025-11-10
U001269,upi_fri21mgdfh@okaxis,2025-12-08
U001270,card_2833_4c64ab724d,2026-07-08
U001271,card_6301_5570c0c89b,2026-03-03
U001272,upi_nts8ddizq8@okicici,2026-02-23
U001273,upi_t6g1b1ti57@ybl,2026-01-02
U001274,upi_dn24nn5aie@okaxis,2026-06-14
U001275,upi_jf1vwjvn7n@oksbi,2025-11-14
U001276,card_3894_68709009e0,2026-07-27
U001277,card_1636_4a8e59d2ab,2026-03-22
U001278,upi_jq0mqm0myv@okhdfcbank,2026-06-26
U001279,card_9186_c40fb5b2f1,2026-01-21
U001280,upi_l7336cpcjk@okaxis,2026-03-04
U001281,card_3220_34dbf68935,2025-12-09
U001282,upi_h9edfxxu8o@paytm,2026-03-01
U001283,card_9625_d5a5e4829d,2026-03-13
U001284,card_3079_5156d9062b,2025-12-18
U001285,upi_aqbk4ipvmv@paytm,2025-10-29
U001286,upi_v09jeu091s@okicici,2026-08-26
U001287,card_7592_d00899264d,2025-09-19
U001288,upi_g4b0iqut2e@okicici,2026-01-30
U001289,upi_56s5bc7bqo@oksbi,2026-05-24
U001290,upi_6uj4bjtaxi@okaxis,2026-02-01
U001291,card_8380_358a168666,2025-09-13
U001292,card_1398_b9457b6701,2026-07-30
U001293,card_9355_8dd6a40c17,2026-06-23
U001294,card_7916_a8f8f5cea8,2026-01-09
U001295,card_5213_f2c6d522c6,2026-07-16
U001296,card_4874_f10a4f4b2a,2026-02-11
U001297,upi_xaisd0npf3@okhdfcbank,2026-07-11
U001298,upi_pieukvopfy@oksbi,2025-10-27
U001299,card_2158_1fabbc1411,2026-06-03
U001300,card_7719_6c2d8d6d5c,2025-11-01
U001301,upi_x7h8jbkqyv@okhdfcbank,2026-03-30
U001302,upi_lv2943f4pw@oksbi,2025-12-21
U001303,card_3969_cad79b9a49,2025-10-11
U001304,upi_pjv306p3q0@ybl,2026-05-11
U001305,upi_wc9jx4cy77@okhdfcbank,2025-09-30
U001306,card_9646_028ef61eb4,2025-11-06
U001307,upi_prev04cmtk@oksbi,2026-03-07
U001308,upi_vgl9gtxjrg@okicici,2026-05-02
U001309,card_5422_54c16d2f3b,2026-05-30
U001310,upi_8mk6hb0j0t@okicici,2026-02-07
U001311,upi_3hjxswh5sw@okicici,2026-01-01
U001312,upi_pjudw21eim@oksbi,2026-03-13
U001313,upi_27t9k632ft@okicici,2025-09-09
U001314,card_4467_f0024c3a0f,2026-04-12
U001315,upi_9cuieslo7j@paytm,2026-02-18
U001316,upi_58odv9ww0g@okaxis,2026-01-19
U001317,upi_dyhwaix0ew@okhdfcbank,2025-11-04
U001318,card_8726_cd37187770,2025-09-20
U001319,card_6390_6d02c868d4,2026-04-30
U001320,upi_quo3wlfl3n@okaxis,2026-08-10
U001321,upi_12b9b12910@okaxis,2026-05-09
U001322,card_1309_c9a5428a2e,2026-03-15
U001323,upi_qf1l2zrm7d@paytm,2025-10-22
U001324,card_2978_eed100efbb,2026-03-27
U001325,upi_ezclpxl2jk@okaxis,2025-11-20
U001326,upi_vt78ffhatr@okaxis,2025-11-27
U001327,card_3818_9979cb64bd,2025-10-09
U001328,upi_abp6aq0ncd@okaxis,2026-05-20
U001329,card_2393_ed2ccdee38,2026-05-15
U001330,upi_cp457b57gy@oksbi,2026-06-21
U001331,card_8374_e72276dad4,2026-07-22
U001332,card_1028_7d6cefa447,2026-05-19
U001333,upi_4v7y8zxyfc@ybl,2025-09-04
U001334,upi_78tof4wgyl@oksbi,2025-12-14
U001335,card_4538_88eef5b15f,2026-02-16
U001336,upi_wbwteiv3a3@okaxis,2025-12-13
U001337,upi_ngxvi4o4yn@ybl,2026-02-26
U001338,upi_oyuo9bpj4t@oksbi,2025-12-29
U001339,upi_k5sj73jc8g@ybl,2026-08-18
U001340,upi_mrosnt1116@ybl,2026-04-29
U001341,upi_rgqqyg6hhc@oksbi,2026-04-27
U001342,card_9314_c0acbdbdee,2026-08-17
U001343,upi_tbf6j4yzuh@okicici,2026-03-02
U001344,upi_wkvscr4stj@ybl,2026-02-24
U001345,upi_4g8juaf44n@paytm,2026-01-02
U001346,upi_hzrw22mmbl@okicici,2025-09-15
U001347,upi_d77t79pmyl@ybl,2026-05-02
U001348,upi_l8dafkzd2w@okicici,2026-01-13
U001349,upi_g60r3f8fwe@okhdfcbank,2025-12-27
U001350,upi_hwc7dmw5xp@ybl,2025-11-05
U001351,card_3361_25dc06c27e,2026-05-12
U001352,upi_tcjncgx1f0@oksbi,2025-12-19
U001353,upi_swfkdbh0r7@paytm,2026-04-06
U001354,card_4065_361e2ae7fe,2025-09-20
U001355,upi_pwj8owmxqf@paytm,2025-11-06
U001356,card_2797_fb15de9102,2025-10-04
U001357,upi_22aqwn8er6@okicici,2026-08-14
U001358,card_7566_e236d7152b,2026-08-08
U001359,card_7091_3fa52ab08e,2025-10-12
U001360,upi_6ivzup7wru@okhdfcbank,2026-04-02
U001361,upi_kl6ag59qme@paytm,2025-09-22
U001362,card_3772_43cf9a3c21,2026-03-22
U001363,card_2519_57f7dae8a5,2025-09-23
U001364,upi_npqlptue33@okicici,2025-12-28
U001365,card_8006_be7ecfdf8c,2026-06-05
U001366,upi_i6y17pekkm@oksbi,2026-08-14
U001367,card_6798_efa86ec8ef,2025-10-03
U001368,upi_vz7vp5ese7@ybl,2025-10-30
U001369,card_6278_44d588a373,2026-03-23
U001370,upi_vh36n6kjv3@ybl,2026-01-20
U001371,upi_f5zgdrunc8@okhdfcbank,2026-07-20
U001372,upi_uowswcogew@oksbi,2026-08-07
U001373,card_0553_5a087b4170,2026-06-21
U001374,upi_ua4qnww9br@ybl,2026-05-14
U001375,card_1851_a6df57eaf1,2026-03-14
U001376,upi_yvjexb5wvs@paytm,2025-09-13
U001377,upi_7z2mktrn8j@paytm,2025-11-18
U001378,card_5429_c56e967c55,2026-06-19
U001379,upi_2h14zx9qf6@paytm,2025-10-02
U001380,upi_zro1v1erv4@okhdfcbank,2026-05-11
U001381,upi_uwmg453kv6@ybl,2026-01-31
U001382,upi_wgki5apaop@paytm,2026-04-30
U001383,upi_p8iht08rdf@okhdfcbank,2026-07-19
U001384,upi_v24b6ezknm@okicici,2026-01-16
U001385,card_8502_3f914b1d78,2026-03-06
U001386,upi_ukyvubft5p@okhdfcbank,2026-04-28
U001387,card_4295_ab922e689d,2026-03-25
U001388,upi_n610c2ydg2@okicici,2026-06-24
U001389,upi_285tzd9nj6@oksbi,2026-04-03
U001390,upi_a3z31te6zv@oksbi,2026-07-19
U001391,card_8566_1929490a24,2025-12-24
U001392,card_4604_ea7af85272,2026-06-02
U001393,card_0169_848fe66a04,2025-09-16
U001394,upi_q2cr8rfurc@okaxis,2025-12-03
U001395,upi_fh5ljamuge@okhdfcbank,2025-12-24
U001396,upi_zrhn8hb30r@oksbi,2026-01-29
U001397,upi_2h5wwprlne@okicici,2026-05-28
U001398,upi_o8td3jfhwv@okaxis,2026-02-03
U001399,upi_xycswq9isu@oksbi,2026-04-25
U001400,upi_8pats54yqn@okaxis,2026-01-13
U001401,upi_e1lymjzq6h@ybl,2026-06-10
U001402,card_8175_53ddeed38e,2026-08-21
U001403,upi_9mpcnkhr27@okaxis,2026-01-01
U001404,card_5246_d25671d6fb,2026-05-18
U001405,card_0639_1c6455539f,2026-07-28
U001406,upi_1titoaiihr@okicici,2026-07-25
U001407,upi_2pqzvg4oqx@okicici,2026-07-13
U001408,upi_oufel2n4zc@ybl,2026-04-23
U001409,card_3749_7d88317ae2,2025-09-13
U001410,upi_tbtrixi01i@okicici,2026-04-20
U001411,upi_e5ga4n79nc@okhdfcbank,2025-12-05
U001412,upi_um1ds8jvet@okaxis,2026-08-08
U001413,card_9149_4b9587b420,2026-04-02
U001414,card_7747_abdf82fa2c,2025-10-30
U001415,card_5843_fd6d89a1f6,2026-02-05
U001416,upi_ion1y6r261@okaxis,2026-05-12
U001417,upi_a3hajx05nv@ybl,2025-09-16
U001418,upi_yahobhp8th@ybl,2026-01-07
U001419,upi_c5bi2y4exo@okaxis,2026-02-16
U001420,card_2497_a3435e384c,2026-05-04
U001421,upi_z8slktzvj7@okicici,2025-12-23
U001422,upi_xj9ynpkbtn@paytm,2026-05-07
U001423,upi_syqvia7qvn@paytm,2025-11-15
U001424,card_7261_6745a3beed,2026-07-22
U001425,card_1603_3d40b56abb,2026-04-09
U001426,upi_zada1aygwy@okhdfcbank,2025-11-01
U001427,upi_6fr1i81rm0@ybl,2026-06-02
U001428,upi_qmykzy2ab3@okicici,2025-10-25
U001429,upi_4dp3ty5p5g@okicici,2026-04-05
U001430,card_8652_6ed3c9ad7e,2025-11-05
U001431,upi_d1d2geby49@okicici,2026-06-10
U001432,upi_bu5ljmigjt@paytm,2026-05-11
U001433,upi_23sxpruu19@okaxis,2025-09-29
U001434,card_1139_fc8c6ef650,2026-08-18
U001435,upi_yc7u0q720h@okhdfcbank,2025-09-02
U001436,upi_h0n04khsqv@okaxis,2026-08-10
U001437,upi_tjojw3k9x6@oksbi,2026-06-05
U001438,upi_ehdwu5n9kd@okicici,2025-12-02
U001439,card_4143_d9dc5fa3e3,2026-02-03
U001440,card_8929_fc9b380590,2026-03-07
U001441,upi_0lol038slb@paytm,2025-11-17
U001442,upi_jxwme41zg5@ybl,2026-01-10
U001443,card_7553_2c096e1134,2026-05-28
U001444,upi_u44e5nq07y@paytm,2025-10-09
U001445,card_0951_09f8f7a71c,2026-07-24
U001446,upi_fkl1hjqtku@oksbi,2026-01-04
U001447,card_3156_e8823a7cb1,2026-03-16
U001448,upi_ryqgile6yu@oksbi,2026-02-25
U001449,upi_532ulpgm3v@oksbi,2025-11-20
U001450,upi_tw3iy1pksp@okhdfcbank,2025-12-07
U001451,upi_87s1wwtbp0@paytm,2025-10-17
U001452,card_7989_114fea5e6c,2025-09-23
U001453,upi_o1d3k0h21m@okaxis,2026-08-26
U001454,upi_ipcnnmcwlh@paytm,2025-10-08
U001455,upi_ap9f0qw48o@oksbi,2026-06-15
U001456,upi_06gef1j5q8@okicici,2025-09-09
U001457,upi_mqd6ncamzq@oksbi,2026-08-10
U001458,upi_hwjir12bo0@okaxis,2026-06-23
U001459,card_3829_6a4ba48c1c,2026-06-17
U001460,card_0754_48ee98fa5b,2026-02-10
U001461,upi_oyqw7y35j0@okaxis,2026-01-29
U001462,upi_okrq8daidx@oksbi,2025-09-28
U001463,card_9969_79649da69b,2025-10-27
U001464,upi_gddme6r5wy@ybl,2025-09-21
U001465,upi_drbvlqxhog@ybl,2025-11-16
U001466,card_6216_8d7d04ea1d,2026-01-13
U001467,upi_7ulyk7u3jy@paytm,2025-10-13
U001468,upi_2c1ry2jktw@paytm,2026-05-20
U001469,card_0486_8a55794ac3,2026-03-17
U001470,upi_qlms61gc8l@okicici,2025-10-25
U001471,upi_ep14patauo@paytm,2025-11-11
U001472,card_2036_b83a8b1c0a,2026-08-19
U001473,upi_7b88mqgc3t@okicici,2026-07-10
U001474,card_1042_f31c3d30f2,2026-05-02
U001475,upi_sk53m1y0m8@oksbi,2026-08-14
U001476,card_0980_bedf4cfc0f,2025-09-04
U001477,upi_e6bmbfuw7x@okicici,2026-04-09
U001478,upi_juy0dc58oi@paytm,2026-03-25
U001479,upi_w06qv6e6y1@paytm,2025-10-05
U001480,upi_2kmn0czzz6@okicici,2026-03-10
U001481,card_0847_06beb47bf2,2026-04-29
U001482,upi_el4al7ectn@okaxis,2026-01-13
U001483,upi_xxdr8j2iu8@okicici,2025-11-13
U001484,upi_gwugjs16iw@oksbi,2025-11-22
U001485,upi_sw16ykotyk@oksbi,2026-01-01
U001486,card_4786_23f3a2ba3c,2025-11-06
U001487,card_9355_6a57507fd8,2026-03-26
U001488,upi_ftg2eguaxn@okaxis,2026-06-14
U001489,card_8550_82acae1d70,2026-08-26
U001490,upi_53sqkunz8p@paytm,2025-10-28
U001491,upi_3u3kcomuxl@paytm,2026-03-08
U001492,upi_h8idakyztp@paytm,2026-08-07
U001493,upi_ncx8f2592o@oksbi,2026-08-25
U001494,card_5634_17d36939fd,2026-03-30
U001495,card_5780_2000a7c6e9,2026-08-12
U001496,upi_vjahza8ovx@okhdfcbank,2026-08-04
U001497,upi_whgqea6mfh@okhdfcbank,2026-07-16
U001498,upi_2ah43r35jm@okicici,2026-05-03
U001499,card_0306_94d303c9ba,2026-06-06
U001500,upi_8a899vsjmy@ybl,2026-02-20
U001501,card_6552_c6d3fa6a49,2026-04-14
U001502,upi_wumq1uspws@okaxis,2026-07-02
U001503,upi_oqmkn336dy@ybl,2026-04-03
U001504,upi_36mrhwroa4@okaxis,2026-04-13
U001505,upi_gkpdu7pytj@ybl,2026-05-02
U001506,card_7510_2ec4a0eee2,2026-03-03
U001507,upi_1e1fztxp8j@oksbi,2026-03-08
U001508,upi_tx4aoqk4gj@oksbi,2026-01-09
U001509,card_0588_33868ee2a1,2026-02-16
U001510,card_5598_2891872301,2026-04-26
U001511,upi_b5927xyt0b@ybl,2025-11-08
U001512,upi_lekl3pxrxf@oksbi,2025-11-14
U001513,card_5670_1117aacca7,2025-09-30
U001514,upi_x36enl8cey@okicici,2025-10-26
U001515,upi_u8j6y3p19m@okhdfcbank,2025-10-08
U001516,upi_7081h0z6cp@ybl,2026-07-29
U001517,upi_p3hhg8454p@okicici,2026-05-11
U001518,upi_wmkenv0zd1@okaxis,2026-04-26
U001519,upi_qeqk7gcdy3@paytm,2026-04-30
U001520,upi_4wu7t1y697@okhdfcbank,2026-08-17
U001521,upi_3xxii2kbp1@okhdfcbank,2026-06-27
U001522,upi_avpjjj6oii@okaxis,2026-04-25
U001523,upi_dchk4xc1ar@paytm,2026-08-06
U001524,upi_40kpwg0b55@okicici,2025-11-03
U001525,card_0326_e0519a2b62,2026-03-27
U001526,upi_xw1yyanel6@okicici,2026-04-06
U001527,upi_y048hd36aw@okaxis,2026-07-17
U001528,upi_ifl2q33p4b@ybl,2025-10-07
U001529,upi_2grcl7ikjp@okhdfcbank,2025-11-16
U001530,upi_m40ek06vjc@paytm,2025-12-11
U001531,upi_2i2037yr79@oksbi,2026-07-22
U001532,card_4477_08f2aadc06,2026-05-21
U001533,card_6817_94895f2e7a,2026-03-30
U001534,upi_h8l8s4seoo@paytm,2025-12-10
U001535,upi_gt6cc9uj4q@ybl,2026-01-30
U001536,card_5025_1cc1deb6dc,2026-07-30
U001537,upi_ftovnccifv@ybl,2025-12-21
U001538,card_7827_cb1edd6965,2026-08-16
U001539,upi_dmq2tcn0cv@okicici,2026-03-09
U001540,card_7897_7f160812da,2026-03-06
U001541,upi_5ni3w1162v@okhdfcbank,2026-03-05
U001542,upi_ir18x209xx@okhdfcbank,2025-11-03
U001543,upi_287eoyoawg@ybl,2026-03-20
U001544,card_2042_3b3aa71f04,2026-06-02
U001545,upi_pst1wqlv5l@paytm,2026-05-17
U001546,card_0804_69704f4d7b,2025-12-21
U001547,upi_3vfjzq623w@paytm,2025-09-11
U001548,card_8469_53a234ca8e,2025-11-09
U001549,upi_dbe98x6mwn@paytm,2026-03-08
U001550,card_2410_4844b04166,2026-04-27
U001551,upi_xan02wy8tl@ybl,2026-07-16
U001552,upi_0tyz4sx265@okhdfcbank,2025-09-22
U001553,card_9102_285e86a0b1,2026-07-23
U001554,upi_ulhsfh2mdh@okaxis,2026-04-16
U001555,upi_bl1km7cz2f@okaxis,2025-12-21
U001556,card_1759_98d2410a27,2026-02-25
U001557,card_8603_153a9e4fbb,2025-10-20
U001558,upi_tb31swza7z@ybl,2026-01-03
U001559,card_2030_95cd8ec30f,2025-10-12
U001560,card_7809_5c29d5edc8,2025-10-09
U001561,upi_9wbpuqfv5y@okaxis,2026-03-07
U001562,upi_hhhxaekxq4@okaxis,2026-01-13
U001563,upi_x3kqo0raem@okaxis,2026-05-23
U001564,upi_o5hd03bcs3@paytm,2026-03-19
U001565,upi_n5eqpvnhx2@okhdfcbank,2026-05-28
U001566,card_9916_29983767c6,2026-07-27
U001567,card_3060_1e396b3081,2026-03-23
U001568,card_4193_e782f854c7,2026-07-11
U001569,upi_tlhe5n9dn8@okaxis,2025-11-09
U001570,card_7631_6e4b52281a,2026-06-30
U001571,upi_tcejzn0u76@okaxis,2025-11-29
U001572,upi_xt5oqdfgy4@okaxis,2025-11-03
U001573,upi_yxrvmza49q@okhdfcbank,2025-10-31
U001574,card_0310_8dfa39d5b5,2026-06-15
U001575,upi_2qjiqr8m1s@okaxis,2025-12-16
U001576,upi_z1nmq9ejkr@paytm,2025-10-06
U001577,upi_ea8vuxq6jp@oksbi,2026-07-14
U001578,upi_9ywnxn390q@okicici,2025-11-02
U001579,card_5935_1196edeea0,2025-10-30
U001580,card_8371_0e7031fd68,2026-07-25
U001581,upi_e9xrgtvyb5@paytm,2026-03-17
U001582,card_0182_d7a50377b1,2025-09-25
U001583,card_1662_3d79391d07,2026-04-24
U001584,card_5409_b1f64117a3,2025-12-24
U001585,upi_uc5iswvi6j@okhdfcbank,2026-04-17
U001586,upi_v7kxebfch1@paytm,2026-06-23
U001587,upi_xhzlio3m61@paytm,2026-06-16
U001588,upi_zleod6tode@okaxis,2026-02-26
U001589,upi_5yudciggdo@oksbi,2025-11-11
U001590,upi_7d5mmoic1u@okaxis,2026-03-18
U001591,upi_xy7z8z3gbh@okhdfcbank,2025-12-22
U001592,upi_t4rnbchix1@okaxis,2025-09-29
U001593,card_9115_468aa7f303,2026-05-11
U001594,upi_e7xv3dtk66@okhdfcbank,2026-06-24
U001595,card_9045_e0145f27ae,2025-12-15
U001596,card_9568_d944f4135b,2026-07-06
U001597,card_0733_c238124ad0,2025-10-22
U001598,card_7795_51efa53503,2026-04-01
U001599,upi_4q5kc1y0r2@okicici,2026-01-15
U001600,upi_8rbclmyyqm@ybl,2025-12-10
U001601,card_2539_22562fe722,2025-09-19
U001602,upi_odsx09w96v@ybl,2025-10-16
U001603,upi_pa46bzroda@ybl,2025-09-03
U001604,upi_blv3uynuls@okaxis,2025-11-25
U001605,card_9695_e66ae2f331,2025-11-28
U001606,card_7292_631d5acaaa,2026-05-19
U001607,upi_sx27jof83n@paytm,2026-01-23
U001608,upi_3honl1mrt5@okhdfcbank,2026-01-20
U001609,upi_k5fne0h7zu@okhdfcbank,2026-03-21
U001610,upi_s8lmzxc264@okaxis,2026-05-12
U001611,upi_zpy9z779n4@okicici,2025-10-17
U001612,upi_888qpachu8@okaxis,2025-12-02
U001613,card_8752_2b8ec29614,2025-12-28
U001614,card_7295_22393a02bf,2026-06-02
U001615,upi_90kq7007bv@okicici,2025-12-24
U001616,upi_yj2zp7srcv@ybl,2026-07-18
U001617,card_5898_9427f44f69,2025-11-24
U001618,card_8949_c7e8e27a2c,2025-12-09
U001619,card_5924_2778ea2746,2026-06-18
U001620,upi_upa77e3om3@okhdfcbank,2026-01-22
U001621,upi_7ysyme0iji@paytm,2026-07-27
U001622,card_2367_75b12ef653,2026-06-20
U001623,upi_tkkyh6n9gq@okaxis,2025-09-26
U001624,card_0122_03349634c9,2026-04-03
U001625,upi_kycb2xl9xj@okaxis,2026-03-08
U001626,upi_odk331di2q@oksbi,2026-08-11
U001627,upi_jxj632xqcz@okicici,2026-03-26
U001628,upi_f5zf67x0vb@okicici,2026-03-03
U001629,upi_vjlo7nz4fa@okhdfcbank,2025-12-15
U001630,upi_cwhuoqomvc@ybl,2026-06-01
U001631,card_3557_4514969bce,2025-11-19
U001632,card_8887_4f2c99964f,2025-10-04
U001633,card_3659_f84115b333,2026-02-05
U001634,card_1156_5a300bc661,2025-11-10
U001635,upi_7pk0guaa2c@okhdfcbank,2026-02-28
U001636,card_9705_72a5da8a50,2025-10-27
U001637,card_5946_6a449d7419,2025-12-05
U001638,upi_cn5np6apkh@okaxis,2026-02-17
U001639,upi_19n3cbgkmp@okicici,2025-11-19
U001640,card_7616_6a5c4facb4,2026-03-11
U001641,upi_9t17ly3ucm@okhdfcbank,2025-11-27
U001642,card_0642_9a9bae9733,2026-01-01
U001643,upi_7nwtldsng5@oksbi,2026-03-19
U001644,upi_xboew575xm@paytm,2026-01-05
U001645,card_9015_63b5863ef4,2026-04-30
U001646,card_0451_cfd04f740d,2026-07-19
U001647,card_9250_3ae644e078,2026-02-14
U001648,card_2846_64ff621c4b,2025-12-11
U001649,card_8427_87ae02631f,2026-02-19
U001650,card_4439_41ed5f5e63,2026-04-17
U001651,upi_ougpclky8t@okaxis,2026-02-16
U001652,upi_6lpx3g3iyt@oksbi,2025-09-28
U001653,upi_27fhd93fbz@okicici,2025-11-05
U001654,upi_5iaswj7pac@okicici,2026-06-15
U001655,upi_2ogoeqd349@okaxis,2026-04-20
U001656,card_6985_76fd215863,2026-07-03
U001657,upi_1ceqch3nva@okaxis,2025-11-19
U001658,card_2752_61f74a0719,2026-07-17
U001659,card_4946_dbfec3b9d6,2025-09-11
U001660,upi_adacptzre6@okhdfcbank,2026-02-16
U001661,upi_no1w2ylkq3@okaxis,2026-08-13
U001662,upi_uj769z5byg@okhdfcbank,2026-04-03
U001663,upi_ylm7x721bj@okaxis,2026-05-15
U001664,upi_veeuclwti9@oksbi,2026-05-23
U001665,card_1535_23cdb90d82,2026-08-17
U001666,upi_p8thnmdczq@okicici,2026-06-26
U001667,card_6473_6e279c9990,2026-08-22
U001668,card_8593_1c611a1767,2026-02-01
U001669,upi_94rz8ge51j@ybl,2026-07-01
U001670,card_5578_3dea90760f,2026-01-20
U001671,card_2755_50be6ca8f2,2026-08-02
U001672,upi_9i3vgqcoxp@okaxis,2026-03-09
U001673,upi_9sjmw1zvw4@okicici,2026-07-13
U001674,upi_bu21s9sg04@paytm,2025-11-21
U001675,upi_el9i7o9un2@okaxis,2026-07-08
U001676,upi_b99o4tssal@oksbi,2025-11-21
U001677,card_7126_9a8d195e49,2026-01-11
U001678,upi_6v3py1oqoq@okicici,2026-04-17
U001679,card_3291_f3d93c0d29,2026-07-08
U001680,upi_wso6ttfwjo@oksbi,2026-01-08
U001681,upi_2oliaessho@okicici,2026-05-19
U001682,card_5199_3763938aa7,2025-09-17
U001683,upi_yjzz4mr3s8@ybl,2026-07-05
U001684,upi_zfjb2lsb2r@oksbi,2026-05-18
U001685,upi_rru06mra6p@okicici,2025-12-19
U001686,card_5058_8b0d958ffb,2026-01-08
U001687,card_6709_3f0ee48556,2025-11-25
U001688,upi_obpp2m7v1j@ybl,2025-11-01
U001689,upi_lh8p2cbxq8@paytm,2025-11-10
U001690,card_5624_016f1b3ba2,2026-08-03
U001691,card_1040_eacd60a438,2025-12-13
U001692,card_2835_de6b2b1e06,2026-03-11
U001693,upi_l7gcypt0h6@okicici,2025-09-19
U001694,upi_6hlaes7kqt@paytm,2025-11-10
U001695,card_4460_7348eb9306,2025-12-04
U001696,upi_utp3l6sa9x@okhdfcbank,2026-04-26
U001697,card_5771_d10cdd1101,2025-10-28
U001698,card_0543_e49502fde7,2025-12-12
U001699,card_0233_9b206ae889,2026-04-17
U001700,upi_98m1ao5tkk@ybl,2026-07-02
U001701,upi_rvc01a25xo@paytm,2026-04-07
U001702,upi_03fy2ac6np@okaxis,2025-10-08
U001703,upi_a5n3f9j6ek@oksbi,2026-08-14
U001704,upi_hj82da8ctz@ybl,2026-08-06
U001705,upi_9eqah6p75c@okicici,2025-10-13
U001706,card_0891_6de3fc5679,2026-01-14
U001707,upi_2g9k9rv5bv@paytm,2025-10-25
U001708,upi_85oc8xmwrx@okaxis,2026-02-22
U001709,card_7958_44d71e8b16,2025-10-31
U001710,card_2656_59fe823374,2026-07-02
U001711,upi_jo89hciiwb@okaxis,2026-07-21
U001712,card_4649_2f883fccfb,2025-12-22
U001713,upi_pqwjmgztsb@okicici,2026-02-19
U001714,upi_01c4s2n3ut@paytm,2026-05-07
U001715,upi_7bsf4h4zfj@oksbi,2026-01-09
U001716,upi_7ogxiu2lnz@okicici,2026-08-09
U001717,card_6077_f903bd462a,2026-03-08
U001718,card_7195_184237eac3,2026-07-24
U001719,upi_8se2zii50g@okicici,2026-02-15
U001720,upi_mk8cgcqa1a@paytm,2026-05-12
U001721,upi_dxd0subcy1@okhdfcbank,2026-07-26
U001722,card_9047_838b42f629,2025-12-03
U001723,card_7827_808a22207b,2026-02-19
U001724,upi_069uhu8jab@oksbi,2026-07-23
U001725,upi_v9r5e5x2zq@okicici,2026-07-19
U001726,upi_ylxos1dicy@okicici,2026-07-30
U001727,upi_kut2r85yha@okicici,2026-01-26
U001728,upi_c4sl7b3itv@okhdfcbank,2026-02-10
U001729,upi_8nbbcf1qtl@okicici,2025-12-17
U001730,upi_2p5jyd5fjf@oksbi,2026-06-02
U001731,upi_lu5gka0kak@paytm,2025-12-26
U001732,card_7419_b5fcb3965d,2026-05-18
U001733,upi_zvgdi1ovic@okhdfcbank,2026-04-21
U001734,upi_12ocxc1z8a@okaxis,2026-02-15
U001735,upi_148trv23iw@ybl,2026-05-19
U001736,upi_6kcadomfo2@okicici,2026-04-25
U001737,upi_y0e4liwz46@okicici,2026-03-17
U001738,upi_43j31iu8kr@okaxis,2025-11-15
U001739,upi_dgsc2zkbwj@okicici,2025-11-21
U001740,card_2015_ee06b6dac0,2025-09-27
U001741,upi_007rn1hna6@paytm,2026-04-17
U001742,card_1964_dfed4bc30c,2026-04-06
U001743,upi_qfnfi11zcd@ybl,2025-12-25
U001744,upi_tdsrvifumd@okaxis,2025-10-07
U001745,card_5612_1f06b05b30,2025-11-29
U001746,upi_5d1thgsy5h@okicici,2026-05-21
U001747,upi_xig5l0loik@okicici,2026-01-08
U001748,upi_j7u6mkx60q@okaxis,2026-03-02
U001749,upi_fdav2kzkeg@oksbi,2025-12-12
U001750,upi_ah80izle6y@okaxis,2025-12-24
U001751,upi_kze94c20ey@okhdfcbank,2026-04-28
U001752,upi_1e3pzx2utn@ybl,2026-06-30
U001753,upi_olcm0dlld1@oksbi,2025-11-19
U001754,upi_5p2truz97s@ybl,2025-10-16
U001755,card_0331_47108f9e62,2026-01-20
U001756,upi_y3l1w3qntf@okhdfcbank,2026-01-12
U001757,upi_iburhc15nb@oksbi,2025-12-02
U001758,card_3319_fc1fba8f2f,2025-10-27
U001759,card_6162_4a07a8b1d2,2026-02-12
U001760,upi_dqiwmoqb4b@okaxis,2026-03-22
U001761,upi_8qw14iarnr@okhdfcbank,2026-04-29
U001762,card_1715_18a0bbb4e5,2025-09-22
U001763,card_0629_4b0f92f454,2026-04-13
U001764,card_8547_181ffdac46,2026-02-12
U001765,card_8208_98f7b26bad,2026-05-04
U001766,card_6802_f9189e26f1,2025-09-09
U001767,card_6269_57972bf296,2026-02-24
U001768,card_4516_8b1d899a1e,2026-04-28
U001769,card_2513_acbd4f7288,2026-06-12
U001770,upi_bl6wwj97f7@ybl,2025-09-29
U001771,card_8262_d65d9545fa,2026-03-13
U001772,upi_ze74zhr5as@oksbi,2026-08-12
U001773,card_4810_c8c67cbedd,2025-09-06
U001774,upi_pqbbrmg6ro@paytm,2026-03-19
U001775,card_5347_a628181ef5,2025-11-22
U001776,upi_hbn2p8s6re@oksbi,2025-10-03
U001777,card_3105_69a7bfa29e,2026-03-21
U001778,upi_vtz8wsgu4g@paytm,2026-01-09
U001779,card_0885_c83b0d88b8,2026-01-02
U001780,card_6320_f589df52f3,2025-09-22
U001781,upi_evrh7vce2u@okaxis,2026-02-20
U001782,upi_nibq87zix5@ybl,2026-03-18
U001783,upi_rb2ewqux00@paytm,2026-01-19
U001784,upi_zxacr8kupu@okaxis,2026-06-15
U001785,upi_nrf35cxzib@ybl,2026-07-12
U001786,card_1791_82c7fb09f2,2026-07-30
U001787,upi_efj9pyhz44@okaxis,2026-07-07
U001788,card_2803_1624c16364,2026-04-07
U001789,card_7243_733ddd7380,2026-02-15
U001790,upi_nswuk4ulxm@oksbi,2026-02-24
U001791,upi_3sfs2piia0@paytm,2026-03-26
U001792,card_9794_b9618ce38e,2025-09-22
U001793,upi_k7ooicxg6q@okaxis,2026-05-14
U001794,card_4561_edca731a5f,2026-02-18
U001795,upi_kc7dri99os@okicici,2025-11-11
U001796,upi_sykslwb3eg@okhdfcbank,2026-08-08
U001797,upi_rrqoau1z3y@okhdfcbank,2026-05-29
U001798,upi_k5oqrxsevm@ybl,2026-02-28
U001799,card_0021_3f7d477904,2026-08-12
U001800,card_0758_228583084e,2026-07-25
U001801,upi_es19g6tsv1@okaxis,2026-07-19
U001802,card_8498_6d56f052dc,2026-04-02
U001803,card_7449_4abfa6febd,2025-11-18
U001804,card_4192_14fe47794f,2026-05-09
U001805,card_3719_7bf6cd233d,2026-01-20
U001806,upi_1ha0wvbi55@paytm,2026-07-23
U001807,upi_aqdrdlu7tv@okhdfcbank,2026-04-21
U001808,upi_s2xyjp5b4z@okicici,2025-10-29
U001809,upi_aa7arthbvb@oksbi,2026-04-06
U001810,upi_fmc7uh9l1p@okhdfcbank,2025-09-10
U001811,upi_t6gj2v1g50@ybl,2026-05-21
U001812,card_8947_a14324ad61,2026-04-02
U001813,upi_za0nf5yhzj@okhdfcbank,2026-01-20
U001814,upi_2l3yyui7xs@paytm,2025-12-07
U001815,card_2971_95656e3f4e,2026-07-11
U001816,upi_0a0m01pxpy@okicici,2026-01-15
U001817,card_4872_24c70475a0,2026-06-04
U001818,upi_jf4gmdy3b1@paytm,2025-11-02
U001819,upi_ty03v831w9@oksbi,2025-09-18
U001820,upi_dcwgbxmt6t@paytm,2026-05-12
U001821,card_8947_7fdcdba84b,2025-10-31
U001822,card_0288_bab07c372b,2026-04-13
U001823,card_3336_9b3b74a8c3,2025-11-04
U001824,card_9009_126658897d,2025-12-30
U001825,upi_9eaznohjl7@ybl,2025-09-07
U001826,card_3093_4f2636dac8,2025-11-24
U001827,card_3911_259aa931d1,2026-03-19
U001828,upi_ht2jzo9k2r@okhdfcbank,2026-07-25
U001829,upi_kyanhim3j2@okaxis,2025-11-05
U001830,card_7972_51a5ab4b2f,2026-04-03
U001831,upi_u9bu4ycy0a@okaxis,2026-01-20
U001832,upi_65175ck4lg@paytm,2025-11-08
U001833,card_5954_c91b7c3d9f,2025-11-17
U001834,card_1893_e5f80ef32e,2026-06-07
U001835,card_5330_a412a3500d,2026-08-11
U001836,card_5563_4c6cebd0ce,2026-08-06
U001837,upi_o5ktw31g9x@okhdfcbank,2026-03-01
U001838,upi_8uzbzr56jk@okaxis,2026-07-30
U001839,upi_l0dejnnr83@okicici,2025-12-28
U001840,card_0435_87cddbcde5,2025-10-21
U001841,card_2063_8d0c40bea9,2026-06-01
U001842,upi_11l4elmfuu@oksbi,2026-04-17
U001843,card_6216_64d098be76,2026-05-11
U001844,card_5441_ad885388a7,2026-01-17
U001845,card_2967_4c525d6d0e,2025-11-20
U001846,upi_m4chp9zqpx@oksbi,2026-05-20
U001847,card_7059_b981289b1e,2026-04-13
U001848,upi_qp8lwlls4q@paytm,2026-07-29
U001849,upi_5akflkbtsv@okhdfcbank,2026-08-08
U001850,upi_1m0zroy97g@ybl,2026-04-03
U001851,card_6088_111219576e,2025-12-06
U001852,card_6191_92de368df9,2026-01-12
U001853,upi_pdtagb8uh9@oksbi,2025-10-28
U001854,card_1780_33764f74c3,2026-01-13
U001855,upi_4aptithtq3@paytm,2026-08-04
U001856,card_4684_8edfb8396f,2026-01-26
U001857,upi_r1tl9ubabl@oksbi,2026-04-22
U001858,upi_0ftjb2g2jv@okhdfcbank,2025-11-09
U001859,upi_co177pd2vw@okhdfcbank,2026-03-18
U001860,card_7509_f8e4a2da13,2025-09-01
U001861,card_7090_92621863fa,2025-12-11
U001862,upi_lznfxkiuea@oksbi,2026-04-11
U001863,upi_wc85s4wu4t@ybl,2026-03-13
U001864,upi_llyvxbpp5q@okhdfcbank,2026-01-22
U001865,upi_zg8eqb5io3@okhdfcbank,2026-04-07
U001866,upi_75702m1l63@okicici,2025-12-06
U001867,upi_f7w9akuv1w@okaxis,2026-01-19
U001868,card_1939_ca8e7e1021,2025-11-16
U001869,upi_jv41q2ylk3@okaxis,2026-05-01
U001870,upi_q1ij516l23@paytm,2026-07-25
U001871,upi_5ofw87acqv@okhdfcbank,2026-02-24
U001872,upi_dwn14l6aan@okhdfcbank,2026-06-06
U001873,upi_6wmfwrx97n@paytm,2026-05-30
U001874,upi_gyoqh0opou@ybl,2025-12-07
U001875,card_3510_8d4d921ccc,2025-12-02
U001876,card_8472_c95727eef7,2025-10-14
U001877,upi_3d9us4gbmy@okhdfcbank,2026-07-06
U001878,card_8731_03b6900778,2025-10-24
U001879,upi_otbvvs9r1b@okicici,2025-09-18
U001880,upi_v0vh922zwv@ybl,2026-02-20
U001881,upi_pl6tyobowc@okaxis,2026-01-26
U001882,upi_jniy1e4y2n@okhdfcbank,2026-06-09
U001883,card_3751_9f8801de8f,2026-08-18
U001884,upi_vg83ejzocl@okhdfcbank,2025-12-11
U001885,upi_mhe4760uok@okaxis,2026-04-10
U001886,upi_c9uuvcf3w4@ybl,2026-07-21
U001887,upi_43ytipvexr@okhdfcbank,2025-09-04
U001888,upi_fjmq7y010q@paytm,2026-04-06
U001889,upi_3f8s84997y@okhdfcbank,2026-02-23
U001890,upi_xhyfijjyvq@oksbi,2025-10-07
U001891,upi_x6r3ks3vrd@paytm,2026-03-13
U001892,card_9192_9831714dc3,2026-02-18
U001893,upi_0edsidvm5k@okhdfcbank,2026-02-16
U001894,card_9063_47ed6e745b,2026-04-14
U001895,upi_533dmb5gyf@oksbi,2026-06-05
U001896,card_4693_927ffa199b,2026-01-19
U001897,upi_tqteuv4o3x@oksbi,2026-05-26
U001898,upi_p0ul3iwqnq@ybl,2026-02-23
U001899,upi_t195bjii6c@okaxis,2025-12-03
U001900,card_7116_84391346be,2025-10-04
U001901,card_8929_418ae2cadb,2025-12-14
U001902,upi_8hkg6hwhgd@okhdfcbank,2026-05-16
U001903,card_8904_83b3d78ed1,2026-03-03
U001904,upi_je1vjyy8fg@oksbi,2026-04-30
U001905,upi_lej5qi9hg2@okhdfcbank,2026-02-17
U001906,upi_nk101sj0lv@okhdfcbank,2025-12-24
U001907,upi_a3x4jup4zq@paytm,2025-11-07
U001908,card_3263_321abbcac6,2026-07-17
U001909,card_8893_ed1d7b93d7,2026-07-27
U001910,upi_kqdsbuf1h8@oksbi,2026-04-17
U001911,card_0620_35a2c542f5,2025-09-21
U001912,card_4757_349e77536a,2026-03-22
U001913,upi_l1eb6l6utv@ybl,2026-04-04
U001914,upi_9h16xawu4k@okhdfcbank,2025-11-20
U001915,upi_a20bi7yqz5@okhdfcbank,2025-10-21
U001916,upi_h65vaa1btk@okaxis,2025-09-11
U001917,upi_3biez1itm6@okaxis,2025-09-30
U001918,upi_rl9uipe3ta@ybl,2026-03-16
U001919,card_8839_ec119c41f2,2026-07-14
U001920,upi_ka9x7nl429@okhdfcbank,2026-05-18
U001921,card_4480_4a6cae1f06,2026-06-12
U001922,card_8463_1e0a25f491,2025-10-13
U001923,upi_paqnhvprj1@oksbi,2026-03-09
U001924,card_2420_0a7bce7fb3,2026-02-14
U001925,upi_ov1bvqo348@oksbi,2026-06-07
U001926,card_5235_f75dc9a6fb,2026-06-07
U001927,card_0432_abe2773dc2,2026-01-18
U001928,card_3195_0fe413543e,2025-09-19
U001929,card_8957_25b86b631d,2025-10-08
U001930,card_8042_63e694eb21,2026-07-12
U001931,card_5679_54814e5422,2026-02-07
U001932,upi_sufv8y4tfc@okaxis,2025-09-06
U001933,upi_d62q80ngcf@ybl,2026-03-08
U001934,upi_o8cq4lynnx@okaxis,2026-04-22
U001935,card_0146_fd597b8bfa,2026-03-18
U001936,upi_89hrb01e6x@okaxis,2026-05-10
U001937,upi_4i29hav9rq@okicici,2025-10-03
U001938,card_9205_496921c824,2026-02-08
U001939,upi_ek1vczhwgq@oksbi,2026-04-13
U001940,card_5108_779e578d64,2026-03-19
U001941,card_8756_d17cea9305,2026-06-08
U001942,upi_fd10ozuf2r@paytm,2026-08-03
U001943,card_8030_a9a73ca23e,2026-03-12
U001944,upi_a83qa7hciy@okhdfcbank,2026-04-23
U001945,card_4743_4469086776,2025-11-23
U001946,upi_n7sbchtfxe@ybl,2026-02-05
U001947,upi_nlbisp4si3@ybl,2025-11-19
U001948,upi_b70n9wpjdk@okaxis,2025-09-08
U001949,upi_nekt892frh@ybl,2026-03-15
U001950,card_4255_55d25632e8,2026-05-08
U001951,card_4840_130bf2db10,2026-08-20
U001952,upi_jxgqk5abg7@okhdfcbank,2025-11-15
U001953,card_4187_b433828128,2026-04-18
U001954,upi_978pvu0t4g@paytm,2026-06-14
U001955,upi_3p5ohjplna@okhdfcbank,2026-01-01
U001956,card_7288_5dc615970e,2025-12-27
U001957,card_0053_4d1fadb1ce,2026-05-29
U001958,card_2791_74a68cf3f2,2026-01-19
U001959,upi_fo42k5wd00@paytm,2026-03-03
U001960,card_2547_76c7d42afc,2025-11-01
U001961,upi_o56qyl1qhe@paytm,2025-09-13
U001962,upi_z83l8j9hzs@okicici,2026-08-18
U001963,card_2518_f3c0cf3355,2026-02-10
U001964,card_0517_f97157b92f,2026-06-04
U001965,upi_m3lmtuokmz@okaxis,2026-04-17
U001966,upi_ms2ir526k3@okhdfcbank,2026-06-29
U001967,card_9595_41c2ce9543,2025-11-12
U001968,upi_qjlnrzf7ks@okicici,2026-05-10
U001969,upi_welnrv1vns@paytm,2026-08-21
U001970,card_8297_99eb61848b,2026-03-16
U001971,upi_w2n9b51ws7@ybl,2026-07-03
U001972,card_5478_39c327e57f,2026-04-16
U001973,upi_n3aobyyg8f@okhdfcbank,2026-02-07
U001974,card_8443_e725cc6d38,2026-05-04
U001975,upi_05538loxmn@okhdfcbank,2025-09-19
U001976,upi_foi7q67ds0@okaxis,2025-09-26
U001977,upi_0z7pbu3j6m@okicici,2026-06-11
U001978,card_8839_911d2ec450,2025-12-18
U001979,upi_xjhtlomxfr@okicici,2025-11-25
U001980,upi_epdsevhg6u@ybl,2025-10-20
U001981,card_7341_cb8d7ca9c3,2025-09-04
U001982,upi_lew57r3zd4@okaxis,2026-07-07
U001983,card_0570_01c6ca6557,2025-09-16
U001984,upi_nepe0p7v9e@oksbi,2025-10-23
U001985,upi_37lbquzib2@okaxis,2026-02-14
U001986,card_1795_363d3a84cc,2026-06-27
U001987,card_2338_f3c315b4fb,2026-02-06
U001988,card_3948_15b0bed641,2026-06-05
U001989,upi_j2vowqehqp@ybl,2026-05-28
U001990,upi_x7jf36p8fm@oksbi,2026-08-16
U001991,card_5923_3465a3db5d,2026-07-07
U001992,card_7298_399370c145,2025-12-22
U001993,upi_sdg7t5t1pj@okicici,2025-11-29
U001994,card_6821_1c54060ddb,2026-07-08
U001995,card_6761_6e84fec738,2025-12-11
U001996,upi_0uqqlez2nq@paytm,2025-09-04
U001997,upi_be0e4uxmmw@okicici,2026-05-02
U001998,upi_rbhieiaeua@okaxis,2026-06-02
U001999,card_0756_a1c60e09d8,2026-02-03
U002000,card_9809_678e0f0afd,2025-09-30
U002001,card_7537_a92c0d6744,2025-11-26
U002002,card_2303_d7b7cf83a9,2025-12-20
U002003,card_9222_cbffab007d,2026-04-09
U002004,upi_bwbmjbzgu4@okicici,2026-01-16
U002005,upi_obcdr1ll3w@ybl,2026-02-12
U002006,upi_6edv82bxaj@ybl,2026-04-29
U002007,card_3488_d03f976937,2025-09-09
U002008,card_7637_2e54803ffb,2025-11-10
U002009,card_1437_1d028f8c73,2026-05-11
U002010,upi_g64gk7al7k@okaxis,2025-10-16
U002011,card_0533_3d02f070fb,2026-06-02
U002012,upi_rkeakl4tc9@okhdfcbank,2025-11-11
U002013,card_2179_43f2735f85,2026-01-20
U002014,upi_l6uibmy6in@paytm,2026-08-12
U002015,card_1371_7e25a15288,2025-12-06
U002016,upi_f2u2ry2r2h@oksbi,2026-01-27
U002017,upi_1yw427jnl6@okicici,2025-10-22
U002018,card_8036_c7e984138d,2025-11-04
U002019,upi_pmfzhcdce5@oksbi,2026-01-31
U002020,upi_olgpfrudli@paytm,2026-02-24
U002021,upi_gghvzmzgc0@paytm,2025-12-25
U002022,card_8483_95953d73f3,2026-04-22
U002023,card_3827_fb92067741,2025-11-27
U002024,upi_bdsw4qe0f7@okicici,2025-12-22
U002025,upi_3fw24pxf6y@oksbi,2026-03-17
U002026,upi_tk3id5j288@okaxis,2026-01-21
U002027,upi_1twrsw06cm@okhdfcbank,2026-07-03
U002028,card_1181_bfc7ac0603,2026-03-31
U002029,card_7006_5872cd3bc4,2026-07-02
U002030,upi_iymazoom2z@ybl,2026-01-02
U002031,card_1485_5a56cafcec,2026-05-13
U002032,upi_frvjg19g8b@ybl,2026-01-08
U002033,upi_ls2o55zz3p@paytm,2025-09-26
U002034,card_2175_33e57a5322,2026-08-06
U002035,card_5869_1d4cdfe0b2,2026-04-15
U002036,upi_78tou5z2s5@okaxis,2025-09-11
U002037,upi_nxjqcr2ozm@paytm,2025-12-30
U002038,card_6744_c4608f715c,2026-05-11
U002039,card_0552_ac09680d40,2026-08-08
U002040,card_8337_3b90c759e9,2026-01-28
U002041,upi_8hce4zsckj@paytm,2026-06-19
U002042,upi_tbqi13qi45@oksbi,2025-10-31
U002043,upi_tdt7zuznwi@okicici,2025-12-22
U002044,card_2573_1edac62fc4,2026-08-01
U002045,card_6539_60345d00f2,2026-01-27
U002046,upi_1zj6ruoagx@okhdfcbank,2026-03-24
U002047,card_2245_006bdfcdd1,2025-09-16
U002048,card_0376_acc3451b8a,2026-01-22
U002049,card_1378_e9a3b3f77b,2025-11-26
U002050,upi_c1pzfuhpzv@okhdfcbank,2026-01-17
U002051,upi_mbq5il4413@okhdfcbank,2025-10-06
U002052,upi_yli1vw87bk@okaxis,2026-02-06
U002053,upi_8123nax5hx@oksbi,2026-07-04
U002054,card_4562_cf8f96cf6d,2025-11-16
U002055,card_0080_47f9a277e3,2026-02-25
U002056,upi_sxu3vhvpxs@ybl,2026-02-07
U002057,upi_8zs177951q@okhdfcbank,2026-05-29
U002058,upi_zvu2y1xwuf@ybl,2026-02-11
U002059,upi_2d2aa8b7tb@oksbi,2025-10-08
U002060,upi_bg15lz9lap@okhdfcbank,2025-09-23
U002061,card_6838_0df5dbe729,2026-06-28
U002062,upi_elj4bl4kmp@paytm,2025-12-18
U002063,upi_al4ihuz5oj@oksbi,2026-06-19
U002064,card_5349_0758ba8908,2026-04-01
U002065,upi_b1q9zhf0b6@oksbi,2025-12-02
U002066,upi_ela5woaf4e@okaxis,2025-10-19
U002067,card_3904_57e429efc3,2026-08-20
U002068,upi_6iowmy80vc@paytm,2026-05-06
U002069,upi_u7uctigqee@ybl,2026-08-07
U002070,card_8885_38fcf1fed1,2026-08-24
U002071,upi_1fhh49heqa@okhdfcbank,2025-09-08
U002072,upi_kqmd5xif6o@okaxis,2025-11-11
U002073,card_0595_07f4c78707,2025-10-17
U002074,upi_vtfiez73vo@paytm,2026-05-15
U002075,card_3399_f9775310fd,2026-05-20
U002076,upi_bmq1wjutpc@okicici,2026-04-27
U002077,upi_taphttuwma@okhdfcbank,2025-10-11
U002078,upi_fflw34pdog@okaxis,2026-01-08
U002079,card_0725_4f82f1c614,2025-10-15
U002080,upi_kf1oh9uiin@ybl,2026-07-01
U002081,upi_fqal23kx3e@paytm,2025-10-31
U002082,upi_o6bxrd382w@paytm,2026-02-06
U002083,card_4871_bc6b780305,2026-03-24
U002084,upi_ir98wzhssc@okhdfcbank,2025-11-12
U002085,upi_52xdnl5gwx@paytm,2026-06-09
U002086,upi_qt0mqfbeac@okaxis,2025-11-22
U002087,upi_e2ywpmhl2s@oksbi,2026-03-29
U002088,upi_z7h6gwvs9b@okicici,2026-05-18
U002089,upi_fzw96ndpot@oksbi,2025-09-16
U002090,upi_1txd0k4pol@ybl,2025-12-17
U002091,upi_u3k9kv1bsc@oksbi,2026-06-23
U002092,card_7910_c5218bc6ed,2025-09-05
U002093,upi_p62k9qgo99@ybl,2026-04-12
U002094,card_3005_f1f4b8e2fe,2026-05-12
U002095,card_5434_f18dc7359f,2025-10-31
U002096,upi_2hrpxk2fit@paytm,2025-10-28
U002097,upi_30wxalj23d@ybl,2026-01-17
U002098,upi_89rrc08lyz@paytm,2025-11-09
U002099,upi_lho2o8ppo0@paytm,2025-12-24
U002100,upi_04cgw8iimi@paytm,2026-06-18
U002101,upi_hb8ljf5jj2@ybl,2026-01-19
U002102,card_0567_6d5f40469e,2026-04-20
U002103,upi_a52mmteusi@okicici,2026-03-07
U002104,upi_9s4lqf8u7p@paytm,2026-05-05
U002105,card_9450_b0350dbcef,2025-10-04
U002106,card_4085_6146e34924,2025-10-26
U002107,upi_wwub5fgi9k@okhdfcbank,2026-04-06
U002108,upi_gcxgkndl24@okaxis,2025-09-27
U002109,upi_50ydd4z6be@okaxis,2025-11-13
U002110,upi_7wvefv4ikt@okaxis,2026-08-16
U002111,upi_z716wv9dea@paytm,2026-05-16
U002112,card_8672_a62f962d2a,2025-10-10
U002113,card_1691_eae2bcde5c,2025-12-20
U002114,upi_xb65xpj7mb@okhdfcbank,2026-07-09
U002115,card_0576_195ede2e3b,2026-05-24
U002116,card_5504_97ba22a67c,2026-08-14
U002117,card_3102_daed61bcb3,2026-06-30
U002118,card_7777_f987188123,2025-12-31
U002119,card_0268_5b22fc7639,2026-05-16
U002120,upi_0pv21u9yf3@oksbi,2026-05-22
U002121,upi_x0dz58vuv8@oksbi,2026-05-11
U002122,card_4011_600b5137ea,2025-12-01
U002123,upi_dvcjbfews9@oksbi,2026-06-19
U002124,card_3214_5826d3100d,2026-04-02
U002125,upi_nlyp26gav1@okhdfcbank,2026-01-12
U002126,upi_3howywwr6i@okhdfcbank,2025-12-20
U002127,upi_pykldita7n@okicici,2025-11-07
U002128,upi_nrmlq3x2pw@ybl,2026-03-30
U002129,upi_vd8h96cudd@okicici,2026-07-18
U002130,card_1636_b486dbd0c5,2025-10-01
U002131,upi_di259p77rv@paytm,2026-01-21
U002132,upi_zm6edlejsq@okhdfcbank,2025-11-11
U002133,upi_klo6x4lgdz@okaxis,2025-10-14
U002134,card_4847_4fa24ecaed,2026-03-22
U002135,card_5506_147feea031,2026-07-26
U002136,upi_3c5f7fzkhn@okaxis,2026-02-07
U002137,upi_cmo6n8p4s3@paytm,2025-11-05
U002138,upi_tpd745jsyf@oksbi,2025-09-19
U002139,upi_2g2xd5yih3@okicici,2025-10-03
U002140,card_4175_e547fac656,2026-02-01
U002141,upi_u3tj690k6h@okaxis,2025-10-08
U002142,upi_ua2gx6grmj@okicici,2026-03-07
U002143,upi_5te9uadjr9@okicici,2026-01-04
U002144,upi_vngirdysux@okicici,2026-01-10
U002145,upi_6x3x12vxar@ybl,2025-09-04
U002146,upi_zlrmiyrvpy@okaxis,2026-01-31
U002147,upi_69l5f3wrw3@paytm,2025-09-22
U002148,card_1337_874b1e36a3,2026-06-05
U002149,upi_xwnxq8fk3x@okicici,2026-07-01
U002150,upi_cdqh2s8xq1@paytm,2025-10-23
U002151,upi_v9w0mu31x0@okaxis,2026-01-22
U002152,card_4277_006bad64b6,2026-06-07
U002153,upi_plx7m7k9a2@okicici,2026-05-17
U002154,card_0091_ce89e3f077,2026-02-06
U002155,upi_hbtii51wk0@paytm,2026-05-09
U002156,card_7870_ac4c44a90a,2026-06-19
U002157,card_5892_a90b01632e,2026-06-25
U002158,upi_29b83t5iri@ybl,2026-08-08
U002159,upi_jgrz0fy5hn@okhdfcbank,2026-01-20
U002160,upi_zoeego1tzi@ybl,2026-08-12
U002161,upi_33hbyhkjc3@oksbi,2026-07-15
U002162,card_8642_1da560cc62,2025-09-30
U002163,card_1621_5a0f28b3c3,2026-08-19
U002164,card_8775_953936deab,2026-05-22
U002165,card_0594_7667fa5fb8,2026-04-14
U002166,upi_0qvhy0okf5@paytm,2026-07-22
U002167,card_0615_4910937efa,2025-09-09
U002168,card_1708_1f0419fc84,2026-02-23
U002169,upi_sv6kp1rbjo@oksbi,2025-12-13
U002170,upi_4wbjvx08ol@paytm,2025-09-05
U002171,upi_a16ajn0382@ybl,2026-04-21
U002172,card_9593_4f58fe1b96,2026-02-10
U002173,upi_xssykn25fl@paytm,2026-03-25
U002174,card_3637_22ec200e50,2025-12-14
U002175,upi_ibhb6c2712@oksbi,2026-03-25
U002176,card_7255_d0b10cbd1c,2026-04-30
U002177,upi_0cga2xat85@paytm,2025-11-29
U002178,upi_d8rv22zl53@oksbi,2025-12-14
U002179,upi_oor700q322@okaxis,2025-12-27
U002180,card_2092_9b85e8ac97,2025-11-26
U002181,card_8996_0d2ad0aded,2026-01-21
U002182,card_5162_c1d7405ab8,2026-03-11
U002183,upi_wixk7uaxol@oksbi,2026-05-12
U002184,card_8475_c2168a3588,2026-02-12
U002185,card_8837_1dfda28553,2026-01-08
U002186,upi_m0cd96fyj3@oksbi,2026-04-05
U002187,upi_k1e0dc0myp@paytm,2026-01-30
U002188,card_9548_84659315f1,2026-04-01
U002189,upi_wtvwitppcw@ybl,2026-08-25
U002190,upi_orsm4493d2@ybl,2026-05-18
U002191,upi_iwa2gg4ez6@okhdfcbank,2026-08-11
U002192,card_3988_b7dd85ecca,2026-01-21
U002193,upi_ar8316f73a@ybl,2025-10-23
U002194,upi_qr8eqwbmem@paytm,2026-05-14
U002195,upi_hui1qd0o6b@oksbi,2025-10-09
U002196,upi_vlh8iruv8c@paytm,2026-06-08
U002197,card_1840_85215ffb2c,2025-12-15
U002198,card_6501_e9aadb4a81,2026-02-26
U002199,upi_qtoszywipg@okaxis,2026-03-20
U002200,upi_s0nml8gvas@okicici,2026-05-11
U002201,card_2461_44fa9c1ee0,2026-01-22
U002202,upi_7i38wavagx@okicici,2026-08-07
U002203,upi_d36cjva2bs@okicici,2025-12-17
U002204,upi_4framof4zo@oksbi,2025-12-08
U002205,upi_pgadm07ae6@ybl,2026-04-05
U002206,card_9778_33a55222ec,2026-08-07
U002207,upi_qso6k3pptj@paytm,2026-08-10
U002208,upi_38d2doabfx@paytm,2025-11-03
U002209,card_7026_b92547f510,2026-01-11
U002210,upi_o4m0lmm66q@okicici,2025-10-25
U002211,card_4620_f10a4634c0,2026-04-15
U002212,card_1273_d28ae6b35b,2026-04-03
U002213,upi_6c6ag6ejsj@okicici,2026-02-12
U002214,card_5409_5640a53601,2026-05-14
U002215,card_5628_e3b22c9615,2026-07-15
U002216,upi_e03rqe0igs@oksbi,2026-05-01
U002217,card_2094_4bc10fd434,2026-05-01
U002218,card_0763_78700a495b,2026-02-01
U002219,upi_b0prkvi0iu@okicici,2026-03-06
U002220,card_5138_86e998135f,2026-04-04
U002221,card_5631_7dce9fa01c,2025-12-25
U002222,card_4581_b65177d141,2025-12-15
U002223,upi_5jvdlkjlxu@okhdfcbank,2025-11-09
U002224,upi_vsab4nr1ue@paytm,2026-01-08
U002225,upi_g5bcx0r830@okicici,2025-09-05
U002226,card_1569_0a86e5d345,2026-07-16
U002227,upi_5hrc7pfaet@oksbi,2026-01-10
U002228,upi_tprvdb634m@paytm,2025-09-26
U002229,card_7782_c362c405a1,2026-05-20
U002230,card_5608_d2b7e2054f,2025-12-29
U002231,card_8432_d0a67e47a9,2026-01-14
U002232,card_6034_357871abb1,2026-07-07
U002233,card_7169_84f2eceac0,2026-06-25
U002234,upi_qobu18ttv3@ybl,2025-11-28
U002235,card_3502_5934aecaed,2025-09-18
U002236,upi_vgewcxleuv@oksbi,2026-01-08
U002237,card_4629_0487a22c7e,2025-09-30
U002238,card_2107_7ffd9552b7,2025-12-20
U002239,upi_yy23dwcfr2@oksbi,2025-10-11
U002240,card_0287_c75d3a465d,2025-12-22
U002241,card_1775_16332774d0,2025-10-11
U002242,card_8448_552aa61cf8,2026-08-02
U002243,upi_bstnx9p2dj@okicici,2025-11-05
U002244,upi_064obv7sou@oksbi,2026-01-28
U002245,upi_2kj2im0tpq@paytm,2026-06-08
U002246,upi_8udqtr3xd8@ybl,2025-09-11
U002247,card_6362_8b066ddbd6,2026-06-24
U002248,card_9255_c83f3e6a99,2026-07-14
U002249,upi_8lk3c9et1y@okicici,2026-08-20
U002250,upi_wmuq6fk7xg@ybl,2025-11-19
U002251,card_0103_4e99088d4d,2025-09-16
U002252,card_1960_bbae762a63,2026-08-02
U002253,card_7622_405e81c5e0,2026-05-11
U002254,upi_7o3qnis9zs@okicici,2026-01-05
U002255,card_9585_dc2be6376e,2026-04-23
U002256,upi_3i4rvqer9q@ybl,2026-03-25
U002257,card_6981_ce8c16ecc7,2026-01-04
U002258,upi_nxdeisdg5n@paytm,2026-07-26
U002259,card_8314_c8510ae958,2025-10-17
U002260,upi_cxw28u0anl@okaxis,2025-09-26
U002261,upi_newm1xkxut@okicici,2026-03-13
U002262,upi_8o9s1v9t7q@okaxis,2026-06-01
U002263,upi_zg3gqo5v3r@paytm,2026-02-15
U002264,upi_s3pjz8t2rx@okhdfcbank,2025-09-02
U002265,card_2869_78c3faaa9e,2026-05-17
U002266,card_7849_a514981399,2026-07-07
U002267,upi_vfs7tulfg3@oksbi,2026-08-20
U002268,card_3936_c9d3813a01,2025-12-30
U002269,upi_w1z3cidxhq@okaxis,2025-09-07
U002270,upi_37mz6249qq@paytm,2026-04-03
U002271,card_0299_8558463edb,2025-10-03
U002272,upi_8g1i2yclg3@okhdfcbank,2026-05-04
U002273,upi_ehn69ij43q@ybl,2025-09-04
U002274,card_9910_f34f577fae,2025-11-19
U002275,upi_kik57ubz6g@paytm,2025-11-29
U002276,upi_ujq74qoo3z@ybl,2025-11-21
U002277,upi_hvifyymoh3@ybl,2026-05-23
U002278,upi_qhn6hwmq0m@okicici,2026-01-30
U002279,upi_uuhueijcmc@okicici,2026-03-02
U002280,card_5478_23355fb325,2026-07-03
U002281,upi_4ouuco1i3z@okaxis,2025-11-28
U002282,card_9237_c0c88e14b1,2026-04-24
U002283,upi_rd16v7qu5o@paytm,2026-05-07
U002284,upi_r2wnsxiync@okaxis,2026-01-10
U002285,card_7833_30509dd22d,2026-04-02
U002286,upi_i4yuuotrcg@okaxis,2026-07-22
U002287,card_1319_4c05b9aef7,2026-07-19
U002288,card_5929_e3c9a02525,2026-04-26
U002289,card_5293_2de8198684,2026-02-28
U002290,card_6516_ed233c0850,2025-09-06
U002291,card_7774_051baebadb,2026-01-31
U002292,card_6236_3ff25ca3fe,2026-03-03
U002293,upi_8v0qx56630@ybl,2026-04-18
U002294,upi_nanmjo2ha2@oksbi,2026-07-15
U002295,card_0824_1c94e7e790,2026-08-04
U002296,upi_v8rx1fmksp@okicici,2025-12-07
U002297,card_2465_d8d3fc595f,2026-05-13
U002298,upi_4at9cqwg92@okaxis,2026-02-12
U002299,upi_3bsroz2fge@oksbi,2026-06-17
U002300,card_1008_5d2af4777d,2025-10-18
U002301,upi_70eajkqnw8@okicici,2026-04-28
U002302,card_2905_067d511a99,2026-06-22
U002303,upi_uhweipfwmr@okhdfcbank,2025-12-02
U002304,upi_xod335sdf7@okaxis,2026-04-18
U002305,upi_ozdwnigrrj@okhdfcbank,2026-03-22
U002306,card_7336_0ba785c60a,2026-02-22
U002307,card_6499_fadda68b6d,2025-10-30
U002308,card_0809_561f33d73e,2026-08-13
U002309,card_6709_ecae1798ec,2026-05-11
U002310,upi_7l38wqxb02@okaxis,2026-08-13
U002311,upi_osa3699bhe@paytm,2025-12-28
U002312,upi_385o9is8mo@oksbi,2025-12-11
U002313,card_3971_210c89ff18,2026-04-11
U002314,upi_7x1qf8phaz@okaxis,2026-08-07
U002315,upi_fmsph9jxbw@okhdfcbank,2026-06-29
U002316,upi_9qwz2ac813@oksbi,2026-06-26
U002317,card_0704_1d080d1935,2025-10-02
U002318,upi_5137cbup9n@okhdfcbank,2026-01-17
U002319,upi_0ob7cmidxc@oksbi,2026-07-30
U002320,card_0214_a16c8d72ac,2026-04-07
U002321,upi_cxjwxuuu4e@okicici,2025-11-24
U002322,card_0449_59c8cb499c,2026-02-25
U002323,upi_yeuxoay7n9@ybl,2025-11-19
U002324,upi_ss6qamfmym@paytm,2025-11-10
U002325,card_4573_d26eea2a06,2026-01-31
U002326,card_5260_82263540bc,2026-02-25
U002327,upi_741agblsbn@okhdfcbank,2025-11-23
U002328,upi_1fr57qz1ek@oksbi,2026-01-30
U002329,card_7195_36d6edcd56,2026-05-17
U002330,card_6754_310a91cde5,2026-04-13
U002331,upi_k86tvwdmhw@paytm,2026-08-10
U002332,card_8211_c65883a275,2025-09-23
U002333,card_1144_e24ce13a21,2026-05-21
U002334,upi_ywy4cvanlj@okicici,2026-03-15
U002335,upi_m6609s1txv@ybl,2025-11-07
U002336,upi_xmxx6kzfcd@oksbi,2025-11-05
U002337,upi_teb0gxwtog@ybl,2026-02-13
U002338,card_9866_6bbfe2e1ff,2025-12-26
U002339,card_0031_627178140f,2026-02-01
U002340,card_9180_04c23a1b26,2026-04-12
U002341,upi_63h3yladzj@okaxis,2026-08-26
U002342,card_3786_bf48dcfa13,2025-12-22
U002343,upi_l8y8mojfms@okhdfcbank,2026-06-09
U002344,card_3281_629c580932,2026-05-04
U002345,upi_vnk4o3qk1s@okaxis,2026-01-15
U002346,card_7639_147013ad88,2026-08-08
U002347,upi_yfd6ccya4g@okicici,2026-01-17
U002348,card_2258_c894011ed0,2025-09-10
U002349,upi_clyhxl9efn@okicici,2026-03-08
U002350,card_3630_f5f8b03b08,2026-07-13
U002351,upi_7i90vy5ym4@okicici,2026-04-20
U002352,upi_nqzqghuob7@paytm,2026-06-29
U002353,card_7701_6ff7e64bf3,2026-05-16
U002354,upi_jkslm7fc6i@okaxis,2026-04-06
U002355,upi_kcvookpgwq@okhdfcbank,2025-10-07
U002356,card_4697_9d6c98005f,2025-09-20
U002357,card_7142_8a2032e2d2,2026-05-16
U002358,card_5212_b890627250,2026-03-31
U002359,card_5497_92a9095843,2025-10-16
U002360,card_2499_9a7dde99e7,2026-04-27
U002361,upi_rlywjoy2sh@okicici,2026-06-14
U002362,card_7320_9bd0c657bd,2026-08-20
U002363,card_6539_595a8c2f6d,2026-02-09
U002364,upi_mu2ig4qzpe@ybl,2026-08-23
U002365,upi_951mi9evsq@ybl,2025-09-10
U002366,card_7741_69241e40d1,2026-03-30
U002367,card_3598_25cd59440e,2025-12-20
U002368,upi_f04yubelxd@ybl,2026-04-16
U002369,card_6714_13905b687c,2025-12-08
U002370,card_9780_0a0e45a95f,2026-05-20
U002371,card_7384_f45b23319a,2026-06-27
U002372,card_7433_eddf851213,2026-07-31
U002373,card_7102_b46f2e0a13,2025-12-25
U002374,upi_vlkn7vly92@ybl,2026-07-17
U002375,upi_cgnk7u0vrs@okicici,2025-11-16
U002376,card_9125_f6930d5afb,2025-12-31
U002377,upi_nmmwzpywg3@okicici,2025-10-28
U002378,card_1695_920907b7a5,2026-08-19
U002379,card_6083_4fd463d72a,2025-10-07
U002380,card_6241_5af6f4da27,2026-04-14
U002381,upi_gczwid5d0x@okaxis,2026-05-20
U002382,card_2187_dcd6849d5e,2026-04-13
U002383,upi_iqbghtdfdz@okhdfcbank,2026-07-15
U002384,card_4930_867a386615,2026-04-22
U002385,upi_g6ar42gr0d@oksbi,2026-05-21
U002386,upi_ajcwvn3vdc@oksbi,2025-09-01
U002387,upi_y3gsjqjr3n@okaxis,2025-11-21
U002388,card_2180_f0dd1640ec,2025-10-30
U002389,card_9915_74a6ca5090,2026-02-09
U002390,card_1717_55c5f38f41,2026-02-07
U002391,upi_k3rno90l4h@paytm,2026-03-16
U002392,upi_pj416syrt9@okhdfcbank,2026-07-20
U002393,card_5020_2655fedd64,2025-11-26
U002394,card_7452_3a078207f2,2025-11-07
U002395,card_7871_cb2d79811b,2026-06-29
U002396,upi_cs0faovlbj@okicici,2025-11-27
U002397,upi_c4rumgiyn3@ybl,2026-04-20
U002398,upi_wvhnvxpp1g@ybl,2026-06-05
U002399,card_7894_377a46661f,2025-11-23
U002400,upi_5czx43l5uh@okicici,2025-09-09
U002401,card_1684_d85ef08f89,2025-12-15
U002402,upi_0xvx47wwkw@okicici,2026-05-24
U002403,upi_2pt3pjd8pj@okhdfcbank,2026-04-28
U002404,upi_5odegteig1@okicici,2026-03-14
U002405,card_8367_41a7530b7f,2026-06-25
U002406,upi_w0neiem81i@ybl,2025-09-12
U002407,upi_gz9d202yzq@okhdfcbank,2026-07-27
U002408,upi_xcfd9zo187@ybl,2025-12-27
U002409,upi_zvswtjgu7p@oksbi,2026-07-02
U002410,upi_nniyl8lky9@okicici,2026-01-11
U002411,upi_n1vvhpq98i@okhdfcbank,2026-06-12
U002412,upi_8m5ae1mpg8@okhdfcbank,2026-08-09
U002413,upi_41wnz5lv55@ybl,2026-06-14
U002414,card_0826_2fd32c9b4b,2026-07-09
U002415,card_9982_8551369644,2026-08-16
U002416,upi_utov5ht4ge@okicici,2026-07-23
U002417,card_3343_d3fb2c9573,2026-01-26
U002418,upi_mo11vorjx1@okicici,2026-03-24
U002419,upi_2jwkklwoxs@okhdfcbank,2026-07-22
U002420,upi_demguv6n98@paytm,2025-10-30
U002421,card_8362_f1f646713c,2026-03-24
U002422,card_7147_11fb951bca,2025-10-07
U002423,upi_dvcsq24061@okicici,2026-05-05
U002424,card_4484_372cc3984f,2025-11-13
U002425,upi_7lmhomy9qh@okicici,2026-06-22
U002426,card_3716_6a3aa313a0,2026-04-12
U002427,upi_ofwsrsafsi@okaxis,2026-05-16
U002428,card_3272_e5c2d6fa4c,2026-07-25
U002429,upi_twgdgcfvyb@oksbi,2026-04-21
U002430,upi_ffvgyzixer@oksbi,2026-01-28
U002431,card_5665_5056a30fef,2026-06-24
U002432,card_6850_c5f6066d04,2026-07-13
U002433,upi_dati13b9n3@ybl,2026-02-06
U002434,upi_wbwbqlvape@ybl,2025-09-03
U002435,upi_re57k9rwl1@paytm,2026-04-16
U002436,card_7837_d0e1a0d44d,2026-03-26
U002437,upi_g349eaak5y@okaxis,2026-06-07
U002438,upi_xnsnivrmky@paytm,2026-08-09
U002439,upi_1smp4n22me@oksbi,2026-01-02
U002440,upi_5k0dl7j3v6@ybl,2025-11-01
U002441,card_7635_2ad3bd1508,2026-07-09
U002442,card_9999_9f47bf2ecc,2025-12-11
U002443,card_3504_6d856af910,2026-04-23
U002444,upi_tvtqyg6kzt@okhdfcbank,2026-05-24
U002445,card_5429_49a01b617d,2025-10-04
U002446,upi_rgjfpiyw3e@okhdfcbank,2026-02-13
U002447,card_2822_555cbd014b,2025-09-22
U002448,upi_jadqhkipvm@okaxis,2026-08-14
U002449,upi_sicuin1zqg@paytm,2026-05-18
U002450,upi_nycaic5w1x@okicici,2026-01-02
U002451,upi_lkdtngavrp@okhdfcbank,2025-12-20
U002452,upi_8nvh5xyyrn@paytm,2026-05-25
U002453,card_2964_23a9cd38c2,2026-08-04
U002454,card_2931_438e6d94f1,2025-12-20
U002455,upi_sif2q6yzrn@ybl,2026-08-22
U002456,upi_qb9jy59xes@oksbi,2026-01-31
U002457,upi_mrwnx0lxa4@okicici,2025-11-08
U002458,upi_5lm39aazzv@okhdfcbank,2025-11-14
U002459,upi_2gomuxa7em@okicici,2026-08-24
U002460,upi_s3va0hzaka@paytm,2025-11-23
U002461,card_5472_41bceb7b50,2025-11-13
U002462,upi_a8272kd1yk@paytm,2025-12-02
U002463,upi_zbik0fhjcc@okhdfcbank,2026-02-21
U002464,upi_5j7c1byz7p@ybl,2026-06-23
U002465,upi_9fagx0i7c7@okaxis,2026-06-14
U002466,upi_iovw8ntt1q@okhdfcbank,2026-01-04
U002467,card_6402_214fc25f70,2025-12-16
U002468,upi_952mpv2bhj@paytm,2026-08-19
U002469,upi_1euidkmyh6@okicici,2025-10-24
U002470,card_1068_1835507a07,2026-03-30
U002471,upi_i2321ypsfl@oksbi,2026-03-03
U002472,card_8391_3444944183,2025-11-16
U002473,card_7357_9457af68ad,2026-01-30
U002474,upi_ibulrd4s8d@oksbi,2026-03-13
U002475,card_8494_8a051f22fb,2026-05-22
U002476,card_5433_7a84a8ee14,2026-06-09
U002477,card_9350_928d0ac589,2026-05-07
U002478,card_0670_fb450a2c06,2026-01-06
U002479,upi_as4u5w8rqe@okicici,2026-07-27
U002480,upi_o1v3g8ttid@ybl,2025-09-06
U002481,upi_21dike4nhh@paytm,2026-05-10
U002482,card_5859_c98c5aff78,2025-11-25
U002483,card_2645_04bbfaee77,2025-12-17
U002484,upi_t69ibp24ll@okhdfcbank,2026-03-28
U002485,upi_0lfzn8bb6s@okhdfcbank,2026-07-06
U002486,card_2735_34dfaf603b,2025-12-17
U002487,card_2303_ed5b1118a0,2026-08-05
U002488,upi_8y2sls78bt@okaxis,2025-10-03
U002489,card_8773_6058387b2e,2026-03-05
U002490,upi_su4i91wy5u@paytm,2026-05-01
U002491,upi_byaxpcjr8b@okaxis,2026-01-09
U002492,card_0775_909ec871b8,2026-06-01
U002493,upi_bmb7lwaync@ybl,2026-01-29
U002494,card_9301_c6c6919aa7,2026-03-08
U002495,card_5541_feaf35cfba,2026-01-20
U002496,card_5154_1972931894,2026-03-31
U002497,card_8754_faf47e718e,2025-09-30
U002498,card_4759_edd9aade8b,2026-01-20
U002499,card_5366_334023f84c,2026-03-08
U002500,card_5626_0313844b16,2025-10-18
U002501,upi_fjmkcvb4hx@okaxis,2026-06-02
U002502,upi_8nier5a86u@okhdfcbank,2025-12-08
U002503,upi_j3pvpnhi68@okicici,2026-04-28
U002504,upi_qfofdjhm9j@okhdfcbank,2025-09-14
U002505,upi_8vu5f2m6u4@oksbi,2025-11-17
U002506,card_5535_93c2981bb8,2026-04-05
U002507,card_1115_2da83bd9e2,2026-04-11
U002508,card_8906_7c104892ba,2026-02-14
U002509,upi_fms6mq61gq@paytm,2025-11-26
U002510,card_3064_c5c1bc7b54,2026-06-14
U002511,card_5502_8eb2178aa8,2026-06-29
U002512,card_6985_f7ffaf1d9d,2025-10-03
U002513,upi_dedvj5etag@okhdfcbank,2026-03-09
U002514,upi_fpv3thx7t3@okaxis,2025-12-13
U002515,card_5927_8717c47391,2026-06-14
U002516,card_0499_eebd956859,2026-02-05
U002517,card_6612_5353bcb604,2026-03-31
U002518,upi_aq69jgs73h@ybl,2025-09-21
U002519,card_0988_7e853aafde,2026-02-28
U002520,upi_i7amcxhlod@okaxis,2026-08-04
U002521,upi_zg4z7uv6m5@ybl,2026-02-10
U002522,upi_e8yk4lug89@oksbi,2026-07-12
U002523,card_9538_4611166c15,2025-09-23
U002524,upi_krnorb7d2p@oksbi,2026-07-04
U002525,card_6600_2afc0d8f68,2026-05-31
U002526,card_7694_6111671763,2025-09-24
U002527,upi_4qmig25y1g@okaxis,2026-01-06
U002528,upi_tscmxnj9tx@paytm,2026-05-15
U002529,card_5400_f24a5a8a02,2025-09-14
U002530,upi_env903d9rb@paytm,2025-09-29
U002531,upi_35lit4ayzj@okaxis,2026-05-14
U002532,upi_yxdvdkwq2a@paytm,2026-06-11
U002533,card_8252_8ed8880fd2,2026-08-25
U002534,upi_tmfh2o7i3a@okaxis,2026-02-07
U002535,upi_3zr4p80rgo@okhdfcbank,2026-04-04
U002536,upi_ulnycl1ok5@okaxis,2026-03-01
U002537,upi_c53s1m4ka6@okhdfcbank,2026-08-10
U002538,upi_gnlizyock5@ybl,2026-06-12
U002539,upi_pdzbjxf46k@okicici,2025-12-16
U002540,card_0267_60a1d64b05,2025-12-20
U002541,card_8312_b7e28d5034,2025-10-17
U002542,upi_sw2ftrx1gl@okaxis,2026-04-27
U002543,card_6920_b85571d9c2,2026-02-28
U002544,card_2455_c70758229f,2026-05-18
U002545,upi_si3ctew9fd@okaxis,2025-10-05
U002546,upi_kyfgimnwwb@okaxis,2026-02-27
U002547,upi_njapwi5iig@paytm,2026-07-08
U002548,card_8587_0f64667c7c,2026-01-25
U002549,upi_26g5mmerbc@ybl,2026-08-24
U002550,upi_u3tyfjl4x9@okicici,2026-03-16
U002551,upi_xnj9euf1p9@okicici,2026-02-08
U002552,upi_oqt9a7gn7l@oksbi,2025-10-01
U002553,card_6023_ffa90214d2,2026-08-19
U002554,upi_qozmfyxcu8@okaxis,2026-07-04
U002555,card_0990_a606b0e743,2026-05-17
U002556,upi_jxkz8h8ovv@paytm,2026-04-03
U002557,upi_jss4hfetn5@ybl,2025-11-10
U002558,upi_ip3y6bxo52@oksbi,2025-12-11
U002559,upi_151ixr5cb5@okhdfcbank,2026-01-24
U002560,upi_wa0qkaya3i@paytm,2026-03-24
U002561,upi_5226fs4mwb@okaxis,2025-10-10
U002562,card_2228_40bd756267,2025-11-27
U002563,upi_hdikh512cb@okhdfcbank,2026-06-23
U002564,card_9733_a019b2ce5e,2026-04-08
U002565,card_9484_d50a620e3f,2026-06-29
U002566,upi_sox5l19ew2@okicici,2026-02-05
U002567,upi_w1n91wfbnn@paytm,2026-03-14
U002568,upi_roatvvas23@okicici,2026-04-07
U002569,upi_9jopgqen0b@paytm,2026-03-01
U002570,upi_0v0lhinkzl@okhdfcbank,2026-06-14
U002571,upi_5ns5yb2uee@paytm,2025-09-23
U002572,card_1061_261f2221aa,2026-04-22
U002573,card_9647_8d1be8dbfd,2025-10-09
U002574,card_4219_976b0ea2ab,2026-06-18
U002575,upi_pv2jodykva@paytm,2026-08-02
U002576,upi_aajmt7gcw5@ybl,2026-02-19
U002577,upi_9tdy469so5@ybl,2025-11-04
U002578,card_1813_39b710848b,2026-03-08
U002579,upi_eeqbgn1drq@okicici,2026-03-24
U002580,upi_dadrsxl0lx@okicici,2026-02-08
U002581,upi_c35mvmhcud@ybl,2026-02-27
U002582,card_7318_c9fff876c2,2026-01-25
U002583,card_3941_ae717d978d,2025-12-01
U002584,upi_w4rnyp7h49@oksbi,2025-11-06
U002585,card_2000_1798cb0cab,2026-04-26
U002586,card_7189_661521ec68,2026-05-07
U002587,upi_kqb9pl7olq@oksbi,2026-03-13
U002588,card_9321_b2f382b779,2025-12-02
U002589,card_0471_b0dc137684,2026-04-07
U002590,card_1114_07ecb03046,2025-10-09
U002591,upi_06gm4gj7ca@okaxis,2026-05-20
U002592,card_6640_764ce7b6ed,2025-10-21
U002593,upi_k0d4afqrq1@paytm,2026-05-06
U002594,upi_cixdpts8no@okicici,2025-10-31
U002595,upi_smd1z8jcvd@okaxis,2026-05-15
U002596,upi_7i74q0q13t@okicici,2026-03-10
U002597,upi_25cy2uczft@okaxis,2026-02-18
U002598,card_6369_26af1158ab,2026-07-18
U002599,upi_o8430uqpkx@okhdfcbank,2026-06-09
U002600,upi_7o30871q4u@oksbi,2026-07-31
U002601,upi_tu63spoynk@okicici,2026-06-23
U002602,card_4772_6b6d6d141f,2026-02-22
U002603,upi_evifmq0zeu@okhdfcbank,2025-11-26
U002604,upi_www7r1u4f4@paytm,2026-08-11
U002605,upi_c5lqxh7ttd@oksbi,2026-02-25
U002606,upi_fpvaks3rg6@okicici,2025-10-01
U002607,card_3095_de86edc7aa,2026-03-13
U002608,upi_x5reiqzx04@okhdfcbank,2026-08-02
U002609,upi_4sojfocjih@okaxis,2026-03-01
U002610,upi_26ksn3mso8@paytm,2026-08-02
U002611,card_7048_ba6b2a8a24,2025-09-25
U002612,upi_caflc9h3v6@paytm,2026-03-13
U002613,card_0531_f0c45e3cba,2026-03-11
U002614,upi_imyeuso262@okhdfcbank,2026-05-16
U002615,card_4323_b08268bad0,2026-06-26
U002616,card_3520_412d3dc7df,2026-04-14
U002617,card_9962_f18af4a0f6,2025-09-10
U002618,upi_9na2inx5hp@okicici,2026-02-11
U002619,upi_ck07iaff8q@okaxis,2025-10-29
U002620,upi_63qks8q0le@paytm,2026-08-18
U002621,upi_wk0d2u7c0w@paytm,2026-07-27
U002622,card_5334_da5805a306,2025-11-24
U002623,card_9793_ba3f7f3f01,2026-01-17
U002624,upi_5hrzceizdz@paytm,2026-03-16
U002625,card_2960_1b6c4a581a,2025-09-19
U002626,card_9902_f24dabeff8,2025-12-08
U002627,upi_pe6f0o1zzr@okicici,2026-08-13
U002628,upi_ylu5e67x5j@okicici,2026-08-12
U002629,card_0845_7b5a322346,2026-07-27
U002630,card_0993_73fc8a1a85,2025-12-07
U002631,card_1945_641791d9f3,2026-02-05
U002632,upi_tyzneqp1op@paytm,2026-01-16
U002633,upi_av9zwcmvwo@ybl,2026-01-10
U002634,upi_rv54n8zrx6@okhdfcbank,2025-09-29
U002635,upi_xx289fc8sj@ybl,2026-07-10
U002636,card_7058_cb1ca5fa4f,2026-03-05
U002637,card_6964_27518b6baa,2026-01-26
U002638,upi_cobkaoi09w@oksbi,2026-05-10
U002639,card_3695_3faf55b931,2026-08-25
U002640,upi_xs77o1t0ji@ybl,2025-12-22
U002641,upi_ie80ge8w7l@okaxis,2025-09-21
U002642,upi_7kjhopz6p6@okaxis,2026-08-01
U002643,upi_jfn0wtro62@paytm,2025-09-08
U002644,upi_z2yizyc0tz@oksbi,2025-09-26
U002645,card_8163_19612058f0,2026-03-04
U002646,upi_pujn4ku4ve@oksbi,2026-02-11
U002647,upi_34v088c9d1@ybl,2026-01-08
U002648,card_4013_d4c3d968fd,2026-02-14
U002649,card_9080_fd164b4db1,2026-07-25
U002650,card_4472_498456c2e1,2025-12-17
U002651,upi_078fi9duze@okaxis,2025-09-28
U002652,upi_0a2u1u84oq@ybl,2026-02-02
U002653,upi_hxk34wmvbz@okhdfcbank,2026-04-14
U002654,upi_va9xuatfdl@okhdfcbank,2026-06-21
U002655,upi_h30om4gm9c@ybl,2026-03-27
U002656,upi_twvq3wke8e@oksbi,2025-11-29
U002657,card_8857_a4a2fa739e,2026-05-31
U002658,upi_vm40hmkvhh@paytm,2026-04-15
U002659,upi_aa1wzivfye@okaxis,2026-04-05
U002660,card_6035_d1e5bd474e,2026-05-28
U002661,upi_z77tekfnfu@paytm,2026-03-26
U002662,upi_wck53s6vaf@paytm,2026-06-13
U002663,upi_flaiasz61a@oksbi,2025-10-03
U002664,upi_rfuunl0wmh@okhdfcbank,2026-03-02
U002665,upi_ak3356lsms@paytm,2026-05-31
U002666,card_9759_a35c78ab0f,2025-11-12
U002667,card_1592_be25948e78,2026-06-14
U002668,card_4657_d7080eb452,2026-02-12
U002669,upi_6odcvtutnb@okaxis,2026-07-01
U002670,upi_mn1rfemofz@okicici,2025-10-10
U002671,card_4978_be9eb9f2bf,2026-05-20
U002672,upi_08l3c7koly@paytm,2026-03-30
U002673,upi_tsnr7cf4su@paytm,2026-08-08
U002674,card_4769_dc6b614b54,2025-11-07
U002675,upi_ouehraolwl@okaxis,2025-12-21
U002676,card_4036_c035089576,2026-07-26
U002677,upi_riok3684b6@okicici,2025-10-05
U002678,card_8501_e82dd43a38,2026-04-30
U002679,card_7831_18d11b6c03,2026-01-19
U002680,upi_u7g6s4tdts@okicici,2026-01-31
U002681,upi_5kz31wc8qf@ybl,2026-08-20
U002682,card_0036_e348c17318,2026-01-27
U002683,upi_by3ecxvt1x@okaxis,2025-12-10
U002684,card_6911_c5025b7b18,2026-05-24
U002685,card_8539_d1967a7910,2026-08-08
U002686,upi_hpk1ikqlei@paytm,2025-09-09
U002687,card_4709_47c5534c15,2026-07-15
U002688,card_6190_43d0a9e3f6,2026-05-06
U002689,upi_n58xw96r3z@okhdfcbank,2025-11-15
U002690,upi_3dyvlq8jm3@oksbi,2026-03-17
U002691,upi_5m0g6iyozr@okaxis,2026-06-22
U002692,card_2899_815d1ca018,2025-12-16
U002693,upi_ge5zgf350n@oksbi,2026-01-10
U002694,card_4297_b2d10c3413,2026-06-20
U002695,card_8785_a6038d8bc1,2025-09-10
U002696,card_8191_63e299fe7a,2026-05-22
U002697,upi_v0uxyno9du@oksbi,2026-02-14
U002698,upi_ktpnjsdjpi@okicici,2026-01-13
U002699,upi_9iqu747xbf@okaxis,2026-07-24
U002700,upi_i46eilojym@okicici,2026-01-29
U002701,upi_uic6hsa6ge@okhdfcbank,2025-10-10
U002702,upi_uf0dsrferz@oksbi,2026-04-02
U002703,upi_6ykhs5yu2n@okhdfcbank,2025-09-02
U002704,card_1104_00a6b7a49e,2025-12-28
U002705,upi_gjwek84qn6@oksbi,2026-05-17
U002706,upi_2h1ab1zh6s@okicici,2026-01-17
U002707,upi_tz3rq2vak9@okhdfcbank,2026-04-08
U002708,card_9104_1c1f9c078c,2025-10-02
U002709,upi_26swbcntbq@okaxis,2025-11-04
U002710,card_7908_e7a9327514,2026-04-23
U002711,card_2292_750bcfe859,2025-09-18
U002712,upi_nap8wfctpd@paytm,2026-06-06
U002713,upi_3rbdqdse6m@okaxis,2026-01-02
U002714,card_0935_3f610ba1a4,2026-05-04
U002715,upi_tqr2hiuas3@okicici,2025-12-25
U002716,upi_e884xh207p@paytm,2025-09-22
U002717,card_9903_6a1b0b77f5,2025-12-07
U002718,upi_bkrmbi7mtk@okicici,2026-04-01
U002719,card_6422_efca7089db,2025-09-28
U002720,upi_z5ft6jhloo@ybl,2025-09-10
U002721,upi_26ygl1kq58@paytm,2025-10-11
U002722,upi_r32j9r4ylw@paytm,2026-02-23
U002723,card_4754_1c4398f360,2026-01-11
U002724,card_3395_0bf4942448,2026-06-03
U002725,upi_7va5j7xd75@okicici,2026-08-07
U002726,upi_5lnnsxgyd8@ybl,2025-10-25
U002727,card_7771_85d5a46d22,2026-07-26
U002728,upi_ssk8p746ze@okhdfcbank,2026-04-22
U002729,upi_zf70b3bglb@oksbi,2026-06-17
U002730,upi_vhzs2ii66w@okhdfcbank,2026-06-17
U002731,upi_3d9pq66obu@paytm,2026-03-20
U002732,upi_wd1tfh3dow@paytm,2026-05-30
U002733,upi_kwwomzanbg@okicici,2025-10-16
U002734,upi_s4hsgqqm9o@okicici,2026-04-20
U002735,card_3948_caade3df3c,2025-09-22
U002736,upi_ilxrldtrzb@ybl,2026-02-19
U002737,card_7167_fd27b26437,2025-11-21
U002738,upi_yqpjhyptq4@oksbi,2025-11-07
U002739,upi_yi0eoaoj16@paytm,2026-08-23
U002740,upi_r0ltz50des@oksbi,2026-07-11
U002741,card_6240_7971b213aa,2025-10-03
U002742,upi_gpa29glh8j@okicici,2026-06-09
U002743,card_8420_94673c5572,2025-11-02
U002744,card_0428_9ee10386be,2026-08-11
U002745,upi_7x8gntudtn@okicici,2026-02-08
U002746,upi_urarhcxl9e@paytm,2026-04-03
U002747,card_9289_f472461bbf,2026-05-06
U002748,card_5137_8e2da158a3,2026-02-17
U002749,upi_v0bhv9llq1@okicici,2025-09-17
U002750,card_1268_b53f42522c,2025-09-12
U002751,upi_8vabv0a9ne@okaxis,2026-08-10
U002752,card_2197_78cbb88e9b,2026-05-28
U002753,upi_jjdm16rhu2@ybl,2025-10-17
U002754,upi_mrgqufhefq@okicici,2025-12-14
U002755,upi_bv3b8sudix@paytm,2026-03-25
U002756,upi_l8aqon9cje@paytm,2025-09-18
U002757,upi_0jge5a6cd5@okhdfcbank,2025-09-15
U002758,upi_cg3ieu34bk@okhdfcbank,2026-07-04
U002759,upi_ugggxehxsc@paytm,2026-02-21
U002760,upi_2xjh04dg15@oksbi,2026-04-08
U002761,upi_1fncvk3tq9@oksbi,2025-10-29
U002762,card_6812_c35fff3d80,2025-10-04
U002763,card_7769_76acfb773d,2026-02-04
U002764,upi_pocagqfhrd@paytm,2026-02-08
U002765,upi_ecdtx9ihp5@okicici,2026-05-14
U002766,card_9759_23fe860bc4,2025-09-02
U002767,upi_0umbqepnup@ybl,2026-05-04
U002768,upi_uuh3h9mm4s@okicici,2026-05-22
U002769,upi_3hhv2lbxcg@okaxis,2026-02-10
U002770,card_6150_289497f88c,2026-06-14
U002771,upi_z292nocibj@okicici,2026-06-18
U002772,upi_drwu5k67nf@paytm,2025-10-29
U002773,card_7646_938abee4f9,2026-08-08
U002774,card_4115_0e64320558,2026-08-07
U002775,upi_d5nk6sejd0@okicici,2025-09-24
U002776,card_4742_5398b22ff2,2026-03-10
U002777,upi_kgdlyl9ddk@ybl,2026-03-04
U002778,upi_4lwm5dsgg3@paytm,2026-06-03
U002779,upi_dyqh5xx4rt@paytm,2026-08-09
U002780,upi_rh0i6hy149@okaxis,2026-07-06
U002781,card_1371_7b957707f0,2026-08-16
U002782,card_5365_24580dfd16,2026-01-22
U002783,upi_s0p8o6vus5@ybl,2026-07-15
U002784,upi_5vjyfrn0xl@oksbi,2025-11-24
U002785,card_0512_ff4ca90446,2026-06-23
U002786,upi_v393a77nhg@oksbi,2025-11-06
U002787,upi_75f5w9vai4@oksbi,2026-07-29
U002788,card_1880_3485cc50d9,2026-06-05
U002789,card_7531_243139f9e4,2026-01-02
U002790,upi_0ojb4jq3p5@okaxis,2026-08-18
U002791,upi_xmush1gh6g@ybl,2026-03-16
U002792,upi_8hsmgugng2@ybl,2026-08-26
U002793,upi_bp15p55e9v@ybl,2026-03-04
U002794,upi_42vf52rl93@paytm,2025-09-14
U002795,card_3103_982337a8a2,2026-02-19
U002796,upi_giwv6bvx71@okhdfcbank,2026-04-16
U002797,upi_vmdblybacz@okhdfcbank,2025-11-14
U002798,upi_2oek4qnvre@ybl,2026-07-19
U002799,upi_dqvxixtz86@okicici,2025-11-17
U002800,upi_iqkz0qx7fu@okhdfcbank,2026-05-05
U002801,upi_2p79vpgx98@oksbi,2025-11-22
U002802,upi_wq2mbkzpy6@paytm,2026-08-26
U002803,card_6156_485392992c,2026-07-09
U002804,upi_apefudstrl@okaxis,2026-02-15
U002805,upi_dvwtzjhe2c@okaxis,2026-04-30
U002806,upi_k726cdckhu@oksbi,2026-07-30
U002807,upi_5t712pgdzq@paytm,2026-07-15
U002808,upi_1rj0urjeki@okaxis,2026-07-09
U002809,upi_5i45p2kys1@ybl,2025-09-18
U002810,upi_suv4vlh8lr@ybl,2026-06-15
U002811,upi_8eiqc05231@okicici,2025-09-14
U002812,upi_7qxiusw209@okhdfcbank,2026-08-20
U002813,card_8538_49a1d8828a,2026-06-07
U002814,upi_1rdgsh21i9@okicici,2026-07-16
U002815,upi_zzhvpy1fbk@oksbi,2025-12-19
U002816,upi_pjv7ovkthr@okicici,2025-12-14
U002817,card_5304_3038e9f56f,2026-01-11
U002818,card_7501_3314b3f309,2025-10-29
U002819,card_1885_fd3e73fd9a,2026-01-24
U002820,upi_mebus2tq9o@okaxis,2026-08-24
U002821,card_9698_8402d8540d,2025-11-23
U002822,card_3781_f2257ca77b,2026-06-30
U002823,card_6663_77e7f2307c,2026-07-30
U002824,upi_e97fxfngc1@paytm,2025-10-12
U002825,upi_oismlys094@okhdfcbank,2026-04-22
U002826,upi_p6l2kajz0l@oksbi,2026-07-06
U002827,upi_erhc6ax0k0@oksbi,2025-09-19
U002828,card_0897_c313fe2427,2025-09-07
U002829,upi_8k7npz2wgz@okaxis,2026-02-05
U002830,upi_viqi7k7tap@oksbi,2026-06-05
U002831,upi_ydi91ke6gi@okicici,2026-02-11
U002832,card_4122_849818551c,2026-03-13
U002833,upi_vxwrjoiq80@ybl,2026-06-22
U002834,card_6704_10500c455c,2026-02-12
U002835,upi_l52h5fspzk@okhdfcbank,2026-01-04
U002836,upi_oi49k36ujo@okhdfcbank,2025-09-18
U002837,card_2681_c03079851c,2026-02-13
U002838,upi_ic0k9i5rce@okaxis,2026-05-13
U002839,upi_l0y994wyo2@paytm,2026-02-10
U002840,upi_cpta1w0t7g@oksbi,2026-03-08
U002841,upi_0cfwxpfkoa@oksbi,2025-09-28
U002842,upi_yerom50gaf@okhdfcbank,2026-05-19
U002843,card_2044_7f8251184a,2025-10-07
U002844,upi_vy5alhyy5k@okhdfcbank,2026-08-09
U002845,upi_jhnm4zwai5@okaxis,2025-09-11
U002846,card_6308_14993e698a,2026-05-10
U002847,upi_vclkdbyy1r@okicici,2026-03-09
U002848,card_6726_8b20a8ce77,2026-07-14
U002849,card_1764_34c14591b0,2026-04-05
U002850,upi_7q42ey2mnr@okhdfcbank,2026-07-10
U002851,upi_8euqnmcn49@okhdfcbank,2025-10-03
U002852,upi_jogtznel5v@ybl,2025-11-17
U002853,upi_imq84hkgyh@okhdfcbank,2025-10-20
U002854,card_3697_0873e881af,2025-11-13
U002855,card_4381_e62701ae78,2026-02-20
U002856,card_0956_f2b9abdd99,2026-01-15
U002857,upi_xl3jhn4nr2@okhdfcbank,2026-06-08
U002858,upi_tcm56g6nuc@ybl,2025-12-13
U002859,upi_jmjou8cibs@oksbi,2025-12-11
U002860,card_3037_d8984eafaf,2025-10-10
U002861,upi_u6xhj9ce6a@okicici,2026-06-12
U002862,card_5164_2581f08e2c,2026-06-30
U002863,card_1393_763f7a3b89,2026-04-20
U002864,upi_r4gt1t5bwk@paytm,2026-01-21
U002865,card_0368_ccec5d1551,2025-12-17
U002866,card_7839_ae2f2c3e5a,2026-03-14
U002867,upi_4gcsjtdt9c@okhdfcbank,2026-07-31
U002868,upi_r3sjt75u5o@okicici,2026-06-29
U002869,card_4764_16231a0201,2026-04-20
U002870,upi_56de6c6z85@oksbi,2025-11-27
U002871,upi_37g6xsozbg@okaxis,2026-01-05
U002872,card_7342_f1f239cfa1,2025-12-03
U002873,card_9636_a6363090a4,2026-06-01
U002874,card_5231_7f841efa3b,2026-08-07
U002875,card_5036_93a7104a74,2025-09-02
U002876,upi_jpxr9af74b@ybl,2025-10-05
U002877,card_7170_3ed12f2b46,2026-04-02
U002878,upi_shnw7fkz0w@okaxis,2025-09-08
U002879,card_0856_e538ef1205,2026-08-23
U002880,upi_cvhrh0ydze@okhdfcbank,2026-02-24
U002881,upi_t9td1dbxco@paytm,2025-10-05
U002882,upi_7xvs70h98q@okicici,2025-12-23
U002883,upi_tjit2n124x@okaxis,2026-08-25
U002884,upi_4gf4q7tojv@okaxis,2025-11-07
U002885,upi_6o2geew9uh@ybl,2026-07-21
U002886,upi_xlil3dv026@oksbi,2025-09-03
U002887,card_6060_68eef3c028,2025-09-12
U002888,upi_ao3ls0a44i@okicici,2026-08-04
U002889,upi_51ykou91nf@okaxis,2025-09-12
U002890,card_5678_1c1df49440,2025-09-13
U002891,card_9950_f3649fe967,2026-07-20
U002892,upi_ptfasetjpo@paytm,2025-09-03
U002893,upi_4fm7uk57ju@okhdfcbank,2026-06-05
U002894,card_5990_e8ef85ff99,2026-06-21
U002895,upi_m5c7ytgtsp@okhdfcbank,2026-07-05
U002896,card_2194_17dc61fb80,2025-10-14
U002897,upi_0zv0khiegv@ybl,2025-10-17
U002898,upi_o45dpmem1y@oksbi,2026-08-12
U002899,card_6683_4ae6b30c83,2025-09-18
U002900,upi_yuvd6tr6tj@ybl,2026-03-29
U002901,upi_kuju336fq6@okhdfcbank,2026-04-13
U002902,upi_ugy0csxfv2@okicici,2026-06-10
U002903,upi_sjol1brets@ybl,2026-03-25
U002904,upi_3trk1ddn5i@okaxis,2026-01-13
U002905,card_8303_63e565931f,2026-04-24
U002906,upi_j6luju4l95@ybl,2025-11-19
U002907,upi_hwgbw2s5at@okaxis,2026-08-26
U002908,card_3029_e44e25a42b,2025-11-03
U002909,upi_avmb3592wm@okaxis,2026-04-26
U002910,upi_rskx0k8gj9@okicici,2026-05-28
U002911,card_4026_20105c877b,2026-04-17
U002912,card_3314_7a9cb17074,2025-10-17
U002913,upi_jmab84bq5y@ybl,2026-01-31
U002914,upi_7u2hk1ye2m@oksbi,2026-03-12
U002915,upi_i0ta28gx5d@okaxis,2026-08-16
U002916,card_1484_ed69f552da,2026-03-13
U002917,upi_eqxxmxl7kd@okicici,2025-12-02
U002918,card_9855_0738f1d2d1,2026-07-16
U002919,card_6514_25e72d3085,2025-12-25
U002920,upi_f87c8rjdcq@okhdfcbank,2026-02-14
U002921,upi_tyzdv51ksi@oksbi,2025-09-02
U002922,card_9445_d2976f60b2,2026-04-03
U002923,upi_emtvx99rfw@ybl,2025-12-05
U002924,card_1654_5dd22e0f04,2025-11-27
U002925,upi_4ct952yy5h@okicici,2025-09-27
U002926,upi_9gwfb2z0o2@okhdfcbank,2025-10-13
U002927,card_0256_398eb5e855,2026-04-03
U002928,card_0721_b3a922555e,2026-08-05
U002929,upi_kgu14mmgdg@ybl,2026-01-28
U002930,upi_9ab1l6gykb@okhdfcbank,2026-03-02
U002931,upi_uw5jedwx5n@okhdfcbank,2026-04-28
U002932,upi_uv0mzntagk@okaxis,2026-07-22
U002933,card_4275_a3428b8e12,2026-02-03
U002934,upi_wr2poq0j5z@okaxis,2026-07-23
U002935,card_1183_dff1b21239,2026-02-10
U002936,upi_v6z0drliol@okaxis,2025-11-13
U002937,card_9587_9842616db2,2026-03-13
U002938,upi_huutahq8ic@okicici,2026-04-17
U002939,upi_r5a8uxjhcj@ybl,2026-01-07
U002940,card_0412_95e0fc9cfe,2026-06-11
U002941,upi_cn8ju6oaez@ybl,2026-08-06
U002942,card_2159_618c211fae,2026-04-18
U002943,upi_jyhr9x5ozi@ybl,2026-06-28
U002944,upi_ibemwd56ag@ybl,2026-05-05
U002945,upi_y7zbfvay8m@okhdfcbank,2026-07-08
U002946,upi_3y2c18ccxf@ybl,2025-12-14
U002947,upi_yfi36e3r53@okhdfcbank,2025-10-18
U002948,card_7782_88dd44b1c7,2026-06-20
U002949,upi_su6yzokv7g@paytm,2026-06-02
U002950,upi_mu6qiutz1h@okaxis,2026-07-30
U002951,card_0101_c229afca51,2026-06-23
U002952,card_0756_d0a78b7546,2025-10-06
U002953,upi_778fx8jeyz@ybl,2025-12-13
U002954,upi_hwjl26cl3i@okicici,2025-11-21
U002955,upi_bb8pnqyiu2@oksbi,2025-12-11
U002956,upi_wazybf6ae0@paytm,2025-11-07
U002957,card_3016_a718355b1c,2026-07-03
U002958,upi_ora6givd97@okicici,2026-07-17
U002959,upi_gg1fhwue41@oksbi,2026-02-08
U002960,upi_h1lykuz9or@okicici,2026-06-22
U002961,card_0390_be5eb4d3c2,2026-03-13
U002962,card_9557_8bbcf05a10,2025-10-24
U002963,upi_hv1wvlhwwd@paytm,2025-11-07
U002964,upi_2b80wbpogf@okaxis,2026-03-04
U002965,upi_9hzbjmhga3@paytm,2026-07-04
U002966,card_5723_8cdcc347f5,2025-10-15
U002967,card_8231_08c096cf05,2025-10-05
U002968,upi_txj25shrhs@oksbi,2026-04-10
U002969,card_7580_ebe1fb3bd6,2026-08-08
U002970,upi_jx99c6h859@paytm,2025-11-12
U002971,upi_b9cgt2tmyr@okaxis,2026-06-18
U002972,card_9492_3799dfc261,2026-04-30
U002973,upi_0a32pai6wk@oksbi,2025-12-10
U002974,card_8597_30d70094ec,2026-05-01
U002975,card_0613_d3e9f8f8f4,2026-02-03
U002976,upi_r4ulvbwlkl@ybl,2026-08-13
U002977,upi_5gaj0le49x@paytm,2026-07-20
U002978,card_8379_126b4727ce,2026-02-16
U002979,card_3944_3a048267b3,2026-02-24
U002980,upi_ix7muhepj3@paytm,2026-05-02
U002981,upi_9tl3z345ge@okaxis,2026-08-10
U002982,upi_eyc919cc0m@okicici,2025-12-08
U002983,card_0465_bb318c307c,2026-01-04
U002984,upi_c7e5t3rx8u@okicici,2025-09-07
U002985,card_2082_f2c099e8ca,2025-12-19
U002986,upi_whdoxexmzb@okhdfcbank,2025-09-23
U002987,card_1947_243339c6a5,2025-10-02
U002988,card_0268_91b02af57a,2025-12-21
U002989,upi_90rsqwzewo@okhdfcbank,2025-11-17
U002990,card_1498_0282791440,2026-04-28
U002991,upi_di66ncl1yi@ybl,2026-05-08
U002992,upi_6ny16q5w8z@paytm,2026-04-27
U002993,upi_kt1o925las@ybl,2026-04-09
U002994,card_3253_0cdd0a200b,2026-07-07
U002995,upi_phe928tkrp@paytm,2026-08-07
U002996,upi_9lkj3ph85n@oksbi,2026-04-10
U002997,upi_37t518azni@oksbi,2025-10-03
U002998,upi_9ps3os5aaf@paytm,2026-03-08
U002999,upi_ewhb045kie@oksbi,2026-02-06
U003000,card_8132_c0f99cc341,2026-06-02
U003001,upi_o2tq7pia62@okaxis,2025-12-27
U003002,upi_vz2t9gmtch@paytm,2026-08-09
U003003,upi_nu7qi70g5c@oksbi,2026-05-06
U003004,card_1708_534beef71a,2026-05-12
U003005,card_0054_d06a85a828,2026-02-05
U003006,card_8915_f6f2a52def,2026-04-29
U003007,upi_ge5ph41uqz@okaxis,2026-02-19
U003008,upi_hal9lnrudf@okaxis,2026-07-07
U003009,card_2141_c0901123f8,2026-06-25
U003010,upi_bcj5ei6bse@okicici,2026-05-31
U003011,upi_qc1chb0qpg@okicici,2026-02-10
U003012,upi_jqzs8itz0j@okhdfcbank,2026-03-01
U003013,card_6355_7d00c35c4e,2026-04-13
U003014,upi_31nlt9a7od@paytm,2026-01-14
U003015,card_8315_2aa3fab07a,2025-10-28
U003016,card_2619_0aaa54eec8,2026-05-19
U003017,card_5459_98221bc9e5,2025-09-27
U003018,upi_srq7tywgo4@okaxis,2026-06-09
U003019,upi_v1mf351br5@paytm,2025-09-22
U003020,upi_x9zwp87lu7@paytm,2026-01-12
U003021,upi_p9i841wae5@okicici,2026-04-06
U003022,card_0293_186f88e791,2026-01-08
U003023,card_2108_587234281c,2026-05-05
U003024,card_9500_c8d60347f9,2025-09-10
U003025,card_8589_1a0ad1587d,2026-08-23
U003026,card_8019_6d1c664ead,2026-06-03
U003027,upi_lt6mbz9xl3@okicici,2026-04-23
U003028,upi_plb0n74kdl@okhdfcbank,2025-10-10
U003029,upi_fp3bwh7rna@okhdfcbank,2025-11-17
U003030,upi_n0s4dnss35@oksbi,2026-02-17
U003031,upi_4zbqxv0ao3@oksbi,2026-04-28
U003032,upi_4bhnee0n3n@okicici,2026-06-11
U003033,card_8393_ef2de78242,2026-04-03
U003034,card_6074_7f88e2806e,2026-01-06
U003035,upi_zu5oxi9gpm@paytm,2026-07-28
U003036,card_8169_b7b964ae9c,2025-12-25
U003037,card_5919_c829e89326,2026-01-02
U003038,upi_u23n7mx1yv@okaxis,2026-01-23
U003039,upi_fymdjwg1ip@ybl,2025-11-22
U003040,upi_ev1sysui5j@okicici,2026-04-13
U003041,upi_8jihy0vwpl@ybl,2025-12-17
U003042,upi_k8ja1lsc6d@okicici,2026-01-19
U003043,upi_qy5m3byglp@okicici,2026-02-26
U003044,upi_9wca9c06j3@okicici,2026-05-14
U003045,upi_4yqw4th8wq@okicici,2026-08-19
U003046,upi_mp7cnpx7v8@okaxis,2026-02-12
U003047,upi_p3a73oinoz@paytm,2026-07-06
U003048,upi_matfkyhzyx@okaxis,2025-09-03
U003049,card_7487_f2b9327d91,2026-05-28
U003050,upi_adiatz0zvk@okhdfcbank,2025-10-20
U003051,card_0464_081e54ce30,2025-11-28
U003052,card_6332_2b84ece759,2026-05-22
U003053,card_3504_0caad46345,2025-10-15
U003054,upi_7v2fj9g3b5@ybl,2026-06-29
U003055,card_6264_ef802f2166,2026-08-03
U003056,upi_vqvzchfenj@oksbi,2026-04-04
U003057,card_3103_a57e798604,2026-06-26
U003058,upi_ro7w0c2agc@oksbi,2026-04-28
U003059,card_4039_85c5f4c82a,2026-05-23
U003060,card_5992_32bb5a4e6f,2026-05-15
U003061,card_5293_df1077286d,2026-08-19
U003062,card_2771_9d67a80e52,2025-12-23
U003063,card_4755_c0e145aa22,2026-03-09
U003064,upi_ef5whreshh@okhdfcbank,2026-02-20
U003065,card_1675_2a42344e0c,2025-10-27
U003066,card_2515_e0d60d8cd6,2026-02-09
U003067,upi_y4knbj4pkk@okaxis,2026-02-11
U003068,upi_h3imszaijo@paytm,2026-03-30
U003069,card_7616_b48388ec65,2026-08-03
U003070,card_5891_65c64f4dd8,2026-07-29
U003071,card_3312_8c41d41e83,2025-11-06
U003072,upi_ugz8kf8aer@paytm,2026-04-19
U003073,upi_zinhraeqvk@okicici,2026-06-27
U003074,upi_4jlefg7vjd@okhdfcbank,2026-07-26
U003075,upi_7evw3rdsef@paytm,2026-07-13
U003076,upi_hiuyfjfpfs@ybl,2026-01-22
U003077,card_0530_17ebf341bf,2026-03-25
U003078,card_4963_13b0650bec,2025-09-18
U003079,upi_nb7uuf22nb@okhdfcbank,2026-05-29
U003080,card_6087_1d2225b547,2025-11-09
U003081,upi_xqysyde2ww@okhdfcbank,2025-10-27
U003082,card_7684_5ba947af4a,2026-07-03
U003083,card_2839_559911b3d9,2026-02-20
U003084,upi_gl13fh42zn@okicici,2026-06-05
U003085,card_4383_0f1d8ccb92,2026-04-11
U003086,card_6215_ad883061a7,2026-05-25
U003087,upi_d52pjh3cdc@ybl,2026-04-22
U003088,upi_5gi6keuo6z@okhdfcbank,2026-02-14
U003089,card_1914_cbd8e67cf2,2026-01-08
U003090,upi_mcrqcdoe6w@paytm,2026-05-09
U003091,card_0606_e7b002ac4e,2026-06-22
U003092,card_6337_aab21cdbcc,2026-03-12
U003093,card_6322_cb3fa2a5a7,2025-10-09
U003094,card_9479_832a814af8,2026-05-08
U003095,card_3652_e042c13141,2025-09-16
U003096,upi_wstni9azyz@oksbi,2026-05-14
U003097,card_9999_59292969f4,2026-02-03
U003098,upi_7c6qgctkqn@okaxis,2026-02-14
U003099,card_9698_08b9a55cf1,2025-10-01
U003100,card_3626_b47a88978d,2026-05-19
U003101,card_0307_f79c1ea722,2026-03-10
U003102,upi_tq5ny4tivc@ybl,2026-03-17
U003103,upi_4cgxloepzk@ybl,2025-09-12
U003104,card_5283_25957cf048,2026-07-23
U003105,card_2551_dabccc7b3a,2026-06-30
U003106,upi_h2e9ixoxjv@ybl,2025-09-17
U003107,upi_j3rpe19ug9@oksbi,2026-01-01
U003108,card_3311_f55f34e118,2025-10-08
U003109,upi_6mig74ve0w@oksbi,2025-09-30
U003110,upi_o5ldh4vat8@oksbi,2026-08-05
U003111,upi_sfma1iwxnz@okhdfcbank,2025-09-18
U003112,upi_n0256c2ubo@ybl,2025-09-10
U003113,upi_gb2b7pxfga@okicici,2026-06-27
U003114,upi_wjvkh2mlh4@okaxis,2025-11-20
U003115,upi_p6ejjwpd9g@ybl,2026-03-20
U003116,card_7610_8301759452,2025-12-02
U003117,upi_2tth9dowck@paytm,2026-02-09
U003118,upi_i92mh7xzo3@okicici,2026-08-22
U003119,card_5924_771034ff8d,2026-05-26
U003120,upi_165vos99cg@paytm,2026-04-30
U003121,card_5373_030ef54872,2025-09-21
U003122,upi_b69ba2rh7u@okhdfcbank,2026-06-20
U003123,upi_0bticzkt4i@oksbi,2025-12-13
U003124,card_5965_2080a34862,2026-05-27
U003125,card_3941_7f0bee8334,2025-12-09
U003126,card_0726_c28b5b924a,2026-04-11
U003127,upi_olbl62ztlk@okicici,2026-04-16
U003128,upi_c5khfixden@oksbi,2026-07-21
U003129,card_5188_e586ed6dc3,2026-05-16
U003130,upi_e4bcunpd5f@okaxis,2026-05-31
U003131,upi_96jm6elsot@oksbi,2026-04-20
U003132,upi_6gb05elux0@okicici,2026-04-21
U003133,upi_a65xi6xboc@ybl,2025-12-03
U003134,card_0732_ac5017d52f,2026-02-27
U003135,upi_s78xvx7fh5@okaxis,2026-06-03
U003136,card_0594_ad4e1075bc,2026-02-13
U003137,card_6492_9edf6474e7,2025-09-25
U003138,upi_klmqp3s96r@paytm,2026-01-11
U003139,upi_44n1or1gad@oksbi,2026-02-08
U003140,card_5601_bf74fd490e,2025-09-04
U003141,upi_inlczixgfq@oksbi,2026-06-03
U003142,upi_fc3aj2bn4j@paytm,2025-11-03
U003143,card_9302_d00a4feeae,2025-10-18
U003144,card_5969_20de35337c,2025-10-18
U003145,card_9641_aa32a02d34,2025-10-03
U003146,upi_8ferxh8z9a@oksbi,2026-06-25
U003147,upi_3pfqv2s28m@paytm,2026-06-24
U003148,upi_rxt4gdas7m@ybl,2025-10-11
U003149,upi_71reqgpkob@okhdfcbank,2026-07-17
U003150,upi_1js1rn6zo3@ybl,2026-02-22
U003151,card_7137_1a24411e11,2025-12-29
U003152,upi_3fm4kxshmi@ybl,2026-02-16
U003153,upi_y4kuv6jd2u@oksbi,2025-12-13
U003154,upi_l3a0lsk6i1@paytm,2026-07-20
U003155,upi_7gso1a40i9@okicici,2026-07-26
U003156,card_0204_186cb78ec3,2025-09-23
U003157,upi_g71urb6ip3@okaxis,2026-03-03
U003158,card_6969_9112c4e868,2026-05-20
U003159,upi_zxgbbeu57e@oksbi,2026-02-14
U003160,card_5162_96006ec310,2026-02-15
U003161,upi_cu8er89rmi@paytm,2025-10-18
U003162,upi_h7xkjknns8@ybl,2026-06-06
U003163,upi_7rkyblyk12@paytm,2025-11-07
U003164,card_0230_911de931bd,2026-05-24
U003165,upi_2w8xf3141n@oksbi,2025-09-04
U003166,card_5094_079b05ec9f,2026-06-29
U003167,card_4693_e4e5a4d1c1,2026-01-03
U003168,upi_m0ow8ih8k5@paytm,2025-10-10
U003169,card_5958_6bfb262cc6,2026-02-27
U003170,card_2886_7ae52f0212,2025-09-25
U003171,card_4011_ea9e6d5166,2026-05-06
U003172,card_0386_332c7f3946,2026-08-08
U003173,card_2206_755a31b1ee,2025-09-26
U003174,upi_dhds7hj4gc@ybl,2025-12-25
U003175,card_8196_4e0c2c37d7,2025-11-07
U003176,upi_1k2ci3430l@okaxis,2026-01-27
U003177,upi_epy2qv4dnu@oksbi,2026-02-08
U003178,upi_tyc0p327w8@okicici,2026-05-16
U003179,card_3123_7326dac439,2026-07-09
U003180,upi_nfe20ee3iv@okhdfcbank,2025-12-12
U003181,card_4003_676e58b3ce,2025-10-25
U003182,upi_jmd7c29rn6@ybl,2026-08-15
U003183,upi_k2bjsy2nbe@paytm,2026-02-28
U003184,card_0206_bf2674213a,2026-05-18
U003185,upi_gzncdz64gr@ybl,2026-01-26
U003186,card_3154_6e0212e3ed,2026-01-17
U003187,card_7150_da30787120,2026-03-11
U003188,upi_nrsymjb7cd@okhdfcbank,2025-11-07
U003189,upi_3nhlkz1cr0@paytm,2026-05-23
U003190,upi_ayx48zr4fz@ybl,2025-09-28
U003191,upi_14gbd292wr@paytm,2026-07-07
U003192,card_2313_eede164a63,2025-11-05
U003193,card_6758_1c51a24f53,2026-01-19
U003194,card_5146_0c7c343a2b,2025-09-12
U003195,card_1113_bb24c92d41,2026-03-05
U003196,upi_et1qtbw7h3@oksbi,2026-07-01
U003197,card_4207_799d75a8b7,2025-10-06
U003198,upi_oan8vepwq2@oksbi,2026-05-16
U003199,upi_c50uoa6nac@okicici,2025-11-19
U003200,upi_aedaftrcr2@okaxis,2025-09-12
U003201,upi_iy515hnjde@okhdfcbank,2025-10-10
U003202,card_1444_9fed9812ef,2026-07-03
U003203,card_9276_a79f874605,2025-12-11
U003204,upi_pvg5nzip33@okicici,2026-03-05
U003205,card_7759_20e7811d2a,2026-05-31
U003206,card_6110_78b477f0a3,2026-04-07
U003207,card_0323_5970fc4134,2026-03-27
U003208,card_1145_60851c4453,2026-07-10
U003209,upi_wc7jn0lph8@paytm,2025-11-16
U003210,card_7118_45f0b44591,2025-12-21
U003211,card_0827_ab5c904b99,2026-01-15
U003212,card_3313_fd0b0b0f11,2025-12-28
U003213,upi_8q7xvi2ii4@oksbi,2026-01-26
U003214,upi_jngm8ugeoe@okaxis,2025-10-15
U003215,upi_urcd2zzpju@oksbi,2026-01-20
U003216,card_4629_49cfdaa410,2026-08-12
U003217,card_1415_1f6fa52820,2025-09-25
U003218,card_8278_476885556f,2026-04-08
U003219,upi_bqypcyal8x@okicici,2025-12-21
U003220,card_0389_3631126d78,2026-03-23
U003221,card_8778_eb04d853fc,2026-03-20
U003222,upi_vy6n2ic61f@okicici,2025-12-03
U003223,upi_avusxvepk4@paytm,2026-07-29
U003224,card_6673_be817b18ab,2026-07-09
U003225,card_5045_d28ebcaf09,2026-01-02
U003226,card_1989_c08ca2fc77,2025-10-02
U003227,upi_24z1womr6u@ybl,2025-11-07
U003228,upi_tveh37oc06@paytm,2025-12-17
U003229,upi_s3g9gtf5du@okhdfcbank,2026-01-17
U003230,card_7399_b9ead76544,2026-01-02
U003231,card_0606_af742a8014,2026-02-26
U003232,card_7758_962263a7a0,2025-09-04
U003233,card_6950_5c7e683215,2026-07-08
U003234,card_8753_c29b7c653b,2026-08-04
U003235,upi_h0tbqre9l8@okaxis,2025-10-19
U003236,upi_ukqnfphk4p@ybl,2026-05-03
U003237,upi_xxux3jq1bq@okhdfcbank,2026-04-06
U003238,upi_5qidsyyp8a@oksbi,2025-11-20
U003239,card_8534_9d75f6575c,2026-05-20
U003240,card_0374_97625402e7,2026-02-27
U003241,upi_hcmx4z1nq8@ybl,2025-10-24
U003242,upi_iyco5byx5p@okhdfcbank,2025-10-09
U003243,upi_rwmgfz4rez@ybl,2026-01-02
U003244,upi_ejiretz1hi@ybl,2025-10-08
U003245,card_5581_6ef675d46f,2026-04-17
U003246,card_8849_45f08ab326,2026-05-08
U003247,card_8366_6002efa81d,2026-02-25
U003248,upi_nkt6i5mdkf@okhdfcbank,2026-07-26
U003249,upi_pdgcsd3ivh@okhdfcbank,2026-01-03
U003250,upi_x0v65s6ipa@ybl,2026-05-20
U003251,upi_qpx9pahxxh@ybl,2026-07-12
U003252,card_7618_da122e37aa,2025-09-07
U003253,upi_13yco4nhz0@oksbi,2026-02-10
U003254,upi_0eslugnvve@paytm,2025-12-21
U003255,card_2425_60cd52cd1f,2026-04-23
U003256,upi_sa36wy0vo2@okicici,2026-05-06
U003257,upi_3g3s7cmj4q@okhdfcbank,2026-02-13
U003258,card_4282_a5ade88863,2026-08-07
U003259,upi_nfsg2lrwb3@paytm,2025-09-06
U003260,card_6265_7cc2106fe6,2025-10-27
U003261,upi_vfcfsazf4a@okhdfcbank,2025-10-21
U003262,upi_iw4r9wag52@okicici,2026-03-18
U003263,upi_sttf6vel1e@okhdfcbank,2025-11-23
U003264,upi_a6z0lzwf4i@oksbi,2026-01-20
U003265,card_6656_6006cc6aae,2026-06-15
U003266,upi_q2ne2fa0m6@oksbi,2026-01-11
U003267,card_5379_0bca6af2e1,2026-07-25
U003268,card_5720_711461a4f3,2026-07-11
U003269,card_6988_b2c6be8ed2,2025-09-30
U003270,upi_47ezuua382@paytm,2025-12-24
U003271,upi_3frv3hekx4@okhdfcbank,2026-02-25
U003272,upi_8zmwmtvwyp@ybl,2025-11-16
U003273,card_8471_c068bd58ff,2026-04-27
U003274,card_4862_f6414a076b,2026-02-20
U003275,card_1669_b438004964,2025-11-04
U003276,upi_jarnoxjclz@okaxis,2026-06-12
U003277,upi_vnmbghi2wc@okicici,2026-05-24
U003278,card_7416_af5aa157db,2026-07-29
U003279,upi_at32f5j6uu@okicici,2026-07-24
U003280,upi_ufdfv9n0xx@ybl,2026-06-23
U003281,card_9058_7dda4cdfef,2026-04-30
U003282,upi_kw8kqo9b2q@okaxis,2025-09-17
U003283,upi_vj1z64moe6@okicici,2026-07-19
U003284,upi_sw26m9co4p@okaxis,2025-10-21
U003285,card_3452_80b4a2358e,2026-04-04
U003286,upi_x8jcstouys@okicici,2026-08-22
U003287,upi_kjbag977mh@okicici,2026-07-13
U003288,card_4003_328d8e2f58,2025-12-09
U003289,upi_iqgyacwda6@okaxis,2025-10-14
U003290,upi_ci1g5s97x7@ybl,2025-10-07
U003291,upi_zhtt5aohf3@ybl,2026-07-19
U003292,card_0144_551751b951,2026-07-13
U003293,upi_mpf6zsoze7@oksbi,2026-08-15
U003294,upi_3l3y0co7wi@paytm,2025-11-05
U003295,upi_nmt6lr6ual@paytm,2026-08-11
U003296,upi_ze309mxybk@ybl,2026-06-20
U003297,upi_gw6otemi9b@okhdfcbank,2026-05-08
U003298,upi_s1h847y09r@okhdfcbank,2025-10-31
U003299,upi_vlb6oq1apv@oksbi,2026-07-15
U003300,upi_xa0oj3s5p6@okaxis,2025-10-01
U003301,upi_n93gk0cnw0@okhdfcbank,2026-04-17
U003302,upi_zm0b9ad3v7@okhdfcbank,2026-07-18
U003303,upi_su86jlsz72@paytm,2026-01-20
U003304,card_7277_1d1440d33b,2025-11-04
U003305,upi_jyvbj8tf6t@okaxis,2026-07-14
U003306,upi_lwsj4z63x2@ybl,2025-09-09
U003307,card_3484_eb3232b1d0,2025-09-27
U003308,upi_02pk886262@paytm,2026-02-08
U003309,upi_ncxb6girz1@okaxis,2026-04-07
U003310,upi_0avhr9v18w@okaxis,2026-07-11
U003311,upi_8nny0htkfs@ybl,2026-03-16
U003312,card_1994_eb5f3ae6ba,2025-11-18
U003313,upi_rqoarwce3h@okaxis,2026-07-15
U003314,upi_6azkrmgzyy@oksbi,2026-04-27
U003315,card_3586_2cacc0c9ae,2025-10-01
U003316,upi_dzt5ihua08@paytm,2026-04-03
U003317,upi_pq3ay2wj2z@okicici,2026-01-15
U003318,upi_s3l3dbyxsz@okicici,2025-09-06
U003319,upi_67k94r4124@okicici,2026-04-07
U003320,upi_oh8ydwg912@okhdfcbank,2026-01-08
U003321,upi_jjolzh0i4v@ybl,2026-03-30
U003322,upi_7jn54spce0@oksbi,2026-06-08
U003323,upi_lrrrqvy2lz@okaxis,2026-07-21
U003324,upi_oc5dcjrxpd@okicici,2026-03-17
U003325,upi_obmd2rm76q@okhdfcbank,2026-01-01
U003326,upi_qmvm02t2i7@okhdfcbank,2025-09-08
U003327,upi_4p38un1ov0@okhdfcbank,2026-02-07
U003328,card_3448_00625a757f,2025-12-14
U003329,upi_0cpkhpb46h@okicici,2025-12-19
U003330,upi_2z844wip85@okicici,2026-07-11
U003331,card_2518_cc580186d2,2026-02-27
U003332,upi_zfmobtjvxb@paytm,2026-01-02
U003333,upi_96ux10evdf@ybl,2025-11-12
U003334,upi_l4d6t4roqs@okhdfcbank,2026-04-08
U003335,upi_khpy59zjo9@oksbi,2026-02-24
U003336,upi_c558fevne8@oksbi,2025-09-05
U003337,upi_roh9lzuik4@paytm,2026-04-14
U003338,card_7196_e332b86256,2026-01-31
U003339,card_4551_7f8d5b06c4,2026-01-27
U003340,upi_o6pklhrdkx@oksbi,2026-05-02
U003341,upi_jhpgoajjbp@okicici,2025-11-12
U003342,card_5370_e135b0d01d,2026-01-09
U003343,card_5579_39b82709d1,2025-09-28
U003344,card_0583_7f9a2661c4,2026-04-09
U003345,card_5859_da393ac27f,2025-12-24
U003346,upi_i068g0957g@oksbi,2026-06-05
U003347,upi_wblufbo4nw@paytm,2026-06-02
U003348,upi_g2171xigj4@okicici,2026-05-08
U003349,upi_5ji3n503no@paytm,2025-09-14
U003350,upi_f4ifth78e9@okaxis,2025-12-09
U003351,upi_z1ptqebuj3@okaxis,2026-06-14
U003352,upi_txp5m0qu6s@oksbi,2026-02-06
U003353,upi_lgz3nog621@oksbi,2026-07-17
U003354,card_9414_897b9ec565,2025-09-06
U003355,upi_6nmu1gxsf6@okhdfcbank,2025-09-07
U003356,upi_2heo4dizym@oksbi,2025-10-17
U003357,card_5584_dea9e0216d,2026-07-07
U003358,upi_vgxlgukzax@okhdfcbank,2026-07-01
U003359,upi_expcoft90k@okaxis,2025-09-11
U003360,upi_q4t6rz8xr5@oksbi,2026-06-14
U003361,upi_ubwpbiw8yy@ybl,2025-09-27
U003362,upi_va214vxqfm@paytm,2026-08-12
U003363,card_4441_91c46a3690,2025-12-22
U003364,card_7946_8c79aa1ec9,2026-02-21
U003365,card_1129_b2f794156b,2025-09-16
U003366,card_0270_19f40a1706,2026-07-15
U003367,upi_bybu2wej4o@oksbi,2025-11-30
U003368,upi_soy6nydf29@paytm,2026-02-13
U003369,upi_kjnoluvjrr@paytm,2026-07-30
U003370,card_1767_d1c3dd7b46,2026-08-11
U003371,card_0014_28d89493a4,2026-04-06
U003372,upi_7m2mhv297u@oksbi,2026-04-01
U003373,upi_pxgdyzluni@okhdfcbank,2025-10-05
U003374,upi_n8lh3s1zqz@okhdfcbank,2025-09-24
U003375,card_9708_b1dd5da5d0,2026-08-21
U003376,upi_xdb6x15vjx@ybl,2025-09-25
U003377,card_1366_d19cf9898a,2026-03-01
U003378,upi_56sxz8qtu8@oksbi,2025-09-20
U003379,card_9785_946e447f44,2026-04-15
U003380,card_5505_e2855d5380,2026-04-08
U003381,card_0302_bbd264c0ab,2026-06-10
U003382,card_1689_fef758d01e,2026-05-18
U003383,upi_x43ajhfcv9@okaxis,2026-06-05
U003384,upi_0s8esgttws@oksbi,2026-08-11
U003385,upi_2dv8ghxdz3@oksbi,2026-04-07
U003386,card_3180_3ff6fac08e,2026-04-26
U003387,card_2990_5d9b875dd5,2025-11-14
U003388,card_4997_4b41f56682,2026-08-07
U003389,upi_egnhjq5rf6@ybl,2025-12-19
U003390,card_4592_b39ea43ef8,2026-02-09
U003391,upi_5kxi6dezy9@okaxis,2026-02-19
U003392,upi_9yf198rpj6@okaxis,2025-10-06
U003393,upi_mzz95zxn9c@okhdfcbank,2025-11-24
U003394,card_8423_c81d1f35c7,2026-01-31
U003395,upi_fn2uo6xwuz@okicici,2025-09-10
U003396,upi_qrvagosac4@okicici,2026-03-07
U003397,upi_00xwv7ubg3@okicici,2026-03-07
U003398,card_3087_e5f81e19d9,2026-03-31
U003399,card_6404_ae01083a55,2025-11-16
U003400,upi_cmagd1bi2i@okaxis,2026-05-28
U003401,upi_16auslfh4k@ybl,2025-12-25
U003402,upi_p0p9kgrq0o@okicici,2025-11-27
U003403,card_4879_b586a2f227,2025-12-29
U003404,card_3306_dd3c6ca306,2026-06-26
U003405,card_6956_07a7efe306,2025-10-31
U003406,card_4923_90031671a4,2026-05-30
U003407,card_0200_2083b2a7fa,2026-05-13
U003408,upi_2xlq7wob24@paytm,2026-05-09
U003409,upi_0euc84ryat@paytm,2026-06-19
U003410,upi_8jp4auntxz@ybl,2025-11-05
U003411,card_6006_e67ea3a9ab,2025-11-03
U003412,upi_a9h4319o7c@okicici,2026-03-09
U003413,upi_ys6d1h8tc1@oksbi,2025-10-24
U003414,upi_ldasjpsqxz@okaxis,2025-10-11
U003415,upi_7ccukl9rrh@paytm,2026-04-14
U003416,upi_7gi0jzhgnh@oksbi,2026-05-21
U003417,upi_3cbfp2v16a@okaxis,2026-05-18
U003418,upi_vqidmvxicn@okaxis,2025-12-30
U003419,upi_w168cw03v8@paytm,2026-02-14
U003420,upi_t1zw3njgzx@ybl,2025-10-06
U003421,upi_njacerjew1@okicici,2026-03-06
U003422,card_7193_5147796ced,2026-08-09
U003423,card_9318_042e415072,2025-11-23
U003424,card_8912_67c6e6fdd1,2026-01-02
U003425,card_1001_f207c0c929,2025-09-20
U003426,card_0830_803b31db5b,2026-02-21
U003427,upi_gk22zd4olp@oksbi,2026-04-27
U003428,card_0210_8a204672cc,2025-12-31
U003429,upi_lm29ybh5wc@okaxis,2026-03-10
U003430,card_3762_d9cb9636f9,2025-10-01
U003431,upi_l1ksvxxdt5@paytm,2026-03-09
U003432,card_2029_fc8bb01adc,2026-08-20
U003433,upi_m1bhr5uwt0@paytm,2026-06-04
U003434,card_0166_95c244f620,2025-10-16
U003435,card_6430_8820dc316c,2025-11-02
U003436,upi_4qu1ieo5nf@ybl,2025-10-23
U003437,card_8107_84d4dc0eb6,2025-11-13
U003438,card_4833_1c24de570b,2026-02-15
U003439,upi_d0nb9rkmxg@paytm,2026-04-17
U003440,upi_x7cd2rhjma@okhdfcbank,2026-07-03
U003441,upi_1bdhb7q2t5@okicici,2026-05-15
U003442,card_3486_9bc4ddda4f,2026-02-17
U003443,upi_5e3grvn65x@okhdfcbank,2026-04-05
U003444,upi_q8yrvnwawm@okaxis,2025-09-13
U003445,upi_8408ci7iux@paytm,2025-12-18
U003446,upi_df3saac1zz@ybl,2026-07-07
U003447,upi_z0zrgq7bdu@oksbi,2026-05-24
U003448,upi_0n8mshqo0s@okaxis,2026-04-08
U003449,upi_5kjew1054a@paytm,2025-12-03
U003450,upi_yp31qhsr2i@okaxis,2026-06-17
U003451,upi_i90dri9mw8@okhdfcbank,2026-08-15
U003452,upi_646lddquwf@ybl,2025-09-22
U003453,upi_dh2xxpbhgt@ybl,2025-10-27
U003454,card_3140_78c34da833,2026-03-02
U003455,upi_hb4vlmlg6h@oksbi,2025-09-14
U003456,upi_kx835n91k9@okhdfcbank,2025-10-17
U003457,card_3230_1cc025e83a,2025-12-17
U003458,upi_k7z3inn78r@ybl,2025-11-03
U003459,upi_0d9w32hl4b@paytm,2026-07-12
U003460,card_9577_958ab248a7,2025-11-21
U003461,card_0337_44ccc6e5e4,2025-11-02
U003462,card_1150_39ecf7a11d,2026-08-15
U003463,upi_6mxpxw2lgl@okaxis,2025-09-01
U003464,card_0297_9a5be66080,2026-02-22
U003465,upi_v78j665w29@oksbi,2026-07-18
U003466,card_5281_d165b7d5f0,2025-10-02
U003467,upi_g9l2i14ezr@okhdfcbank,2026-07-02
U003468,upi_88c0mdsu75@okhdfcbank,2025-12-28
U003469,upi_s5d4yrgg4d@oksbi,2025-09-25
U003470,upi_w2byb2a2nz@oksbi,2026-06-17
U003471,card_2307_2afa1bb47c,2026-08-11
U003472,card_3615_8c1f2db7f6,2026-01-01
U003473,card_2808_08a92a323c,2026-06-06
U003474,upi_9f2ifehc56@okaxis,2025-09-09
U003475,upi_e7tjsenvyr@oksbi,2025-09-11
U003476,upi_xhiab2d201@okhdfcbank,2025-10-08
U003477,card_3237_60a2e04045,2026-06-27
U003478,upi_asxce4x6q2@oksbi,2025-12-10
U003479,upi_l83z8fezpv@okicici,2025-11-07
U003480,card_4473_d3aa783b18,2025-10-03
U003481,card_2470_50d7bf204a,2026-01-20
U003482,upi_y4pzild9c8@paytm,2026-02-07
U003483,upi_3ws2nyrzlf@oksbi,2026-06-01
U003484,card_7855_71392d8db0,2026-01-28
U003485,upi_dgwekvofkc@okhdfcbank,2026-01-25
U003486,card_0447_d655d8480b,2025-11-29
U003487,upi_208on7yzms@okicici,2025-10-26
U003488,upi_8vx5yabdu1@okaxis,2026-05-14
U003489,card_2044_6b4588bede,2026-07-29
U003490,upi_lvs7y60lq5@ybl,2026-05-20
U003491,card_4319_c90d27b2cb,2026-03-16
U003492,upi_jn7xmoy9hu@oksbi,2026-08-25
U003493,upi_81xk00jzaf@oksbi,2025-12-01
U003494,upi_pgfokwfwze@oksbi,2026-07-23
U003495,upi_l2pfi9xsp6@ybl,2025-12-17
U003496,upi_ehmqby4psd@ybl,2026-07-09
U003497,upi_o29f79qd12@okaxis,2026-08-10
U003498,card_8337_f5f8a0cd48,2025-11-16
U003499,upi_39b5ly6eir@okicici,2026-08-08
U003500,upi_xvd7j8c2wb@oksbi,2026-03-09
U003501,upi_bgtbk8yscs@okaxis,2025-09-18
U003502,upi_9x3a4g1z3v@paytm,2026-02-11
U003503,upi_0u2x0x5xd6@okaxis,2026-05-04
U003504,upi_ppl0ds1bac@okaxis,2026-08-25
U003505,upi_lldjdrjba4@oksbi,2026-04-02
U003506,upi_x5q6k3la85@oksbi,2025-09-24
U003507,upi_nwpxogf99c@okaxis,2025-12-12
U003508,card_9794_c725af3210,2026-07-17
U003509,upi_href49y0ni@paytm,2026-02-12
U003510,upi_jddqzyu86k@paytm,2026-03-04
U003511,upi_9nj0x1ohnu@oksbi,2025-09-13
U003512,upi_itblf3ojo2@okaxis,2025-11-14
U003513,card_4062_bdb890f1f6,2026-06-25
U003514,upi_se06z7w8ol@okicici,2026-03-17
U003515,upi_umgr5tky9n@okicici,2025-10-12
U003516,upi_lwp51l16dh@okaxis,2026-04-05
U003517,upi_rxtbqcmhom@paytm,2025-11-30
U003518,card_9976_7eaf61fbd5,2025-10-30
U003519,upi_hdw4sbbfke@okhdfcbank,2026-04-05
U003520,card_5811_22d62c0972,2026-05-30
U003521,card_8128_ad37c45869,2026-07-22
U003522,card_0000_230a7fbb12,2025-10-28
U003523,upi_fnuwec1ki5@ybl,2026-03-05
U003524,card_9076_ad6dd30229,2026-07-04
U003525,card_0478_f5fe9320e6,2026-03-28
U003526,upi_i17sw9morx@ybl,2025-10-21
U003527,card_7231_6e002e12c8,2026-05-27
U003528,upi_87yzir742c@ybl,2025-09-13
U003529,upi_acpbj3b4wb@okicici,2026-05-25
U003530,card_9454_acc0f66fa9,2026-05-04
U003531,upi_02lms125wz@okaxis,2026-01-07
U003532,upi_8y33ir52hn@ybl,2025-12-19
U003533,card_6805_992fbeac3e,2026-01-01
U003534,upi_vbjq7kjk59@paytm,2026-02-07
U003535,upi_jri9fzf4ol@okhdfcbank,2025-10-23
U003536,card_2639_76f2226285,2026-01-06
U003537,upi_efldkfzso2@okicici,2026-03-22
U003538,upi_c2bt6g5262@okhdfcbank,2026-07-08
U003539,card_8061_05adc22be7,2026-04-15
U003540,upi_xwbngiuhd2@okhdfcbank,2026-02-10
U003541,card_2467_35b2d4b18b,2026-06-15
U003542,card_0320_c6e96f1ead,2026-01-28
U003543,upi_7yy0m0f65f@okicici,2025-11-27
U003544,card_3716_af5d645227,2026-08-03
U003545,upi_ttkswq8km1@okicici,2025-09-24
U003546,upi_keie72zlpy@okhdfcbank,2026-02-02
U003547,card_2096_0ba2110335,2026-04-28
U003548,upi_e9yj9uv02z@okicici,2025-11-04
U003549,card_8196_76175a4d0c,2025-10-09
U003550,upi_ds8hkizzct@oksbi,2026-01-12
U003551,upi_5tl5ctmk22@paytm,2026-07-13
U003552,upi_l3jv1q5rj9@oksbi,2026-07-26
U003553,card_7576_a71b848f28,2025-10-09
U003554,card_0440_4b8fa45a1d,2025-11-17
U003555,upi_ubn0teh853@okicici,2025-12-10
U003556,upi_hikp40t7c3@okhdfcbank,2026-02-22
U003557,upi_cr0jbagn2s@okaxis,2026-01-20
U003558,upi_k01or1zvnd@paytm,2025-12-25
U003559,upi_7jvykc04wp@ybl,2025-11-08
U003560,upi_zhisavg96i@okaxis,2026-06-22
U003561,upi_dgf61a7uth@ybl,2025-10-14
U003562,upi_q909i4c603@okaxis,2026-03-05
U003563,upi_ln9m6qnloj@okicici,2026-04-08
U003564,upi_0qto06hnj3@okhdfcbank,2026-07-16
U003565,card_6264_7ad31d3240,2025-09-14
U003566,card_3653_a6c60dc73b,2026-08-25
U003567,upi_0bmgc4klsk@okhdfcbank,2026-05-25
U003568,upi_r2cvpvodq2@okhdfcbank,2025-10-23
U003569,card_8448_34002ab01c,2026-01-10
U003570,card_3245_0aa8600fbd,2025-09-02
U003571,upi_7hed26n98f@paytm,2026-04-09
U003572,card_1138_e6b1c8d423,2026-08-21
U003573,upi_bxskkw0o8n@okhdfcbank,2026-06-12
U003574,card_7962_84ba81d9f8,2025-09-30
U003575,upi_xly3jveswb@okaxis,2026-04-12
U003576,upi_twzuiahrvd@oksbi,2026-08-18
U003577,card_0438_f8858960bc,2026-02-18
U003578,card_1952_7e96172fc7,2026-05-10
U003579,card_7483_70de2a69f2,2026-03-17
U003580,upi_6bqbw5956e@okhdfcbank,2026-03-14
U003581,upi_uzoiudjghe@oksbi,2025-10-19
U003582,upi_gcxa2v827s@okhdfcbank,2025-09-26
U003583,upi_z4hkbgvxqb@okicici,2025-09-01
U003584,upi_5i485wosoy@okaxis,2026-03-19
U003585,upi_42w07s2hs1@paytm,2025-12-15
U003586,upi_a917hwq25n@ybl,2026-01-19
U003587,upi_1rk1asj6ui@paytm,2026-02-28
U003588,upi_v13pcm12ls@paytm,2025-09-07
U003589,upi_zp0952yasx@oksbi,2026-04-04
U003590,upi_neal7kzol0@okaxis,2026-03-07
U003591,upi_8vhkjx4chd@ybl,2026-08-22
U003592,upi_m1yaa8aauk@okaxis,2026-07-05
U003593,upi_z7o1024jz1@paytm,2026-05-18
U003594,card_3344_57249a0790,2026-05-03
U003595,card_9613_f6905dddb1,2025-12-06
U003596,upi_xx20badpl3@okhdfcbank,2026-01-01
U003597,card_1382_68db1891bb,2026-02-07
U003598,upi_fte5bjas13@paytm,2026-03-06
U003599,upi_he0zprqphl@paytm,2026-08-25
U003600,card_3630_88199412bb,2026-08-22
U003601,card_2171_f8d17d31f2,2026-08-04
U003602,card_9838_b6883825ed,2026-05-10
U003603,card_5971_0e364d19e4,2026-07-31
U003604,upi_nuamfgce32@oksbi,2025-10-31
U003605,card_0938_72faa36509,2026-04-25
U003606,card_3027_b3593efe8c,2026-03-06
U003607,upi_irrrr814lr@ybl,2026-05-27
U003608,card_9772_90f1722df1,2026-06-30
U003609,upi_969u5pncqy@okicici,2025-12-22
U003610,upi_hjnba1tnx1@oksbi,2025-12-26
U003611,upi_wm2qkdrlvj@okaxis,2026-07-23
U003612,upi_kxxnt1g1mf@ybl,2026-06-19
U003613,card_2456_36b7a75e29,2026-06-29
U003614,card_4055_fae1ca9fca,2026-01-12
U003615,upi_fu90n7428f@okicici,2026-07-11
U003616,upi_ctt4ei8uqw@okaxis,2025-09-17
U003617,upi_07p2jhqv9p@okaxis,2026-04-07
U003618,upi_wir4m8h8uz@okicici,2025-10-03
U003619,upi_e36u3ey6r0@ybl,2025-11-05
U003620,upi_pz4j28acw5@ybl,2025-11-03
U003621,upi_d2064r9lkz@okicici,2025-09-20
U003622,upi_v6iye1g74y@oksbi,2026-02-04
U003623,upi_6i3nko7rlw@paytm,2025-09-01
U003624,card_0488_a188b03f9d,2025-10-14
U003625,card_3788_346b5c2c3e,2025-12-30
U003626,upi_gt7y7tt67m@okhdfcbank,2025-11-01
U003627,card_3263_65e02c09b4,2025-12-09
U003628,card_4911_b228e785b3,2026-05-22
U003629,upi_0w14d6wjm4@paytm,2026-06-19
U003630,upi_q1hy6d6j1c@okaxis,2026-02-20
U003631,card_2126_68ef17158d,2026-04-11
U003632,card_0863_641019c755,2026-04-12
U003633,upi_7r6isma6l8@oksbi,2026-04-25
U003634,card_8060_f5d0086cf1,2026-08-03
U003635,upi_ju9az0133y@okicici,2025-10-16
U003636,upi_gxwsghkgnv@ybl,2025-12-10
U003637,card_3434_adaf196814,2026-03-21
U003638,card_9142_a338e95860,2026-07-15
U003639,upi_w0f0vimvh2@paytm,2026-04-16
U003640,upi_5fqc2pq6z2@okicici,2025-12-22
U003641,upi_tpnchft4v4@ybl,2026-01-10
U003642,upi_cwbffbzqha@oksbi,2026-02-17
U003643,card_8434_f83829fe63,2026-06-01
U003644,card_3898_62d3a953d4,2026-07-14
U003645,card_7810_f34c182ddd,2025-11-01
U003646,card_6045_86dca8ce04,2026-08-10
U003647,card_9996_f9e809f9fb,2026-03-09
U003648,upi_z06prs5nwb@oksbi,2025-10-12
U003649,upi_gucmr73wiw@okaxis,2025-09-17
U003650,card_7413_92fb2e0e3b,2026-01-16
U003651,card_9732_482ee698b3,2026-07-16
U003652,card_0555_27d494f325,2025-09-30
U003653,card_2215_6e239936b7,2025-11-07
U003654,upi_f0bfy17jbt@okhdfcbank,2026-08-12
U003655,upi_pp2j6m50we@okaxis,2025-09-20
U003656,card_5828_56e0ee12f3,2025-09-22
U003657,card_1384_c3a724c6ca,2026-05-21
U003658,upi_x55wm3nev6@ybl,2026-05-05
U003659,card_6812_b6800f24de,2026-06-08
U003660,card_7684_79ff5edefe,2026-07-07
U003661,card_0844_376ca8f56b,2025-12-03
U003662,upi_i0zwmri97p@ybl,2025-10-12
U003663,card_7569_d4956bf742,2026-01-27
U003664,card_0048_105e62d7b2,2025-11-24
U003665,upi_0v041uo14r@okicici,2026-06-30
U003666,upi_kfbtkv4zsb@okaxis,2026-03-26
U003667,upi_47c636uxaf@oksbi,2026-02-17
U003668,upi_hab4ayk2hi@ybl,2026-01-20
U003669,card_9905_a807b91774,2026-01-15
U003670,card_2636_adf6754bf7,2025-12-09
U003671,card_0600_16335b36ef,2026-07-20
U003672,upi_uua7d7h9e3@oksbi,2025-09-30
U003673,upi_dnfqrdybdk@ybl,2025-09-27
U003674,card_4868_bbf1793cd5,2026-08-10
U003675,upi_xeqva5llfr@ybl,2025-12-26
U003676,upi_325ge1565t@paytm,2025-11-16
U003677,upi_gndj5t3iuj@oksbi,2025-09-04
U003678,upi_urtayefawj@ybl,2026-08-21
U003679,upi_mv858kgyw8@ybl,2025-10-19
U003680,card_5228_fe6208fbe2,2025-10-17
U003681,card_7730_d81249cc8f,2026-02-10
U003682,upi_ufg1cididd@paytm,2026-08-20
U003683,upi_ijdog7oggb@ybl,2026-08-01
U003684,card_5693_d9f6703f02,2026-02-16
U003685,upi_l6pudi1mwi@oksbi,2026-07-12
U003686,upi_rm914u6eky@okhdfcbank,2025-12-14
U003687,card_5422_bf18c84737,2026-05-04
U003688,card_8260_d680e0f78c,2026-01-09
U003689,card_9181_5239415520,2026-05-07
U003690,upi_5wmgo8cvnx@paytm,2026-01-07
U003691,card_3059_ea5685d708,2026-05-28
U003692,card_0272_a147d3032f,2025-10-13
U003693,upi_wjbncqnjhk@okaxis,2026-04-09
U003694,upi_geqpn0kedz@paytm,2026-04-21
U003695,card_6695_a678dc8d0b,2026-02-04
U003696,upi_gf1524bq4p@ybl,2025-10-19
U003697,card_3612_62e4a2844d,2026-03-06
U003698,upi_spr9bb4da7@ybl,2025-11-23
U003699,upi_gqergcchvw@okhdfcbank,2026-03-13
U003700,card_0585_dd424e4416,2026-07-25
U003701,card_5668_ae72addb03,2026-02-15
U003702,card_4219_032dfbe7ac,2026-03-20
U003703,card_6171_de1a75e04e,2025-10-18
U003704,upi_79pwgqvrdt@okhdfcbank,2026-02-05
U003705,card_7745_77da28f53c,2025-09-25
U003706,upi_ndhftjmyvc@okaxis,2026-06-16
U003707,upi_pzfl2notb9@ybl,2026-03-14
U003708,upi_970176wyxo@paytm,2026-03-27
U003709,upi_a9fwpuob5b@ybl,2025-09-30
U003710,upi_kvsfvpu11j@okhdfcbank,2026-06-24
U003711,upi_majpyjn0y5@ybl,2026-02-06
U003712,card_6682_9cc8a8ed09,2026-05-24
U003713,upi_w9i4mi8fa6@ybl,2025-12-04
U003714,card_8050_9cfbb7e9ee,2026-01-24
U003715,upi_t6l0x966j6@ybl,2026-02-10
U003716,upi_ik1t7e7y2t@oksbi,2025-11-20
U003717,card_4415_7e0da3686d,2026-05-18
U003718,card_6595_e0e7e3e274,2025-11-27
U003719,card_2077_b1c2485831,2026-04-19
U003720,upi_wwlgs8zb96@okaxis,2026-06-12
U003721,card_8733_4a923122c5,2026-07-02
U003722,upi_eulns59wax@paytm,2026-05-09
U003723,upi_a3olp8pz68@okicici,2025-12-12
U003724,card_8272_14cbed006f,2026-07-06
U003725,upi_p0o0x1xypc@okhdfcbank,2025-09-13
U003726,upi_400sk44cab@paytm,2026-08-20
U003727,upi_k0c29ndule@okicici,2026-06-05
U003728,card_6534_21dab7e057,2026-05-16
U003729,card_2448_d043b410eb,2025-11-27
U003730,upi_wy21x2rq3w@paytm,2026-01-29
U003731,card_3740_60ea5f6c1a,2025-12-11
U003732,card_1588_68861978be,2026-01-17
U003733,card_4216_7c337e14c6,2025-10-03
U003734,card_5519_cf0f946dbe,2026-06-27
U003735,upi_2but4hg933@oksbi,2025-10-03
U003736,upi_jj9dhh1tbb@okicici,2026-01-31
U003737,card_7164_c8aa6c2af1,2026-07-23
U003738,upi_yls7ueyxlr@oksbi,2026-06-27
U003739,upi_5l0xdhuh4u@ybl,2025-10-10
U003740,upi_chlhlje36a@oksbi,2026-08-06
U003741,card_5468_9bffe440bd,2026-04-14
U003742,upi_0y6h06h3eg@okhdfcbank,2026-03-31
U003743,upi_kag6ysi6k1@okicici,2026-07-25
U003744,upi_zsd3818mow@okhdfcbank,2026-07-02
U003745,upi_mjvd7x2lwm@ybl,2025-10-03
U003746,card_9983_4ea0a72d03,2026-04-12
U003747,card_9677_78838d9203,2026-03-13
U003748,upi_bsswpedyss@okhdfcbank,2026-06-05
U003749,upi_2wnfe7xkqt@okaxis,2026-05-05
U003750,upi_qm2iji0f8l@ybl,2026-06-01
U003751,upi_o5xkk9gzj5@okaxis,2025-11-03
U003752,upi_6mzhxkzbzc@oksbi,2025-10-11
U003753,card_1558_05f7d4b9ef,2026-01-13
U003754,card_1476_90ab950ca3,2025-11-27
U003755,upi_wpt6iujqha@okaxis,2026-08-08
U003756,card_0103_f251674ec0,2025-12-26
U003757,upi_d45lqzsyfd@paytm,2026-05-28
U003758,card_2670_98c5678bfd,2025-09-12
U003759,upi_kz3c6wkcjk@ybl,2026-05-17
U003760,upi_0j4cuhgy33@ybl,2026-04-10
U003761,card_2884_c072833f9d,2026-05-15
U003762,upi_f5dn5z9r1o@ybl,2025-12-08
U003763,upi_c51vmxdb8u@okicici,2026-02-14
U003764,upi_u1ahws9bdj@paytm,2026-04-07
U003765,upi_ce2up2nyva@okaxis,2025-09-19
U003766,card_6311_5f19df1249,2026-05-18
U003767,card_9961_8df44ecd88,2025-09-06
U003768,card_6011_87368f4973,2025-12-14
U003769,upi_b4vks3r6k7@paytm,2026-05-17
U003770,upi_way69t4n57@paytm,2026-08-21
U003771,upi_21hjy7ywrs@paytm,2026-08-07
U003772,card_1673_1c7268a5ff,2026-03-07
U003773,upi_rdks5xwkso@okicici,2026-08-20
U003774,upi_2a2ehulahq@ybl,2026-01-20
U003775,upi_ydy0zlg4qd@oksbi,2025-11-23
U003776,upi_19zelxd434@ybl,2026-03-02
U003777,upi_iwwksh6azo@okhdfcbank,2026-08-17
U003778,card_4443_5db170343e,2026-01-19
U003779,upi_ol8eeh5xd5@paytm,2026-07-15
U003780,card_4664_45e6ac8015,2026-07-31
U003781,upi_mxqoqk2zg7@ybl,2026-06-20
U003782,card_6963_dbe2acc7e9,2025-11-28
U003783,upi_epjr6q4daa@oksbi,2026-08-05
U003784,upi_0xbvtfupiz@ybl,2026-05-27
U003785,card_8755_1acb037764,2025-11-19
U003786,upi_kbxsh249ki@oksbi,2025-11-07
U003787,upi_wv3ue2o481@paytm,2025-09-08
U003788,upi_xwa82qmbns@ybl,2025-09-08
U003789,card_8856_ac5fed7942,2026-01-16
U003790,card_0912_1d6f172d08,2025-12-26
U003791,upi_nwjwe5bcag@okicici,2026-02-27
U003792,card_9370_8f4dcbd4fd,2026-03-17
U003793,card_0263_69d2036f7e,2026-06-01
U003794,upi_ldy6yiczbn@paytm,2026-01-31
U003795,card_9900_bb2c29249f,2026-04-11
U003796,card_9663_276cbc1d5a,2026-06-30
U003797,card_0802_7150e0c149,2026-06-23
U003798,upi_yuf01xd41g@okaxis,2025-10-13
U003799,upi_hntm9ykkxh@okaxis,2025-12-24
U003800,upi_gfq9ukglrk@okicici,2025-10-16
U003801,upi_nkx1fjusxz@ybl,2026-05-23
U003802,card_0592_2900b121df,2025-11-24
U003803,upi_gcec231vti@ybl,2026-02-21
U003804,upi_18uu8viokj@okhdfcbank,2025-09-22
U003805,upi_wos62t5qgy@oksbi,2026-05-12
U003806,upi_giou0abhfz@okicici,2025-10-28
U003807,upi_yr00dhy5fe@okhdfcbank,2025-12-17
U003808,card_2832_ac8dbd3096,2025-10-29
U003809,card_1811_f9dea1a021,2026-05-31
U003810,upi_g8wudwjv2x@oksbi,2025-11-17
U003811,card_5513_f4b7b7c10a,2025-09-02
U003812,upi_yz39m00twd@ybl,2026-03-07
U003813,card_6092_cdf2b96af0,2025-09-27
U003814,card_3601_fa0ccfb432,2026-07-26
U003815,upi_1yrxtrqyag@okicici,2026-08-02
U003816,upi_46uevddp1s@okaxis,2026-01-07
U003817,card_0799_4049718741,2026-04-22
U003818,upi_m46rwr0kho@paytm,2026-05-10
U003819,upi_wbpg0pfstz@oksbi,2026-02-25
U003820,upi_qogxhlzf9r@okhdfcbank,2026-07-20
U003821,card_0392_0afd574fd5,2026-04-29
U003822,card_2649_f9ba8d54b7,2026-04-08
U003823,card_7767_569abcf8b3,2026-04-26
U003824,card_8148_b007921394,2025-10-22
U003825,upi_wdovt9442i@paytm,2026-05-20
U003826,card_9618_40a09b83ec,2025-12-15
U003827,card_1879_bd386666d2,2026-05-25
U003828,upi_5whass8a46@okhdfcbank,2026-05-04
U003829,card_3615_6b2f1266f2,2025-09-24
U003830,card_3956_a25e3fc0f2,2026-06-19
U003831,card_8118_47c4c20d94,2025-11-23
U003832,card_2000_d09faa0921,2025-11-24
U003833,upi_rbuu4as6yb@okicici,2026-08-16
U003834,upi_jnk3ty3rw8@oksbi,2025-12-16
U003835,card_0552_45807cc3f0,2026-07-31
U003836,card_5398_5476d866b3,2026-03-15
U003837,upi_2sls1ama9p@okhdfcbank,2025-10-25
U003838,upi_9cry2hrh6e@okaxis,2026-06-05
U003839,upi_4k7g3ju3em@okhdfcbank,2025-10-18
U003840,card_2641_f7ec27a923,2026-04-11
U003841,card_5205_924e465b72,2026-06-19
U003842,upi_l3ihq1tsmx@paytm,2025-12-24
U003843,upi_bopywty0fr@paytm,2025-11-07
U003844,upi_dxmudukohd@ybl,2026-07-24
U003845,upi_nfy0l3x5vd@okaxis,2026-08-06
U003846,card_9170_46185a4ce5,2026-08-16
U003847,card_1968_254093e451,2026-02-12
U003848,upi_b2xn1dd2j1@ybl,2025-11-30
U003849,card_0133_1f25c1d55d,2026-01-03
U003850,upi_srk5pew4lo@okaxis,2026-08-19
U003851,card_4931_c2ad7c6810,2026-04-25
U003852,upi_3d79r36mkc@ybl,2026-05-06
U003853,card_6122_a4e4fb6970,2025-09-11
U003854,upi_5z4rafaq60@okhdfcbank,2025-11-16
U003855,card_6445_a14a1d3dc5,2025-10-02
U003856,upi_xbdstdgsjh@okhdfcbank,2026-07-20
U003857,upi_5wfohzossc@ybl,2026-04-03
U003858,card_6136_9cfee414c5,2026-05-07
U003859,card_8618_c96bf53daf,2025-10-20
U003860,upi_r42j34xowe@okhdfcbank,2025-10-27
U003861,upi_uq35eid746@okaxis,2026-01-25
U003862,upi_vm0udodq3r@ybl,2026-06-30
U003863,card_6931_918d55abcb,2025-09-20
U003864,card_8788_630dbd85ac,2025-09-19
U003865,card_2505_c0c0a3ed98,2026-04-06
U003866,card_7070_4c1f1a7cf7,2026-01-31
U003867,upi_cncrmg8u14@paytm,2026-05-28
U003868,card_1528_a213b70ae9,2025-09-15
U003869,upi_d5602bv47r@okhdfcbank,2025-09-13
U003870,upi_xclq9mx10v@okaxis,2026-04-26
U003871,upi_t0vmxlt59v@okhdfcbank,2025-11-03
U003872,upi_155ej525a2@paytm,2026-01-01
U003873,upi_7pu9g82er7@ybl,2026-02-01
U003874,card_1463_ba4a8c0d9c,2025-09-26
U003875,upi_a8qyywdrn9@okaxis,2025-10-06
U003876,upi_hra6di5m94@okicici,2026-07-07
U003877,upi_ibvp0cf156@okaxis,2026-03-08
U003878,upi_2pbyt2wnxv@oksbi,2025-11-07
U003879,upi_bmut055ui2@ybl,2026-05-06
U003880,upi_i8yfxr6552@okhdfcbank,2026-05-10
U003881,card_1916_511d25770f,2026-08-12
U003882,card_5461_3d6e3efd5c,2025-11-12
U003883,upi_vm9dvjmwt8@oksbi,2026-05-13
U003884,upi_03i48kyfdg@paytm,2025-11-04
U003885,upi_ua0bcvohhz@paytm,2026-01-29
U003886,upi_4arfvc7s2k@okhdfcbank,2025-10-29
U003887,upi_q82dkpp7b8@paytm,2026-01-10
U003888,upi_pbjozbetae@paytm,2026-02-19
U003889,upi_m0vflu8sx4@oksbi,2026-08-15
U003890,upi_8gslqmdegf@okicici,2026-02-21
U003891,upi_fr9y60yuly@oksbi,2025-10-19
U003892,card_7437_51d3261fac,2026-06-23
U003893,upi_6th710g4m8@oksbi,2026-02-08
U003894,upi_6zu1faob0b@okaxis,2025-09-02
U003895,card_9791_15636301fb,2026-06-10
U003896,card_9558_62844949d6,2025-11-06
U003897,card_3800_34fb956740,2026-01-02
U003898,card_0783_aef94329ab,2026-06-09
U003899,card_3398_8b963b01c4,2026-03-08
U003900,card_1581_405581a67c,2026-02-20
U003901,card_2642_c95ca68ba3,2025-09-28
U003902,upi_zn8eogtik0@okhdfcbank,2026-01-07
U003903,upi_nhqaa6cdoq@ybl,2026-06-02
U003904,upi_ma5v1li3b1@oksbi,2026-03-27
U003905,upi_d4d0667dvt@oksbi,2026-01-26
U003906,upi_n2cllzhbex@ybl,2025-09-08
U003907,upi_v0qmnhk3jw@paytm,2026-02-24
U003908,upi_irfz5t9bbk@paytm,2026-01-01
U003909,card_6952_ee0d49441e,2026-07-26
U003910,upi_sfmbfedbxq@paytm,2026-03-04
U003911,upi_ojd7ldimhl@ybl,2025-09-10
U003912,upi_dcx3s8bjqu@ybl,2025-12-08
U003913,upi_pu1nz0uyq5@paytm,2026-08-26
U003914,upi_b2jtdb5cz4@okhdfcbank,2026-03-18
U003915,upi_3e01eqh3z3@ybl,2026-01-10
U003916,upi_w2ciq1kh3f@oksbi,2025-10-15
U003917,card_3697_313f3a59d9,2025-11-23
U003918,upi_p04pwolxrz@ybl,2026-04-16
U003919,card_5452_a376c64033,2026-03-09
U003920,upi_kv2kpcwo53@oksbi,2025-12-18
U003921,card_9297_872e6043c9,2025-09-27
U003922,card_9937_20da190f0c,2026-01-05
U003923,upi_pbjems7cw8@okhdfcbank,2026-05-22
U003924,card_8131_00d03d65a7,2025-09-11
U003925,upi_u3c2hpenbu@ybl,2026-01-12
U003926,card_1566_b5ad4b241b,2026-05-30
U003927,upi_gbg0n50rs2@oksbi,2026-07-30
U003928,card_4192_d4d71dc773,2026-08-06
U003929,upi_lmtkrmh9jv@oksbi,2026-03-20
U003930,upi_n2d7v5d06u@okaxis,2026-01-10
U003931,upi_wtjhdv6xkd@paytm,2025-12-08
U003932,upi_drzbhs6al5@okaxis,2026-06-12
U003933,upi_z6mq9ti13t@okaxis,2026-06-29
U003934,card_0679_69f51f6418,2026-06-02
U003935,card_7248_45930ddf94,2026-08-07
U003936,upi_ukgewczz0q@okhdfcbank,2026-05-25
U003937,card_9442_aecc532869,2026-04-06
U003938,card_1421_08ef6bc0ca,2025-12-28
U003939,card_0035_72e6a03491,2025-11-06
U003940,upi_9rh3zsdikh@okaxis,2026-03-28
U003941,card_8220_9159ca5f41,2026-02-12
U003942,upi_y9qu23egab@okhdfcbank,2025-10-06
U003943,card_7317_01351ac4e2,2026-05-20
U003944,upi_jhnb8qbypb@ybl,2025-10-22
U003945,card_3056_3cd1766dd6,2026-06-30
U003946,upi_9qpx20m4lr@ybl,2026-07-14
U003947,card_9151_b1d9991418,2025-11-17
U003948,card_7615_a66c24f3b8,2026-02-28
U003949,card_3992_70a30e0e71,2026-07-24
U003950,upi_ddlzm1g6k5@okaxis,2025-09-11
U003951,upi_r51hj29fbo@paytm,2026-06-01
U003952,upi_jkyfss1mss@okhdfcbank,2026-05-16
U003953,upi_6aftkseo31@okicici,2026-07-26
U003954,upi_zk6yf6bl5g@ybl,2026-02-14
U003955,card_8083_fc7369e9b1,2025-10-17
U003956,card_3894_43ef7083a7,2026-05-14
U003957,upi_shjy8496xe@paytm,2026-02-06
U003958,upi_th1skhd980@ybl,2026-03-01
U003959,upi_bjkyg3ubzc@paytm,2025-10-09
U003960,card_0625_1dd7fac953,2026-05-10
U003961,upi_zqv9nscs6r@okicici,2026-03-15
U003962,upi_i0k0n4lt7e@okaxis,2025-12-11
U003963,card_6879_0f58ff258f,2026-05-02
U003964,upi_7kw47tiwrc@okaxis,2025-09-18
U003965,card_5975_d372229e33,2026-02-09
U003966,upi_tfet4hdrhd@paytm,2026-06-14
U003967,upi_jv3dap8otv@oksbi,2025-11-24
U003968,card_8395_20eb2676a8,2026-01-10
U003969,card_5015_f27d015c5d,2025-09-10
U003970,upi_4wpc1fv7vh@okicici,2025-12-08
U003971,upi_zx978r7mrc@ybl,2025-10-10
U003972,upi_h8dbdgz281@okaxis,2025-10-17
U003973,card_3598_fae9ca066e,2026-02-28
U003974,card_5714_076ce60a2d,2026-08-08
U003975,upi_5oy0rv0qwh@okaxis,2026-02-20
U003976,upi_x79wjz3fx2@okicici,2026-02-24
U003977,upi_3mxys2h4eu@okicici,2026-08-07
U003978,upi_840lpx4l9j@paytm,2026-04-14
U003979,upi_a4454mh1ty@okhdfcbank,2026-02-23
U003980,upi_47bsyg6zdw@oksbi,2026-02-17
U003981,card_3305_b9c7150daf,2026-07-16
U003982,card_3506_767b30b19e,2026-04-10
U003983,card_1642_89321792d4,2026-07-20
U003984,upi_9ih2w3qgf6@oksbi,2026-02-18
U003985,card_4525_867e1ba90c,2025-10-04
U003986,upi_v0n5m5oi3o@ybl,2026-07-04
U003987,upi_gbfvcwrkuv@okaxis,2026-08-24
U003988,upi_m0ubpl0x57@oksbi,2025-10-10
U003989,upi_3tzz4asl8t@okaxis,2026-07-04
U003990,upi_wko66se8e9@paytm,2026-04-25
U003991,upi_88irh7cym4@okaxis,2025-10-05
U003992,card_7108_47d0bbdbbb,2026-07-03
U003993,upi_eiikz2hc1k@ybl,2025-10-19
U003994,upi_jk2w4ehohh@oksbi,2026-06-26
U003995,card_2693_9c6cfe4ccc,2026-01-01
U003996,card_2283_6d36925d00,2026-08-09
U003997,card_9520_c9f0e52ac7,2026-04-19
U003998,card_7613_6d8a9b012b,2026-06-25
U003999,upi_t7tuauixbd@okicici,2025-11-24
U004000,upi_1l937o7a7i@paytm,2026-06-17
U004001,card_7188_cbc417517a,2026-04-22
U004002,upi_p8uapwp4p2@ybl,2026-02-10
U004003,upi_pztvix985v@okaxis,2025-12-27
U004004,upi_pfgagegnux@paytm,2025-10-15
U004005,card_7027_424dc6cce9,2026-07-08
U004006,card_4353_ac23944073,2025-11-01
U004007,upi_03147oq6e9@okicici,2025-12-14
U004008,upi_0nd4wfkq4f@okicici,2026-07-05
U004009,upi_h6fcak9vx2@okicici,2026-03-16
U004010,upi_kn91xxncmy@okhdfcbank,2026-07-02
U004011,card_5948_a704b9156d,2026-03-18
U004012,card_1638_a27017c971,2025-11-02
U004013,upi_lgs4bj4360@okaxis,2026-01-22
U004014,upi_yxu71qn3o5@oksbi,2025-12-10
U004015,card_3125_e50f710cf0,2026-02-25
U004016,card_2425_5119ee719e,2026-06-22
U004017,card_6123_01dd0fa3ed,2026-01-29
U004018,card_0926_98206524b0,2026-03-31
U004019,card_1417_630afe98b9,2026-02-25
U004020,upi_qewwjkywfn@ybl,2025-11-29
U004021,card_3102_4e1a2c7264,2026-04-03
U004022,upi_dej64t18qs@okaxis,2026-06-01
U004023,upi_k7lkfs0wsd@okicici,2025-09-23
U004024,upi_23ehdqva32@paytm,2026-03-14
U004025,upi_vz9bwozyjz@okhdfcbank,2026-02-22
U004026,card_4221_5319e0eaff,2026-07-22
U004027,upi_mlxpkda01p@okhdfcbank,2026-01-16
U004028,upi_c9yssberrt@okicici,2026-02-03
U004029,card_8494_411ca55662,2026-03-08
U004030,card_9570_d139bd2dd3,2026-07-11
U004031,card_5358_e5cac357b8,2026-06-08
U004032,card_3167_5b05aff74b,2025-12-03
U004033,card_6366_dceca23907,2026-01-19
U004034,card_4324_a218a22ee2,2026-01-29
U004035,upi_2zhd1znvzx@paytm,2026-06-21
U004036,upi_s4jardgzs7@okaxis,2026-03-28
U004037,upi_187qxsss6u@okicici,2026-08-01
U004038,upi_d4ulw1agh7@ybl,2026-06-17
U004039,card_2962_308d99d863,2026-06-11
U004040,upi_dwswuz3kex@oksbi,2026-03-09
U004041,upi_tn4jxtphip@oksbi,2026-02-12
U004042,upi_3d2d8pq8bj@okhdfcbank,2025-10-17
U004043,upi_toyvhudr6f@ybl,2025-10-17
U004044,upi_la46b5kx4i@okaxis,2026-05-06
U004045,upi_1sln6r8g3a@oksbi,2026-02-22
U004046,upi_ha4dx465xt@oksbi,2026-03-12
U004047,card_1686_7d8c701740,2026-03-18
U004048,card_7558_2cdcbdc9fe,2026-04-26
U004049,upi_nd73ch8gm4@paytm,2026-04-08
U004050,upi_hiqfds1ymv@paytm,2026-02-15
U004051,upi_i25aipz8nx@okhdfcbank,2026-08-01
U004052,upi_i9wvxi4q66@okicici,2026-05-10
U004053,upi_ii3b4hte4g@okaxis,2025-10-21
U004054,upi_xexlibzjrs@paytm,2026-05-03
U004055,upi_ofkznhz81k@paytm,2025-09-10
U004056,upi_pkn6kzg6bl@okicici,2026-06-16
U004057,card_0942_3ede999f4b,2026-07-25
U004058,card_6616_c59723b6a8,2025-09-07
U004059,upi_gqn0guytmi@okicici,2026-05-23
U004060,upi_4tqo9ospz5@ybl,2025-12-20
U004061,upi_eiwmnhlxkx@okaxis,2025-12-16
U004062,card_7793_3dc07bab41,2025-09-20
U004063,upi_92d2yjpght@paytm,2026-08-08
U004064,upi_q7b1s4i8ab@okicici,2026-06-14
U004065,card_4297_f8b6685619,2026-07-25
U004066,card_3366_e05b8d5bdf,2026-06-24
U004067,card_1845_b1d820e3ed,2026-01-08
U004068,upi_ndmsn6gyvr@ybl,2025-12-25
U004069,card_9161_8e6f993140,2026-01-20
U004070,upi_qdseap4nhm@oksbi,2026-04-01
U004071,card_0587_1011e3a6c9,2026-04-27
U004072,upi_my1t3dmc5j@ybl,2025-11-27
U004073,upi_w267iijlgy@ybl,2026-03-27
U004074,card_5662_a7844a5836,2026-03-28
U004075,upi_7o2xgc0v52@oksbi,2026-07-10
U004076,upi_4z2lb9m6zi@ybl,2026-01-18
U004077,upi_6ri851h7xf@ybl,2026-07-03
U004078,upi_86y7tavxz3@paytm,2025-10-28
U004079,upi_pyl5du0xpg@oksbi,2026-03-27
U004080,card_4145_680ca64ba9,2025-12-08
U004081,card_3478_86bee5429e,2026-04-27
U004082,upi_wfbj0qz5a9@okhdfcbank,2025-12-19
U004083,upi_y315kelai6@okhdfcbank,2026-05-23
U004084,card_1473_cb406b12a4,2025-12-08
U004085,card_0965_404f5bae49,2025-10-15
U004086,upi_evsf7zuxaa@okicici,2026-01-24
U004087,upi_kon8172p0z@ybl,2026-04-12
U004088,upi_mq3k747wvy@ybl,2025-11-29
U004089,upi_s3ihyd4k8n@paytm,2026-06-07
U004090,card_8465_55c1f9a961,2026-04-14
U004091,upi_z3bvkdc9b4@ybl,2025-10-05
U004092,upi_0yp9c9yvp0@ybl,2026-08-20
U004093,card_3964_2bf8c99f5e,2026-07-02
U004094,upi_wctg2sd71g@okhdfcbank,2026-07-22
U004095,upi_gr44zd6whz@okhdfcbank,2026-05-29
U004096,card_7010_e07f5fe96d,2026-03-13
U004097,upi_tc5lxd8e9n@okhdfcbank,2026-05-18
U004098,card_6310_47c5963582,2026-08-07
U004099,card_3894_dcf68ed586,2026-04-25
U004100,upi_wz6oy8gest@paytm,2025-10-01
U004101,card_3358_f6914ce713,2026-08-13
U004102,upi_k571p25bz6@okicici,2026-07-12
U004103,upi_pam83uftr4@paytm,2026-03-31
U004104,card_0219_dd9dea0c8b,2026-02-19
U004105,upi_ipg75x2oy1@okaxis,2026-07-01
U004106,card_1924_8c3024eddb,2026-04-11
U004107,upi_tui4uesfdn@okaxis,2026-04-30
U004108,upi_o0fhsjh3h8@okicici,2025-11-07
U004109,upi_89l1qbpsn5@paytm,2026-05-28
U004110,upi_3jqcn21pwt@okicici,2026-03-18
U004111,upi_qamq8r6t86@okhdfcbank,2026-06-16
U004112,upi_pq4d6eng5j@okhdfcbank,2026-04-06
U004113,card_4961_1b4a80dc28,2025-09-18
U004114,upi_0vsp48rmgo@paytm,2025-12-19
U004115,card_5708_a1553e940c,2026-02-07
U004116,card_9094_2f044a7575,2026-02-01
U004117,card_1405_ef322a8efc,2026-05-09
U004118,upi_ee56eacspk@okaxis,2026-03-31
U004119,upi_l9fuu76mia@okhdfcbank,2025-12-19
U004120,card_7723_324dcce83d,2026-07-29
U004121,upi_szxf6jj3e3@okicici,2026-06-04
U004122,upi_55bblfvil4@paytm,2025-11-13
U004123,card_5524_775c819bda,2026-01-19
U004124,card_3166_0904dbda43,2026-04-17
U004125,upi_e1lvjmx2kh@okaxis,2026-07-06
U004126,upi_sg5k1xcl4u@paytm,2026-02-03
U004127,card_7573_fb364f0bb9,2026-03-26
U004128,upi_lpkyjpyspk@paytm,2026-01-15
U004129,upi_io2fahm9ul@okhdfcbank,2026-04-05
U004130,card_6083_c797261df4,2026-07-01
U004131,card_0621_cef3f96e25,2026-05-25
U004132,upi_y5k4j7bfip@okaxis,2026-06-24
U004133,card_6835_0a13e55861,2026-06-17
U004134,card_5335_36f790706e,2026-01-12
U004135,card_8017_443fe049ad,2026-02-18
U004136,card_1572_413befd690,2026-05-27
U004137,upi_bwjcyv5joy@okicici,2025-09-03
U004138,upi_lfk4k90c8c@okhdfcbank,2026-08-09
U004139,upi_e4zvdukoph@okicici,2026-04-24
U004140,card_1725_f106dccc2b,2026-06-22
U004141,card_9994_8d28637932,2025-10-16
U004142,card_9437_cf22dcad9b,2025-12-15
U004143,card_6978_43d9b5d4d6,2026-01-27
U004144,upi_qs6psm7na1@ybl,2025-10-28
U004145,card_0075_6b1e939480,2025-09-09
U004146,upi_ztefr1wpgf@okaxis,2026-04-26
U004147,card_0242_391d2b9265,2025-09-24
U004148,upi_bxiincz5el@okaxis,2026-03-07
U004149,upi_cqcackepot@oksbi,2026-03-17
U004150,upi_v2ioao0yo9@ybl,2026-02-03
U004151,card_8726_15eb932bea,2025-10-03
U004152,upi_xf2sa8bslj@okaxis,2025-09-15
U004153,upi_chfzgnb54p@okaxis,2026-01-14
U004154,card_9774_a2174756ab,2026-06-23
U004155,upi_iu7o5nhilc@okicici,2025-12-07
U004156,upi_pv01hraymh@okaxis,2026-03-01
U004157,card_5304_22b563759b,2026-08-07
U004158,upi_rwefgr876d@oksbi,2026-04-26
U004159,upi_t9ko575jb4@okaxis,2025-12-04
U004160,upi_ke9arihdg1@ybl,2026-01-12
U004161,card_4655_37b04a45ad,2026-08-25
U004162,upi_jiihjwuyx3@okhdfcbank,2025-10-23
U004163,upi_b22l1iu1w0@okicici,2026-05-01
U004164,card_1257_d53dabae38,2026-04-01
U004165,upi_e8ore3ws9h@okaxis,2025-10-25
U004166,upi_shx8mkuovt@okaxis,2026-05-27
U004167,upi_neswzttyjy@okhdfcbank,2025-12-21
U004168,upi_dcdrc4j2h1@paytm,2026-03-14
U004169,card_6721_0c79bbd569,2026-07-14
U004170,upi_cbsuv1n183@paytm,2025-09-26
U004171,upi_1fqr87yafn@ybl,2026-07-02
U004172,card_0872_3e4c97cace,2026-07-19
U004173,upi_gojc6pe2p8@okicici,2026-05-31
U004174,upi_2peehcprn3@okicici,2026-05-03
U004175,upi_kcapxo79hs@okhdfcbank,2026-06-18
U004176,upi_l56doxo09q@paytm,2026-06-15
U004177,card_8326_3806a66acc,2026-07-07
U004178,upi_0mylydjbkw@ybl,2026-07-13
U004179,upi_f3rvk7rddk@ybl,2026-08-11
U004180,upi_ksbs1y680t@okaxis,2026-08-16
U004181,upi_2mdqz3ti8k@okicici,2025-12-19
U004182,upi_bvecqmgeqj@okhdfcbank,2026-08-10
U004183,upi_0ah9cf99tk@paytm,2026-03-05
U004184,upi_coju9kri9s@okaxis,2026-01-13
U004185,card_8577_012d5a3e0a,2026-05-27
U004186,upi_uqf5dzdavx@okaxis,2025-11-25
U004187,card_6330_991bb0e3c7,2026-08-22
U004188,upi_eu0tker1y1@ybl,2025-12-29
U004189,upi_egw0s7gb5g@ybl,2025-10-06
U004190,upi_i5tmjotagu@ybl,2025-10-02
U004191,card_8950_3fba3541d3,2026-02-11
U004192,upi_hykvd0h3m5@okhdfcbank,2026-03-27
U004193,card_8925_736c3c096c,2026-06-03
U004194,upi_i4xw59cste@paytm,2026-05-14
U004195,upi_gy673eotru@ybl,2026-01-06
U004196,upi_w35tdfssvm@okicici,2026-03-02
U004197,upi_4zgi6d6kwy@paytm,2026-01-13
U004198,card_2047_ea1ee52114,2026-03-06
U004199,upi_ern7dsqgds@oksbi,2026-06-11
U004200,upi_mj203lfoqk@oksbi,2025-09-16
U004201,upi_d0hlxq4nzj@okhdfcbank,2025-12-03
U004202,card_2009_fcf18938b4,2026-07-27
U004203,upi_h98i98epkq@paytm,2026-06-04
U004204,card_6866_6a0d9da775,2026-05-22
U004205,card_2839_b9ade5044a,2026-01-07
U004206,upi_1on2una8m5@okhdfcbank,2025-12-30
U004207,card_8105_933171ba1c,2026-02-28
U004208,upi_jindmv6yul@okhdfcbank,2025-10-17
U004209,upi_5z71rz4ynw@okaxis,2026-03-27
U004210,card_6676_28b1468900,2025-12-06
U004211,upi_zsejqwozqm@oksbi,2026-08-21
U004212,card_8202_ca17daf961,2026-06-17
U004213,upi_ajyq0d3whd@oksbi,2025-10-15
U004214,upi_3ifqxa9vxx@paytm,2026-01-06
U004215,upi_wo5chv7ji9@paytm,2026-02-01
U004216,upi_liw6yq60t1@okaxis,2026-01-18
U004217,upi_bh4w2wch4k@oksbi,2025-10-17
U004218,card_9705_6b46c023f6,2026-01-25
U004219,card_6426_82af1aba27,2025-09-07
U004220,card_6202_c69aa77808,2026-04-03
U004221,upi_ioznz42vrl@oksbi,2026-03-08
U004222,card_4860_a75ed28758,2026-01-23
U004223,upi_91r4k43pn0@paytm,2025-12-01
U004224,upi_hvbnz264aq@okicici,2026-06-15
U004225,upi_t45ulhfkts@okhdfcbank,2026-08-10
U004226,upi_pz7v6hrxxd@okhdfcbank,2026-02-15
U004227,card_9265_af6964d00e,2026-01-25
U004228,card_2590_c74b75fd12,2025-12-09
U004229,card_9580_fd6bd78e07,2026-05-03
U004230,upi_i0gqx4hoby@okicici,2025-12-23
U004231,upi_1n079nb80f@ybl,2026-04-12
U004232,card_5289_0eed4d88f8,2026-02-21
U004233,upi_o75bnxreia@okicici,2025-12-16
U004234,upi_nl99ha09l7@okaxis,2026-07-10
U004235,upi_5v8764cj5o@okhdfcbank,2025-12-10
U004236,upi_maxchzytkn@oksbi,2026-04-01
U004237,upi_zuxft4gy0j@okaxis,2026-05-26
U004238,upi_j7ucpgn6h2@paytm,2025-10-06
U004239,upi_a6ue84n969@paytm,2026-03-08
U004240,upi_4c3qnobtgx@paytm,2026-06-23
U004241,upi_1pdoihfmi4@paytm,2026-07-01
U004242,upi_0fuo13ri1f@okicici,2025-10-18
U004243,upi_m5kj5m7dlp@okaxis,2026-08-18
U004244,upi_sdt0zhqavo@okaxis,2025-10-19
U004245,card_2893_2b8738a0c1,2026-02-19
U004246,card_7170_e2b3f45e68,2026-05-03
U004247,upi_yfuwnzvfbj@okhdfcbank,2025-11-23
U004248,card_4562_5d9fb6f454,2025-11-01
U004249,card_3996_a889167e36,2026-04-20
U004250,card_0232_63d4ec8d62,2025-11-22
U004251,card_3581_3a49ada4ea,2026-08-20
U004252,upi_td12hlt4t1@okhdfcbank,2025-12-20
U004253,card_2087_9f186dd47e,2026-02-02
U004254,card_2812_3abfef06df,2025-10-09
U004255,upi_f5s4xrmv3r@okhdfcbank,2026-08-05
U004256,card_6644_19b6d8d7bf,2026-07-06
U004257,card_7735_de2e015d25,2026-06-26
U004258,upi_byx0bfgunn@ybl,2025-10-07
U004259,card_5167_936c823c4c,2026-07-17
U004260,card_0644_f74ad3fdf2,2026-05-23
U004261,upi_jg52nvir0f@paytm,2026-06-26
U004262,card_1955_d6d7e8f927,2026-04-02
U004263,upi_nktmxzoc1n@okhdfcbank,2026-06-11
U004264,upi_fujrczjkmp@oksbi,2025-09-15
U004265,upi_0banc7ldu7@paytm,2026-07-29
U004266,upi_bjierbwznj@oksbi,2026-06-04
U004267,upi_dqdsv3hkrl@ybl,2026-03-07
U004268,upi_xyza64rbzg@oksbi,2026-04-15
U004269,upi_p62oslp315@paytm,2026-06-18
U004270,card_3702_8f9a5ef5e4,2025-12-23
U004271,card_3820_e6da6754cb,2025-11-08
U004272,card_2967_500e3dbe42,2025-12-29
U004273,upi_dnc6or64h5@okicici,2025-11-27
U004274,upi_sxk5p8enr3@okicici,2026-01-31
U004275,upi_0zshzvsig3@okaxis,2025-12-14
U004276,card_9055_440d1f1a74,2026-07-28
U004277,card_6850_89897dc3ad,2026-05-02
U004278,card_6606_3025b98712,2026-02-04
U004279,upi_mea56n489x@ybl,2026-07-01
U004280,upi_2opqup9kvt@oksbi,2026-03-03
U004281,upi_kgdd590rqx@ybl,2025-10-05
U004282,card_9405_bf03283eda,2025-11-28
U004283,upi_x4uj04ux3u@okhdfcbank,2026-02-13
U004284,card_8356_9ceda1e084,2026-02-19
U004285,card_1418_cad55e6af8,2026-06-15
U004286,upi_vdn8rlb6hk@paytm,2025-11-11
U004287,upi_eqks2nywso@okicici,2026-04-10
U004288,upi_n0sft2dyki@ybl,2026-05-23
U004289,card_1395_eba507aaee,2025-10-23
U004290,card_6924_a52268f1b9,2026-01-11
U004291,upi_glqf0vvojr@oksbi,2026-04-14
U004292,card_3850_08ce447adc,2025-10-07
U004293,upi_x9tcmi5asw@ybl,2026-04-10
U004294,upi_h2jcbm9qzh@oksbi,2026-03-23
U004295,upi_z9fkpxb68u@okaxis,2026-04-24
U004296,upi_kmmachaiii@ybl,2025-09-16
U004297,upi_a5yzqr3sud@okaxis,2026-06-12
U004298,upi_5a1dyxqfh0@ybl,2026-08-20
U004299,card_7480_945b9df84a,2025-10-29
U004300,upi_dw66rff7rf@okaxis,2026-04-26
U004301,card_8610_2cddce882d,2025-09-09
U004302,card_2040_37e8be8315,2026-07-15
U004303,upi_zljy44yioz@oksbi,2026-01-09
U004304,upi_06muv7zdrg@ybl,2025-10-17
U004305,card_9742_6aaf3fcf0f,2025-12-07
U004306,upi_s756m6zf5n@oksbi,2025-12-03
U004307,card_0359_84200901a8,2026-02-20
U004308,card_2338_0304fc3aac,2025-12-11
U004309,upi_7h23y0slhm@okaxis,2026-02-13
U004310,card_7631_ce2299608f,2025-10-03
U004311,upi_f3o587gt0m@okhdfcbank,2025-10-05
U004312,upi_saryyl603a@okhdfcbank,2026-01-30
U004313,upi_1m67czobu0@okhdfcbank,2025-12-18
U004314,card_5183_6a6f390e80,2026-03-01
U004315,upi_wd8bzq17oy@paytm,2026-07-26
U004316,upi_xmkhtx5fac@okaxis,2026-01-26
U004317,upi_wc377evz1a@okicici,2026-04-27
U004318,upi_xmirbbxrj5@paytm,2026-04-25
U004319,upi_1qaqx8cn94@okhdfcbank,2026-01-10
U004320,upi_hpiunqdcgp@oksbi,2026-03-27
U004321,card_0922_aaeb04a096,2026-07-09
U004322,card_4995_69c74a37a4,2025-11-23
U004323,upi_8eutmxfnbz@okicici,2026-08-01
U004324,upi_nz4qql7sxa@oksbi,2025-09-10
U004325,card_9921_f3ee90958f,2025-12-25
U004326,upi_24kzuweplj@oksbi,2026-04-06
U004327,upi_kvb4kgprx0@okaxis,2026-08-26
U004328,upi_d3io4rj61n@ybl,2026-03-04
U004329,card_1558_e7bd8c3cc9,2026-02-22
U004330,card_4839_c7c89591d3,2026-02-16
U004331,upi_xy46g6ee93@okaxis,2026-06-12
U004332,upi_44eog5ny03@okicici,2026-02-06
U004333,upi_yg9hijbyzy@okicici,2026-06-13
U004334,upi_a34t7rx7b5@paytm,2026-03-08
U004335,upi_wdsfpvr2tl@paytm,2026-08-13
U004336,upi_msgere8gry@okicici,2026-08-25
U004337,upi_dbeabyviik@okhdfcbank,2025-10-21
U004338,card_6180_f6b541d844,2026-07-28
U004339,upi_ak6utod0o5@oksbi,2026-01-25
U004340,upi_y4jn5xwfy9@oksbi,2026-08-16
U004341,upi_5b0tkwk893@okaxis,2026-06-01
U004342,upi_34wut4ewrn@okicici,2026-04-10
U004343,card_0728_57617fde05,2026-02-25
U004344,card_2061_816140ad2d,2026-08-09
U004345,card_3839_49abacd94f,2026-02-23
U004346,upi_utklreea64@paytm,2025-11-30
U004347,upi_ys43mlnz4x@okicici,2025-09-12
U004348,upi_9o01l82qja@paytm,2026-06-15
U004349,upi_cl29buc0ft@okaxis,2026-05-01
U004350,card_7084_efdd5742bc,2026-08-05
U004351,upi_xl13woew9j@okhdfcbank,2025-09-02
U004352,upi_53lhhiod2y@okaxis,2026-06-07
U004353,upi_076tljiyfw@okicici,2025-09-28
U004354,upi_q0rv0h26ou@okaxis,2025-10-18
U004355,upi_tjvxmgvo68@okicici,2026-06-06
U004356,upi_8i22bwl89b@okhdfcbank,2025-12-29
U004357,upi_dxmnca9jf2@ybl,2026-02-13
U004358,upi_bjksby20fb@oksbi,2025-11-20
U004359,card_6312_ec8b2da303,2026-03-08
U004360,upi_vm6xr36ik3@okicici,2026-05-28
U004361,card_8388_45443bf249,2025-12-09
U004362,upi_y688egp5xw@paytm,2026-02-01
U004363,card_8013_e322f02890,2025-12-26
U004364,upi_ihq8h3g3yj@okhdfcbank,2026-01-18
U004365,card_4469_7e43085cc1,2026-04-12
U004366,card_5674_1a3fef9f08,2026-07-03
U004367,card_4702_ba98b51e35,2026-01-20
U004368,card_3952_c3d0122199,2025-10-23
U004369,card_3664_f390454706,2025-10-16
U004370,upi_nbirsbgrk8@okicici,2026-08-19
U004371,upi_q3ky2pj1ya@ybl,2026-08-26
U004372,upi_fsvnvn60aq@okaxis,2026-03-16
U004373,card_2529_5e9b63f2d4,2026-04-29
U004374,card_4509_de7c1b9a14,2026-05-04
U004375,upi_5xm10nuhcd@paytm,2026-01-24
U004376,upi_spq1elxy38@okicici,2025-12-10
U004377,card_5028_056638ba91,2026-08-02
U004378,upi_gbhoxj1t4h@okaxis,2025-10-31
U004379,upi_vs636frcok@paytm,2026-08-05
U004380,card_9314_9527c52e30,2025-09-02
U004381,upi_y9qne5ui74@okicici,2025-11-12
U004382,card_7938_967eeeed18,2026-07-13
U004383,upi_18k6h1penz@oksbi,2026-01-13
U004384,upi_ack87o0t6x@ybl,2025-11-02
U004385,card_2141_f9905fff9e,2026-08-09
U004386,card_5027_d69f26b528,2026-08-12
U004387,card_2471_820f9f69aa,2026-06-30
U004388,card_7733_4dff0292cc,2026-02-11
U004389,upi_4ff1bq5131@oksbi,2026-02-13
U004390,card_9799_a05bf738d6,2026-03-04
U004391,upi_8d5hohlz6p@okhdfcbank,2025-09-28
U004392,card_6526_52632a2cea,2026-02-14
U004393,card_7147_c1c4c8c10b,2026-03-19
U004394,card_1001_854e3c65b9,2025-10-04
U004395,card_7733_49950c50b3,2026-05-23
U004396,upi_z8obcs7q85@oksbi,2025-10-01
U004397,card_2743_476458c91e,2025-11-16
U004398,upi_ojpvvmvyaq@okaxis,2026-06-07
U004399,upi_9py4ou8dwn@paytm,2025-11-01
U004400,card_7063_ede2e05811,2026-06-17
U004401,upi_27x2floqy2@ybl,2025-12-02
U004402,upi_nj7vm9h7wt@oksbi,2025-09-20
U004403,card_5046_b0b42b3b96,2026-06-17
U004404,card_0701_f519aaec4d,2026-01-30
U004405,upi_asnzjeg41l@okhdfcbank,2026-05-22
U004406,upi_5iwvh5ag6w@paytm,2026-07-07
U004407,upi_imkjti1z1f@okaxis,2025-10-09
U004408,upi_btighdzx78@paytm,2025-10-13
U004409,upi_dsys9fzvq8@paytm,2026-02-06
U004410,card_6716_0aacbfdc46,2026-03-16
U004411,upi_9ducw6x5hu@paytm,2026-01-11
U004412,card_1374_63602a7a70,2025-11-10
U004413,upi_edtr8rv94z@paytm,2025-12-26
U004414,upi_gmy321q19g@okicici,2026-02-26
U004415,card_8329_0f6dab6914,2026-02-17
U004416,upi_h5tp98c8v5@okaxis,2026-04-08
U004417,upi_ex7u9uv07a@okhdfcbank,2026-07-12
U004418,card_4330_e60e906fe3,2025-09-22
U004419,upi_6mvqe7zi8w@oksbi,2026-02-16
U004420,upi_vu86cmlr42@paytm,2025-09-04
U004421,upi_an3ej5j14c@okicici,2026-01-19
U004422,upi_rm6qav6bhw@okicici,2025-09-16
U004423,upi_apmkasi7st@okaxis,2026-05-05
U004424,upi_pa98ewgxjj@paytm,2026-05-07
U004425,card_3084_2cc38aa274,2026-02-19
U004426,upi_cn1tpko51p@oksbi,2026-04-10
U004427,upi_xs84u8h5qk@ybl,2026-04-14
U004428,card_9760_863eab1dfc,2026-04-03
U004429,upi_p4mrak5sgk@okicici,2025-09-16
U004430,card_1710_a61a2a2599,2026-02-07
U004431,upi_t3ph5m78sz@ybl,2026-01-30
U004432,upi_hheytsezm2@okhdfcbank,2026-05-19
U004433,card_2622_a6d7751c68,2026-02-03
U004434,upi_mqjq23ev99@paytm,2026-07-05
U004435,upi_kco8pi1w5o@okhdfcbank,2026-03-10
U004436,upi_79ylfx7kto@okaxis,2025-09-22
U004437,upi_g3mo8ph379@okaxis,2026-01-24
U004438,upi_zh2eqsl1sk@okicici,2026-04-17
U004439,card_3211_3b82e87678,2026-05-30
U004440,upi_55eh2vmsks@oksbi,2026-08-10
U004441,upi_lvqzoq5247@okicici,2026-04-21
U004442,card_8549_34bfb2de45,2026-06-01
U004443,card_3657_60f313d08f,2026-01-06
U004444,upi_hlxibviomu@okaxis,2026-03-23
U004445,card_7447_6c182fee9a,2026-02-10
U004446,upi_c7kayh6sy0@oksbi,2026-02-10
U004447,upi_zh99xhdq5m@okaxis,2026-04-09
U004448,upi_s16kvisxgu@paytm,2025-10-14
U004449,upi_z4chig0xrw@paytm,2026-03-01
U004450,card_4348_801f07184b,2026-05-26
U004451,card_5883_6ae33bd6da,2026-05-17
U004452,upi_8crptozg9i@ybl,2026-05-07
U004453,upi_2isevzr56c@okicici,2025-09-24
U004454,upi_kprm3s264q@okhdfcbank,2025-09-15
U004455,upi_1nanlwla23@okicici,2025-10-03
U004456,card_1285_420fe865cd,2026-05-13
U004457,card_7619_e4422bf25c,2025-11-22
U004458,upi_k59xuth12i@okicici,2025-12-24
U004459,card_0448_8072ad6de7,2026-05-23
U004460,card_6972_1e65bf5e9a,2026-03-08
U004461,upi_t114yyp95y@paytm,2026-05-13
U004462,upi_zfmhhnomjg@okaxis,2025-10-31
U004463,card_0139_ef8321f677,2026-06-28
U004464,card_2672_cc5bc3ef0f,2026-03-15
U004465,upi_ndjm06ftqn@ybl,2026-01-28
U004466,upi_t52hffy39b@ybl,2025-12-24
U004467,upi_34hpaga12a@ybl,2026-01-09
U004468,upi_n111yaygkr@okaxis,2026-02-01
U004469,card_0657_c99e8430b7,2026-07-05
U004470,upi_nn3kfb6jn9@okaxis,2025-10-12
U004471,card_9313_7c2bf47250,2025-11-10
U004472,card_4135_d17fb12dea,2026-02-17
U004473,card_5883_a8c19c9bc6,2026-06-24
U004474,upi_ku1obvhckw@ybl,2025-12-13
U004475,upi_d1ec5xtogb@okaxis,2025-10-22
U004476,card_8244_1fb31a3d29,2025-12-25
U004477,upi_otsd7abk3a@okhdfcbank,2026-01-21
U004478,card_2159_65b9a35e37,2025-12-03
U004479,upi_cb577khoix@paytm,2026-02-18
U004480,upi_pl99eezk9o@paytm,2025-10-16
U004481,card_9544_1223d8fb7f,2026-04-04
U004482,upi_5o3x3d6o2g@okhdfcbank,2026-03-25
U004483,upi_r0vp385bjq@ybl,2026-01-06
U004484,upi_nr5d42f8td@okaxis,2026-08-07
U004485,upi_xjb490gbv5@oksbi,2026-03-28
U004486,card_2837_ba301b5cf6,2025-12-16
U004487,card_2292_c105391b0e,2025-11-16
U004488,card_1764_014ff27a20,2026-04-19
U004489,card_6233_293420f7ea,2025-09-16
U004490,card_5354_6aff6e0e3a,2026-07-01
U004491,upi_np0ryg4591@okhdfcbank,2026-02-13
U004492,upi_1hgjvfimu6@ybl,2026-05-29
U004493,card_1251_56756fc4d5,2026-04-15
U004494,card_4417_9b0e842b7a,2026-06-29
U004495,card_2708_68c240f4af,2025-11-26
U004496,upi_xgtgyitmt2@okaxis,2026-04-16
U004497,card_4669_4aad28ae86,2026-06-14
U004498,upi_o6g7eroiru@oksbi,2025-09-06
U004499,upi_r4taa8qihk@okicici,2026-03-29
U004500,card_8636_57b2518c1c,2026-06-04
U004501,upi_xzn4vh1eor@paytm,2026-03-08
U004502,upi_5te6cgb32w@paytm,2026-04-21
U004503,upi_tw1h5lmd8m@ybl,2026-08-13
U004504,upi_eyukhy0ecd@ybl,2026-06-15
U004505,upi_xw4tyqcres@okicici,2026-06-27
U004506,upi_whiq7hrtgw@ybl,2026-07-28
U004507,upi_lsw1w13kgt@okhdfcbank,2025-10-29
U004508,card_9218_8488045c74,2025-09-17
U004509,upi_7n2gqxkeo9@oksbi,2025-12-18
U004510,card_7928_2b659ea9ff,2026-02-15
U004511,card_9153_b434683aec,2026-08-18
U004512,upi_hc4zimr4o9@okhdfcbank,2025-09-24
U004513,upi_59ah39fk2k@okicici,2026-08-01
U004514,upi_7i7p9t8uqy@okhdfcbank,2026-07-06
U004515,upi_hb1bco206y@oksbi,2026-01-13
U004516,card_3459_3d46b60fa9,2025-12-01
U004517,card_7778_0dfe293a52,2026-08-20
U004518,card_4350_84612a3c08,2026-08-04
U004519,upi_edqbe3dpv6@ybl,2026-06-26
U004520,upi_s0dp84t39n@okaxis,2026-01-09
U004521,card_1148_255a9cb47a,2026-03-16
U004522,card_0394_e0eabe819f,2026-04-11
U004523,upi_9ddjmtrreu@okicici,2026-07-07
U004524,upi_6paiz5m8dj@okhdfcbank,2025-10-20
U004525,upi_jw44drb6tb@okaxis,2025-09-09
U004526,upi_pcd045g6k8@okaxis,2026-06-18
U004527,card_1653_7127360a8d,2026-07-22
U004528,card_2529_2d98f4dbe6,2026-03-13
U004529,card_1676_b12588cc85,2026-08-18
U004530,upi_o5oaeako87@okicici,2026-07-01
U004531,card_0487_4b3c89846c,2025-09-25
U004532,upi_6dr09r2t50@ybl,2026-06-25
U004533,upi_sh1izzbx15@okhdfcbank,2025-10-18
U004534,upi_iabnu25rx6@paytm,2025-12-24
U004535,upi_4kr9uj6whe@ybl,2026-06-01
U004536,upi_lcw2tf0hcv@ybl,2026-07-14
U004537,upi_gctkdptpve@okhdfcbank,2025-10-20
U004538,upi_rk5up1fv23@okaxis,2026-05-03
U004539,card_5458_8926a0d516,2026-01-31
U004540,upi_xoi4t7d0c4@okicici,2026-03-13
U004541,upi_ua4rzk9bw0@okicici,2026-01-28
U004542,upi_uhaq26okhq@okaxis,2025-09-19
U004543,upi_4k7mrc05qi@oksbi,2026-08-12
U004544,upi_i1dhqgo5ci@okaxis,2026-04-22
U004545,card_5080_642beb3352,2025-09-03
U004546,card_8450_23b8258f7b,2026-02-07
U004547,card_2125_f226b1937a,2025-10-25
U004548,card_5065_927bec1587,2025-12-03
U004549,upi_cwuqyogk79@okaxis,2025-12-23
U004550,card_4753_8701266134,2026-08-25
U004551,upi_q8vd0bi27f@oksbi,2026-01-15
U004552,card_1764_b096a15482,2026-07-14
U004553,upi_twx4w07g9g@okhdfcbank,2025-10-14
U004554,upi_fdnusq9ys7@oksbi,2026-08-01
U004555,upi_vi5y6owobx@okaxis,2026-03-06
U004556,upi_i1wtu2tctp@ybl,2026-06-02
U004557,card_9721_419720abe9,2025-10-28
U004558,upi_yv3xlybj6u@okaxis,2025-10-02
U004559,card_1160_70832c6d57,2025-12-05
U004560,card_5660_08383d1824,2026-06-18
U004561,upi_fa7geelv6a@okicici,2026-04-03
U004562,card_0351_6ce1d8f617,2025-12-31
U004563,upi_kg1s4blpfy@oksbi,2026-02-18
U004564,upi_03ejoc9bag@okaxis,2026-08-25
U004565,upi_owyohbea2w@ybl,2025-11-20
U004566,upi_pnixao2360@paytm,2026-04-14
U004567,card_0320_88051000e0,2026-01-24
U004568,upi_xnwq4e613i@okicici,2026-07-16
U004569,upi_ea8d649vmd@okicici,2025-12-20
U004570,upi_ve3i5baxnk@oksbi,2026-04-10
U004571,upi_ik32tgpd2u@oksbi,2025-12-17
U004572,card_5589_dc499d8255,2026-07-19
U004573,upi_ldulpvbnqh@ybl,2026-01-27
U004574,upi_gdxl285cxf@okaxis,2025-09-08
U004575,upi_w4t78urjev@paytm,2026-05-15
U004576,upi_2dfor9c0tc@ybl,2026-05-13
U004577,upi_27e1ynwjp2@okicici,2026-01-19
U004578,upi_qgdk0uyqzq@okicici,2026-07-17
U004579,upi_36qq2t2c45@paytm,2026-01-19
U004580,upi_0omq39n5zy@okicici,2025-09-17
U004581,card_6183_14726b6d1e,2026-04-07
U004582,card_0456_871e64b18d,2026-06-20
U004583,upi_gzbi1cw31e@okhdfcbank,2026-03-03
U004584,upi_0xgpozpd1n@okhdfcbank,2026-07-03
U004585,upi_kj7v73ksyq@oksbi,2025-10-23
U004586,card_6248_52a02ddcb0,2026-06-03
U004587,upi_m0cdpibsek@oksbi,2025-11-24
U004588,upi_zxauscjntz@paytm,2026-06-29
U004589,card_2910_e1eb376270,2026-05-02
U004590,card_2575_4f96c3a3cf,2026-07-22
U004591,card_1658_276edc3e27,2025-12-27
U004592,card_2662_04d509d007,2025-11-18
U004593,card_2973_437929c6cd,2026-01-18
U004594,upi_bwnt0grr6n@okhdfcbank,2025-09-03
U004595,card_3473_51ec3c6d6a,2025-12-01
U004596,card_1504_4907bce8b9,2025-12-18
U004597,card_8313_e8c5ab2944,2026-07-20
U004598,upi_j7eiohk8da@okicici,2026-01-31
U004599,card_0037_54b6ac29e5,2026-04-10
U004600,upi_0cypbr8zt5@oksbi,2026-04-07
U004601,upi_emqlduitbg@ybl,2026-01-01
U004602,card_1082_394c1cccc2,2025-09-30
U004603,upi_flv4ka6qil@okicici,2026-04-27
U004604,upi_7ityx1wwc5@paytm,2026-05-15
U004605,upi_0wlrnhv6tx@okicici,2026-07-28
U004606,upi_ap9b9v55q9@okaxis,2025-12-11
U004607,upi_6u3h3d2j6r@oksbi,2025-09-12
U004608,upi_50xydk8ph3@okicici,2026-02-17
U004609,upi_kabhr0a8xs@paytm,2026-06-04
U004610,upi_apz4hj78lz@oksbi,2025-10-03
U004611,card_2829_a2d3f51494,2025-12-22
U004612,upi_21svlgqv1g@ybl,2026-07-24
U004613,upi_mg1hbzzh3q@okhdfcbank,2025-10-08
U004614,card_6223_903e2c09c9,2026-01-12
U004615,card_6640_ec78a79e36,2026-02-06
U004616,upi_4eoi31z2q5@okhdfcbank,2025-11-01
U004617,card_3097_60974e5130,2026-05-27
U004618,upi_cm80kyjskh@okhdfcbank,2026-06-02
U004619,upi_hnhf1e76ka@okaxis,2026-02-28
U004620,upi_5kpctbosl6@okhdfcbank,2025-11-02
U004621,card_1225_abe1fecdf0,2026-03-29
U004622,card_5380_24eb9cfa36,2026-01-15
U004623,card_0470_5ff12770b1,2026-02-09
U004624,card_7739_f29ad488a8,2026-03-21
U004625,upi_k9c2npsjqw@okhdfcbank,2026-07-20
U004626,upi_gmo7mn9cqf@okhdfcbank,2026-02-06
U004627,card_5104_a5be559728,2026-05-12
U004628,upi_s7wh3xdfx4@okicici,2026-01-24
U004629,upi_3et9ayvnyo@ybl,2026-05-13
U004630,upi_je0276brdv@ybl,2026-08-14
U004631,upi_w5qhzm8ajw@oksbi,2026-04-05
U004632,upi_i4fteket6b@ybl,2025-09-14
U004633,card_3914_4f29a8e0b4,2025-09-06
U004634,card_3012_e68422c1b9,2026-08-24
U004635,upi_ojy8ipgkz5@okaxis,2025-11-25
U004636,card_4899_92c7dece16,2025-10-29
U004637,card_1020_0963d2ae9d,2026-03-31
U004638,card_9768_2c85bc36b8,2026-05-30
U004639,upi_382crc972y@paytm,2026-02-10
U004640,card_6113_dd5185886c,2026-02-08
U004641,upi_6lco9nzwsd@paytm,2026-02-18
U004642,upi_r9gqh0zwmc@okicici,2026-08-16
U004643,upi_4h40qzznw9@paytm,2026-01-21
U004644,upi_otizo92f9g@okaxis,2026-03-06
U004645,upi_3iff3ecnvm@okaxis,2026-06-30
U004646,upi_1v8x3a3ine@paytm,2026-07-20
U004647,card_9764_1c2c6482e6,2025-10-02
U004648,card_1170_40c3989cef,2025-11-08
U004649,upi_2llqzgds87@okicici,2026-02-01
U004650,card_7444_443b989f6b,2026-05-09
U004651,upi_gxfj2fj1c1@ybl,2026-06-30
U004652,card_1634_33a9411d5f,2026-02-08
U004653,card_4988_8c02412240,2026-01-18
U004654,upi_h6hh075o1c@oksbi,2026-07-17
U004655,upi_do9m3c7ha2@ybl,2026-01-17
U004656,upi_zdgveejn8g@okicici,2026-07-05
U004657,card_9206_53b5552ea6,2025-10-04
U004658,card_1118_41f243be03,2026-04-17
U004659,upi_oshmpr60vr@oksbi,2026-04-03
U004660,upi_g6ehhpy5p9@ybl,2026-07-20
U004661,upi_n25bqwtelr@oksbi,2026-06-02
U004662,card_8594_f79e62535d,2025-09-15
U004663,upi_t2qkm39vec@ybl,2025-11-25
U004664,upi_lqfkthmhxe@okhdfcbank,2025-12-08
U004665,card_7398_0eb9daeb6c,2025-10-26
U004666,upi_sw1kfm373y@okhdfcbank,2026-06-04
U004667,upi_fif9bhuwx7@okicici,2025-09-08
U004668,upi_ngvycrulxy@ybl,2026-03-23
U004669,upi_sq80v9b7mc@ybl,2025-09-06
U004670,card_4579_fc6778d853,2025-11-26
U004671,card_5165_5cc1ea30a4,2025-09-02
U004672,upi_dxrk8ubndo@ybl,2026-04-03
U004673,upi_1sa2h5zf8r@okhdfcbank,2025-10-31
U004674,upi_82e159p19v@ybl,2025-12-20
U004675,card_4668_2b965faf88,2026-03-10
U004676,card_9953_65eaa57360,2026-05-05
U004677,upi_q8z02chc2t@okicici,2026-01-29
U004678,card_3768_e91dec1fc7,2026-03-02
U004679,card_1655_a6018cba13,2026-06-22
U004680,card_5109_1df520f346,2026-01-25
U004681,upi_5llaeyswui@oksbi,2026-03-11
U004682,upi_ex7wz2p0gk@okhdfcbank,2026-01-25
U004683,upi_3wc9d7a4qw@okicici,2026-02-14
U004684,upi_u4xh31e0z9@okhdfcbank,2025-11-29
U004685,card_7086_2fc925e1c7,2026-01-21
U004686,card_5632_a7c161814f,2026-06-26
U004687,upi_1jyhhl2tq2@okaxis,2026-02-19
U004688,card_1771_0f5e1f873a,2026-01-19
U004689,upi_hfmbnttirp@okhdfcbank,2025-11-05
U004690,card_9292_c7d6ce8fa9,2025-10-10
U004691,card_1059_92daeaaf61,2025-09-01
U004692,upi_t1n7450z3u@okicici,2026-08-01
U004693,upi_1gw3oygn15@okicici,2026-06-20
U004694,upi_8v3npc5v8e@paytm,2026-05-16
U004695,card_6358_39814747ff,2025-09-25
U004696,card_0259_d25744c1ae,2025-12-20
U004697,upi_l6r45ewwy5@okhdfcbank,2026-04-04
U004698,upi_4w830l9x1n@paytm,2025-12-29
U004699,upi_jogd64wnwk@okhdfcbank,2026-07-28
U004700,card_4270_768b2e5289,2026-07-02
U004701,upi_xjej9l37lx@paytm,2026-07-26
U004702,upi_p4jekxiotd@okicici,2026-06-20
U004703,card_2890_6a6d72fda8,2026-05-15
U004704,card_3391_88beb3c42d,2026-08-24
U004705,card_3642_88486a9d1b,2026-03-31
U004706,upi_d5tp18ug30@paytm,2026-04-02
U004707,card_1621_ace6cb1d28,2025-12-18
U004708,upi_sjkvxalniq@okaxis,2025-11-10
U004709,card_8740_7e35131e43,2026-05-05
U004710,card_8037_ab37438312,2026-08-06
U004711,card_1419_fac86029de,2026-04-26
U004712,card_4123_086beeb80b,2026-06-18
U004713,upi_rcxczx7cxn@okicici,2025-09-07
U004714,upi_0785omy2z3@okicici,2025-09-22
U004715,card_9980_82bdc587b8,2026-06-25
U004716,upi_ndcbv5cmf4@paytm,2025-12-26
U004717,upi_58f6lp1yxv@oksbi,2026-06-26
U004718,upi_9hyam36een@okhdfcbank,2025-12-29
U004719,card_6271_01682c9398,2026-03-03
U004720,card_4738_44c80e25ca,2025-11-20
U004721,upi_hfcy0idwdz@paytm,2026-03-09
U004722,upi_t6exe2jruw@okicici,2026-08-18
U004723,upi_bazp8r1lom@okaxis,2026-01-18
U004724,upi_99ujemc4te@okhdfcbank,2025-09-24
U004725,card_9684_bcafa24bcd,2026-01-26
U004726,card_2986_96786447db,2026-05-28
U004727,card_1987_844b63adc1,2026-02-17
U004728,upi_hns73b0bm9@okicici,2026-02-17
U004729,card_3980_d7b9d21ef9,2026-03-03
U004730,card_1557_64b9e92b66,2026-05-25
U004731,upi_dlix0wqdur@okhdfcbank,2025-09-09
U004732,upi_1ttuyuc3al@okaxis,2026-01-16
U004733,upi_fs7741gql5@okhdfcbank,2026-04-10
U004734,upi_zbdwd42hst@okhdfcbank,2026-01-05
U004735,upi_ujvwssv0fk@paytm,2025-12-21
U004736,card_9391_9c48199a6b,2026-02-13
U004737,upi_a3kuyctj1t@ybl,2025-09-13
U004738,card_9047_cd09676a01,2026-07-20
U004739,upi_6jhfg1fxic@okicici,2025-10-17
U004740,upi_e7ek3q08va@okicici,2026-01-21
U004741,upi_6wrr168leq@okhdfcbank,2025-09-18
U004742,upi_mnizjmuxrc@okhdfcbank,2026-08-17
U004743,upi_6hjtfr8cof@paytm,2026-05-23
U004744,card_9268_91e97eaf0e,2026-06-05
U004745,upi_xlk3k0vqd2@okicici,2025-11-27
U004746,card_1501_9e850d0068,2025-10-07
U004747,upi_xqndp67jlc@okicici,2025-09-23
U004748,upi_oc02msrddq@paytm,2026-08-19
U004749,upi_wmihzdaq33@okhdfcbank,2026-08-26
U004750,card_2409_d3a095ac91,2026-08-23
U004751,upi_82py8ifngi@ybl,2026-08-07
U004752,card_2930_52911bfae3,2026-04-23
U004753,card_5647_f5722cf216,2026-07-24
U004754,upi_yu9z1y492c@paytm,2026-04-15
U004755,upi_4gg13sbpkm@paytm,2026-05-30
U004756,upi_fuzkuafpcz@oksbi,2026-07-21
U004757,upi_71xe6wtgrj@okicici,2026-01-04
U004758,upi_hvu808c666@okhdfcbank,2026-04-01
U004759,card_5566_578bb1f3fb,2026-06-20
U004760,upi_lpu85bwloj@ybl,2026-02-07
U004761,upi_gzszesayce@oksbi,2026-02-16
U004762,upi_cb2lswys73@ybl,2025-09-09
U004763,upi_76hj35val7@paytm,2026-08-12
U004764,upi_iewlstod0k@paytm,2026-05-17
U004765,upi_h2k04ej6m9@oksbi,2025-12-07
U004766,card_3888_2e0ba44a5d,2026-07-09
U004767,upi_x5kb5a4ppe@oksbi,2026-05-29
U004768,upi_2q9yat2qhw@okicici,2025-11-22
U004769,upi_m3bzwy1kwi@ybl,2026-06-21
U004770,upi_mmum2mepm4@ybl,2025-11-05
U004771,upi_qdkpls5jpd@okicici,2026-02-23
U004772,upi_tdsqhsgd2d@paytm,2025-12-24
U004773,upi_k1aa79ot0i@okhdfcbank,2026-04-22
U004774,card_4211_d4bbb2d062,2025-10-20
U004775,upi_sohwkn5avs@ybl,2026-05-31
U004776,card_1138_a70b5e37d1,2025-09-10
U004777,upi_2fx03q9y85@ybl,2025-10-22
U004778,card_7886_67bd829d66,2026-05-19
U004779,card_8273_e905fe2212,2026-06-03
U004780,card_1086_6dd045874c,2026-07-25
U004781,upi_b5edwbjiex@paytm,2025-10-30
U004782,card_1719_c4d41a19c7,2025-10-20
U004783,upi_ep5zc35gls@okicici,2026-01-06
U004784,upi_az25t184ay@ybl,2026-07-19
U004785,card_5679_ac1e5b6861,2025-11-28
U004786,upi_08spehe05d@okicici,2025-11-18
U004787,card_9220_36076eb1aa,2025-10-15
U004788,upi_nugviuirpy@paytm,2025-10-22
U004789,card_6669_25e100fd76,2025-11-10
U004790,upi_hyv8e6k008@ybl,2026-08-17
U004791,upi_9nofhq3d88@okicici,2025-12-05
U004792,upi_3by2hfxidi@ybl,2026-01-07
U004793,card_5291_de9f4b29bc,2026-05-22
U004794,card_0717_d07fc041d0,2026-06-01
U004795,card_7524_249266dd3d,2025-10-05
U004796,card_9054_c2e139e5a0,2025-10-08
U004797,upi_a152aamppp@okicici,2026-02-16
U004798,card_5042_8f5fdd97f3,2026-04-05
U004799,upi_gr6gooyj22@okicici,2026-07-08
U004800,card_6579_8234b87ebc,2026-03-31
U004801,upi_xuxpv9jqry@okicici,2026-07-07
U004802,card_4144_15f179712f,2025-11-10
U004803,upi_297h648ogj@paytm,2026-08-16
U004804,upi_yq9mhk4vyc@oksbi,2026-05-19
U004805,upi_jg3i6u6cl0@oksbi,2026-03-08
U004806,card_6891_685e586d17,2026-06-07
U004807,card_4501_6797655c12,2025-10-21
U004808,card_7989_d5b3581db9,2025-09-27
U004809,upi_cn6zgsus85@paytm,2026-07-06
U004810,upi_idorjs6pfm@ybl,2025-12-02
U004811,upi_u4plcjxxdp@okhdfcbank,2025-12-23
U004812,upi_qkg1zbnzcd@paytm,2025-11-12
U004813,card_9345_4a3d55d6b1,2025-11-19
U004814,upi_u3sjujfema@okaxis,2026-02-17
U004815,card_0842_12210a2ad0,2026-08-15
U004816,upi_cl9kng0a0b@paytm,2026-05-24
U004817,upi_xke9cbhtw2@okhdfcbank,2026-05-09
U004818,card_6492_eacfec9f0f,2026-04-23
U004819,upi_barrfe5tic@okaxis,2026-04-10
U004820,card_9512_578d61218c,2026-03-20
U004821,card_9070_886f5c5428,2026-01-26
U004822,card_6736_e463e517be,2025-11-10
U004823,upi_nuh5qeo4u6@paytm,2026-06-08
U004824,upi_kchi1n1yhu@okhdfcbank,2026-08-22
U004825,upi_sig5tgfc0b@ybl,2025-12-10
U004826,card_0070_80511d3229,2025-09-15
U004827,upi_il0xoaqa9m@oksbi,2026-05-30
U004828,upi_m8fca1fl11@okicici,2026-07-16
U004829,upi_v3ecdfg1ad@ybl,2025-12-08
U004830,card_5722_8c8133597d,2025-09-30
U004831,card_5242_ab0913840e,2025-10-13
U004832,upi_qcgbxvmmfv@okaxis,2025-10-01
U004833,upi_ccezw78qw0@ybl,2025-10-04
U004834,upi_w5u65wcwxd@okicici,2025-10-20
U004835,upi_2nogq0csim@okaxis,2025-09-15
U004836,upi_wb8mdqjwh3@okicici,2025-09-05
U004837,card_6693_6ae2659f0c,2026-02-18
U004838,upi_itpx0dsmsg@oksbi,2026-01-11
U004839,upi_qgt11o81sg@okhdfcbank,2026-08-19
U004840,upi_0p84dn12bf@okhdfcbank,2025-12-04
U004841,upi_d37bht6wv3@okaxis,2025-10-30
U004842,upi_13eujyy2z0@ybl,2026-06-02
U004843,card_2020_50030d53db,2026-08-08
U004844,card_5121_0681e11c12,2026-04-02
U004845,card_1354_712be537a8,2026-07-09
U004846,card_1149_a294a6cdb9,2026-04-06
U004847,card_1668_70acbb5a88,2026-05-12
U004848,upi_l46kqx14c7@oksbi,2026-01-27
U004849,upi_rs4me9eomn@ybl,2026-02-19
U004850,card_9221_631c26d5ae,2026-06-30
U004851,upi_k5czofqrqp@ybl,2025-11-28
U004852,upi_qqfbg1vecz@okicici,2026-06-16
U004853,upi_jvrre2mved@okicici,2025-10-12
U004854,upi_xjj8odpg22@okhdfcbank,2025-12-01
U004855,upi_64aam6x82a@okhdfcbank,2025-12-24
U004856,upi_rd49nfce2u@okicici,2025-12-19
U004857,upi_soyoznorqn@okhdfcbank,2026-02-03
U004858,upi_s6dqfktz1r@okhdfcbank,2026-01-31
U004859,card_5617_32133bae57,2026-01-09
U004860,card_0238_e7b7c17fcf,2026-01-04
U004861,upi_9asi0hutrj@ybl,2026-06-09
U004862,card_0765_c0b6358d25,2026-03-12
U004863,upi_jrvxv132i2@oksbi,2026-05-07
U004864,card_5242_12ba1c4e13,2026-05-05
U004865,upi_h0denpcz1j@oksbi,2025-11-09
U004866,upi_8ykhp5nwl8@ybl,2026-01-31
U004867,card_7175_cd53745a62,2026-04-29
U004868,upi_ya013zpb22@oksbi,2025-10-07
U004869,card_3215_cec2670b87,2026-04-08
U004870,card_4738_7e34991c1f,2026-04-11
U004871,upi_kondgrixke@oksbi,2026-03-05
U004872,upi_euyxt0a06p@oksbi,2025-09-22
U004873,upi_fszl53i4ey@okaxis,2026-07-24
U004874,upi_2z1ozm8ea5@okaxis,2025-11-23
U004875,upi_hbj7kolduq@ybl,2026-04-24
U004876,card_9184_4cb4008dc3,2026-08-05
U004877,upi_jfzwfa4if6@okicici,2026-03-17
U004878,upi_8n21otiwmg@ybl,2026-06-22
U004879,card_7057_93d9139a50,2026-01-03
U004880,upi_1upyn5c29s@okhdfcbank,2025-12-25
U004881,card_9823_86d9ab7a93,2025-12-01
U004882,upi_ccux4e4x5x@okhdfcbank,2026-06-01
U004883,card_8389_16b2cb2dab,2026-01-01
U004884,upi_miwq0azwev@ybl,2026-05-16
U004885,card_5061_06f6d7428b,2026-08-03
U004886,upi_yzlrmob1x3@okicici,2026-02-22
U004887,card_2318_a3d7425b83,2026-08-22
U004888,card_3318_f297f94c85,2025-11-17
U004889,card_1935_1479ffc90f,2025-12-19
U004890,card_2308_8a4309d68d,2026-07-30
U004891,card_5773_504ebe543c,2025-11-20
U004892,upi_8m278vzeho@okicici,2026-01-29
U004893,upi_uqma4sy70a@okicici,2025-09-09
U004894,upi_bbn9dqe2rd@okhdfcbank,2026-03-03
U004895,card_1066_63f4d09fc0,2026-04-15
U004896,card_7485_3fe92e82d8,2025-10-02
U004897,upi_84rgx3u42q@okicici,2025-11-08
U004898,upi_00020etxe4@okhdfcbank,2026-01-27
U004899,card_0059_1eaf1ee050,2026-05-01
U004900,upi_zv9kax85bd@okicici,2025-12-24
U004901,upi_db11pi7lwt@ybl,2025-09-04
U004902,card_8217_4a0ac710f8,2026-01-08
U004903,card_1737_d717d2e301,2026-01-17
U004904,upi_ifpnuk2xcn@okaxis,2026-08-08
U004905,card_5287_c8eee9787c,2026-07-03
U004906,upi_zcsir1ev5d@oksbi,2025-12-18
U004907,upi_mfiqu2kf88@oksbi,2026-06-09
U004908,card_6733_b2ed91bb2c,2026-08-11
U004909,card_6094_2d15b1bc00,2025-11-22
U004910,card_9605_0e17f9afb4,2026-08-15
U004911,card_4640_02f3f6c3db,2025-12-27
U004912,card_2507_32489b3cdf,2025-10-29
U004913,upi_51v99s5jq5@okaxis,2026-08-19
U004914,upi_beyblh8dfv@oksbi,2026-08-14
U004915,upi_29aj1zo8oz@paytm,2026-07-12
U004916,upi_jez3dornde@okicici,2025-09-25
U004917,upi_ux1pwxh4mp@paytm,2025-12-03
U004918,card_9870_9816e21e94,2026-06-06
U004919,upi_67otntr8ms@oksbi,2026-02-01
U004920,upi_i7jfvshapa@okicici,2026-05-02
U004921,upi_yt1o3lb4r5@okaxis,2025-09-13
U004922,upi_oi4yzn0ag7@ybl,2026-08-20
U004923,card_5495_ab9cc595d6,2025-12-25
U004924,upi_c2n0wnzod6@oksbi,2025-11-30
U004925,card_7122_5cd410dcd9,2026-06-21
U004926,card_5093_42a8c65ba2,2026-08-26
U004927,card_9312_30ab8cb43f,2025-11-19
U004928,upi_2807zr4m9y@okhdfcbank,2026-02-01
U004929,upi_44a06sgy6m@okhdfcbank,2026-04-22
U004930,upi_nnjujlayc4@okaxis,2026-01-19
U004931,upi_q6hv0htv0j@paytm,2025-12-06
U004932,upi_th0ihaig4p@paytm,2026-01-09
U004933,card_9610_fbf9f19f1d,2025-11-23
U004934,card_6000_1428435f25,2026-08-14
U004935,upi_8kkwmo8e12@okhdfcbank,2026-08-05
U004936,card_3412_25b85723d5,2026-05-07
U004937,card_9540_3f08846528,2025-12-07
U004938,card_7028_a069e86b3b,2025-11-17
U004939,upi_y0y63duoet@okicici,2026-06-29
U004940,upi_xf8nq0cmam@okicici,2025-09-01
U004941,upi_kam9e016p2@paytm,2026-05-11
U004942,upi_qz85vxt2z3@okaxis,2025-11-29
U004943,card_0333_3b3a6a5ff2,2026-05-28
U004944,upi_6qjyk6rw23@oksbi,2025-12-24
U004945,upi_exh16how67@okhdfcbank,2025-12-28
U004946,upi_6i9zn4ojq4@okicici,2025-09-27
U004947,card_7195_9eddff7bf1,2026-05-08
U004948,upi_lu1a83aazh@oksbi,2025-10-01
U004949,upi_ea714eo8kj@okaxis,2025-12-18
U004950,upi_wqxuu078an@ybl,2025-11-07
U004951,card_4594_4e1848964b,2026-05-09
U004952,upi_r6u4rxdtec@oksbi,2025-10-10
U004953,card_6203_0c0ef7c960,2025-11-30
U004954,card_9586_4cc8749cc0,2026-04-15
U004955,upi_vajoob8kt6@ybl,2026-03-10
U004956,upi_mj1ukb181i@paytm,2026-06-02
U004957,card_0030_0910f922c5,2025-12-20
U004958,upi_nocleigk5c@okicici,2025-09-08
U004959,upi_nni320cyr2@okicici,2025-12-10
U004960,upi_bqg0jkjtep@okicici,2025-12-19
U004961,upi_divgvfssa3@paytm,2025-12-08
U004962,upi_gxzfmjigpx@okicici,2025-11-14
U004963,card_6929_32c00f8eeb,2026-07-13
U004964,upi_qa8ox8t9uo@ybl,2026-02-07
U004965,upi_pk2pszmv4o@okicici,2026-04-06
U004966,card_7238_da3c77a01e,2026-01-18
U004967,card_4321_69409944cc,2026-01-15
U004968,upi_vwglss245x@oksbi,2025-12-11
U004969,upi_9wsh3qg9wa@okhdfcbank,2026-08-23
U004970,card_8019_a9ca0c3029,2026-03-24
U004971,card_0264_9c0d891841,2026-08-14
U004972,card_0629_589a3c9d7e,2026-02-10
U004973,upi_c9awd272uy@okicici,2026-04-18
U004974,upi_sowxw93l28@oksbi,2026-08-17
U004975,upi_d4jx18mh8u@ybl,2026-06-04
U004976,upi_qhvrodhpoj@paytm,2025-10-24
U004977,card_3115_e9877f0b9e,2026-02-20
U004978,upi_d47hxrbvwy@okaxis,2026-02-04
U004979,card_3228_7046017b77,2026-08-15
U004980,upi_igr8a79ubk@okhdfcbank,2026-07-08
U004981,upi_gcjqgclwwh@okhdfcbank,2026-07-20
U004982,upi_p0sacn5w4l@ybl,2026-04-01
U004983,card_2299_e0029251ea,2026-02-17
U004984,card_5749_110bb0cbbc,2026-02-25
U004985,card_7024_1901d17d19,2025-12-23
U004986,card_2603_b185a55387,2025-10-12
U004987,upi_d40nfj3ea5@ybl,2026-07-20
U004988,card_8091_d7187958d6,2026-02-25
U004989,card_2746_f398c3d75a,2025-11-02
U004990,upi_z0h1jfksu9@ybl,2025-09-27
U004991,card_7582_4842b663e8,2026-01-26
U004992,card_3716_897075be3b,2026-02-02
U004993,card_6672_283a5534d3,2025-09-05
U004994,upi_mw1gtvabog@okicici,2026-06-22
U004995,upi_f3ohbsv8bo@ybl,2025-11-04
U004996,upi_3kznj9p3nm@oksbi,2026-05-05
U004997,upi_y1y5453f07@okicici,2026-01-20
U004998,card_2795_dbee4b41ee,2026-06-09
U004999,upi_bg5eve92bj@oksbi,2026-01-13
U005000,upi_ixiofve491@paytm,2026-03-09
U005001,upi_gqysbu070r@okaxis,2025-09-06
U005002,card_2644_99340ceb83,2026-07-03
U005003,upi_4xdqck2bqy@okhdfcbank,2026-08-11
U005004,upi_z9yqiuw346@oksbi,2026-01-29
U005005,upi_x5c9epulrf@okicici,2026-08-04
U005006,upi_i2f33lr7it@okhdfcbank,2025-10-19
U005007,card_0093_a160653646,2026-03-23
U005008,upi_0kcfwa1u9p@okaxis,2026-01-07
U005009,card_5448_d6fa6582ec,2025-10-31
U005010,upi_gv5xrje5f0@ybl,2026-08-06
U005011,card_8917_109cd4eb5d,2025-10-25
U005012,upi_ze0cba89lm@paytm,2026-07-11
U005013,card_3921_e46463791e,2025-09-12
U005014,upi_s7uuknk3k9@ybl,2025-09-16
U005015,card_3248_b7b0f6e125,2026-02-06
U005016,upi_zg7xy6wevb@paytm,2026-08-15
U005017,upi_b7bkvjqmc2@okicici,2026-01-25
U005018,upi_k6uea013ze@paytm,2026-07-18
U005019,card_4635_05194bf565,2026-02-16
U005020,upi_0jht7p2rwq@oksbi,2025-10-30
U005021,upi_wlwl3ashzm@okhdfcbank,2025-11-11
U005022,card_9869_9323e700c4,2026-02-01
U005023,card_9196_14c437873b,2026-02-20
U005024,upi_roxv9skurs@ybl,2025-09-22
U005025,upi_0r8nhm0p1n@ybl,2026-07-10
U005026,upi_o93ygxwhi6@okaxis,2026-03-13
U005027,upi_u6prj2i11p@oksbi,2026-05-23
U005028,upi_ys5c4kaluh@paytm,2026-01-09
U005029,upi_bi7ty2ohk3@okaxis,2026-03-13
U005030,card_6283_67e307e4ed,2025-09-06
U005031,card_9753_dc566767ef,2026-01-26
U005032,card_4647_cea456af62,2026-01-14
U005033,card_7283_eb2788099c,2026-04-11
U005034,upi_n9cavtinbd@okicici,2025-10-04
U005035,card_2995_c0f89bd06a,2025-11-15
U005036,card_7280_fbb3c7a0a8,2025-12-08
U005037,card_2861_4e750f79d6,2026-01-24
U005038,card_8106_69b3f0e41a,2026-02-04
U005039,upi_9riowbgta4@oksbi,2025-11-01
U005040,card_4436_fec52e388a,2026-03-02
U005041,upi_84uvc6mfqr@okicici,2025-10-24
U005042,card_3370_527933f4bf,2025-09-09
U005043,upi_ab4g9kqj21@oksbi,2026-07-10
U005044,upi_5mqe229uk8@oksbi,2026-06-23
U005045,card_9814_e0ce146c67,2025-12-29
U005046,upi_3mxdrnymza@ybl,2025-10-29
U005047,card_0607_c0914551c6,2026-04-14
U005048,upi_rztbmn4qv5@ybl,2026-04-25
U005049,upi_469pv9q4ee@okhdfcbank,2025-11-22
U005050,card_5847_242f3178b8,2025-10-09
U005051,upi_0gc9bdjhuo@okicici,2026-07-28
U005052,upi_idx3wgnwr7@okhdfcbank,2026-08-05
U005053,upi_le640mqbtr@okaxis,2026-07-24
U005054,card_1452_8799853551,2026-01-27
U005055,card_7414_eca4caf55c,2026-02-05
U005056,card_7501_b3ece7da24,2025-09-07
U005057,card_8627_58e25ec447,2025-11-01
U005058,upi_fi72v8gqng@oksbi,2026-06-01
U005059,upi_t1fpk65x3g@okaxis,2025-09-20
U005060,upi_5lo28f0lrn@ybl,2026-04-14
U005061,upi_4um6m5lm3j@okhdfcbank,2025-12-13
U005062,card_5802_af5db8641d,2026-04-30
U005063,upi_f38f6wfv4h@okicici,2025-11-23
U005064,card_8351_e09dd8cafb,2025-11-19
U005065,upi_cgyip6esg0@oksbi,2026-01-30
U005066,card_0497_b0de8eca58,2026-01-18
U005067,upi_mgibqg51qr@oksbi,2025-09-14
U005068,card_9716_834eda6276,2025-11-26
U005069,card_3057_af8360bec5,2026-06-27
U005070,upi_crc2m96nz2@oksbi,2025-11-07
U005071,upi_fs71ayec81@ybl,2026-01-13
U005072,upi_1tz9dpnpxc@okhdfcbank,2026-03-29
U005073,card_6285_afa7b9f5b8,2025-11-13
U005074,upi_lwiugoljgz@okicici,2026-05-02
U005075,card_5145_d776ed605c,2026-06-15
U005076,upi_ciey1pn6cj@paytm,2025-12-20
U005077,upi_9e9amx0mpx@paytm,2025-10-26
U005078,card_7819_6e1db80da5,2025-10-14
U005079,card_4536_d6d8db3c2d,2026-08-03
U005080,card_8560_beadd5bb4a,2025-09-18
U005081,card_6144_0fd00a7e16,2025-12-11
U005082,upi_2vji9b1tws@okhdfcbank,2026-03-02
U005083,card_9073_0ac0e7ca3e,2026-06-02
U005084,card_3574_b3f1ee10aa,2026-07-07
U005085,upi_jlfwgio93z@okaxis,2026-04-26
U005086,upi_sodamiy5p4@paytm,2026-03-16
U005087,card_8747_ae1517df12,2026-06-21
U005088,upi_03j6ebnjgn@okhdfcbank,2026-04-11
U005089,upi_regz8cc358@okaxis,2026-05-25
U005090,upi_axt54vsgcz@paytm,2026-08-01
U005091,upi_z6nf9qoey6@oksbi,2026-03-04
U005092,upi_5fki5njntp@ybl,2025-11-26
U005093,card_0532_61bfd64e69,2025-11-28
U005094,upi_3dwcgx71aa@okhdfcbank,2026-05-05
U005095,upi_kop63i153y@paytm,2025-12-02
U005096,upi_njihcpoxie@okicici,2026-04-16
U005097,upi_jruoni87qh@oksbi,2026-02-18
U005098,upi_neudjoh692@okaxis,2026-03-02
U005099,card_1632_37def18d77,2026-07-22
U005100,upi_hsmc7v101h@okaxis,2026-05-08
U005101,upi_zo4b7h3gp1@ybl,2026-02-02
U005102,upi_atsfealysg@okaxis,2026-01-10
U005103,upi_iiu6o3on36@okaxis,2026-03-06
U005104,card_3613_34efd3c855,2025-12-08
U005105,card_5210_7ddee2b15b,2026-08-06
U005106,card_9595_bbcdecdec5,2025-10-07
U005107,upi_68dm0kcm8n@ybl,2025-09-26
U005108,card_4386_308304d853,2026-08-17
U005109,card_3401_b6649c2843,2025-10-17
U005110,upi_uy5mkcpqa4@ybl,2026-04-08
U005111,card_9158_5c634bddce,2026-06-03
U005112,card_5296_d159bf08df,2026-07-29
U005113,upi_wpbcfez5jc@paytm,2026-06-18
U005114,upi_gejkw4x1xz@okicici,2025-11-11
U005115,upi_qcaeh5djn6@paytm,2025-11-24
U005116,upi_kigrqiwbm0@paytm,2026-02-26
U005117,upi_1mvi9xx8da@okaxis,2026-02-17
U005118,upi_u5tyesn5p0@ybl,2026-04-12
U005119,card_4599_9053aea23b,2025-10-10
U005120,card_6773_94fe30bb95,2025-09-23
U005121,upi_ld5poaw3g8@ybl,2026-04-02
U005122,upi_crkmtkw4nd@okaxis,2025-10-29
U005123,upi_0f8ylyl9ce@paytm,2025-09-16
U005124,card_4290_8e14367837,2026-01-20
U005125,card_8838_49f349646b,2025-12-26
U005126,upi_h0h9x0tiq7@okaxis,2025-09-08
U005127,upi_q8yxjwln27@okaxis,2026-04-25
U005128,upi_wjudtqy1f4@paytm,2026-06-14
U005129,card_3936_67f607edef,2026-08-13
U005130,upi_67r7p6bqsz@okaxis,2026-03-21
U005131,upi_erzvakhkak@okicici,2026-03-10
U005132,card_9730_f2078656ce,2026-03-17
U005133,upi_mjc4dhpo2q@paytm,2025-09-03
U005134,upi_1te7do83pt@oksbi,2026-03-09
U005135,card_7109_50cb8e381c,2026-07-14
U005136,upi_kd6hglqve4@paytm,2025-10-30
U005137,upi_qu76xfzb2p@paytm,2025-10-22
U005138,upi_qwboj214e0@ybl,2026-05-01
U005139,upi_kcw7xspnq6@okicici,2025-11-13
U005140,upi_b2xnl5ace3@oksbi,2026-06-20
U005141,card_3029_a7c5baef32,2025-09-13
U005142,card_4267_8369e6edd6,2026-05-15
U005143,upi_iyglt0e62z@okicici,2026-07-08
U005144,card_7894_ab1bef210d,2026-03-01
U005145,upi_wtblj2dnqs@okicici,2025-12-19
U005146,upi_lq7f9m12bx@okhdfcbank,2026-05-06
U005147,upi_09n39zog0u@ybl,2025-09-04
U005148,upi_ud9ww7cxsr@okicici,2025-09-01
U005149,card_2842_6e2ea345dd,2026-02-06
U005150,upi_w11hwj8zo1@okhdfcbank,2026-04-28
U005151,upi_7cobivle10@ybl,2026-03-22
U005152,upi_wa42z2ug0d@okhdfcbank,2025-12-31
U005153,upi_4gd0icbpk7@paytm,2025-11-24
U005154,card_3860_b80e1a1288,2026-04-07
U005155,upi_5et5hisl0v@okicici,2026-02-12
U005156,upi_jwsms2jz5r@okicici,2026-03-11
U005157,upi_3cjnl7znkd@paytm,2026-05-12
U005158,upi_uqbh29f0v2@okhdfcbank,2026-07-13
U005159,upi_6x0dmmuktf@okicici,2025-10-29
U005160,upi_orf15praqc@paytm,2026-02-03
U005161,card_2771_700a76cf84,2025-10-21
U005162,card_7317_e57e835b21,2026-06-17
U005163,upi_gyjpxusvhl@okicici,2026-08-18
U005164,upi_53q1qk1z3k@okaxis,2025-09-18
U005165,upi_s1w7ofn9ft@okaxis,2026-06-23
U005166,card_1760_a32367c492,2026-07-30
U005167,card_2358_bab1a60969,2026-05-30
U005168,card_1052_e9d359593f,2026-07-08
U005169,upi_95cdb9og7t@okhdfcbank,2026-07-16
U005170,upi_tup1g4ios4@oksbi,2025-09-15
U005171,card_6051_edf149ed18,2025-11-23
U005172,upi_d0a6m0lrje@okhdfcbank,2026-04-24
U005173,upi_2iwy46nedd@paytm,2026-05-01
U005174,card_0975_8522bbebe2,2026-05-10
U005175,upi_pmftur38yy@paytm,2026-08-11
U005176,card_8714_46fb260c7b,2026-07-05
U005177,upi_i1jz808zu4@okicici,2026-06-18
U005178,upi_pehco5c84a@paytm,2026-05-14
U005179,upi_nntyrk03ac@okaxis,2025-10-23
U005180,upi_676re0hxdt@paytm,2026-03-15
U005181,upi_56ebcspsjs@okhdfcbank,2026-01-12
U005182,upi_wt8ai3ifq4@ybl,2026-04-24
U005183,card_2199_806d64edaf,2026-07-07
U005184,upi_5j3cmvhfbt@okhdfcbank,2026-06-02
U005185,upi_pa4drpwz7c@okaxis,2025-10-24
U005186,card_0757_fe19ba6043,2026-05-16
U005187,upi_7ion6kk5pa@ybl,2026-04-04
U005188,card_4352_4a91b66a95,2025-11-03
U005189,upi_cnpr61fj73@okhdfcbank,2025-10-05
U005190,upi_wtjsqpsngt@okaxis,2026-05-03
U005191,upi_sy0bu5w7v0@okaxis,2026-06-05
U005192,upi_j62m23pek1@paytm,2026-06-09
U005193,card_8755_af46405b71,2026-01-20
U005194,upi_sr5qoo6rp9@okhdfcbank,2026-07-29
U005195,upi_8tta6g2g9c@okicici,2025-11-16
U005196,card_3179_31afd87776,2025-12-10
U005197,card_6831_25b8ef3782,2026-01-21
U005198,card_4317_15ccabbba0,2026-05-29
U005199,card_7555_9804b36f10,2026-02-14
U005200,card_2646_577725a460,2026-07-02
U005201,upi_6a3fy3pwip@oksbi,2025-12-07
U005202,card_5930_c36205221a,2026-01-25
U005203,card_3527_a5ce4ea842,2025-10-25
U005204,upi_7klymt3rbt@ybl,2026-05-20
U005205,upi_ock6n262ic@okhdfcbank,2026-03-27
U005206,upi_lbwp4emfpd@okaxis,2025-09-07
U005207,card_4461_f1de245832,2026-03-06
U005208,upi_srcv161ah4@okaxis,2026-08-13
U005209,card_8162_e4fee94aa6,2026-05-11
U005210,upi_rr0pnmweux@okaxis,2025-12-21
U005211,card_4415_37d9e5893f,2026-01-31
U005212,card_0312_671e872c01,2025-10-19
U005213,upi_jt9a8hu3d0@paytm,2026-06-07
U005214,upi_5sgrh35qt2@okicici,2026-04-15
U005215,upi_qbcpe1066h@ybl,2025-10-09
U005216,card_3798_d859fc6377,2025-12-26
U005217,upi_8qlek2k3z6@oksbi,2026-01-01
U005218,card_3873_155bd828bf,2026-05-22
U005219,card_7637_f59925805c,2026-07-05
U005220,card_6262_88a9654d62,2026-06-13
U005221,card_2796_5ea6b01039,2025-12-19
U005222,card_4567_b5df90ded7,2026-08-12
U005223,card_9243_028c65018a,2025-10-01
U005224,upi_bo2eszhblt@paytm,2026-04-19
U005225,upi_zdf5nzn7u0@oksbi,2025-09-02
U005226,card_4732_dcb5c87e2c,2026-06-13
U005227,upi_o4rnjm3kzg@okicici,2026-03-10
U005228,card_2534_c71f956957,2026-05-05
U005229,upi_fjen8c7ko9@paytm,2025-12-03
U005230,upi_9pprinln5m@okaxis,2026-01-19
U005231,upi_3s2w0sukye@oksbi,2025-11-17
U005232,upi_o4tq01sr6h@okaxis,2026-03-27
U005233,card_6661_f0716e1524,2026-04-13
U005234,card_9500_4d1be4f40d,2025-10-24
U005235,upi_0qj4uarln2@oksbi,2025-10-11
U005236,upi_r0ei0d5yow@okaxis,2025-11-03
U005237,upi_9sfkih98kx@ybl,2026-08-24
U005238,upi_6kkgq9s2y9@okaxis,2026-05-31
U005239,card_6190_0c7f8ad883,2026-07-17
U005240,card_6823_d144fb13e5,2026-01-31
U005241,upi_6gs6st5k05@okaxis,2025-11-24
U005242,upi_j5hiqfab8k@paytm,2026-06-09
U005243,upi_c2s4ekz8rq@okaxis,2025-10-25
U005244,upi_j2dubdhcjw@okhdfcbank,2025-10-02
U005245,card_3427_09f0adfd1b,2026-02-15
U005246,upi_dxcyu62ibq@okhdfcbank,2026-01-06
U005247,card_3514_8760ae92a9,2026-07-02
U005248,card_0076_d30166e294,2026-05-16
U005249,upi_85m8ux2apl@oksbi,2026-02-02
U005250,card_2532_9b71a9ac86,2025-12-18
U005251,card_0917_dae7b6b16a,2026-05-03
U005252,card_0605_f48c943ecf,2026-02-21
U005253,upi_ml8nlbvrdt@okaxis,2026-03-08
U005254,upi_3l92dc0dw0@oksbi,2025-12-17
U005255,upi_jta75skovl@okicici,2026-07-19
U005256,upi_maqp24qoy8@okicici,2025-09-18
U005257,upi_yhpo48nrxx@okhdfcbank,2026-01-22
U005258,upi_8uum5gxve5@okicici,2025-12-05
U005259,upi_u6s4l7gzwh@okhdfcbank,2025-12-12
U005260,upi_l6pw83bci1@okicici,2025-12-17
U005261,upi_hdz7ou79sz@paytm,2026-06-02
U005262,card_8147_9bc3ce96c4,2025-11-24
U005263,upi_ejn0wkputw@okicici,2025-11-20
U005264,card_9923_ca046ccdaa,2025-11-05
U005265,upi_vh12r5aef3@okhdfcbank,2025-09-09
U005266,upi_sutkak391j@okhdfcbank,2026-04-29
U005267,upi_sup8amsgms@okhdfcbank,2025-12-23
U005268,upi_as2s0eldst@paytm,2026-06-05
U005269,upi_3c3d3y50pl@okaxis,2025-11-23
U005270,card_4925_9eaebfea5b,2025-10-29
U005271,upi_6cp6k0k22p@okaxis,2026-01-07
U005272,upi_oaf5gxy3za@okaxis,2026-02-03
U005273,card_3943_3b0700d2ff,2026-03-28
U005274,upi_6h0jledwoa@okicici,2025-09-09
U005275,upi_q3o89gatdu@okicici,2026-06-23
U005276,upi_bj4vcsr1nk@ybl,2026-08-09
U005277,card_0086_0552b38ce6,2026-07-13
U005278,upi_b1a8nz2xei@oksbi,2026-05-09
U005279,upi_uwch9zvues@oksbi,2026-03-24
U005280,card_4084_d24d1041d3,2026-01-11
U005281,card_7455_1262060f60,2026-03-13
U005282,card_6815_5e4fbbbc70,2025-11-16
U005283,upi_rq8nh7grfd@ybl,2026-06-02
U005284,upi_pmh5m5oqfp@ybl,2026-07-23
U005285,card_4444_3034beb7ae,2025-10-11
U005286,upi_au3xo3uboo@okicici,2026-07-21
U005287,upi_ykdwa40gw9@okicici,2026-07-08
U005288,upi_8vm9kh9nsf@paytm,2025-12-07
U005289,upi_ia40ny89tj@okicici,2025-12-21
U005290,card_5167_cdce52c383,2026-03-16
U005291,card_8616_7c41d889ff,2025-10-09
U005292,card_9176_058ff04a98,2025-09-05
U005293,upi_ekgdoktbla@okaxis,2026-08-03
U005294,card_3626_0ee7dd52e8,2026-03-28
U005295,card_4171_7167955cff,2026-07-24
U005296,upi_g00akutucr@ybl,2025-10-01
U005297,upi_i6eq4y8pds@okaxis,2026-01-09
U005298,card_7395_7446a65a40,2026-01-28
U005299,upi_w6qc5adh06@oksbi,2026-02-14
U005300,upi_o35vwswvbu@okaxis,2025-12-09
U005301,card_3069_be572fccaf,2026-07-12
U005302,upi_hzf1g4rcit@oksbi,2026-06-17
U005303,card_2666_78bf8b1d02,2026-03-13
U005304,card_1066_47118f00ed,2026-06-09
U005305,upi_1gwuegf4c9@paytm,2025-10-15
U005306,upi_957s9eajo9@okhdfcbank,2025-11-04
U005307,upi_45ov9xebw3@okicici,2026-02-05
U005308,card_2479_cc7434810d,2026-06-09
U005309,upi_l04cyn2jfn@oksbi,2026-07-14
U005310,card_1974_a327f009c2,2026-01-23
U005311,upi_35ah9icin5@oksbi,2026-04-28
U005312,card_4732_480fb8d0af,2025-10-26
U005313,card_8762_85a1470290,2026-02-04
U005314,upi_ucqvsnz5ny@okhdfcbank,2026-01-24
U005315,upi_bws7vfqlma@ybl,2025-11-05
U005316,upi_u362e8w6ug@paytm,2026-07-11
U005317,upi_g8scvx4qyu@oksbi,2026-06-02
U005318,upi_hf5y6en637@ybl,2025-09-05
U005319,card_7825_a9fd6b276e,2026-03-18
U005320,upi_82rvbvzcnm@oksbi,2026-03-24
U005321,upi_5ahb2ckakd@paytm,2026-03-06
U005322,upi_1u0xbrsfdg@oksbi,2025-11-06
U005323,upi_ahbyuacy5g@okaxis,2025-10-28
U005324,card_5784_01bfe64d9d,2026-05-09
U005325,upi_whv6itzwu4@oksbi,2025-09-23
U005326,upi_wj03ex940g@okhdfcbank,2026-04-10
U005327,card_7082_a21b13e94a,2025-11-19
U005328,card_5217_2a4cb80090,2026-07-03
U005329,upi_v7twkbr0uv@oksbi,2025-10-13
U005330,card_5944_6e310f9c6c,2026-02-22
U005331,upi_srwtnjj9xo@okicici,2026-06-08
U005332,upi_8acp8t28jb@oksbi,2026-04-29
U005333,upi_mf2ikf99el@okicici,2026-02-05
U005334,upi_fb07hduwjx@okhdfcbank,2026-08-07
U005335,upi_6yvu6kygor@ybl,2026-08-13
U005336,upi_hsd6d7b2bo@paytm,2026-02-25
U005337,card_3066_1aa6e2ea4a,2026-03-13
U005338,upi_ayykprj79h@okaxis,2026-02-11
U005339,upi_l8puoaft6d@okicici,2025-10-16
U005340,card_6465_c9812e699b,2026-01-31
U005341,upi_zp9xueszvz@paytm,2025-11-16
U005342,upi_57cgaxqsy5@okaxis,2026-08-26
U005343,card_0379_8aa9f46698,2026-01-16
U005344,upi_lj36x8u5so@oksbi,2025-11-15
U005345,upi_53sn5mbnw2@oksbi,2026-03-28
U005346,card_3096_e33e5ca8a1,2025-11-17
U005347,upi_vvz0ln04pr@okaxis,2026-08-18
U005348,card_1490_8a4c0dd6e6,2025-09-15
U005349,upi_s84yp8jpxo@okaxis,2025-12-06
U005350,card_8026_ecc68fbdfd,2026-06-29
U005351,upi_2do92rl7zn@okhdfcbank,2026-07-12
U005352,card_8385_2ff8ce7c90,2025-12-07
U005353,card_8608_45b0101a59,2026-01-03
U005354,upi_7iav6ez8hf@okhdfcbank,2025-12-18
U005355,upi_cn9zikryl1@okhdfcbank,2025-12-24
U005356,card_7154_54aa9bb6d6,2025-09-04
U005357,card_6163_c172d9cf2f,2026-05-03
U005358,upi_tp7avq5j46@okicici,2025-10-16
U005359,upi_ubpey3tym1@okaxis,2026-01-04
U005360,upi_vmiisdboyc@paytm,2026-04-01
U005361,upi_k9nf93z8jn@okhdfcbank,2025-11-27
U005362,upi_j59vszokxv@okicici,2026-04-10
U005363,upi_82xu68kupe@ybl,2026-03-03
U005364,upi_30le9msecy@ybl,2025-12-14
U005365,upi_a5ip14iiso@okaxis,2025-12-25
U005366,card_9034_0fb5abc418,2026-02-20
U005367,upi_hi1tyxaq21@paytm,2025-11-06
U005368,card_6270_9fa6199737,2025-11-27
U005369,card_1175_84f789b9a8,2026-04-22
U005370,card_8163_7904bf927b,2026-06-11
U005371,upi_uxmultz74i@paytm,2026-05-31
U005372,upi_dy5y9jztfv@oksbi,2025-09-13
U005373,card_7788_edbe63704e,2026-07-11
U005374,upi_q55mqwajp6@ybl,2025-11-21
U005375,card_0546_baefcbb67d,2025-12-12
U005376,upi_2t99droybk@okicici,2026-02-27
U005377,card_0093_dbfa372dc6,2026-04-07
U005378,upi_ycuq5h1t7l@okicici,2025-10-03
U005379,upi_png9orbs5g@ybl,2025-12-05
U005380,card_3573_a67a4834a5,2026-03-17
U005381,card_1046_d3776564e8,2026-08-06
U005382,card_5579_67811c647a,2026-08-01
U005383,card_6118_9310436dc2,2025-09-01
U005384,upi_dr60nuho3e@okhdfcbank,2026-05-27
U005385,card_0636_6451900bee,2026-06-14
U005386,card_1665_11c5a6acd6,2026-05-28
U005387,upi_avirzokw00@ybl,2026-07-20
U005388,upi_fl3bl0s7vp@paytm,2025-09-12
U005389,upi_40361437ei@ybl,2025-11-12
U005390,card_5947_31db8bf29b,2025-09-06
U005391,card_3902_78a90e4f65,2025-09-23
U005392,upi_iv4dig3xl3@okhdfcbank,2025-12-28
U005393,upi_90shtwxw2d@oksbi,2025-09-18
U005394,upi_s2b408hgdo@okhdfcbank,2025-10-10
U005395,upi_k3b9ko6a1h@okhdfcbank,2026-03-08
U005396,card_0783_42ae819e63,2026-05-15
U005397,upi_5rfj22qdgn@okhdfcbank,2025-10-30
U005398,upi_8e3qd6v18j@paytm,2026-01-09
U005399,upi_ohsptpke0u@oksbi,2026-01-21
U005400,upi_so3vm4cwh8@oksbi,2026-06-04
U005401,upi_bvoh6eh4un@okhdfcbank,2026-02-07
U005402,upi_xniwc2jaqq@okaxis,2025-11-27
U005403,upi_hxe508rrl8@okicici,2026-08-26
U005404,card_4340_18bd6916d4,2026-06-09
U005405,upi_acqexqjtzr@oksbi,2025-09-01
U005406,upi_vwqe537q9r@okicici,2026-03-05
U005407,card_2626_4992b6870d,2025-09-03
U005408,upi_yr5shbkfy6@okaxis,2026-04-12
U005409,card_9017_223658aee5,2026-04-14
U005410,upi_3c3n656vxj@paytm,2025-12-15
U005411,upi_xk36d87c08@paytm,2026-04-23
U005412,upi_9y2v34pdhu@okhdfcbank,2026-03-25
U005413,upi_j2rz3c99vy@okhdfcbank,2026-04-28
U005414,card_8104_0c7cd42fa3,2025-12-18
U005415,upi_tu723sgq5c@paytm,2026-01-03
U005416,upi_r7txb86gj6@paytm,2026-08-08
U005417,card_7035_21b6ec0ea2,2026-07-22
U005418,card_7825_9080e0d3ad,2026-08-13
U005419,upi_5yfuku5pqa@ybl,2025-10-04
U005420,card_4468_0ff8e2c959,2025-10-16
U005421,upi_y59ttzu5ec@okhdfcbank,2026-01-21
U005422,upi_efv4u7ej0h@oksbi,2026-06-25
U005423,card_7471_a6d809cb6e,2025-11-25
U005424,upi_3jvkn7al6g@paytm,2026-07-14
U005425,upi_w87c8rqq6q@okaxis,2026-07-27
U005426,card_9490_ed8a21471c,2026-04-20
U005427,upi_10a5z2tesy@paytm,2026-04-23
U005428,upi_uy896dusoy@okhdfcbank,2026-07-17
U005429,card_0618_0ea494b3be,2026-06-30
U005430,card_5848_067cdc80d6,2026-01-27
U005431,card_5921_f2ff4bda2e,2026-08-01
U005432,upi_fin9o5i66j@okhdfcbank,2026-03-15
U005433,upi_n816mwx3z6@okhdfcbank,2026-01-10
U005434,upi_gaqwbfppkb@okicici,2025-12-29
U005435,upi_8dqklm7frn@okaxis,2026-07-02
U005436,card_9348_e9bcc6d213,2025-11-28
U005437,upi_ptnbd2cgc6@okhdfcbank,2026-02-23
U005438,upi_uq1uw6anns@okicici,2025-11-13
U005439,card_5676_956e7af1d0,2026-03-19
U005440,card_8277_d543639296,2025-12-27
U005441,upi_8rsh5k5oha@oksbi,2026-02-01
U005442,card_8064_5df4aaa8fb,2026-01-07
U005443,upi_5txelh9hjq@okaxis,2025-12-07
U005444,upi_xolkisppyq@okaxis,2026-02-21
U005445,card_4567_98e9d7353d,2026-06-02
U005446,card_1576_1f040fbd4d,2025-11-11
U005447,upi_50pbxx0wdr@paytm,2026-04-19
U005448,upi_7v76dt09xj@okhdfcbank,2025-11-01
U005449,card_6103_ac81ee9680,2025-10-31
U005450,upi_r5zbipkrt4@paytm,2025-11-05
U005451,upi_su79hjoit9@oksbi,2026-08-14
U005452,upi_94s8wbmftk@okhdfcbank,2026-06-15
U005453,upi_ropdxv04xx@okhdfcbank,2025-11-17
U005454,upi_eqfmefkb7i@ybl,2026-02-22
U005455,upi_wys82g79te@oksbi,2026-02-14
U005456,card_0961_fb06845d6e,2025-11-21
U005457,upi_zt9kc147ho@okicici,2025-11-17
U005458,upi_rmlv5q3pl1@oksbi,2025-12-03
U005459,upi_skoyvwu2ks@paytm,2025-12-21
U005460,card_2722_9e5999b1fc,2026-02-11
U005461,card_5678_a080ed881d,2026-01-26
U005462,upi_5876vsf4nx@oksbi,2026-03-07
U005463,card_6216_75c3ba3a3e,2026-02-01
U005464,upi_o2zhptls0t@paytm,2026-02-09
U005465,card_1204_f700b762cd,2026-06-01
U005466,card_0060_2830579eb7,2025-11-08
U005467,upi_143d1bgltt@paytm,2026-05-30
U005468,card_3641_c52d63ffe3,2025-11-03
U005469,upi_9bue3kaidn@okicici,2025-12-03
U005470,card_9476_192c91ee4a,2026-07-06
U005471,upi_7qwtcun342@okhdfcbank,2026-04-24
U005472,upi_xbffy29tna@okaxis,2026-08-02
U005473,card_3746_6b2c9d8b6c,2025-11-02
U005474,upi_y3cwwzct2m@paytm,2026-02-20
U005475,card_1994_9780018eda,2026-05-09
U005476,upi_ejganob3gr@oksbi,2025-09-03
U005477,upi_ierpw7v6dj@paytm,2026-07-22
U005478,card_1994_24d7f603f6,2025-10-11
U005479,upi_oy421qh03k@oksbi,2026-08-03
U005480,upi_gzhk6yb2sh@okaxis,2025-09-09
U005481,upi_zgq1hzf6mf@okicici,2026-05-20
U005482,upi_so1784kivj@oksbi,2026-04-19
U005483,upi_y3flkxajji@okicici,2025-11-20
U005484,upi_r90we3qmyx@okhdfcbank,2026-02-17
U005485,upi_24mousybkp@okaxis,2026-03-24
U005486,upi_djv13ram5l@ybl,2026-06-10
U005487,upi_h3uy0sanwf@ybl,2026-03-06
U005488,card_7625_d429422f58,2026-06-26
U005489,upi_eip3u3uswf@ybl,2025-11-06
U005490,card_6020_62c428d1da,2026-03-22
U005491,card_8138_8bc0d298c8,2025-09-18
U005492,upi_3g7l0lpqar@ybl,2026-07-03
U005493,upi_njtwfyff95@okaxis,2026-02-17
U005494,upi_0vbrh2aybx@paytm,2026-06-23
U005495,upi_dafdj2clhs@okaxis,2026-06-28
U005496,upi_0qea6s7sij@oksbi,2026-02-01
U005497,upi_t5iiw0ob3e@ybl,2025-09-02
U005498,upi_91ygf8k1nh@okaxis,2026-06-19
U005499,upi_rwu2fyitk0@paytm,2026-04-29
U005500,card_2026_a6efdbd99d,2026-07-18
U005501,card_5660_ae083e79b2,2026-01-26
U005502,card_0669_8f0f8a9d9e,2026-05-12
U005503,upi_hlu4476x0r@oksbi,2026-07-03
U005504,upi_o2hbgnnv9h@ybl,2026-02-06
U005505,upi_yc9me6ep03@ybl,2025-10-30
U005506,upi_c7jjul9q0y@paytm,2026-01-27
U005507,upi_l3ufqmxfch@ybl,2026-01-04
U005508,upi_ilmbgtwdme@ybl,2026-04-20
U005509,upi_zuwh92bcx3@okicici,2025-12-20
U005510,card_3264_678f59ad99,2026-04-16
U005511,upi_yrvijkpqt2@ybl,2025-11-27
U005512,upi_3amuw3id5h@oksbi,2026-03-05
U005513,card_4169_a1b65e6bf9,2026-05-19
U005514,card_1977_8aad6c0393,2026-02-03
U005515,upi_6vinjaqjzc@okaxis,2025-09-19
U005516,card_1981_61d3662998,2026-06-21
U005517,upi_eadgwojvre@okhdfcbank,2026-01-12
U005518,upi_kks9pu21x9@oksbi,2026-04-22
U005519,upi_5yg2dzyle5@paytm,2025-12-29
U005520,card_3157_c8c0c67607,2025-10-13
U005521,card_6724_a86ecd3448,2025-12-23
U005522,card_3046_5691f9e458,2025-10-01
U005523,card_9285_378c42e5e2,2026-02-15
U005524,card_6007_402580d92b,2026-08-02
U005525,card_1639_89d0722090,2026-07-10
U005526,card_6241_11008d0faa,2026-07-06
U005527,card_3084_18f63be3e8,2025-10-24
U005528,card_2992_1337d4fa20,2026-03-04
U005529,upi_5jr0ezk74s@ybl,2026-03-10
U005530,card_9206_b775e5a4c2,2026-06-02
U005531,upi_va0v5wzuy7@ybl,2026-01-28
U005532,card_9551_5fa82bcd31,2025-10-09
U005533,upi_jbadxcmhlm@okicici,2025-12-05
U005534,card_0995_69c1191455,2026-07-03
U005535,card_1058_a7218cd23d,2025-12-18
U005536,upi_d1rbgf17f3@okaxis,2026-06-09
U005537,card_8182_4df2848553,2026-01-25
U005538,card_9218_f0575007c2,2026-02-20
U005539,upi_m5c4ku81fe@okicici,2026-03-22
U005540,upi_l1l9smufhb@okicici,2026-08-09
U005541,upi_arqc3nysyk@okaxis,2026-03-20
U005542,upi_la84sg6rix@okaxis,2026-03-22
U005543,upi_janro1nesa@okicici,2025-11-22
U005544,card_2940_8e9a833d77,2026-03-22
U005545,upi_x2anywm941@okaxis,2025-12-30
U005546,upi_kldc1p04ag@paytm,2025-09-04
U005547,card_6631_0e0e325512,2026-04-02
U005548,upi_20ifkuzpt0@paytm,2026-08-06
U005549,upi_lpowngcq1y@okicici,2026-04-12
U005550,upi_70i6buyjao@ybl,2026-07-19
U005551,upi_mhwbppkeu7@oksbi,2026-04-16
U005552,upi_v3tcvfc2me@okicici,2025-12-14
U005553,upi_x0sqg33al4@paytm,2026-03-19
U005554,upi_3ze2pbc4pj@ybl,2025-12-13
U005555,upi_oon8d5qdmv@okicici,2026-06-08
U005556,upi_22wtssrit3@okhdfcbank,2025-09-29
U005557,card_7055_7e54d208b0,2026-03-02
U005558,upi_kwwuaf92wz@oksbi,2025-11-02
U005559,upi_91ijlxnftg@oksbi,2026-08-01
U005560,card_6746_c467ffe90c,2025-12-01
U005561,card_4690_3d5284a953,2026-07-15
U005562,upi_54du4qbxfw@okhdfcbank,2026-07-11
U005563,card_4066_f664236f03,2025-12-24
U005564,upi_knbgk50rpo@okhdfcbank,2026-04-30
U005565,card_1187_279ef876fa,2025-09-03
U005566,upi_ek6um1jb9o@okaxis,2026-07-20
U005567,card_1194_47b295c1bf,2025-10-19
U005568,upi_nfzt24fdyg@oksbi,2025-09-11
U005569,upi_8579es0f4r@oksbi,2025-12-29
U005570,upi_khd3pf8n98@oksbi,2026-08-01
U005571,card_7343_7745df6cb4,2025-09-26
U005572,upi_yp6x410122@okhdfcbank,2025-10-06
U005573,card_7403_d301881eba,2025-12-04
U005574,upi_6x2uzfqtgp@paytm,2026-04-25
U005575,upi_ao7xf33uf6@okicici,2026-05-23
U005576,upi_5l2njmtl96@oksbi,2026-02-22
U005577,upi_fcuxsiv6xg@ybl,2025-10-27
U005578,upi_6fl1lbqzl3@ybl,2026-03-06
U005579,upi_ff9dc2i592@oksbi,2026-06-05
U005580,card_3210_6b3d4fdcec,2026-04-04
U005581,card_3157_8fdd553503,2026-07-17
U005582,card_5063_baa3bd828c,2026-02-13
U005583,upi_0aiwc90hvo@okaxis,2025-09-26
U005584,upi_8glf9o2eri@oksbi,2026-02-28
U005585,card_1567_d8aa920dc6,2026-01-31
U005586,upi_1mfqghe7h9@okhdfcbank,2025-11-28
U005587,upi_3x1vb4z3zm@ybl,2025-09-04
U005588,card_1501_65d22965a9,2026-05-15
U005589,upi_s9dlyju65z@okicici,2026-07-30
U005590,card_7319_608b60a239,2026-07-24
U005591,upi_fzyh2p5ouy@paytm,2025-09-13
U005592,upi_nvmtpkyph3@okicici,2026-03-15
U005593,card_9703_dc70d3e946,2025-09-09
U005594,card_5087_2fca26b2f8,2026-04-07
U005595,upi_rvqn8d2ix7@ybl,2025-12-27
U005596,card_7746_4d0f9101c0,2026-05-30
U005597,card_8517_6f884229b3,2026-04-08
U005598,card_1129_dfb2103042,2026-03-25
U005599,upi_jorizb0lo2@okicici,2026-02-23
U005600,card_1279_0c46d8b111,2026-08-08
U005601,upi_vt7xxhelod@okhdfcbank,2026-03-29
U005602,card_1571_cca31c9dc6,2025-11-15
U005603,upi_nf53gtoblp@oksbi,2025-10-09
U005604,card_3931_f358a06117,2025-09-06
U005605,card_0766_bc40172471,2026-03-15
U005606,card_4203_1a8b83d9ab,2026-05-24
U005607,upi_m82x66qt66@okaxis,2025-10-06
U005608,card_4857_3076fb214b,2025-09-30
U005609,card_1532_678802c5d2,2026-02-06
U005610,upi_ui121l3kcz@okhdfcbank,2026-02-10
U005611,upi_p01gu6ju1l@oksbi,2026-05-14
U005612,upi_vyp7sdgrhb@ybl,2026-06-27
U005613,card_5063_24e86cd654,2025-09-05
U005614,card_6802_c2296140db,2026-02-28
U005615,upi_oiyab36c1o@okhdfcbank,2026-04-04
U005616,upi_lyl89amzb7@paytm,2026-06-02
U005617,card_7492_afba3b81c8,2026-08-18
U005618,card_3734_6ac3d151c8,2026-05-12
U005619,upi_t5whhpnxld@paytm,2025-12-28
U005620,upi_mrnf4li6xa@ybl,2026-03-04
U005621,upi_gcspj8ck9n@okhdfcbank,2025-09-14
U005622,upi_wfw4k61l3d@okaxis,2026-07-09
U005623,card_7539_c2ae7822ee,2026-06-28
U005624,upi_41p3wxb3pt@ybl,2026-08-23
U005625,upi_3qkhmsojfz@paytm,2025-10-28
U005626,card_5034_14a6146b69,2025-11-11
U005627,upi_fbsi8vgf2o@oksbi,2026-01-15
U005628,card_7748_564c949174,2025-11-08
U005629,upi_wtmkes027a@oksbi,2026-01-03
U005630,upi_abz8qdb3u5@ybl,2026-08-17
U005631,card_1460_25412903ee,2025-12-06
U005632,upi_udf5h5x2o8@ybl,2025-10-02
U005633,card_0272_0233272ad1,2026-07-12
U005634,card_0048_29106d7f3f,2025-11-05
U005635,upi_k82zgxgzob@okhdfcbank,2025-10-27
U005636,card_8154_2f3914a6a5,2026-07-29
U005637,upi_hrd2dlqon7@ybl,2025-12-17
U005638,card_2216_d092205f46,2026-01-28
U005639,card_2883_b3124d682b,2026-02-26
U005640,upi_50celi7mwb@okhdfcbank,2026-03-14
U005641,upi_5p2514h7ph@okhdfcbank,2026-07-16
U005642,upi_ljwyqjfb6j@okicici,2026-01-11
U005643,card_6007_4624a24e9d,2026-03-01
U005644,card_0817_7404c91208,2026-06-10
U005645,upi_14dp4h6vdm@paytm,2026-01-08
U005646,upi_5e06n3rn0i@okicici,2026-03-24
U005647,upi_6fyu3zdf6z@oksbi,2025-10-12
U005648,upi_4fzqu0fd4j@okhdfcbank,2026-01-16
U005649,card_3668_057ccfbbab,2026-03-20
U005650,card_2463_b3ccd5ae25,2026-07-11
U005651,upi_i638s1rxvj@okhdfcbank,2026-04-17
U005652,upi_mrmqfqjqcx@paytm,2026-07-26
U005653,card_0810_f60343f37a,2026-05-19
U005654,upi_4x390qjcqg@oksbi,2025-10-14
U005655,card_4152_70c2af34b5,2026-07-27
U005656,upi_s1thxrmanl@oksbi,2026-08-03
U005657,card_7979_ba387e4560,2026-05-17
U005658,card_7375_48d3ded092,2025-10-12
U005659,card_3897_37d9a3ac3a,2026-07-19
U005660,upi_0bghcr9pfm@ybl,2025-12-22
U005661,upi_ugs268stug@okhdfcbank,2026-02-07
U005662,card_0718_462c30dcdd,2026-05-13
U005663,card_1233_e4f57c0046,2025-11-20
U005664,upi_l1qs0suyxk@okicici,2026-02-01
U005665,upi_4ybo363ttg@ybl,2025-11-01
U005666,card_3814_08423ce42a,2026-03-27
U005667,card_9326_a7f8b31be4,2026-06-25
U005668,card_9253_beb6ea38de,2025-09-23
U005669,upi_6o26cv36dq@okicici,2025-12-05
U005670,upi_49hry8rxi9@oksbi,2026-01-17
U005671,card_5623_0d2a00a715,2026-08-17
U005672,upi_mt0h7oiz3j@oksbi,2026-03-14
U005673,card_1354_41ad2cab0a,2026-08-22
U005674,upi_h9i08tf26i@oksbi,2026-04-25
U005675,card_4011_2fae0bf511,2026-03-29
U005676,card_6586_fdbf7945ee,2026-01-24
U005677,card_0267_72692321d9,2025-11-26
U005678,upi_om7wqn5qjw@okaxis,2026-01-13
U005679,card_7229_9d0c6a3c53,2026-05-14
U005680,upi_abpxz6fipe@okaxis,2026-03-24
U005681,card_0566_9cb8f20ab7,2026-03-27
U005682,upi_ytwcigtl9u@okicici,2025-12-28
U005683,card_8497_d41791807d,2026-01-27
U005684,upi_vaovk3kbbg@okicici,2026-03-07
U005685,card_1620_1ce9c49b18,2026-03-12
U005686,upi_mj0hchkzzv@oksbi,2025-09-04
U005687,card_9417_a16b25e180,2026-02-15
U005688,card_2903_856d6abe66,2026-03-10
U005689,upi_cox4no3klq@paytm,2025-11-12
U005690,upi_fcp8jgrzem@okaxis,2026-08-12
U005691,card_3885_6fbc09b326,2025-11-10
U005692,card_9371_e5a7004cad,2026-08-03
U005693,upi_8sfwbc84ce@oksbi,2026-03-06
U005694,upi_sfg73na40x@okaxis,2025-09-26
U005695,card_4257_d2572f7380,2026-05-09
U005696,upi_kbf5mmi7eb@ybl,2025-12-16
U005697,upi_b808m9buov@okaxis,2026-04-14
U005698,upi_v5xbdfd59v@okhdfcbank,2026-03-29
U005699,upi_gelbdyoe3u@paytm,2026-05-17
U005700,upi_e4orvc37x5@okaxis,2026-04-20
U005701,card_5555_f9ef4761bf,2026-05-05
U005702,upi_xhgx6cagwh@oksbi,2025-12-31
U005703,card_1225_8ab5da8dca,2025-12-23
U005704,card_9133_48a90e9cde,2025-10-27
U005705,upi_l4ldt0snk9@ybl,2026-05-25
U005706,upi_0f542suvy9@ybl,2025-12-31
U005707,upi_fejuduc7x1@oksbi,2026-07-29
U005708,upi_6axbyk77r0@oksbi,2026-01-04
U005709,upi_oldxtxx3qe@oksbi,2025-11-07
U005710,upi_52psheaka6@okicici,2026-04-12
U005711,upi_cc4lsc3f8u@okaxis,2026-03-14
U005712,upi_we12u99uge@ybl,2026-07-28
U005713,card_9703_37d5938b83,2026-08-07
U005714,card_4423_294191445f,2026-05-20
U005715,card_7218_17439c9bc3,2026-07-08
U005716,card_1917_c087189f45,2025-11-28
U005717,upi_it8emjbbvs@oksbi,2025-11-19
U005718,upi_krsi36j78j@okaxis,2026-06-01
U005719,card_5278_95d9a2ed89,2026-05-02
U005720,upi_n1wapcpcby@ybl,2025-09-30
U005721,upi_m3q36x42js@oksbi,2026-07-27
U005722,upi_2y6xv8ogc4@ybl,2025-09-17
U005723,card_9247_55309c3581,2025-12-17
U005724,card_3025_767597c8ec,2026-07-24
U005725,upi_wsunsc6joz@ybl,2026-05-24
U005726,upi_osaq3pphpo@paytm,2026-04-28
U005727,card_9908_6e15e15722,2026-01-01
U005728,card_2600_9b9d8493ff,2025-12-04
U005729,card_2526_4abef66441,2026-06-24
U005730,upi_4qspd3blg2@okicici,2026-01-06
U005731,upi_9hzvtb6pac@okhdfcbank,2025-10-16
U005732,card_1345_6ddf2412f3,2026-07-19
U005733,card_8583_fe471c19d2,2026-08-01
U005734,upi_zlmrb3gzkb@okaxis,2026-01-13
U005735,upi_bcc85z8ksr@okhdfcbank,2026-08-16
U005736,upi_n046k3wkhd@okicici,2026-01-29
U005737,card_7992_6588b839b6,2026-08-19
U005738,card_6357_9f06ec050b,2026-03-13
U005739,upi_u5dw74ufao@oksbi,2026-02-23
U005740,upi_9v8ak8inb3@paytm,2026-04-25
U005741,upi_g0inj5curk@okhdfcbank,2026-01-11
U005742,upi_ukgf9lkad3@okaxis,2025-10-12
U005743,card_0627_5b500e66ff,2026-01-16
U005744,card_8276_2725c2cd61,2025-11-28
U005745,upi_xtpjhutmki@paytm,2026-06-03
U005746,upi_t9h0p5qnnw@ybl,2025-09-30
U005747,upi_w5ous07n6j@ybl,2026-05-01
U005748,upi_6mdtkj5d4i@paytm,2025-10-11
U005749,card_0109_c514bad281,2025-09-10
U005750,card_1312_72f87acfe5,2026-04-23
U005751,card_4597_4e9b9526a0,2025-09-02
U005752,upi_kavaq9x331@okhdfcbank,2026-03-31
U005753,upi_bo0dwqm681@okicici,2026-05-11
U005754,card_9371_ca4f3e0c06,2026-03-23
U005755,upi_zjzzwiw1rq@okaxis,2026-08-14
U005756,card_6848_d1e2cf3df5,2026-07-16
U005757,card_8539_fc00006890,2026-04-23
U005758,card_6876_3987a5c6e4,2025-12-02
U005759,upi_lsn79cmf1c@okaxis,2026-03-26
U005760,upi_83utgikgah@okaxis,2026-06-14
U005761,card_0318_c17423d3f8,2025-10-09
U005762,upi_sz0auruz0q@okhdfcbank,2026-04-19
U005763,upi_36xc1r8lq9@okhdfcbank,2026-03-21
U005764,card_6907_2fd75d4db5,2026-04-07
U005765,upi_uujrt53ccn@okhdfcbank,2026-03-08
U005766,card_1947_5a5c5a58f3,2025-11-08
U005767,upi_l7cs6rznkg@ybl,2026-03-20
U005768,upi_14ci6iof0f@okaxis,2026-05-18
U005769,card_8716_13ef57cd3e,2026-03-17
U005770,card_1688_c7b06f4c49,2025-12-02
U005771,upi_81946oi4o9@oksbi,2025-11-21
U005772,upi_qhb3lt57u0@okaxis,2025-10-25
U005773,card_1688_9193cbb024,2026-04-16
U005774,card_0052_2471d1e607,2026-01-14
U005775,upi_ij9fz2lrik@ybl,2026-03-08
U005776,upi_252qv2o2iu@okicici,2026-04-16
U005777,card_0762_3295d8983d,2026-02-10
U005778,card_4045_17a4cc7fb3,2026-04-04
U005779,upi_oxk0ft0ty2@okicici,2026-05-02
U005780,card_2783_5a5e274f96,2026-08-17
U005781,upi_m06vw54he2@oksbi,2025-10-03
U005782,upi_st27hw6rdz@paytm,2025-10-11
U005783,upi_kex0qhwzd5@okhdfcbank,2026-06-01
U005784,upi_waehujn0d4@ybl,2025-10-20
U005785,card_9164_0fe37bc222,2026-07-16
U005786,card_5219_c99a57cdc4,2026-07-07
U005787,upi_dvlwk5uykv@ybl,2026-05-01
U005788,card_7409_c498bbab60,2025-11-30
U005789,card_2628_e37ba7b393,2025-09-05
U005790,upi_0lfvpf6ild@paytm,2025-10-05
U005791,card_4043_e27486b8c1,2025-09-10
U005792,upi_n4nkesfy2g@okicici,2026-06-12
U005793,upi_r7tvj0xnj3@okaxis,2026-04-01
U005794,upi_iqz3ab38vd@okicici,2026-05-14
U005795,upi_n3v4wvvbti@oksbi,2025-11-10
U005796,card_3107_baf009fc8b,2026-06-08
U005797,card_6489_9b9ba9335e,2026-01-29
U005798,card_2674_4476f2f5ef,2025-11-06
U005799,upi_hjd4157az1@paytm,2026-03-14
U005800,upi_h2gkqiknlk@okhdfcbank,2026-05-01
U005801,card_2783_7d8352de81,2026-01-12
U005802,upi_a1etm0g7p2@okhdfcbank,2026-03-09
U005803,upi_yiltsm9u6m@paytm,2026-02-03
U005804,card_7101_69508b4992,2026-01-28
U005805,upi_mirfjxlp7b@okhdfcbank,2025-09-07
U005806,upi_q885a4nf7d@okicici,2025-12-24
U005807,upi_zmtunpopl6@okaxis,2026-05-23
U005808,card_9321_9ec34a029c,2026-06-20
U005809,card_4794_61b64aad19,2025-11-26
U005810,card_1493_1b9cc9ab37,2025-09-23
U005811,upi_7oq4vhjx20@okicici,2026-03-04
U005812,upi_7oe7z6960u@paytm,2025-10-15
U005813,upi_f38fd1zvqf@okicici,2026-06-22
U005814,card_1251_b957df85e8,2026-07-22
U005815,upi_bpdimwtbnc@okaxis,2025-10-13
U005816,upi_qfcrp9bl4p@oksbi,2026-04-18
U005817,upi_d8og6o3ndm@oksbi,2026-06-05
U005818,upi_pde4gf6vkh@okicici,2026-05-08
U005819,card_6039_0eb7c746af,2026-01-27
U005820,card_3942_b87edc74a6,2026-01-25
U005821,upi_94q5s324si@okhdfcbank,2026-04-18
U005822,card_6022_feaff2146b,2026-06-18
U005823,card_6160_5436e33a84,2026-05-03
U005824,upi_7dobhe522u@okaxis,2026-07-21
U005825,upi_vrpi3v8c0v@okaxis,2026-03-26
U005826,upi_1pusckk8jh@okhdfcbank,2025-10-11
U005827,card_4192_186a0e86fa,2025-12-05
U005828,upi_8n3cn6wqsq@oksbi,2026-06-14
U005829,upi_99e25zjxqf@okaxis,2025-12-31
U005830,upi_yl1sqq4n0u@okaxis,2026-05-11
U005831,card_7746_e47759404d,2026-03-27
U005832,upi_326m72gbrt@okaxis,2025-09-07
U005833,upi_pajtlkf19d@paytm,2026-08-03
U005834,upi_p9kr4p559v@okaxis,2025-09-07
U005835,upi_avirnwat2e@okaxis,2025-10-31
U005836,card_7740_2d1a23ccb4,2025-10-18
U005837,card_3779_ff0c5644b9,2025-10-25
U005838,card_1165_5d588c4525,2026-06-30
U005839,card_5289_33aeada1cd,2026-04-21
U005840,upi_k3b7vzaglg@okhdfcbank,2026-05-27
U005841,card_9630_91a64f857d,2026-06-15
U005842,card_9932_c629505c6e,2026-05-08
U005843,upi_sofeg9had6@okicici,2026-06-04
U005844,upi_0rudionfx8@okaxis,2025-09-21
U005845,upi_be8267ciw5@oksbi,2025-10-21
U005846,card_7207_ff454e34da,2026-02-27
U005847,upi_lpwt3xnlkv@ybl,2026-06-24
U005848,card_7075_cf1864be69,2025-10-30
U005849,upi_2yepi8ojxz@okhdfcbank,2026-04-07
U005850,card_7267_7d74e3d75b,2026-04-06
U005851,upi_kcuhxue9r3@okaxis,2026-02-03
U005852,upi_xxvz9pnxhg@okhdfcbank,2026-05-21
U005853,upi_9apzblxflp@okicici,2026-03-11
U005854,upi_zbusymgkjy@ybl,2026-07-13
U005855,upi_k69z9wq2i2@oksbi,2026-08-01
U005856,upi_f5ua0ktkm6@okicici,2026-02-13
U005857,upi_nvuk5rj9eu@oksbi,2026-02-26
U005858,card_3581_ab4846145a,2026-05-12
U005859,upi_62hqabmhma@ybl,2025-11-15
U005860,upi_b4hk7sersu@ybl,2026-08-23
U005861,upi_j44d2u7i3s@paytm,2026-02-19
U005862,card_3730_c66882df2a,2025-10-31
U005863,card_8246_de718ca09e,2026-08-16
U005864,card_4655_3c7c8aae93,2025-12-04
U005865,upi_buv3v13r0w@paytm,2026-06-27
U005866,card_9365_1e2ad7305d,2026-08-05
U005867,card_3833_4560a41032,2025-10-15
U005868,upi_caz103pivn@paytm,2025-11-25
U005869,upi_6k87wv9ycw@ybl,2025-12-09
U005870,upi_5ozvklylz4@paytm,2025-11-05
U005871,upi_p52yfc2u0q@oksbi,2026-02-11
U005872,upi_u1jpo7gfom@oksbi,2025-12-19
U005873,upi_c5gcp9vzcc@okaxis,2026-05-10
U005874,card_5052_2ee0e69a41,2025-12-01
U005875,upi_hkmrzp52mg@okaxis,2026-08-03
U005876,upi_d1aaqmmuo2@okicici,2025-11-03
U005877,upi_l3det7i2fs@ybl,2025-12-22
U005878,upi_vy5zknki7q@paytm,2025-10-07
U005879,upi_6d0a4yb6k4@oksbi,2026-02-18
U005880,upi_lpq4u6xclf@paytm,2026-02-26
U005881,upi_86tdk7dwjt@oksbi,2026-05-31
U005882,card_1211_671dcc1059,2026-04-05
U005883,card_5596_7987a54219,2026-08-16
U005884,card_9942_f4ff17f9d1,2025-09-13
U005885,card_5028_4d8bc8bdd4,2025-09-20
U005886,card_5551_0a0aed6492,2026-01-06
U005887,card_2373_4198eee152,2026-02-28
U005888,upi_ull407c4hm@okicici,2026-07-30
U005889,upi_mjms9n8wt9@okicici,2026-08-04
U005890,upi_uak9r17vxy@okhdfcbank,2026-08-24
U005891,card_9106_e2bf80740b,2025-11-10
U005892,card_8999_473f4a462a,2026-02-02
U005893,upi_sgcfnfle7u@paytm,2026-04-08
U005894,card_0161_5bbae6d905,2025-11-18
U005895,card_4806_5c7741b7ca,2026-08-06
U005896,card_5414_af769ce5a8,2026-07-01
U005897,upi_ms4vtgk037@okhdfcbank,2026-01-31
U005898,upi_nx715ujrir@okaxis,2026-07-15
U005899,card_8125_1952e7abfc,2026-05-01
U005900,card_8879_f7cfeeef46,2025-09-23
U005901,card_1429_f37f4c7755,2026-07-10
U005902,card_2726_c053f7f7a6,2026-02-10
U005903,upi_m78udfrtkb@oksbi,2026-03-16
U005904,upi_41f8hv7oxb@okaxis,2025-10-18
U005905,upi_jor9modp83@okaxis,2025-11-09
U005906,upi_uau4nnpaz3@oksbi,2026-03-19
U005907,upi_foo3c6kl40@ybl,2025-10-04
U005908,card_8817_b0bb0befe9,2025-12-09
U005909,upi_lpp3gj6tdd@okicici,2025-10-05
U005910,upi_bmrnkn3f2e@okaxis,2026-05-04
U005911,upi_ci01hoe6h8@okhdfcbank,2026-06-20
U005912,card_8966_7c319c2e88,2025-10-03
U005913,upi_u64jprv0u0@paytm,2026-02-11
U005914,upi_kq7ju08xih@oksbi,2025-11-04
U005915,card_8831_478040fd9e,2026-06-04
U005916,card_4297_18437f8c2a,2026-06-06
U005917,upi_bktyvg32ge@ybl,2025-12-12
U005918,card_4163_f40bd3c58f,2026-04-19
U005919,upi_8oqvpattfc@okicici,2026-05-21
U005920,card_8231_7c027722fa,2026-04-17
U005921,upi_9ostjbuo4h@ybl,2026-04-29
U005922,card_6318_eed6c87e30,2025-09-23
U005923,upi_6d6v3uc9l2@paytm,2025-11-05
U005924,upi_f2a1thhm28@paytm,2026-04-18
U005925,upi_kadgsxhl3s@okicici,2025-09-09
U005926,card_4149_a15b45b476,2026-03-06
U005927,upi_6dl4hcvdrn@okicici,2025-12-30
U005928,upi_ptkfhy812g@okaxis,2026-03-28
U005929,upi_hrbwtt2sj5@ybl,2026-05-29
U005930,upi_is0edgzf9y@oksbi,2026-04-09
U005931,upi_6nnztzcggw@oksbi,2026-07-29
U005932,upi_zr0zplrpdb@okicici,2026-08-16
U005933,card_8496_10be074c32,2026-01-07
U005934,upi_92ibwg9r58@paytm,2026-06-03
U005935,card_2631_0b7f5c731b,2026-01-09
U005936,upi_7odd7yml0q@ybl,2025-11-14
U005937,card_8407_092571b8c6,2026-03-09
U005938,upi_xjp7ljk8vm@ybl,2026-04-12
U005939,card_9116_6a466f6424,2025-12-08
U005940,card_8543_0b65ee9421,2026-03-31
U005941,upi_hvxe6pdphl@ybl,2026-06-12
U005942,card_3514_84ca8394ba,2026-07-06
U005943,upi_adf7gtcoec@okaxis,2026-05-07
U005944,upi_pupipfgm4r@okhdfcbank,2026-02-22
U005945,card_0063_37a3ccefee,2026-07-26
U005946,card_9772_8f0f34b3c2,2025-11-15
U005947,card_0037_dd8d6fbd7e,2026-04-12
U005948,upi_utpo2aqagr@ybl,2026-04-05
U005949,card_2285_018450d4f9,2025-09-23
U005950,upi_5yqpny6nji@paytm,2025-12-27
U005951,card_4489_001eefed6d,2026-01-19
U005952,upi_i74mv4v6a1@okhdfcbank,2025-11-11
U005953,card_0307_cfc2162d14,2026-06-27
U005954,upi_zww3retayp@ybl,2025-10-16
U005955,card_4227_edb9cdec4a,2026-05-16
U005956,card_1352_687512925d,2026-07-29
U005957,upi_zfindxbbob@oksbi,2025-12-22
U005958,card_3938_fb068d133f,2026-08-21
U005959,card_7818_e46bc19eb7,2026-06-24
U005960,upi_og2v02yovp@paytm,2025-12-07
U005961,upi_iq3dsq8nt1@okaxis,2025-11-04
U005962,upi_rxb8xf657n@ybl,2026-06-02
U005963,upi_ipszsa5mdd@paytm,2025-10-03
U005964,upi_fvjl6enapb@paytm,2026-02-04
U005965,card_5431_91d7ff9314,2026-04-07
U005966,upi_f429osrk6q@okhdfcbank,2025-10-02
U005967,upi_hlhzanu7i0@paytm,2026-05-19
U005968,upi_m58jzi47q6@okicici,2025-10-03
U005969,card_1134_64edadbc6b,2026-03-26
U005970,upi_hit03dg5r3@okhdfcbank,2025-10-08
U005971,upi_rjwqminvv9@paytm,2026-04-22
U005972,card_0001_bb0c3cfa8e,2026-01-25
U005973,card_5094_7dd0ded6af,2025-09-12
U005974,upi_h3zen6dvmn@ybl,2026-04-21
U005975,upi_05gnbpbb7z@okhdfcbank,2026-02-19
U005976,upi_waishdtkyk@oksbi,2025-09-15
U005977,card_3268_503ea6a0e8,2026-07-29
U005978,card_6259_32c1a2c08a,2025-10-09
U005979,upi_rsbwnkn8sk@okaxis,2025-10-19
U005980,card_6985_9908ab7bd6,2026-02-26
U005981,card_1526_c0f380a2c6,2026-06-10
U005982,upi_rvldbjsixk@okhdfcbank,2026-05-26
U005983,upi_p7bxg2mm0t@okicici,2026-03-30
U005984,upi_3kfss1ri2c@okaxis,2026-03-13
U005985,upi_ow0wtl6ksv@ybl,2026-05-18
U005986,card_8491_1444f0888c,2026-08-02
U005987,card_0944_0713b6ddde,2026-05-03
U005988,upi_rrp1c9msfz@paytm,2026-01-12
U005989,card_7053_b7a7bd0f12,2025-09-19
U005990,card_1458_bb502c9dfc,2026-03-04
U005991,upi_n1mfbpe6pm@oksbi,2025-09-06
U005992,upi_r9va4sd2eq@paytm,2026-01-10
U005993,upi_7o5nu2uma3@okicici,2025-10-08
U005994,upi_tohi24botm@oksbi,2026-05-09
U005995,upi_3v33cg8dd4@okhdfcbank,2026-01-06
U005996,upi_ukt4v8mgh4@okicici,2026-04-19
U005997,upi_f4jr7gup8o@okaxis,2026-08-06
U005998,card_4652_6fd91a94c0,2026-05-08
U005999,card_9440_8ebc38fa10,2026-06-10
U006000,upi_nf5n2dd7xo@ybl,2026-01-07
U006001,card_1482_6544a5ce74,2026-06-23
U006002,upi_8lat515ale@paytm,2025-12-24
U006003,card_6939_f01c60c87c,2026-05-02
U006004,upi_yuj5x4wl34@paytm,2026-07-02
U006005,card_6745_c6f8f1206c,2025-11-30
U006006,upi_x809x56jqu@paytm,2025-11-08
U006007,card_5886_06827f3b18,2025-12-18
U006008,upi_kyzxo8sgsc@ybl,2026-05-10
U006009,card_9193_08e7ef6bcb,2025-09-05
U006010,upi_lfbxpzavm3@okhdfcbank,2026-04-27
U006011,upi_pfaefgdevn@okaxis,2026-01-31
U006012,upi_ak47xr2cmd@oksbi,2025-11-21
U006013,upi_m3fq9z47h0@okhdfcbank,2025-10-25
U006014,card_8241_8a4dcff0fb,2026-04-14
U006015,upi_sazx99ot5c@okaxis,2026-08-04
U006016,upi_ev7zsbdcon@okaxis,2026-03-19
U006017,upi_pfygrjv9ob@okaxis,2025-12-24
U006018,upi_f8mc3v9w9m@okaxis,2025-12-05
U006019,upi_26jieqof0s@okicici,2025-12-07
U006020,upi_a7gfl8ixa5@paytm,2026-03-30
U006021,upi_dwffgv0pib@okaxis,2026-05-10
U006022,upi_nw2p44hb1y@oksbi,2026-01-01
U006023,card_0467_99198c5cd4,2026-01-27
U006024,card_8934_b08f0423db,2025-10-25
U006025,card_5463_88c61331c5,2026-03-12
U006026,card_1148_9f292c089d,2026-06-20
U006027,upi_ra8j35wnua@paytm,2026-01-22
U006028,card_6060_648dc118cb,2026-04-22
U006029,upi_co2bzmlg62@paytm,2025-11-01
U006030,upi_m4q9y9fa4p@oksbi,2026-08-24
U006031,upi_y5imf94oa8@okicici,2025-09-06
U006032,card_0428_41e4a4e64d,2025-12-22
U006033,upi_vldtntm1d6@ybl,2026-06-29
U006034,card_2006_822fe4369e,2026-01-06
U006035,upi_kfqk4t2fj8@ybl,2025-10-06
U006036,card_5088_b99bf0b196,2026-04-12
U006037,card_8263_720903a888,2026-03-31
U006038,upi_lre1ow2bwj@okicici,2026-03-11
U006039,upi_rdw428b7ku@okaxis,2025-11-21
U006040,card_4133_046772e762,2025-09-17
U006041,upi_p8cx9rse6j@okhdfcbank,2026-03-15
U006042,upi_qojr9mqhza@okhdfcbank,2025-09-27
U006043,upi_v1z5p7yed9@oksbi,2025-12-19
U006044,upi_ivjygo0s8k@paytm,2025-09-15
U006045,card_7474_8603fa4d1e,2025-11-23
U006046,upi_r6aojacn2x@okaxis,2025-11-29
U006047,upi_4vc0mbnoa8@okaxis,2026-06-18
U006048,upi_mx0cjj8bd1@ybl,2025-10-24
U006049,card_2740_b67214ad43,2025-12-01
U006050,upi_pwo8qmti4z@okaxis,2026-07-18
U006051,card_2962_cdbfd3bbf2,2026-03-08
U006052,upi_6t2mubs18y@ybl,2026-04-12
U006053,card_0947_b3d6ee0448,2026-07-19
U006054,upi_acaf0nqogt@okicici,2026-03-21
U006055,upi_y0w9vjwgi0@ybl,2026-08-16
U006056,card_8594_e5d66d65dc,2026-03-16
U006057,upi_v187iztik9@okhdfcbank,2025-09-13
U006058,card_1023_6efd8e0a5f,2026-06-18
U006059,card_7114_6446053076,2025-11-11
U006060,upi_c9xkupp8tf@oksbi,2026-08-22
U006061,upi_0g0awv3fib@ybl,2025-11-13
U006062,card_5822_19e740f4b9,2026-03-09
U006063,card_0107_4dec83d867,2026-02-04
U006064,card_8376_dd3186541a,2025-09-06
U006065,upi_tmse7gf7aj@okicici,2025-09-24
U006066,card_8672_dd37c1fc73,2025-11-13
U006067,card_2791_22ad73b906,2026-07-18
U006068,card_1732_e39b0426fc,2026-03-01
U006069,upi_rcac8kdbq7@paytm,2025-11-01
U006070,upi_km5njwzhyz@okicici,2026-01-19
U006071,card_8861_d1288d37e1,2026-07-25
U006072,card_1163_ca5083e4cc,2026-07-03
U006073,card_4252_69dcf9f371,2026-04-18
U006074,upi_kidm524egp@okaxis,2026-06-06
U006075,upi_z57tyanva6@okicici,2025-11-17
U006076,upi_wkitjprr2b@paytm,2026-01-09
U006077,card_6973_f6ad600585,2026-02-05
U006078,upi_a1cqb6gft2@okaxis,2026-02-11
U006079,card_5786_a2ab1b1964,2026-02-24
U006080,card_0086_985af06ea1,2025-11-18
U006081,card_3612_b80ed54448,2025-12-07
U006082,upi_gtbjuoqghv@okaxis,2026-06-13
U006083,upi_9v7wopof77@ybl,2026-07-29
U006084,card_9240_6de9912c55,2026-05-08
U006085,upi_9wyoopm72h@okicici,2026-01-28
U006086,card_7077_897bb1f425,2026-04-22
U006087,upi_7mz8uh6m9q@okhdfcbank,2026-03-31
U006088,card_0075_c9f13a1398,2026-04-22
U006089,card_6535_323fa82d24,2025-10-31
U006090,upi_8g6rrjw8st@paytm,2025-09-15
U006091,upi_6gyslk4jbq@okaxis,2025-12-04
U006092,upi_m1i9qihony@paytm,2026-01-27
U006093,upi_h7qrb4jgxa@okaxis,2026-03-09
U006094,upi_p2pu7ata1l@okhdfcbank,2026-07-04
U006095,upi_7oe58x21e4@ybl,2025-09-20
U006096,card_6166_d2a2d5b993,2026-01-17
U006097,card_4317_050387347e,2025-10-24
U006098,card_0896_2426832117,2025-12-11
U006099,upi_o9b8v8tzgr@oksbi,2026-02-09
U006100,card_8586_443b5e4ed4,2026-07-27
U006101,card_6794_e3e22bda1c,2026-07-27
U006102,upi_rqrfucsdw1@okhdfcbank,2026-01-15
U006103,upi_eq0b5st3t2@ybl,2026-02-26
U006104,card_2323_7ca072c024,2025-10-07
U006105,upi_ey7yihzfzv@okaxis,2026-01-08
U006106,upi_kg1ip30muf@okhdfcbank,2026-03-04
U006107,card_4367_293dae47e0,2025-11-23
U006108,upi_buxvl6h2s7@okhdfcbank,2026-07-10
U006109,upi_700lcp2qtd@okaxis,2025-12-21
U006110,upi_rd193b6z0f@okicici,2026-01-05
U006111,upi_g88saps99u@okhdfcbank,2026-02-27
U006112,card_2101_9c48530224,2026-07-03
U006113,card_7096_022329f8ef,2026-07-26
U006114,upi_jpc6ubthlh@paytm,2026-08-16
U006115,upi_b8l9asvtcx@paytm,2026-07-04
U006116,upi_z0b6las8n7@okhdfcbank,2026-08-13
U006117,upi_hmx52beq1n@ybl,2026-03-29
U006118,upi_k6qdmryv4x@paytm,2026-03-07
U006119,card_5883_b185d05853,2026-08-01
U006120,card_9674_29c4c38778,2026-05-29
U006121,card_9971_bc3da890c6,2026-04-09
U006122,upi_y13ufz89ws@okaxis,2026-05-11
U006123,card_9010_b618f07161,2026-04-22
U006124,card_4473_08712f8761,2026-07-09
U006125,card_8300_a017bda336,2026-05-26
U006126,upi_alfp68u4ve@okaxis,2025-10-26
U006127,card_1281_8a1ccdf13b,2026-05-28
U006128,card_1888_2ab3829f69,2025-10-12
U006129,card_0388_de9ff6fd35,2026-07-15
U006130,card_3970_57fdc43d83,2026-02-21
U006131,card_5294_986a6427bd,2026-01-29
U006132,upi_eoufd1wtef@okhdfcbank,2026-06-15
U006133,upi_0izopyxpvr@paytm,2026-06-24
U006134,card_4178_238480ef7d,2026-07-18
U006135,upi_798e46qldf@ybl,2025-09-13
U006136,upi_5rhn9cszlg@ybl,2026-08-08
U006137,upi_iv8omda1c9@okhdfcbank,2025-10-31
U006138,card_4116_d2f191238f,2026-04-09
U006139,card_5249_e753f2046c,2026-04-02
U006140,upi_8vvahboe3i@okicici,2025-11-08
U006141,upi_agc6kzao1x@okaxis,2025-11-05
U006142,card_0201_db796b148c,2026-06-09
U006143,upi_jd6jisi6wy@okhdfcbank,2026-06-26
U006144,card_4094_3b20f8db02,2026-04-30
U006145,upi_enfsgziw19@paytm,2026-02-05
U006146,card_7677_2e0f9ae42c,2026-04-25
U006147,upi_8qad4ck6cl@paytm,2026-06-28
U006148,upi_7t51jbb66m@oksbi,2026-07-14
U006149,card_3003_eb105f7251,2026-01-01
U006150,card_6678_956af04327,2025-12-14
U006151,upi_huf33njnnw@okicici,2026-02-28
U006152,card_7280_2141d3f3cc,2026-06-02
U006153,upi_p14dq4q31b@okhdfcbank,2026-04-26
U006154,upi_is76571ajd@okaxis,2026-04-03
U006155,card_7550_bdb4e454d5,2026-07-27
U006156,card_6348_943f1a7320,2026-08-09
U006157,card_2149_1456209d88,2026-06-18
U006158,upi_q8dfh04nqi@okicici,2026-02-20
U006159,upi_15aszhtkh1@okhdfcbank,2026-04-01
U006160,card_9880_5f5203aa3c,2026-02-27
U006161,upi_woppdkixq3@ybl,2025-10-19
U006162,card_6823_a6615b4829,2026-03-24
U006163,upi_vck8woc9av@okhdfcbank,2026-06-22
U006164,upi_mr5ygx7tx1@okaxis,2025-12-31
U006165,card_4875_d4bb83270c,2026-05-30
U006166,card_7767_b79d96d0c4,2026-01-05
U006167,upi_vs70p3gvpw@okicici,2025-10-19
U006168,upi_txwoam1d8f@okhdfcbank,2026-07-16
U006169,card_6868_ec705d0bbb,2026-04-12
U006170,upi_5cakxbw714@okhdfcbank,2026-07-05
U006171,upi_zmj906mdc6@okicici,2026-03-14
U006172,upi_tlqevmd7to@ybl,2026-08-22
U006173,card_4559_d2001acd18,2026-07-21
U006174,card_4627_8934cd43a6,2026-04-15
U006175,card_9194_17be74b606,2025-09-13
U006176,card_4172_fe890a6a7a,2026-03-25
U006177,upi_agjt02lssh@ybl,2025-12-26
U006178,upi_rz7sx9fzzb@ybl,2026-06-08
U006179,upi_s0imyxqt6d@paytm,2026-01-20
U006180,upi_auh9e3ur61@okicici,2026-06-20
U006181,card_1241_655d62ecb5,2026-07-24
U006182,upi_f2th3qjshn@okaxis,2026-03-13
U006183,card_7278_3112b61b8b,2025-12-21
U006184,upi_6a7pm58lju@okicici,2026-02-15
U006185,card_4349_e62709821d,2025-11-24
U006186,upi_ma5pq1lp6y@okaxis,2026-02-16
U006187,card_1784_609f0c16ae,2025-10-29
U006188,upi_ur97uqhcoz@okhdfcbank,2026-05-25
U006189,upi_e6v5of3ev5@okhdfcbank,2026-07-29
U006190,upi_4i1d8c5vnp@okicici,2026-03-12
U006191,upi_160ah9gvkl@okicici,2026-06-30
U006192,upi_hx7chrujtq@oksbi,2025-09-02
U006193,upi_gcwqbr1pga@oksbi,2026-07-30
U006194,card_0215_d42e1ad105,2026-06-19
U006195,upi_ihnqvfiow5@oksbi,2025-11-11
U006196,upi_71od0iedsa@okicici,2025-10-01
U006197,upi_eaga5x3ae4@okicici,2025-10-04
U006198,upi_uwkmkii9bc@okicici,2026-07-23
U006199,upi_a7mdnmds99@ybl,2026-07-30
U006200,upi_4duyntljgi@okaxis,2026-08-10
U006201,card_0905_87018e5aa6,2026-08-23
U006202,card_3525_65c5ff1b0f,2026-03-16
U006203,upi_ej91b2tfab@oksbi,2026-06-16
U006204,card_1643_35a2f6af6b,2025-09-06
U006205,card_4042_a7dc87c594,2026-03-30
U006206,card_1346_93c486e6ac,2026-03-26
U006207,card_5937_7ebd77dc2c,2026-07-06
U006208,upi_vif51bb4y3@paytm,2025-12-04
U006209,card_2400_5045b73c84,2025-09-17
U006210,card_0304_020c05cd1b,2026-03-02
U006211,upi_vabulu8vak@oksbi,2026-06-15
U006212,upi_rwp4aqby1c@paytm,2026-05-31
U006213,card_9218_b200d98f1f,2026-01-05
U006214,upi_juzz29mmae@oksbi,2026-07-09
U006215,upi_yophk3pm4t@paytm,2026-05-27
U006216,upi_jggwg18q7w@paytm,2025-10-25
U006217,upi_h53jo595ui@ybl,2026-06-20
U006218,card_0990_848de6824d,2026-05-22
U006219,upi_z339ynekkv@ybl,2026-03-27
U006220,upi_9ksd3qf1av@ybl,2025-11-07
U006221,upi_50qq1wzpcj@okicici,2026-07-23
U006222,upi_sh3f57gbwl@ybl,2025-11-07
U006223,upi_2q7bvuhkuh@okhdfcbank,2026-01-01
U006224,card_8806_9a2dfaa233,2025-12-17
U006225,upi_3grnrkvs7c@paytm,2025-09-03
U006226,card_2888_662adb65aa,2025-12-20
U006227,card_7233_76fd6e4dca,2026-04-12
U006228,card_8994_fe1fc447ce,2025-10-26
U006229,card_7471_0686361cce,2026-08-10
U006230,upi_4tjcscxjn3@paytm,2026-04-29
U006231,card_6216_a165f1f8e2,2025-10-09
U006232,upi_wz44j8auxm@paytm,2026-04-07
U006233,upi_an9zlhkwkf@oksbi,2025-10-25
U006234,card_2136_58f8f98248,2026-06-23
U006235,card_2463_87ccd5b32e,2026-02-20
U006236,upi_u309lb0em4@oksbi,2026-03-18
U006237,upi_n8uwfuwev9@oksbi,2026-06-21
U006238,upi_xzbxtjeamf@oksbi,2026-06-22
U006239,card_9980_5e898c4e9d,2025-12-08
U006240,card_6151_46882a34dc,2026-01-02
U006241,upi_ysxe5pzi6w@okicici,2025-09-22
U006242,upi_uqh8osfk6i@okhdfcbank,2026-08-09
U006243,upi_6ilnk1ab1e@okhdfcbank,2025-10-02
U006244,upi_hkuzmi518g@oksbi,2025-09-22
U006245,upi_6kdbf1efke@ybl,2026-01-07
U006246,upi_u7drqzktis@okhdfcbank,2025-09-04
U006247,card_6036_7f107294f2,2026-02-08
U006248,upi_xwg9bsdh3c@okhdfcbank,2026-07-22
U006249,upi_9zp1x4klcs@okaxis,2026-08-15
U006250,upi_hgij0vddgg@oksbi,2026-04-20
U006251,upi_g4899n4qrv@okhdfcbank,2026-03-09
U006252,card_5561_40a7aa37ee,2025-12-03
U006253,card_3240_5d0f5fba36,2026-04-17
U006254,upi_b80ckpfifn@okaxis,2026-05-07
U006255,card_9466_5ee508e48c,2025-09-24
U006256,upi_glphnft0wr@oksbi,2026-08-16
U006257,upi_atwkx8rn43@oksbi,2026-07-14
U006258,card_5542_d44e4e8c85,2026-03-16
U006259,upi_killvpixnj@ybl,2025-11-11
U006260,upi_axt85qov6d@okaxis,2026-03-27
U006261,card_4413_a52a24f20f,2025-10-25
U006262,upi_b4xyfnv7jb@oksbi,2026-07-23
U006263,upi_pp9f1xrv5s@ybl,2026-08-16
U006264,card_7079_a8c93440b0,2026-06-11
U006265,upi_i5jaoufn5i@oksbi,2026-06-10
U006266,card_4686_446e8bd809,2025-12-05
U006267,upi_4i3reqkbs6@oksbi,2026-06-24
U006268,card_8116_4dfdeae938,2026-04-07
U006269,upi_upesiuh3wf@okaxis,2025-09-04
U006270,card_7417_54210d8126,2026-08-25
U006271,upi_h37yyfoam5@ybl,2026-05-02
U006272,card_2201_9431a020e4,2026-05-02
U006273,card_6188_51e3feec14,2026-03-28
U006274,card_9794_a07285f95b,2025-12-18
U006275,upi_q2vgcyqejt@ybl,2026-04-17
U006276,upi_uw3s7jredp@paytm,2026-05-31
U006277,upi_7i4atf86hy@okaxis,2026-04-13
U006278,upi_kq2xh851ex@okaxis,2025-10-04
U006279,upi_jiso5mfzsp@okicici,2026-03-24
U006280,card_6734_a54fc444fe,2025-09-02
U006281,card_8992_2dad1c446c,2025-12-16
U006282,upi_kcxnw9gvzw@okhdfcbank,2026-05-17
U006283,card_5582_ebd83cd222,2026-02-15
U006284,upi_5uvfsggmc8@oksbi,2025-11-23
U006285,upi_txxcq4xs8a@okaxis,2025-09-17
U006286,upi_xbcdz13pgw@okaxis,2026-02-27
U006287,upi_tndjvfjdmw@okicici,2026-02-18
U006288,upi_s5osk1ujl3@ybl,2025-10-02
U006289,card_7416_cc8a99b71c,2025-09-29
U006290,card_9577_bc28ce591a,2026-05-13
U006291,upi_27jnjlkujo@oksbi,2026-04-06
U006292,card_2146_1afc1f129a,2026-05-11
U006293,upi_rlvonkydvu@ybl,2025-10-01
U006294,card_1621_fae69817ea,2026-06-10
U006295,upi_j6uc5s2tfj@okicici,2026-01-22
U006296,card_4434_0952524ffa,2025-09-05
U006297,upi_ozfzpknmlh@ybl,2025-11-16
U006298,upi_u0j94kvx3d@okicici,2026-03-22
U006299,upi_sg3fitsfye@oksbi,2026-05-30
U006300,upi_zk3yl22bgw@paytm,2026-03-09
U006301,card_7086_f555c63d80,2026-07-29
U006302,upi_9cqc1vaow1@paytm,2026-04-26
U006303,upi_q2vjxaafvh@paytm,2026-03-18
U006304,upi_98k7d0hsba@ybl,2025-09-22
U006305,card_5103_4297caeaf8,2026-01-26
U006306,card_6922_e94cda1aa9,2026-03-12
U006307,card_8949_41d70aec67,2025-09-25
U006308,upi_mpzfiwse92@oksbi,2025-10-29
U006309,card_6606_30ba51a6a6,2026-01-31
U006310,upi_bggvbdupnd@oksbi,2026-06-28
U006311,card_5728_1f283ccf15,2026-06-06
U006312,card_8049_63d44fae77,2025-12-19
U006313,card_7959_463a108adb,2026-04-20
U006314,card_0200_ebc1c28fde,2025-10-10
U006315,card_2207_690052c819,2025-11-04
U006316,upi_ow8mcdho1i@okicici,2026-01-21
U006317,card_1828_aea81e168e,2025-11-13
U006318,upi_jpcobw7wuk@paytm,2026-03-24
U006319,upi_uzsrh2om9p@okaxis,2026-08-02
U006320,card_4491_a6a7b66828,2025-10-03
U006321,card_9622_62a28d3d3a,2026-01-06
U006322,upi_hgnsc4kbj6@oksbi,2026-07-05
U006323,upi_olok2dqh9k@paytm,2026-01-20
U006324,card_0715_bb6f64cc9b,2025-12-04
U006325,card_3542_dd2eb551cd,2026-02-11
U006326,card_0531_475f6d05ae,2026-03-20
U006327,upi_cuc7g1lsr0@oksbi,2026-01-25
U006328,upi_u5tqrq47h6@okicici,2026-03-18
U006329,upi_qw38tisyx0@okicici,2026-02-08
U006330,upi_ygusm2qqch@paytm,2026-06-21
U006331,upi_ni9f1pzhrz@okaxis,2025-11-11
U006332,upi_c1tjkbzqgr@okicici,2025-12-04
U006333,upi_ao15l75lpy@okicici,2026-03-10
U006334,upi_7cyec5iuxz@okicici,2025-12-03
U006335,card_5564_233f5fc83b,2026-06-22
U006336,card_3342_98e2b47881,2025-09-26
U006337,upi_tsuibc5cbl@ybl,2026-03-16
U006338,card_7352_370330b617,2025-10-21
U006339,card_8806_218ec72234,2026-06-04
U006340,upi_ernbsmjkhn@okicici,2026-08-16
U006341,upi_lpacnw588f@okicici,2025-11-25
U006342,card_6342_acb451b559,2025-09-06
U006343,card_7701_168b2c5300,2026-01-27
U006344,upi_4375s3kizp@okhdfcbank,2025-09-22
U006345,upi_m1rrd8lqg6@oksbi,2026-06-21
U006346,card_7358_bce2309249,2026-07-24
U006347,upi_hl0xxdft5v@paytm,2026-03-23
U006348,upi_2tgc9jsi3j@okicici,2026-06-10
U006349,upi_asaza1kmzf@paytm,2025-11-20
U006350,card_9822_55516dcbfc,2026-02-04
U006351,upi_ih19oreeks@okaxis,2026-04-19
U006352,card_3984_2f8da67ddd,2026-07-21
U006353,card_8777_b1dd86107d,2026-01-08
U006354,card_8485_d8b71dbc90,2025-10-23
U006355,card_0267_a75c046cd7,2026-03-13
U006356,upi_exya8c084m@ybl,2026-04-11
U006357,upi_4gx2wpzuap@okhdfcbank,2026-02-13
U006358,card_2156_9c0e20f46a,2025-12-25
U006359,card_2945_88fdf20fa1,2025-12-12
U006360,card_6110_3fdbbfab33,2026-01-02
U006361,upi_l04chw7tdr@ybl,2026-05-12
U006362,card_5205_4cb4ea6df8,2026-08-10
U006363,card_4544_14655bcb11,2026-06-11
U006364,card_5254_873dba45db,2025-11-15
U006365,upi_xx61matajf@paytm,2026-01-28
U006366,upi_aa779bdrxq@oksbi,2025-12-04
U006367,card_6497_66a986f03a,2025-12-19
U006368,upi_829ye4jnua@okaxis,2026-03-19
U006369,upi_g4bpcgeb56@oksbi,2026-03-02
U006370,upi_nfzvghh0z6@paytm,2026-02-01
U006371,card_2735_7a6e6e2b33,2025-09-14
U006372,card_7860_04c96523bc,2026-07-23
U006373,upi_zo4ukkfxqt@okhdfcbank,2026-02-01
U006374,card_0151_85e4935345,2025-09-17
U006375,card_6083_91aa9dcc89,2026-04-25
U006376,card_2973_63a3f2b582,2026-05-05
U006377,upi_rkah5y8mx8@paytm,2025-12-09
U006378,card_6607_ef862e8b20,2026-03-27
U006379,card_9147_044745639e,2026-04-11
U006380,upi_0j1f6mijvv@ybl,2025-10-07
U006381,card_1979_e7daa3046b,2025-10-16
U006382,card_7163_2554416479,2025-12-27
U006383,card_2749_d42ec38ae6,2026-03-05
U006384,card_4298_e96471b189,2026-02-06
U006385,upi_eh3nm2eaqn@paytm,2026-03-31
U006386,card_7099_8a8e240c62,2026-03-07
U006387,upi_4hhaqjqhjm@okicici,2025-10-14
U006388,card_6387_9ecfcf0c76,2026-04-28
U006389,upi_t8zqgbpk1i@okaxis,2025-12-25
U006390,card_1413_07981c08ed,2025-10-11
U006391,upi_m8rpo6pvjw@okicici,2025-09-17
U006392,upi_dwv7wmofe4@okaxis,2026-02-10
U006393,upi_hv9smfyo6u@oksbi,2026-07-22
U006394,upi_if86vy9kbh@ybl,2026-07-10
U006395,card_5692_afd8acbe00,2025-12-04
U006396,upi_8galbwu8x8@okhdfcbank,2026-01-21
U006397,upi_ds8gfw8oir@okicici,2026-02-26
U006398,card_6454_f81cfb40d6,2025-11-02
U006399,card_9362_a88e56a322,2026-05-18
U006400,card_2945_1d43027cf0,2026-03-22
U006401,upi_kwlrwiy169@okicici,2025-11-09
U006402,card_2386_2a8151287c,2026-06-23
U006403,upi_dh2b7ejila@okicici,2026-04-10
U006404,upi_gzq34cc7xb@paytm,2026-06-25
U006405,card_7363_0fa7c6c20f,2026-03-26
U006406,card_6104_ed0cc77d29,2026-08-19
U006407,upi_0skb4ooge9@oksbi,2026-07-12
U006408,card_4049_cb9e221891,2025-12-01
U006409,upi_jdvl4makos@okicici,2026-01-21
U006410,upi_yekhjgexfe@ybl,2026-03-16
U006411,upi_0mpsfyvxm5@okhdfcbank,2026-08-05
U006412,upi_4weynoy02e@ybl,2026-07-15
U006413,card_7154_13c9edcd7b,2025-12-06
U006414,upi_v1ndgsbnos@paytm,2025-09-26
U006415,card_2606_e3fedc4007,2026-07-25
U006416,card_3094_148e472bf5,2026-05-24
U006417,upi_alhy1lowpo@ybl,2026-08-10
U006418,upi_h9iuux6jiu@okicici,2026-07-28
U006419,upi_t9ktgm1yb6@okaxis,2025-10-24
U006420,upi_we3nme6830@paytm,2026-03-03
U006421,card_0600_6ea8cd1bd3,2026-06-16
U006422,upi_71ymx2pf3o@okhdfcbank,2026-07-01
U006423,card_7304_94c4bc12ff,2026-02-06
U006424,card_4039_3e75ae9e4d,2025-10-29
U006425,card_0454_94937cd1c7,2026-04-05
U006426,upi_cv42vq7000@paytm,2025-12-22
U006427,upi_1eibw1pot4@paytm,2025-12-03
U006428,card_5837_96c83159a6,2026-05-14
U006429,upi_lawdq71n19@okicici,2026-03-02
U006430,upi_twahwstc9q@ybl,2026-08-07
U006431,card_2274_a9633748c7,2026-07-24
U006432,upi_0t5w5vdph8@paytm,2026-02-07
U006433,card_5418_45c10e78d8,2025-12-31
U006434,upi_i3qt95667r@okaxis,2026-06-07
U006435,upi_crwxj7quad@okhdfcbank,2025-12-03
U006436,card_4509_f55ae4eeb3,2025-12-31
U006437,card_1477_c26955f3af,2025-12-08
U006438,upi_h1akud4n92@okaxis,2026-04-20
U006439,card_7268_4ac6ddcbf1,2025-10-12
U006440,upi_9ovn6bcoq1@okhdfcbank,2026-03-05
U006441,card_4835_45c2a868f3,2026-06-12
U006442,card_9365_6a05cb3819,2026-04-11
U006443,card_8181_eb6f13ee95,2025-11-23
U006444,upi_5l9r9h6x7n@okicici,2026-06-07
U006445,card_5016_cd2bc613cd,2025-11-25
U006446,card_9497_f4c51a1454,2026-05-10
U006447,upi_cqkbm4ivwi@paytm,2026-03-21
U006448,card_7280_8ccc7cdede,2026-08-04
U006449,upi_6ylk0ccwyn@okaxis,2026-03-15
U006450,upi_v642hhcd04@okaxis,2025-09-13
U006451,upi_immj1kr3rb@okaxis,2026-05-22
U006452,upi_blh06t3gom@oksbi,2025-10-17
U006453,upi_8fcc8jpw8g@ybl,2026-03-02
U006454,upi_w6yqqsd17t@okicici,2026-04-10
U006455,upi_avezvuqe6e@okaxis,2026-07-06
U006456,upi_jm0lgv4cho@okicici,2026-05-23
U006457,upi_l6ffjhf6y4@ybl,2025-10-14
U006458,card_9536_887b4b3347,2025-10-05
U006459,upi_0qbc18b0tt@okicici,2026-06-26
U006460,upi_0fwdtd7l2q@ybl,2026-05-16
U006461,card_3794_70b41da911,2026-02-02
U006462,upi_hd6h3dvlbc@okaxis,2026-07-27
U006463,card_4023_5210464024,2025-11-26
U006464,upi_mg9769q10a@paytm,2025-10-06
U006465,card_4709_08be0eb765,2026-04-14
U006466,upi_hgjr17yn8a@oksbi,2025-10-12
U006467,upi_f255xcf4ey@oksbi,2026-08-11
U006468,upi_1cc47m4ech@paytm,2026-04-19
U006469,upi_uhuta3zinf@okicici,2026-01-18
U006470,card_7443_6eb4168960,2026-04-10
U006471,upi_s3m0rujxvi@okaxis,2025-09-23
U006472,upi_vc7usrcdtw@ybl,2026-07-02
U006473,upi_go51v5wqae@okhdfcbank,2025-11-07
U006474,card_2739_cdf4b8ab17,2025-10-17
U006475,upi_6kfkj5pb8o@oksbi,2025-12-05
U006476,card_0822_f8b0999f57,2026-02-23
U006477,card_2924_77504c4b47,2025-09-02
U006478,card_4929_0a2d1130fa,2026-04-07
U006479,upi_8ad2sw0ov9@ybl,2026-02-19
U006480,upi_1i8kypl3zo@ybl,2026-07-06
U006481,upi_0lswnfclo9@okhdfcbank,2025-11-21
U006482,card_7440_679a19c1b7,2025-11-23
U006483,card_0976_fb12fbd0d8,2026-06-08
U006484,upi_qk75rec7s0@paytm,2025-11-04
U006485,card_1263_e3dc4f5a4c,2025-10-10
U006486,card_5105_feec567a4f,2026-06-30
U006487,upi_cidll6rzb7@oksbi,2025-12-17
U006488,upi_kee688ny4f@ybl,2026-07-23
U006489,upi_qrl402egph@okhdfcbank,2025-12-17
U006490,upi_5pe954pgz5@oksbi,2026-08-21
U006491,upi_dri3fuj29q@okaxis,2025-11-26
U006492,upi_e4jer1vbp4@okaxis,2026-01-04
U006493,card_9152_68e25eb780,2025-09-12
U006494,upi_4m79da9vuf@paytm,2025-11-14
U006495,upi_rekvx0bohg@paytm,2025-12-28
U006496,upi_d11g3i1k96@okicici,2026-03-11
U006497,upi_11gmhkhw1s@okicici,2025-12-29
U006498,upi_lp3ooz962z@okaxis,2025-09-19
U006499,upi_kchhuovwjb@okicici,2025-11-26
U006500,card_6673_3a0f21943a,2026-08-09
U006501,upi_b3gioydrqt@ybl,2025-10-23
U006502,upi_71rhprk8fi@okaxis,2026-05-08
U006503,card_8190_3744e11eb6,2025-12-05
U006504,upi_vii31t2xk6@okicici,2025-10-22
U006505,card_2866_b078f3835c,2026-07-18
U006506,upi_31hssa7ol9@okaxis,2025-11-23
U006507,card_5890_3bb8384255,2026-08-06
U006508,upi_f5siopnpys@okaxis,2026-06-23
U006509,card_2161_68ae8ce482,2026-04-03
U006510,card_3051_345cf8bfec,2025-11-12
U006511,card_2436_bacc5722ce,2026-08-02
U006512,upi_5yqiwod8n0@okaxis,2026-04-06
U006513,card_6181_a2663e8a52,2026-03-22
U006514,upi_c48swtug7e@paytm,2025-12-11
U006515,upi_mq1zs3s8ji@okaxis,2026-02-05
U006516,card_6434_219b8ce980,2026-06-24
U006517,card_7169_7b871f2e02,2026-03-20
U006518,upi_5yi8u8ditc@ybl,2026-08-22
U006519,upi_g8gypo4h7n@paytm,2026-05-23
U006520,card_1613_7d3feab5d7,2026-01-25
U006521,card_2003_3fa1a0f198,2025-09-21
U006522,upi_f4d8jj4637@okicici,2026-04-23
U006523,upi_febq468ofr@okicici,2026-04-15
U006524,upi_byli62axyc@okaxis,2025-11-24
U006525,upi_gr41mmk3tq@paytm,2025-11-06
U006526,upi_urpjzd1coi@okaxis,2026-07-08
U006527,upi_cx8l7oa6oh@okaxis,2026-03-03
U006528,upi_ialqvvd6qp@okhdfcbank,2026-04-29
U006529,card_7809_c350a6919b,2026-05-11
U006530,upi_5rnjae25pm@oksbi,2026-04-16
U006531,upi_n60f1oywjx@oksbi,2025-10-23
U006532,upi_xr36aw0m7m@oksbi,2025-11-24
U006533,upi_0ct90n6nx1@paytm,2025-09-02
U006534,upi_rms74itxxx@oksbi,2026-03-22
U006535,upi_dl6pmxy7e6@ybl,2026-08-02
U006536,card_8215_b865a35f23,2026-05-22
U006537,upi_c9w8dfhu7k@okicici,2026-01-24
U006538,card_8217_56ce69d1f5,2026-07-03
U006539,upi_8j3vprsqx9@oksbi,2025-11-03
U006540,upi_sm9rh337tv@okaxis,2026-04-21
U006541,card_2610_5bb480c33c,2026-06-08
U006542,card_9908_9993413f72,2025-11-27
U006543,card_6442_27fc3cbb7d,2026-04-11
U006544,card_0275_fb985a7472,2026-01-01
U006545,card_8073_d7d10dbe59,2026-06-25
U006546,upi_ig35u4isxe@oksbi,2026-01-23
U006547,upi_c1vsoh85op@okaxis,2026-02-12
U006548,upi_mb57i3ae10@okaxis,2025-11-18
U006549,card_4755_59bdead9e6,2026-02-27
U006550,upi_9zt3gcx7uu@ybl,2026-03-24
U006551,card_0306_cae4d09289,2026-05-07
U006552,card_0470_203c5b217f,2026-01-12
U006553,card_0014_8751c0d475,2025-11-28
U006554,card_5674_ed82f6899c,2026-01-08
U006555,card_6657_a5df12ca4b,2025-12-29
U006556,upi_3iactrmoyc@okaxis,2026-08-20
U006557,card_9575_53bc1a82a3,2025-12-22
U006558,upi_m39m7s5015@oksbi,2025-09-10
U006559,upi_7qljxvhvwv@ybl,2025-12-19
U006560,upi_4i7t3d1acf@ybl,2026-02-21
U006561,upi_80ay5fz964@okhdfcbank,2026-04-05
U006562,upi_pbiq8pnh9x@oksbi,2026-08-02
U006563,upi_hztqiyhjjf@oksbi,2026-08-19
U006564,upi_90qvnil0yz@ybl,2026-03-21
U006565,card_4699_24ed71f30d,2026-05-13
U006566,card_6898_4714a19788,2026-02-28
U006567,upi_x9e909irf5@okaxis,2026-04-20
U006568,card_1567_639f286d49,2026-07-20
U006569,card_7328_982c635dad,2026-06-26
U006570,card_2516_0645899cf6,2025-11-04
U006571,card_8117_74a49f7404,2025-09-27
U006572,card_5927_9aa19e5bb3,2026-03-04
U006573,upi_cwthj1w0aq@okhdfcbank,2026-04-04
U006574,upi_5t1qqkoxrf@okaxis,2025-09-25
U006575,card_7987_fe67cf231d,2026-08-01
U006576,card_6521_b76d95b2d1,2026-06-14
U006577,upi_05uwm4en9q@ybl,2026-01-22
U006578,upi_9ws8pmr1hr@okicici,2026-04-06
U006579,upi_c3vynnouan@oksbi,2026-02-12
U006580,upi_khcyanc3pi@okaxis,2025-11-15
U006581,upi_cji5y2ll8g@paytm,2026-06-25
U006582,upi_5kutxeaslx@okhdfcbank,2025-11-17
U006583,upi_l356ff5s6g@oksbi,2025-12-23
U006584,upi_l0xyvc106n@ybl,2026-01-01
U006585,card_1292_87184cb8f2,2026-04-24
U006586,upi_z14bt2kgoi@okaxis,2026-06-30
U006587,upi_gboxghupam@oksbi,2026-04-09
U006588,card_3415_b1b23fdf3d,2025-10-16
U006589,card_7347_2d42955e8b,2025-10-21
U006590,upi_m3atlrr39e@oksbi,2026-06-15
U006591,upi_vjmkhpomys@okicici,2025-11-11
U006592,card_0294_fc0aa406cf,2025-10-24
U006593,upi_63kwgiavk2@okicici,2026-06-22
U006594,card_0965_978b152626,2026-07-06
U006595,upi_94uife9d0n@paytm,2026-02-21
U006596,card_7495_12a34d994c,2026-08-26
U006597,card_0211_dd31186b6e,2025-10-09
U006598,card_2356_c815df31c0,2025-09-12
U006599,upi_5fq4htotuk@paytm,2026-04-12
U006600,upi_40cjmkgiw0@ybl,2026-06-05
U006601,upi_txwtvtoj40@okicici,2025-09-12
U006602,upi_xd674z63uu@okicici,2026-06-25
U006603,card_1396_c571267733,2025-10-31
U006604,upi_blcnz39n5a@okaxis,2026-01-10
U006605,upi_1w32xhgec8@okicici,2026-05-17
U006606,upi_02qr561ypo@okhdfcbank,2026-07-25
U006607,upi_njdegeii8l@okaxis,2025-12-25
U006608,upi_waov5u23t8@paytm,2026-05-17
U006609,upi_ietoizq9mh@ybl,2025-10-14
U006610,upi_v4yq9iqelz@okicici,2025-10-28
U006611,upi_y6rz58j6kw@ybl,2025-10-30
U006612,card_2181_272eecba92,2026-02-06
U006613,upi_48q438v0ij@ybl,2026-01-21
U006614,card_7515_7b3cbee9d5,2025-09-09
U006615,upi_hx34z4rdg7@okicici,2026-08-18
U006616,upi_839b4clgwb@okicici,2025-11-09
U006617,card_4454_4f2504e86c,2025-09-24
U006618,card_0218_6ae57b39f1,2026-04-01
U006619,upi_sweh98ss2c@okhdfcbank,2025-11-03
U006620,card_8054_5a39a98193,2026-04-30
U006621,card_1029_8645ad1e58,2026-06-10
U006622,upi_hfwsc8t93j@okaxis,2026-02-26
U006623,card_9705_8bae40a94e,2026-01-31
U006624,upi_p2n7pjog2f@oksbi,2026-04-05
U006625,upi_36aqt6q896@ybl,2026-08-23
U006626,upi_240bkd39ro@paytm,2025-10-21
U006627,upi_ga071en91k@okicici,2026-08-01
U006628,upi_arl9qze8i6@okaxis,2026-04-13
U006629,card_5108_2ceecbc852,2025-10-18
U006630,upi_k6m6g2ad0z@okhdfcbank,2026-08-07
U006631,upi_swi1s39asm@okhdfcbank,2026-06-02
U006632,card_5549_d5f6f47075,2026-03-21
U006633,card_7407_aceed1ebc8,2026-06-04
U006634,upi_6w9iy2ltr9@okhdfcbank,2025-12-09
U006635,card_5780_6ef0416bbc,2026-07-08
U006636,upi_utyi7una5l@ybl,2025-10-12
U006637,card_7446_ea0c4ed280,2026-03-17
U006638,upi_x7789dzqdz@oksbi,2026-06-01
U006639,upi_wnqbrqddff@okaxis,2026-01-02
U006640,upi_13y33teofb@ybl,2026-05-07
U006641,card_4810_d8c3862a59,2026-05-03
U006642,upi_fsrzdl4pwm@okicici,2026-08-13
U006643,upi_4e7gd0p0lh@ybl,2025-11-09
U006644,upi_3ervudmdgw@ybl,2026-03-01
U006645,card_8973_b0eda4c583,2026-07-22
U006646,upi_312dvfpojn@ybl,2026-05-04
U006647,upi_fdgwsz9nia@paytm,2026-02-21
U006648,upi_sfh1yvvoqh@okhdfcbank,2026-05-30
U006649,upi_2hzxiygpsc@okicici,2026-08-21
U006650,card_8801_d4b5d11c59,2026-04-04
U006651,upi_02vnng6lhy@ybl,2026-08-20
U006652,upi_he95y99t7j@paytm,2026-04-29
U006653,card_4204_17c5e44fe5,2026-05-23
U006654,card_7413_33cb05880f,2026-08-15
U006655,upi_k89hl75qbv@paytm,2026-05-18
U006656,upi_lvxmehaskx@ybl,2026-02-27
U006657,upi_k4rxs12hxy@okicici,2026-08-26
U006658,card_5741_e14bd15da7,2026-02-25
U006659,upi_wiach6ztwk@paytm,2025-10-31
U006660,upi_wu8f99yuef@okaxis,2025-10-07
U006661,card_0921_2f6629eff9,2025-09-06
U006662,upi_jf2v2zovyb@oksbi,2026-02-09
U006663,upi_zobuomxd4k@oksbi,2026-06-20
U006664,card_6373_77c8171676,2025-09-29
U006665,card_9108_1c944a60d7,2025-10-01
U006666,upi_itjfhmy8u0@paytm,2025-12-10
U006667,card_0163_401a9c79d3,2026-08-21
U006668,upi_n9l13oc88s@okaxis,2026-02-09
U006669,upi_be52y0kbzl@paytm,2026-07-16
U006670,upi_lvljosnvue@okaxis,2026-03-10
U006671,upi_1mn8g0r0ee@okicici,2026-07-31
U006672,card_2181_a89cfe66d6,2026-06-13
U006673,card_1765_ce0255d930,2025-10-25
U006674,upi_cyjblvorkn@okaxis,2026-03-14
U006675,upi_zqu5vayjf9@oksbi,2025-09-22
U006676,upi_rrfsy4iqvk@oksbi,2026-05-03
U006677,upi_eciev9dmhq@okhdfcbank,2026-03-27
U006678,upi_44wlguhg0i@okaxis,2026-03-24
U006679,upi_9w2rtjjopk@okicici,2026-07-05
U006680,upi_omq3spin22@ybl,2026-08-07
U006681,upi_ui0mfwab4x@okhdfcbank,2026-03-06
U006682,card_7208_bcd68b6aa8,2026-01-02
U006683,upi_eo3ta9aatq@okhdfcbank,2026-07-09
U006684,upi_sfnhcp8m6h@okaxis,2025-11-10
U006685,upi_44u5x1onuz@okaxis,2026-03-02
U006686,upi_9lced52ku5@oksbi,2026-05-25
U006687,card_5914_9fa4012ba6,2026-07-08
U006688,card_5775_8aac54fed6,2025-12-03
U006689,upi_6q9rjwh941@paytm,2026-04-28
U006690,upi_h5prulqs7q@paytm,2026-07-21
U006691,upi_e9cc4z8cis@ybl,2026-07-27
U006692,upi_tce1kz45fc@paytm,2026-04-09
U006693,card_3425_ee53caa77f,2026-05-09
U006694,upi_ikh61xg22j@paytm,2026-08-11
U006695,upi_l5ad8d9jcs@okicici,2026-01-18
U006696,upi_ztaeog5bcm@ybl,2026-04-17
U006697,upi_8pvqmilygn@ybl,2025-10-18
U006698,upi_kjprx07y6q@ybl,2026-03-18
U006699,upi_y57w37gx75@okaxis,2026-06-04
U006700,upi_1qz4d20kk0@okhdfcbank,2026-08-13
U006701,card_6297_f18d8a3a6e,2026-02-14
U006702,upi_ly06uy5uc2@oksbi,2025-12-11
U006703,upi_dll3owqydu@paytm,2026-08-04
U006704,upi_rzieq6s4z7@okicici,2025-12-05
U006705,upi_zicgv7gi8e@paytm,2025-10-05
U006706,card_3601_37e0f2c828,2026-08-14
U006707,card_4542_aaa0304242,2026-06-21
U006708,upi_4nfgmqvfti@ybl,2026-03-23
U006709,upi_ca7s4locup@okicici,2026-01-12
U006710,card_2551_4c540de534,2025-12-21
U006711,upi_8wylf2eo78@okhdfcbank,2026-08-26
U006712,upi_q9a2yj58nc@oksbi,2026-03-16
U006713,card_2564_154b3f9345,2025-11-30
U006714,card_6389_80a60b166d,2026-01-17
U006715,card_1744_1f6282953b,2025-12-18
U006716,upi_wwe0o3ko15@oksbi,2026-03-04
U006717,upi_0raxiura2a@okhdfcbank,2025-12-19
U006718,card_0406_0b76d2d60f,2026-05-15
U006719,upi_l2ese19hoe@paytm,2025-09-07
U006720,upi_ti21n1ygz5@okaxis,2026-08-02
U006721,upi_xqhv8vqyqf@paytm,2025-10-07
U006722,card_5350_b6525548be,2026-01-24
U006723,card_1906_a7077ee8fe,2025-09-29
U006724,upi_jv3fvs6foe@oksbi,2025-10-10
U006725,upi_6ldzpqj4x5@okaxis,2026-05-19
U006726,card_8391_a2639c3717,2026-05-07
U006727,card_1484_f0e76b75bd,2026-02-10
U006728,card_4058_df9dfd5590,2026-06-10
U006729,card_1177_42900cb72a,2025-12-30
U006730,upi_b1m1oxceeo@oksbi,2026-05-13
U006731,upi_zotnbccn23@oksbi,2025-10-26
U006732,upi_zttelo1hn5@okicici,2026-07-19
U006733,card_9060_9e2e37539d,2026-02-22
U006734,card_8485_c2076d7c4f,2025-12-15
U006735,upi_d79f425eye@okaxis,2025-09-29
U006736,card_9531_5130162308,2026-04-01
U006737,card_1882_b08a5e67a0,2026-06-11
U006738,card_3910_fc6bcc754d,2025-10-20
U006739,upi_zy6etl4xg6@okhdfcbank,2026-05-28
U006740,upi_srbolgexfw@ybl,2025-11-21
U006741,card_5233_a4c9c9a6c3,2025-09-08
U006742,upi_7cpsigm57h@okicici,2026-05-14
U006743,upi_2amj4i809u@okhdfcbank,2026-06-27
U006744,card_4898_330403574b,2025-12-01
U006745,upi_6oh3uio8r8@oksbi,2025-12-31
U006746,card_2437_fa60470c84,2026-07-29
U006747,upi_f2hgy86zch@oksbi,2025-10-04
U006748,card_5609_4ca14797e9,2026-07-21
U006749,upi_6awp788qi4@okicici,2025-11-11
U006750,upi_l4cfvkt09p@okicici,2026-06-07
U006751,card_8806_264a356ee8,2026-07-13
U006752,card_3008_1441c14b31,2026-02-11
U006753,upi_634xopvkjq@oksbi,2026-06-21
U006754,upi_0la7vtgk01@okhdfcbank,2025-12-02
U006755,upi_4oj8jz99ht@okhdfcbank,2026-05-21
U006756,upi_36n47fkdo8@paytm,2025-11-02
U006757,card_2493_be85e2b8f3,2025-10-28
U006758,card_4905_e39453f280,2026-08-11
U006759,card_5599_c83e3bfcbf,2025-09-30
U006760,upi_zxqu4gmyjj@ybl,2026-05-07
U006761,upi_nl246zb52c@oksbi,2025-09-17
U006762,upi_rrvlrmh8vq@okaxis,2026-06-17
U006763,card_8290_4f14ea64af,2025-11-02
U006764,card_5117_1da3e3b244,2026-05-27
U006765,upi_le9l1rh58e@okhdfcbank,2025-11-21
U006766,card_3793_aada0ebace,2026-03-11
U006767,upi_y10d8yiz4g@okhdfcbank,2025-10-29
U006768,upi_9tesj1j6tl@okhdfcbank,2026-03-10
U006769,card_6224_b45378d056,2026-04-11
U006770,card_9214_e96495c95a,2026-01-13
U006771,upi_d8fztydku3@okaxis,2026-02-24
U006772,upi_6oo9q228bh@ybl,2025-12-11
U006773,card_7494_191039ddab,2026-01-05
U006774,upi_s5c3yls877@okaxis,2025-12-20
U006775,card_3769_9ae85161be,2025-12-13
U006776,upi_p61eaxnc84@ybl,2026-01-27
U006777,upi_lo4rta53it@okaxis,2025-11-30
U006778,upi_y87xrigjxh@oksbi,2026-06-11
U006779,upi_gffvu9b06y@okicici,2026-04-21
U006780,upi_ymfc2ukubk@okaxis,2026-07-02
U006781,upi_4gdyi2prpk@okicici,2025-10-03
U006782,upi_5zu26ca96r@ybl,2026-05-11
U006783,card_4661_978745fa6e,2026-08-10
U006784,card_8504_dc6ebdc586,2026-06-28
U006785,upi_elzuevcugn@oksbi,2025-09-04
U006786,upi_js3npdj04t@okaxis,2025-09-04
U006787,upi_fxwp4bod8s@okaxis,2026-03-17
U006788,upi_m6273j2my9@oksbi,2026-05-12
U006789,upi_l0i20okm6p@okhdfcbank,2026-06-11
U006790,upi_741yls43ye@ybl,2026-05-18
U006791,card_6100_daa96f2383,2025-11-26
U006792,card_5105_03c857a5a2,2026-06-24
U006793,upi_nuye31ttx2@okicici,2026-05-04
U006794,card_6543_f193681567,2026-08-02
U006795,card_2740_7b5b3775bd,2025-11-02
U006796,upi_ljmjc6avnu@okaxis,2026-01-31
U006797,card_1642_3cf505ad7f,2025-09-28
U006798,card_4212_5ef56318a5,2026-07-15
U006799,card_9778_2a5f7f4ac9,2026-08-04
U006800,card_1838_e82c149c1b,2026-01-18
U006801,upi_p6osgiq4nt@oksbi,2026-05-09
U006802,upi_9g4mrry5oe@paytm,2025-11-17
U006803,upi_0xz5h13mqn@ybl,2025-10-03
U006804,upi_qj1fpsl4ps@okicici,2026-02-23
U006805,upi_8ix8px055l@ybl,2025-10-24
U006806,upi_xgitbhhj85@okhdfcbank,2025-10-04
U006807,upi_m6uf37uufr@okhdfcbank,2026-01-31
U006808,card_9829_8dee3c8a94,2026-03-26
U006809,upi_m3pesmqh96@ybl,2025-10-20
U006810,upi_40lzhk27u8@okaxis,2026-02-27
U006811,upi_exmkwk7f2h@okicici,2025-12-22
U006812,card_0030_cdd1bc2420,2026-05-13
U006813,upi_63mc99bzu4@okicici,2026-01-26
U006814,card_8026_17e4035699,2026-05-09
U006815,card_9360_68eb8b73fa,2025-11-03
U006816,card_2963_536eb0bca8,2025-09-22
U006817,card_7582_69c8c974ed,2026-02-28
U006818,card_7938_e83e94afce,2025-10-18
U006819,upi_ejsrj8d5ky@okaxis,2025-10-03
U006820,card_8911_1a5b47d62d,2026-06-05
U006821,upi_3nro8jr2op@paytm,2026-02-06
U006822,upi_xagonzitcg@okhdfcbank,2026-07-19
U006823,upi_9w6es0o7iy@oksbi,2026-05-16
U006824,upi_3cvznd83ac@ybl,2026-06-17
U006825,upi_t31glx4wsi@paytm,2026-04-29
U006826,upi_jwfcvkzys6@okaxis,2025-09-16
U006827,card_1353_08db2c3342,2025-09-01
U006828,upi_t9l6yfoakd@oksbi,2025-10-19
U006829,card_3056_d77a0f720a,2026-05-22
U006830,upi_kt7u0y57w7@oksbi,2026-01-04
U006831,card_5226_8ef54572cd,2025-11-18
U006832,upi_tqh31xb6y3@oksbi,2025-09-25
U006833,upi_1qjwakldzy@okaxis,2026-05-01
U006834,upi_6tcmo5sdzr@ybl,2026-03-23
U006835,card_1996_e62cf267f4,2025-11-02
U006836,card_2116_9499aa4580,2026-05-26
U006837,card_3732_99df1eb89e,2026-02-13
U006838,card_6561_874e0beaef,2025-09-04
U006839,upi_gvwdkaj1w1@ybl,2026-08-16
U006840,card_6255_eb482b98ab,2026-04-30
U006841,upi_9jdqgpt9yd@paytm,2026-06-30
U006842,upi_duuiu0uw0p@ybl,2026-02-03
U006843,upi_dv7s7o3v64@paytm,2026-07-12
U006844,card_8882_dda2dc30a4,2026-03-11
U006845,upi_urihjjahcv@ybl,2026-07-01
U006846,card_0274_5111aabaca,2025-10-01
U006847,upi_snv6a8zs8m@okicici,2025-11-18
U006848,upi_fnrhbpv87x@oksbi,2026-03-19
U006849,card_3186_2bbfa953c7,2026-01-13
U006850,card_1831_c67443080a,2026-01-24
U006851,upi_0yc58hb1hs@ybl,2026-02-14
U006852,upi_wg7tecwz0m@okhdfcbank,2026-06-15
U006853,upi_lqbfde10qi@okaxis,2026-07-22
U006854,upi_yecetnjvqr@okhdfcbank,2026-03-13
U006855,card_4397_42a7b45770,2026-07-03
U006856,upi_yn5iy1wr1h@okaxis,2025-11-09
U006857,upi_xi5wbf2fl4@okaxis,2025-11-05
U006858,upi_z4xb8vzr4z@oksbi,2026-05-05
U006859,upi_h913wp8man@ybl,2026-04-01
U006860,card_9464_934b76a0d1,2025-10-17
U006861,upi_wewhuyffgn@okicici,2026-02-12
U006862,upi_ss8rz3zt56@okicici,2025-10-16
U006863,upi_dnr04u03oq@okicici,2026-03-27
U006864,card_3365_b822590ddd,2025-09-06
U006865,card_1661_2a8bb8b267,2025-10-03
U006866,upi_gwnaob86da@okicici,2026-01-27
U006867,card_6935_15e00b0f14,2026-01-20
U006868,card_7344_2778ab3633,2026-04-11
U006869,upi_oiz8fc9ia4@paytm,2026-06-02
U006870,upi_sf7rhzzkuu@okaxis,2026-08-22
U006871,upi_c15f5n953m@okicici,2026-01-05
U006872,upi_t6jc5zwyem@okaxis,2026-07-11
U006873,upi_25tp7hwzlz@oksbi,2026-05-29
U006874,upi_ewdt8liv1g@okaxis,2026-05-06
U006875,upi_fq4nhmhee9@okicici,2025-12-19
U006876,card_8031_30af0847b7,2025-09-28
U006877,card_8582_09f15ca118,2025-09-07
U006878,upi_yxb7hikjfw@okhdfcbank,2026-03-20
U006879,upi_bxv5wmr4gm@okhdfcbank,2026-01-23
U006880,upi_tf0465huat@okhdfcbank,2026-03-19
U006881,upi_kqfwm8s2e2@paytm,2026-07-18
U006882,card_5246_876bc395ad,2026-01-20
U006883,card_5575_ad8cdeadd8,2025-10-30
U006884,card_2965_f72c5508c3,2026-03-07
U006885,card_7971_253cee85d9,2026-02-14
U006886,card_2768_cb804ba7c4,2025-10-07
U006887,card_7000_c02f6c8f0f,2026-07-11
U006888,card_5622_1b28ffde49,2026-05-29
U006889,card_5743_88a4a911cd,2025-10-28
U006890,upi_33hc6yjcfs@okhdfcbank,2026-06-19
U006891,card_6397_ba4095b1a0,2026-07-26
U006892,card_7376_b753e875be,2025-09-05
U006893,upi_8gere6xhg5@okicici,2025-10-03
U006894,card_5342_ac7a4e0250,2025-11-21
U006895,card_8755_97bbf819d3,2026-03-21
U006896,card_1396_4e1d98d7e8,2026-08-26
U006897,upi_g1hx95whvl@paytm,2026-01-30
U006898,card_4641_c8bea8be95,2025-12-01
U006899,upi_cavua2uzzq@okaxis,2025-10-24
U006900,upi_ix8qermzxb@ybl,2026-02-10
U006901,upi_3a63dcttnx@paytm,2026-06-19
U006902,card_5497_769b2ea065,2026-02-15
U006903,card_9685_e14601a163,2025-09-17
U006904,card_3517_e7d1d61972,2026-06-18
U006905,upi_rxz8x8x0i1@oksbi,2026-03-06
U006906,upi_m6mycdqk0c@oksbi,2026-08-10
U006907,card_1566_b10e989e77,2026-04-21
U006908,upi_ynb3d9ze0i@oksbi,2026-07-30
U006909,card_2227_d33cd7b523,2025-10-21
U006910,card_3703_8c97defacf,2026-07-28
U006911,upi_e8zge21e6j@paytm,2026-06-23
U006912,upi_5rmvbhzrnj@paytm,2026-06-01
U006913,upi_o3u8hkgl36@oksbi,2026-04-10
U006914,card_8279_a4c64be863,2026-06-02
U006915,upi_waqxf2mwx2@okicici,2025-09-24
U006916,card_6277_789699da17,2025-09-03
U006917,upi_zguj4v9kbm@okaxis,2026-08-05
U006918,upi_lcvdozkrnx@paytm,2025-12-08
U006919,upi_e3ij6woidn@okicici,2026-02-02
U006920,upi_l7wi9rcmxc@oksbi,2026-03-26
U006921,card_4097_90340f9011,2026-08-13
U006922,upi_18kup21yfl@oksbi,2026-03-05
U006923,upi_2kd9v3y6im@okhdfcbank,2025-11-30
U006924,upi_18wmzdgto0@okhdfcbank,2025-09-03
U006925,card_9891_2471803032,2026-03-19
U006926,upi_3szmqb4pzd@okicici,2026-03-28
U006927,upi_k2ecm3vn69@oksbi,2026-04-24
U006928,upi_y26gtpv76j@oksbi,2026-07-25
U006929,upi_8l0u2nd57y@okicici,2026-05-24
U006930,card_9098_86f55ec0b7,2026-02-21
U006931,upi_dtxh0dpz67@okhdfcbank,2025-10-09
U006932,card_7910_ee29e359ad,2026-03-31
U006933,upi_kf9b41yn67@oksbi,2026-07-25
U006934,card_3994_ef6211db25,2026-02-12
U006935,upi_f2ta1kmmsv@oksbi,2026-03-17
U006936,upi_pc004hemo6@okicici,2025-12-04
U006937,upi_dkj8vifqgb@oksbi,2026-03-14
U006938,upi_2tzynlz67m@paytm,2026-02-18
U006939,upi_ncsyuli6ll@paytm,2026-06-08
U006940,upi_x9h69ypwnz@ybl,2026-04-05
U006941,upi_q8jc1n4o6f@okhdfcbank,2026-06-17
U006942,card_6353_d493a97706,2025-10-06
U006943,upi_j0ix0buyz3@ybl,2026-04-11
U006944,upi_sypd8oeu1c@okaxis,2025-11-02
U006945,card_1214_6216e72e70,2025-10-12
U006946,card_3024_9a53365069,2025-09-11
U006947,upi_0a2zqhb9sv@okicici,2026-07-08
U006948,upi_l61d99la34@oksbi,2025-12-07
U006949,card_6929_b3cf9a32bd,2026-06-16
U006950,upi_07jhym01hx@oksbi,2026-01-09
U006951,card_0610_9093b2f6bf,2025-11-18
U006952,upi_k2x5lafcl9@oksbi,2026-07-15
U006953,card_3077_f5b94b9c28,2026-07-06
U006954,card_2513_12646f249b,2025-10-18
U006955,card_6997_bfbfeac1b0,2026-04-02
U006956,card_2420_ee5e4d22c7,2026-07-26
U006957,upi_x9894iy8sm@ybl,2025-12-30
U006958,card_1569_683d027a23,2025-11-11
U006959,upi_n4kdhtmj5r@okaxis,2026-02-25
U006960,upi_vby1th2dwk@ybl,2026-05-15
U006961,upi_b53idah0z1@okaxis,2026-06-20
U006962,upi_bqkh5i2s1a@okhdfcbank,2026-08-22
U006963,upi_us2a32qkxp@oksbi,2026-06-13
U006964,upi_dl7dkxi3on@oksbi,2025-09-10
U006965,upi_ktj196df3l@paytm,2026-01-07
U006966,card_7963_c60875c1e0,2026-01-25
U006967,card_2348_1f72d6c0ad,2026-07-15
U006968,upi_99hjbn4hju@okhdfcbank,2026-05-18
U006969,upi_77vu6i9m91@ybl,2025-10-31
U006970,upi_ydkl5s1r6e@okicici,2025-09-27
U006971,card_2915_3886b864be,2026-01-08
U006972,card_9366_b8b0e2470e,2026-01-14
U006973,upi_19wy24u2gt@okicici,2026-07-16
U006974,upi_crz1x0upl2@okhdfcbank,2026-06-28
U006975,card_7404_ee9c94ceb6,2026-08-19
U006976,card_0497_b82c76ac17,2026-07-20
U006977,upi_3t12e94v9e@okhdfcbank,2026-05-27
U006978,card_6587_83e5e21d30,2026-06-02
U006979,upi_qqnq1rwem5@okicici,2025-11-24
U006980,upi_k5m9v4id92@okhdfcbank,2026-05-08
U006981,card_1599_bd4a1c34e6,2026-04-26
U006982,upi_8omr65g5fh@ybl,2026-03-07
U006983,upi_80o3x6k765@ybl,2025-09-12
U006984,card_0326_4c11cf7c2c,2026-01-10
U006985,upi_ftd5fjirdm@okicici,2026-05-24
U006986,card_7624_7001712e37,2026-01-07
U006987,upi_23c8u6kw7k@okicici,2026-04-14
U006988,upi_qdflz03ls0@paytm,2026-03-18
U006989,upi_fc2kx3yp3a@ybl,2025-09-09
U006990,card_4040_7394575309,2026-08-24
U006991,upi_c9tqlnw1lj@okaxis,2025-10-03
U006992,upi_fsedez4oiq@ybl,2026-06-06
U006993,upi_4e7g274q4i@okicici,2025-09-28
U006994,upi_6u6x44y2x6@oksbi,2026-03-03
U006995,card_1088_b0a3318172,2026-06-18
U006996,upi_r9lf73j371@okhdfcbank,2025-10-28
U006997,card_9097_47d1ecbd4e,2025-12-12
U006998,card_2663_363d760047,2026-01-20
U006999,upi_l6476g23z2@ybl,2026-08-25
U007000,card_8713_5d8bdee8bb,2026-06-29
U007001,upi_3at5tenkox@okaxis,2026-01-14
U007002,upi_fmpwjpbi9n@okicici,2026-03-13
U007003,card_3150_966b780892,2025-09-23
U007004,upi_3t1tlckdaz@oksbi,2025-11-27
U007005,card_9678_c0b8a486d5,2026-04-09
U007006,card_3765_7d25990f05,2025-11-19
U007007,upi_nbrql96lbw@ybl,2025-09-01
U007008,upi_ijbfg4dk56@okaxis,2025-10-10
U007009,upi_9ymckg2a7p@okicici,2025-11-20
U007010,upi_djtk5yf7pa@okhdfcbank,2025-09-29
U007011,card_7641_069147bfb9,2026-03-20
U007012,card_7179_0567d45b3b,2026-04-23
U007013,upi_bnm06lrtgs@paytm,2025-12-28
U007014,upi_pztra6rw5d@okicici,2025-09-17
U007015,card_2940_e45075d308,2026-03-11
U007016,upi_oiornzf9u3@okicici,2026-07-21
U007017,upi_7emvk7175i@ybl,2026-01-08
U007018,upi_woqlxyvbp4@okaxis,2025-09-22
U007019,upi_311r0zevh1@okaxis,2026-05-17
U007020,upi_9hk1ebyoyg@oksbi,2026-04-12
U007021,card_1877_682075ef88,2026-07-05
U007022,card_8322_a4e4bc71b5,2025-09-04
U007023,card_5136_9beeb56581,2025-09-01
U007024,upi_0br8fh1sgw@paytm,2025-09-15
U007025,upi_ut3revb0p3@okhdfcbank,2026-06-19
U007026,upi_yk4uc61g0o@okicici,2026-04-01
U007027,upi_s200zpur3m@okicici,2025-10-20
U007028,upi_bc0mdthduo@okicici,2026-08-12
U007029,upi_cq7rzoaupp@okicici,2026-04-22
U007030,upi_k02waw61il@paytm,2025-10-11
U007031,upi_1qyva7uf11@okicici,2025-12-06
U007032,upi_c1fnyh8gpo@okhdfcbank,2026-04-15
U007033,upi_s4o4z923qd@okhdfcbank,2025-10-06
U007034,upi_xmo9ya4plj@okicici,2025-10-20
U007035,upi_bd1eg01xhh@okhdfcbank,2025-12-27
U007036,upi_ylaisxzlg6@okaxis,2026-07-24
U007037,card_6080_4bc79e99c3,2026-04-30
U007038,upi_2a0soqyyb2@okicici,2026-04-10
U007039,upi_8q25opsmph@paytm,2025-09-07
U007040,upi_6fh453m1ro@paytm,2026-05-02
U007041,card_4213_92841360b8,2026-07-05
U007042,upi_fsk5hgo71e@oksbi,2026-07-08
U007043,card_4999_f060bc4fe9,2026-08-06
U007044,upi_bg51u1q3y4@okicici,2026-04-17
U007045,card_5052_68057fe664,2025-11-01
U007046,upi_39e7yrt2c8@okhdfcbank,2025-10-24
U007047,upi_npkxv972sn@okhdfcbank,2025-09-16
U007048,upi_h0l1eaznqb@paytm,2026-08-09
U007049,upi_j0tiwr50ml@okaxis,2025-12-11
U007050,upi_wm71xrn9jq@paytm,2026-01-09
U007051,card_8076_8f324b8aeb,2025-09-27
U007052,upi_u8nb8fo873@okaxis,2026-03-02
U007053,card_6661_06914a75c1,2026-07-21
U007054,upi_aap4mfu94u@paytm,2026-01-11
U007055,card_6018_6b04f19686,2026-01-29
U007056,upi_aewg98uafo@okaxis,2025-09-28
U007057,upi_9x5ninqozf@okicici,2025-10-19
U007058,upi_lo8c6657ok@okicici,2025-09-16
U007059,upi_9jidudn65p@paytm,2026-01-26
U007060,card_8731_b0f84cf6a3,2026-07-31
U007061,card_9198_96b5789cc2,2025-09-02
U007062,upi_55lsu9xpww@okicici,2026-07-30
U007063,card_7519_880eb7e2ea,2026-02-21
U007064,upi_961tb1j6v5@okaxis,2026-04-14
U007065,card_4305_2b2040000b,2026-05-07
U007066,card_3147_8e98af09c2,2025-10-29
U007067,card_3675_1591ad0ca0,2026-08-25
U007068,card_3319_0f20fc186f,2026-02-07
U007069,card_4866_bd921ba87f,2026-01-30
U007070,upi_w798r6iofg@paytm,2026-02-28
U007071,upi_6tefzlriw6@oksbi,2026-05-19
U007072,upi_qtb9uko7r5@okicici,2026-02-05
U007073,card_1626_b1a4d8297a,2026-03-08
U007074,card_0932_406fd55128,2025-12-15
U007075,card_5128_72f3092c48,2026-02-01
U007076,card_4928_215d07ac9e,2025-11-21
U007077,upi_pk3yr61xrb@paytm,2026-02-21
U007078,card_1769_78d56b5423,2025-10-02
U007079,upi_dln4hdh5ov@ybl,2026-04-07
U007080,card_9840_b213bae4ca,2026-02-06
U007081,card_2954_7a708fc332,2025-09-04
U007082,upi_nw0dh31eef@okhdfcbank,2025-09-13
U007083,card_7706_0ee758a30b,2026-03-12
U007084,upi_sisoa1bbg6@okaxis,2025-12-11
U007085,upi_h0o166a9zi@ybl,2026-03-02
U007086,card_0462_d3bebb5d30,2026-05-12
U007087,card_4100_ae6beeefe9,2026-04-08
U007088,card_0716_a622f0c16e,2026-07-11
U007089,upi_6i4hr8nvmj@paytm,2026-05-12
U007090,card_4225_b1f2b111bb,2025-10-01
U007091,card_9988_08d37f895b,2025-10-07
U007092,card_7607_65eb2aaec7,2026-01-25
U007093,upi_1cubjsdg0l@ybl,2025-09-26
U007094,upi_bc4bbc5ry8@paytm,2026-01-29
U007095,upi_61iqudo0hj@okhdfcbank,2026-06-05
U007096,card_3268_44128cdf4b,2025-10-12
U007097,card_9565_047f4dd7b1,2026-03-27
U007098,card_0490_b3621f3f38,2025-12-04
U007099,upi_dk6l2zjgos@okicici,2026-02-10
U007100,upi_xw8lrhgkpl@ybl,2026-02-15
U007101,upi_zdvbgcwtye@ybl,2026-05-05
U007102,card_0724_5680a32d0d,2025-12-31
U007103,upi_oitf8xshzg@ybl,2026-07-01
U007104,card_4814_cd552818ff,2026-04-28
U007105,card_3933_3643c6aa26,2025-12-10
U007106,card_0845_783bbe72e1,2025-09-25
U007107,upi_889pnzhhqq@oksbi,2025-10-01
U007108,card_5710_0608bcc04c,2025-12-09
U007109,card_0487_c1120c3d57,2026-03-06
U007110,upi_uihnhkdt2m@paytm,2026-08-23
U007111,card_7157_4948390a34,2026-04-28
U007112,card_7399_c02a9ecb16,2026-05-07
U007113,card_4002_d9926eada0,2026-01-28
U007114,card_6365_c134af3dd3,2025-10-08
U007115,card_5305_6e2709462f,2026-08-18
U007116,upi_58zuu14k98@okaxis,2026-08-06
U007117,card_6826_264c41ee67,2025-09-18
U007118,card_5783_ebdbe90893,2026-02-13
U007119,upi_1wl39jopod@okicici,2026-02-09
U007120,upi_cdwnnvqzy1@oksbi,2026-07-06
U007121,upi_kguk08p1e7@oksbi,2026-06-19
U007122,card_5620_19ee99cb89,2026-02-14
U007123,upi_14fjvty2cg@ybl,2025-10-27
U007124,upi_g7nl0db6eq@oksbi,2026-05-13
U007125,upi_ltfwu7acuq@okaxis,2026-03-21
U007126,upi_m6cwpiodui@okhdfcbank,2026-07-08
U007127,upi_7jxxg6vxe2@okicici,2026-04-22
U007128,card_0766_184ffc0aac,2026-04-17
U007129,upi_i92incty34@okhdfcbank,2025-11-29
U007130,card_9880_1e2de23630,2026-03-02
U007131,card_9467_4a66346a56,2026-03-18
U007132,upi_rmhbq038sy@oksbi,2026-06-21
U007133,upi_08tj4g3ouq@okaxis,2026-03-15
U007134,upi_clpvsz236a@okhdfcbank,2026-08-15
U007135,upi_cx4vrqq6v6@okicici,2025-09-15
U007136,card_0445_4e6e97d826,2026-03-04
U007137,card_5343_b29c389bd8,2026-01-30
U007138,card_6673_c9331cb499,2025-10-12
U007139,upi_hs6kjuet4q@ybl,2025-12-09
U007140,card_6644_546ae4636c,2025-09-17
U007141,card_1380_630e2723e4,2025-12-27
U007142,upi_jvzz29ue0z@okhdfcbank,2026-05-11
U007143,upi_8ldvjhygel@okaxis,2026-05-23
U007144,upi_0jivlkna3y@oksbi,2026-06-14
U007145,upi_l1bh20v7zm@paytm,2026-03-29
U007146,upi_zherjptt5s@okaxis,2026-02-20
U007147,upi_98d5qzkbem@oksbi,2026-01-25
U007148,card_7762_a677ced532,2025-10-29
U007149,card_9319_6430789f6c,2025-12-01
U007150,card_2514_bfebc81f1a,2026-07-27
U007151,card_2530_322a359056,2025-11-26
U007152,card_2112_9b49935cb4,2026-02-13
U007153,upi_zyhxyjqtjc@oksbi,2026-02-23
U007154,upi_8uw25mswki@paytm,2025-09-28
U007155,card_1467_7276ddc81c,2026-07-09
U007156,upi_lso9owo4md@okaxis,2025-11-09
U007157,card_3561_1d59299244,2026-02-28
U007158,card_1829_64b0fc68f3,2025-12-05
U007159,upi_kcqjbaofpa@okaxis,2026-02-11
U007160,card_8538_ca6f0ccf6d,2026-06-17
U007161,card_1351_cc65b1c8aa,2026-01-14
U007162,card_2211_ecdfaf8736,2026-07-29
U007163,card_0325_b54bde52d7,2026-04-15
U007164,upi_zdix9a3fuf@paytm,2026-03-12
U007165,card_3990_6f9778396c,2025-10-20
U007166,card_6792_0573e8c1fb,2026-06-13
U007167,card_3010_2473cf4c8c,2026-04-08
U007168,upi_gunm858g8v@ybl,2026-05-11
U007169,upi_8ejnd4oahd@okicici,2025-12-16
U007170,upi_r18v5cn4sc@oksbi,2025-10-17
U007171,card_2430_ba90b548a6,2026-05-25
U007172,upi_kvqd7o7c1b@okhdfcbank,2026-06-04
U007173,upi_3cuo9w6gkl@paytm,2025-10-12
U007174,upi_vkt47r84zz@okaxis,2026-03-08
U007175,card_8363_ca52ab93da,2026-05-19
U007176,upi_38xnadatoy@okhdfcbank,2025-09-10
U007177,card_8720_d864240fd0,2025-12-04
U007178,upi_dsydk33jaj@ybl,2025-10-21
U007179,upi_w7nwm87atf@okaxis,2026-04-18
U007180,upi_ngji8j12yc@okaxis,2026-03-22
U007181,upi_9bdz887s2v@okhdfcbank,2025-09-09
U007182,upi_8phj9z39fs@paytm,2026-06-09
U007183,card_9739_90e7237126,2026-04-09
U007184,upi_nh3x7pd94k@ybl,2026-06-06
U007185,upi_jxcaepk3x3@oksbi,2026-08-10
U007186,card_8362_30c6153110,2026-08-02
U007187,card_1835_733c052211,2026-04-02
U007188,upi_bzoxcvxq04@ybl,2026-07-13
U007189,card_6532_cd4f938fe0,2025-09-02
U007190,upi_h14solwm58@okhdfcbank,2025-11-26
U007191,upi_uzjzs4d5hl@oksbi,2026-03-21
U007192,upi_0u1mehxm50@ybl,2026-06-01
U007193,upi_fi7vuotybp@oksbi,2026-04-18
U007194,upi_15ko6jo54s@paytm,2026-02-07
U007195,upi_0lny22n221@okhdfcbank,2025-10-12
U007196,upi_z2dezk8xzu@paytm,2026-01-21
U007197,card_6974_43492e86f5,2026-05-04
U007198,card_4200_e95524b549,2026-05-17
U007199,upi_z9sob8hpyt@paytm,2026-08-16
U007200,upi_q2ocb60763@paytm,2026-02-08
U007201,card_8460_2261f50386,2025-12-11
U007202,card_0103_384a9c4e18,2026-02-21
U007203,upi_arr9aejmh5@paytm,2026-06-21
U007204,upi_cclxhpmxdy@paytm,2026-06-06
U007205,upi_p6dk1ac9jc@ybl,2026-02-17
U007206,card_0862_6ca1ada08e,2025-10-27
U007207,upi_9uklvn7c2w@paytm,2025-11-19
U007208,upi_lcfs8jr0bm@oksbi,2026-06-08
U007209,upi_dngrhgtgou@okicici,2026-07-08
U007210,upi_96y84k0hn0@ybl,2026-04-29
U007211,upi_sv2ajpumue@paytm,2026-07-31
U007212,card_3451_fa1b505bdf,2026-01-31
U007213,upi_x6cqembpo0@okhdfcbank,2026-05-31
U007214,upi_kq66dj020q@okicici,2026-07-09
U007215,upi_kwhlolrcul@okhdfcbank,2026-03-01
U007216,card_3060_d9e8f95c32,2025-12-03
U007217,card_8450_e62e03582f,2025-10-04
U007218,upi_a7mye1ak7c@okaxis,2026-07-15
U007219,upi_4a7ue06v9q@ybl,2026-07-06
U007220,card_6529_7a237fe7ee,2025-10-09
U007221,upi_hjlf05lyi6@paytm,2026-08-07
U007222,upi_h6jvu6w7m2@okaxis,2026-08-09
U007223,upi_jwc2o65e6b@okaxis,2025-10-11
U007224,upi_oxgcj3j5qd@paytm,2026-03-25
U007225,card_1214_3a03fe9c9d,2025-09-12
U007226,upi_xvhwfznu8n@ybl,2026-06-27
U007227,upi_pkegessn0u@okaxis,2025-12-01
U007228,card_8659_8c1ac983fc,2026-01-28
U007229,card_3130_de74881806,2026-03-25
U007230,upi_0s3hia60ah@okicici,2025-11-16
U007231,card_0599_a5406ee7d9,2026-02-26
U007232,upi_jvdaymbf7c@okicici,2026-08-07
U007233,upi_i1o97h4x4t@okicici,2026-01-31
U007234,upi_7yhgc3r2oo@okicici,2025-11-12
U007235,upi_4qca2iu74b@paytm,2026-03-03
U007236,card_8802_34049cd604,2026-06-16
U007237,upi_9mm9p9ysnr@okaxis,2026-04-11
U007238,card_5854_db80297a53,2025-11-06
U007239,card_0122_363ca9e071,2025-11-02
U007240,card_5600_7bea7f3dee,2026-01-24
U007241,card_0766_eddd4db2e7,2026-05-21
U007242,upi_alxy1fgz60@oksbi,2026-01-15
U007243,upi_8q21f01tqo@okicici,2025-09-30
U007244,card_8142_c1cb8c2247,2026-02-03
U007245,card_8211_483eb00f7f,2026-05-02
U007246,card_1316_816a2875a9,2025-10-26
U007247,upi_sdxxz3f6nz@paytm,2026-06-15
U007248,upi_ulbamj7map@okicici,2026-06-14
U007249,upi_ru1i2lvczh@paytm,2026-02-24
U007250,card_0634_c3a0829f6e,2026-07-12
U007251,card_9501_50806dfd5c,2026-01-28
U007252,card_3070_7f1f91ad88,2026-05-28
U007253,upi_u4dpa7s6zv@okicici,2026-02-16
U007254,upi_tdtqgixflh@okhdfcbank,2026-05-08
U007255,upi_1xgj95kra4@oksbi,2026-03-14
U007256,upi_hzqv457p13@okaxis,2026-02-13
U007257,card_2915_9562d7a2a6,2026-07-22
U007258,card_0301_80468cf7aa,2026-03-10
U007259,card_2982_1b39c1c6e7,2026-05-28
U007260,upi_uc3zybr17x@oksbi,2026-04-13
U007261,upi_yqei9o2n0e@okicici,2026-08-07
U007262,card_0421_093e57dcf1,2025-11-06
U007263,card_0482_a7496d00f4,2025-09-10
U007264,card_7025_a68afe37d1,2026-05-13
U007265,upi_cv8oqgs4ey@okhdfcbank,2026-08-25
U007266,card_9672_f2d747a723,2026-01-25
U007267,upi_u1gf7pdnlk@paytm,2026-08-08
U007268,upi_2tujezez4w@okicici,2026-06-17
U007269,upi_2hseia7fo0@paytm,2026-08-09
U007270,card_7931_37e0c059e4,2025-11-16
U007271,upi_3oc5xvcyxm@paytm,2026-01-23
U007272,upi_nzvj408goj@oksbi,2025-11-05
U007273,card_2838_5cdc5bec0a,2026-07-30
U007274,card_5207_04bb727761,2025-12-04
U007275,card_8101_b3a1916b3d,2026-06-18
U007276,upi_5t4duygss8@oksbi,2026-06-30
U007277,card_9541_ad2cfb0711,2025-09-13
U007278,upi_ju4au8zkbn@ybl,2026-02-04
U007279,upi_sqjk7vicsi@oksbi,2026-07-09
U007280,upi_zlg9zy8fho@ybl,2025-12-30
U007281,card_3716_91826b8ec1,2026-08-03
U007282,upi_xq180iikoe@okaxis,2026-03-10
U007283,card_5304_b05e2543cc,2026-01-16
U007284,upi_8blackhqeo@okhdfcbank,2026-01-24
U007285,upi_r8nie60331@okhdfcbank,2025-09-22
U007286,card_1405_6b52961d6f,2025-12-19
U007287,upi_8eth6kn7p0@okaxis,2026-07-17
U007288,upi_dvvegfzhzg@okhdfcbank,2025-09-28
U007289,card_8305_9df5acbe31,2026-03-01
U007290,card_5420_07b43d54cf,2025-09-08
U007291,card_3955_785c1cb15f,2026-07-12
U007292,upi_shag4fpkz4@okicici,2026-06-25
U007293,card_0399_938e140499,2026-04-18
U007294,upi_iiikfnvdao@paytm,2026-01-24
U007295,upi_zntq94tdbd@paytm,2026-07-03
U007296,card_9524_cbda50fa41,2025-10-08
U007297,card_8000_e0491670f5,2026-03-09
U007298,upi_wqqmq61vpe@paytm,2026-03-10
U007299,upi_84y8hwnn0m@oksbi,2025-10-09
U007300,card_5192_0d9fa4de7b,2025-10-14
U007301,upi_bc06usku28@ybl,2026-02-21
U007302,card_0403_048b84ce1d,2026-01-05
U007303,card_7172_219a55f832,2026-06-05
U007304,upi_vnzd85gc62@okicici,2025-12-15
U007305,upi_lnn655q09e@oksbi,2025-12-08
U007306,card_7777_6c58f203ff,2025-09-12
U007307,upi_6kwrbx7m82@paytm,2025-12-06
U007308,upi_gen1h89rd9@okaxis,2026-07-22
U007309,upi_dfrs6r6p3g@okhdfcbank,2025-09-28
U007310,upi_263ysdlqks@okaxis,2026-02-11
U007311,card_1966_6bb7a0db2e,2026-01-05
U007312,upi_7c6k5cqksl@okicici,2026-06-08
U007313,upi_tnlwehvx3c@paytm,2026-06-03
U007314,upi_3d1uuq3via@ybl,2026-07-19
U007315,upi_d1mg06oijy@okicici,2026-02-19
U007316,upi_90lw7jyh36@paytm,2026-08-22
U007317,card_3591_d6a899ecaf,2026-08-01
U007318,upi_hteirrxvc1@okhdfcbank,2025-12-24
U007319,upi_odrsgqip8e@ybl,2026-01-16
U007320,upi_b6ym5hkmxc@oksbi,2026-02-06
U007321,card_2477_d39d7797ec,2026-02-14
U007322,card_4225_3d63736ea1,2025-10-09
U007323,card_9620_a716f61634,2026-07-31
U007324,card_2749_99983a2e4f,2026-03-23
U007325,card_4106_6a1fb9c8f5,2026-02-11
U007326,upi_63a82q3580@okhdfcbank,2025-09-26
U007327,upi_v15p8pcxjg@okaxis,2026-02-07
U007328,card_4405_9857b62366,2026-03-21
U007329,card_4277_62d9d085bf,2026-01-14
U007330,card_8523_7def4dd095,2026-02-03
U007331,upi_ohvdeq6e09@paytm,2026-05-06
U007332,card_2514_f35631cd05,2026-06-19
U007333,upi_iou3m04kjq@oksbi,2026-07-12
U007334,card_5051_2430a193d4,2026-05-25
U007335,upi_gaj29brw19@okaxis,2025-11-12
U007336,upi_ijvf69a2gi@ybl,2025-11-10
U007337,upi_lrpu4rryn8@paytm,2026-08-10
U007338,card_9375_81903ad13c,2026-05-01
U007339,upi_6m4iv98x70@okhdfcbank,2025-11-03
U007340,card_7782_b17a6b5a8d,2026-03-24
U007341,upi_bubc2biofa@paytm,2026-07-12
U007342,upi_ysbag5khhb@paytm,2026-05-29
U007343,card_7405_0d97beea7e,2026-03-30
U007344,upi_ju0zbyvskd@okicici,2026-05-10
U007345,upi_0exvxz8tcy@paytm,2026-03-23
U007346,card_7149_f46bbf273a,2026-08-21
U007347,upi_kh94d0etea@okaxis,2026-04-02
U007348,upi_20ldul60jt@paytm,2025-11-05
U007349,upi_hubro2frls@okaxis,2026-07-17
U007350,card_8065_bbd6114202,2026-03-25
U007351,upi_2jhoyh13b6@okicici,2025-12-09
U007352,upi_wihu9x82jh@paytm,2026-05-26
U007353,card_8098_aaedecafaa,2026-08-12
U007354,upi_p70qw0228g@okhdfcbank,2026-08-17
U007355,card_2288_51fa08a196,2026-05-17
U007356,upi_znhgk44hvm@ybl,2026-08-09
U007357,upi_7bjswja9m2@ybl,2026-04-18
U007358,upi_ddv3o177n3@oksbi,2026-04-10
U007359,card_1345_e0ce8fe3d3,2026-05-22
U007360,card_8356_d9d8a8e461,2026-01-30
U007361,upi_po70iuaqt4@oksbi,2025-09-10
U007362,upi_y5c3dc3c44@ybl,2026-01-17
U007363,card_8080_2a1b6be059,2025-12-12
U007364,upi_tl4z2jkw8i@okhdfcbank,2026-04-30
U007365,card_5942_7317648cbf,2026-02-10
U007366,upi_uc72qcf9vf@paytm,2026-02-15
U007367,upi_kanqqo6sx3@ybl,2026-03-28
U007368,card_7668_3713c51f79,2026-07-01
U007369,upi_x2unidnhon@okaxis,2026-01-31
U007370,card_6867_f030919e86,2026-08-04
U007371,card_0101_b16024128d,2026-06-16
U007372,upi_8m6qzwjhwb@oksbi,2025-11-16
U007373,card_4056_6a4745e82d,2025-11-05
U007374,card_1086_1db3f3beed,2025-09-17
U007375,upi_tilikslkzs@ybl,2025-12-26
U007376,card_9725_fca2e32f1e,2026-02-06
U007377,upi_ue02kxyvhc@okaxis,2026-04-27
U007378,upi_b01yd1gttv@oksbi,2026-07-12
U007379,card_0258_e937f31801,2026-01-08
U007380,card_9799_341aae539d,2026-01-23
U007381,upi_vtydmmaknk@okaxis,2026-01-11
U007382,upi_kk1rlq8jnv@oksbi,2026-02-05
U007383,upi_xnuw7rc30f@paytm,2026-01-17
U007384,card_2999_073362c600,2025-11-22
U007385,upi_eyc9myweul@okhdfcbank,2025-12-07
U007386,card_0394_7dd7a18685,2026-05-25
U007387,upi_jk17hejqfx@okhdfcbank,2026-05-20
U007388,upi_x2m9ft08a6@okhdfcbank,2025-12-20
U007389,card_7999_f8d3da29dc,2026-08-16
U007390,upi_skrrprr0g0@okicici,2026-07-25
U007391,card_7799_3b32def676,2026-07-17
U007392,upi_rcolpg4aqr@ybl,2025-11-27
U007393,upi_w2z3lxdggu@okhdfcbank,2025-10-16
U007394,card_5280_85d0e416c5,2026-01-14
U007395,card_6981_41614c6da9,2025-12-06
U007396,upi_nruv3upc9i@okicici,2026-01-03
U007397,card_2841_91903b54c4,2026-06-07
U007398,upi_9tw52qv815@okaxis,2026-06-19
U007399,card_7842_ee6d2573fb,2025-10-20
U007400,card_7382_6fbc737519,2025-12-17
U007401,upi_c0gj9bnif5@oksbi,2025-10-21
U007402,card_0972_c434694529,2025-10-10
U007403,upi_cba5tzoyev@paytm,2025-11-07
U007404,upi_pqbuaycapi@okicici,2025-10-08
U007405,card_5965_ee3cad572b,2025-11-23
U007406,card_8463_ce12385084,2026-04-27
U007407,card_4954_5ffb894ac7,2026-04-06
U007408,upi_3cv7d0npk7@okhdfcbank,2026-04-21
U007409,upi_o1z84xz2ij@ybl,2026-02-27
U007410,upi_gmf80q7ldb@okhdfcbank,2026-05-24
U007411,upi_jf4inul90g@okhdfcbank,2025-09-21
U007412,upi_11foohqg1n@okhdfcbank,2026-06-09
U007413,upi_edzky34bxi@okaxis,2025-11-11
U007414,upi_m31c2lqh0a@ybl,2026-07-10
U007415,card_4214_2f75ecabd5,2025-10-01
U007416,upi_ibyx3nrgo5@okhdfcbank,2026-08-11
U007417,card_8765_b8f25a52b3,2026-01-09
U007418,card_3307_853b0ca17f,2026-07-01
U007419,card_0664_bc444e6c2c,2026-08-03
U007420,upi_nj8mn2aagd@paytm,2026-03-07
U007421,upi_qtbjxn0m0q@okaxis,2026-04-01
U007422,card_0290_ecbb66f0c1,2026-03-17
U007423,upi_k1hjm1ufrq@okaxis,2025-10-21
U007424,upi_6eajpbq414@okhdfcbank,2025-12-31
U007425,upi_9d3f567l3r@okhdfcbank,2026-05-21
U007426,upi_dld7rghzhn@paytm,2025-10-15
U007427,card_4401_c7ed482007,2026-07-19
U007428,upi_ftgnoli13y@okhdfcbank,2026-02-09
U007429,upi_ejlunjph5i@okhdfcbank,2026-01-27
U007430,card_6500_89702ce487,2026-01-07
U007431,upi_3efyc07pz7@okicici,2026-04-08
U007432,upi_48kmig6gxp@paytm,2025-09-27
U007433,card_0866_5756a3406b,2025-12-16
U007434,upi_ob2kf5qizo@paytm,2026-07-27
U007435,upi_hwfkw2czcw@okaxis,2025-11-21
U007436,upi_pqnnfyg1d4@okhdfcbank,2026-07-11
U007437,card_5837_540f4e8665,2025-10-01
U007438,card_4116_8c03b0a6c3,2026-04-27
U007439,card_9301_b2a927c5b9,2026-05-13
U007440,upi_gwjblhyx1w@okaxis,2026-03-08
U007441,card_7244_67007fdc8d,2026-02-28
U007442,card_6308_105c4b3925,2026-04-25
U007443,card_7363_aa8a5b9c7b,2025-11-15
U007444,upi_4ryc1ouw90@okicici,2025-11-24
U007445,upi_pjaphrib7u@ybl,2026-03-24
U007446,upi_zd1yl35a8y@okicici,2026-02-11
U007447,card_6332_a0b0ab11a4,2026-06-03
U007448,upi_ihwhzp6v4x@okicici,2026-02-18
U007449,upi_7o3tluj7gy@oksbi,2026-01-02
U007450,upi_5ex5fqsq5i@okhdfcbank,2026-07-18
U007451,upi_wmmaniglsh@okhdfcbank,2026-06-13
U007452,card_7652_71f85894c4,2026-07-29
U007453,card_3971_376d4a332c,2025-11-16
U007454,upi_qmep78de8p@okaxis,2026-01-03
U007455,upi_96l1mtsclc@okaxis,2026-05-31
U007456,card_3541_c3324584fe,2026-05-19
U007457,upi_29y5gupaue@paytm,2026-07-28
U007458,upi_nlczlpc0i4@okicici,2025-09-05
U007459,upi_c46940578a@paytm,2026-05-07
U007460,upi_t58m8vup28@okaxis,2026-03-30
U007461,card_8440_b7a6087979,2026-05-31
U007462,card_5719_77c73c51a1,2025-10-30
U007463,upi_ut4jouoe10@okicici,2026-06-02
U007464,upi_vxts262kee@okaxis,2026-04-27
U007465,upi_6rprc808mt@oksbi,2026-02-03
U007466,card_2896_b68b039a40,2025-10-06
U007467,upi_3qqvvf3jsa@oksbi,2025-10-29
U007468,card_8014_b11fa6a170,2026-01-24
U007469,card_4586_5c9233dd04,2025-12-31
U007470,card_0056_992ca51198,2026-02-28
U007471,upi_05uprkl2ym@oksbi,2026-04-15
U007472,upi_tuny58l9ot@okicici,2025-12-11
U007473,upi_p6zpt6u4ft@okicici,2025-10-05
U007474,card_0191_851e741b4f,2026-02-26
U007475,upi_qfri74ld4b@okhdfcbank,2025-10-13
U007476,card_2770_f2beda1c2f,2026-08-13
U007477,card_3429_e61d692443,2026-06-16
U007478,card_5681_77c72310ec,2026-04-12
U007479,upi_dt0gia18c0@okhdfcbank,2026-04-18
U007480,upi_xnzt3kopoq@oksbi,2026-08-09
U007481,card_5309_5e5213144e,2026-07-04
U007482,upi_xjezhlzkib@okicici,2026-07-09
U007483,card_9982_3c7ac22d96,2026-01-10
U007484,upi_oy3dhlsasa@ybl,2026-02-03
U007485,card_8172_48439db6d8,2026-07-04
U007486,card_3890_66e36a4c48,2026-01-14
U007487,upi_q04myi1d5k@paytm,2025-09-03
U007488,upi_h211rwn7h2@okicici,2026-01-30
U007489,upi_zuqcowrwx2@oksbi,2026-04-04
U007490,card_2892_f90363a753,2026-01-04
U007491,upi_5rgcnc560z@oksbi,2025-09-16
U007492,upi_io8lduu3j8@okaxis,2026-02-20
U007493,upi_vt6m58u58r@okhdfcbank,2026-06-27
U007494,card_4035_23210e5b92,2025-09-06
U007495,upi_rtggc74ila@okhdfcbank,2026-04-26
U007496,upi_8avw8nl8bu@oksbi,2025-10-18
U007497,card_1126_1898e8da5d,2025-10-25
U007498,card_1193_99e33e6b1e,2026-01-14
U007499,card_3685_a76862b8b0,2025-11-27
U007500,upi_9exr5hx6iz@paytm,2025-12-04
