order_id,user_id,order_value,order_date,payment_method,delivery_status
OC000001,C000001,7137.7,2026-04-21,COD,refused
OC000002,C000001,4716.21,2026-05-03,COD,refused
OC000003,C000001,8654.98,2026-05-19,COD,refused
OC000004,C000001,2863.73,2026-06-06,COD,refused
OC000005,C000001,10931.7,2026-06-14,COD,refused
OC000006,C000002,4733.66,2026-03-24,COD,refused
OC000007,C000002,8397.59,2026-04-11,COD,refused
OC000008,C000002,5270.12,2026-04-21,COD,refused
OC000009,C000002,2415.76,2026-05-11,COD,refused
OC000010,C000002,9153.72,2026-05-19,COD,refused
OC000011,C000002,10131.88,2026-05-25,COD,refused
OC000012,C000003,4114.92,2025-11-15,COD,refused
OC000013,C000003,9686.72,2025-11-22,COD,refused
OC000014,C000003,4179.11,2025-11-29,COD,refused
OC000015,C000003,2642.16,2025-12-05,COD,refused
OC000016,C000003,3383.08,2025-12-09,COD,refused
OC000017,C000003,5469.93,2025-12-12,COD,refused
OC000018,C000004,4579.6,2026-03-02,COD,refused
OC000019,C000004,5072.16,2026-03-14,COD,refused
OC000020,C000004,7844.92,2026-03-19,COD,refused
OC000021,C000004,9634.53,2026-04-06,COD,refused
OC000022,C000005,7945.92,2026-02-08,COD,refused
OC000023,C000005,5860.5,2026-02-20,COD,refused
OC000024,C000006,4879.82,2026-03-04,COD,refused
OC000025,C000006,5023.84,2026-03-21,COD,refused
OC000026,C000006,9341.48,2026-03-28,COD,refused
OC000027,C000006,4618.69,2026-04-10,COD,refused
OC000028,C000007,10312.12,2026-05-11,COD,refused
OC000029,C000007,4509.58,2026-05-27,COD,refused
OC000030,C000007,8555.34,2026-06-06,COD,refused
OC000031,C000007,2501.67,2026-06-16,COD,refused
OC000032,C000007,8902.06,2026-06-18,COD,delivered
OC000033,C000007,8105.26,2026-06-21,COD,refused
OC000034,C000008,3570.46,2026-05-21,COD,refused
OC000035,C000008,3215.33,2026-05-27,COD,refused
OC000036,C000008,5839.76,2026-06-06,COD,refused
OC000037,C000008,3655.04,2026-06-14,COD,refused
OC000038,C000008,8794.41,2026-06-29,COD,refused
OC000039,C000009,8173.75,2026-05-03,COD,refused
OC000040,C000009,3370.21,2026-05-21,COD,refused
OC000041,C000009,6073.54,2026-05-31,COD,refused
OC000042,C000009,5821.59,2026-06-03,COD,refused
OC000043,C000009,9512.78,2026-06-19,COD,refused
OC000044,C000010,2770.45,2026-04-24,COD,refused
OC000045,C000010,4011.5,2026-04-30,COD,refused
OC000046,C000010,2221.76,2026-05-15,COD,refused
OC000047,C000010,3376.37,2026-05-21,COD,refused
OC000048,C000011,2995.9,2026-01-02,COD,refused
OC000049,C000011,8450.34,2026-01-10,COD,delivered
OC000050,C000011,6588.77,2026-01-20,COD,delivered
OC000051,C000011,2869.17,2026-02-07,COD,refused
OC000052,C000012,7748.77,2026-02-03,COD,refused
OC000053,C000012,7605.85,2026-02-19,COD,refused
OC000054,C000012,10254.39,2026-03-01,COD,delivered
OC000055,C000013,7983.48,2026-01-05,COD,delivered
OC000056,C000013,8506.36,2026-01-10,COD,refused
OC000057,C000013,11819.28,2026-01-23,COD,refused
OC000058,C000013,8771.58,2026-02-03,COD,refused
OC000059,C000014,4720.37,2026-08-25,COD,refused
OC000060,C000015,11621.57,2026-05-02,COD,refused
OC000061,C000015,7540.06,2026-05-11,COD,refused
OC000062,C000015,11207.34,2026-05-31,COD,refused
OC000063,C000016,10301.83,2025-12-24,COD,refused
OC000064,C000016,10057.42,2025-12-30,COD,refused
OC000065,C000016,10960.22,2026-01-13,COD,refused
OC000066,C000016,6324.81,2026-01-22,COD,delivered
OC000067,C000016,11467.51,2026-02-03,COD,refused
OC000068,C000016,6548.57,2026-02-17,COD,refused
OC000069,C000017,3966.88,2026-04-29,COD,refused
OC000070,C000017,11204.3,2026-05-12,COD,refused
OC000071,C000018,11622.21,2026-06-12,COD,refused
OC000072,C000018,11222.52,2026-06-29,COD,refused
OC000073,C000018,10327.03,2026-07-13,COD,delivered
OC000074,C000018,10882.92,2026-07-25,COD,refused
OC000075,C000019,4322.37,2026-06-22,COD,refused
OC000076,C000019,4222.54,2026-07-03,COD,refused
OC000077,C000019,5214.6,2026-07-08,COD,refused
OC000078,C000019,3616.52,2026-07-21,COD,refused
OC000079,C000020,11192.97,2025-11-14,COD,refused
OC000080,C000020,3666.49,2025-12-03,COD,refused
OC000081,C000020,3310.78,2025-12-14,COD,refused
OC000082,C000020,2684.99,2025-12-28,COD,refused
OC000083,C000020,2898.27,2026-01-10,COD,refused
OC000084,C000021,11191.06,2025-09-18,COD,refused
OC000085,C000021,3525.58,2025-10-03,COD,refused
OC000086,C000021,6160.23,2025-10-07,COD,refused
OC000087,C000021,6367.83,2025-10-16,COD,refused
OC000088,C000021,10516.38,2025-10-19,COD,refused
OC000089,C000022,8944.82,2026-07-13,COD,delivered
OC000090,C000022,10074.51,2026-07-17,COD,refused
OC000091,C000022,3746.18,2026-07-30,COD,refused
OC000092,C000022,2501.96,2026-08-11,COD,refused
OC000093,C000022,6938.43,2026-08-20,COD,refused
OC000094,C000023,4131.75,2026-07-30,COD,delivered
OC000095,C000023,7375.96,2026-08-04,COD,refused
OC000096,C000023,2571.44,2026-08-08,COD,refused
OC000097,C000023,5847.65,2026-08-20,COD,refused
OC000098,C000023,9298.01,2026-08-24,COD,delivered
OC000099,C000024,8307.16,2026-01-17,COD,delivered
OC000100,C000024,10094.49,2026-02-03,COD,refused
OC000101,C000025,11573.89,2025-12-30,COD,refused
OC000102,C000025,2162.97,2026-01-13,COD,delivered
OC000103,C000025,2637.36,2026-01-27,COD,refused
OC000104,C000025,6232.74,2026-02-11,COD,refused
OC000105,C000026,11343.69,2025-10-16,COD,delivered
OC000106,C000026,11484.82,2025-10-20,COD,delivered
OC000107,C000026,9131.11,2025-10-30,COD,refused
OC000108,C000027,2675.94,2026-05-23,COD,refused
OC000109,C000027,10371.33,2026-05-27,COD,refused
OC000110,C000027,4963.28,2026-06-08,COD,refused
OC000111,C000027,6914.69,2026-06-19,COD,refused
OC000112,C000027,2328.78,2026-07-02,COD,delivered
OC000113,C000027,4122.77,2026-07-20,COD,refused
OC000114,C000028,8004.15,2026-05-07,COD,refused
OC000115,C000028,6512.86,2026-05-17,COD,delivered
OC000116,C000028,5503.1,2026-05-23,COD,refused
OC000117,C000028,9136.51,2026-06-11,COD,refused
OC000118,C000028,4692.22,2026-06-22,COD,refused
OC000119,C000028,5777.53,2026-07-09,COD,refused
OC000120,C000029,5755.25,2026-02-26,COD,refused
OC000121,C000029,10200.0,2026-03-13,COD,refused
OC000122,C000029,2539.51,2026-04-01,COD,refused
OC000123,C000029,9621.01,2026-04-17,COD,refused
OC000124,C000029,4139.78,2026-05-01,COD,refused
OC000125,C000030,9508.66,2026-03-20,COD,refused
OC000126,C000030,9370.75,2026-03-31,COD,delivered
OC000127,C000030,9417.46,2026-04-15,COD,refused
OC000128,C000030,9992.59,2026-04-29,COD,refused
OC000129,C000030,5334.09,2026-05-06,COD,refused
OC000130,C000030,4054.47,2026-05-21,COD,refused
OC000131,C000031,3961.48,2026-03-29,COD,refused
OC000132,C000031,11323.06,2026-04-14,COD,delivered
OC000133,C000031,8287.59,2026-05-02,COD,refused
OC000134,C000031,3520.2,2026-05-09,COD,delivered
OC000135,C000031,2288.28,2026-05-25,COD,refused
OC000136,C000032,4502.94,2026-06-04,COD,refused
OC000137,C000032,10819.42,2026-06-22,COD,refused
OC000138,C000032,7284.37,2026-06-25,COD,refused
OC000139,C000032,11551.87,2026-07-03,COD,refused
OC000140,C000032,3961.04,2026-07-12,COD,refused
OC000141,C000032,5634.28,2026-07-26,COD,refused
OC000142,C000033,8066.48,2026-06-06,COD,refused
OC000143,C000033,9854.21,2026-06-25,COD,refused
OC000144,C000033,7638.84,2026-07-09,COD,refused
OC000145,C000033,2658.46,2026-07-21,COD,refused
OC000146,C000033,7690.09,2026-07-24,COD,refused
OC000147,C000034,4400.26,2025-12-03,COD,refused
OC000148,C000034,8116.21,2025-12-07,COD,refused
OC000149,C000034,11514.12,2025-12-23,COD,refused
OC000150,C000034,8392.4,2026-01-08,COD,refused
OC000151,C000034,10671.91,2026-01-13,COD,refused
OC000152,C000035,6013.32,2026-05-20,COD,refused
OC000153,C000035,7887.41,2026-05-22,COD,refused
OC000154,C000035,2661.76,2026-06-06,COD,refused
OC000155,C000035,7463.41,2026-06-19,COD,refused
OC000156,C000035,8430.19,2026-07-03,COD,refused
OC000157,C000035,8788.65,2026-07-16,COD,refused
OC000158,C000036,8370.87,2026-03-16,COD,refused
OC000159,C000036,5793.54,2026-03-28,COD,refused
OC000160,C000036,5865.25,2026-04-12,COD,refused
OC000161,C000036,3734.11,2026-04-26,COD,refused
OC000162,C000036,4283.23,2026-05-13,COD,refused
OC000163,C000036,6970.85,2026-05-29,COD,refused
OC000164,C000037,5037.93,2026-08-20,COD,refused
OC000165,C000038,11498.28,2025-12-15,COD,refused
OC000166,C000038,11884.59,2025-12-29,COD,refused
OC000167,C000038,4097.87,2026-01-02,COD,refused
OC000168,C000038,3518.4,2026-01-15,COD,refused
OC000169,C000039,4395.14,2026-01-25,COD,refused
OC000170,C000039,6995.5,2026-02-09,COD,refused
OC000171,C000039,7487.22,2026-02-17,COD,refused
OC000172,C000039,6496.54,2026-03-05,COD,refused
OC000173,C000039,9773.88,2026-03-24,COD,refused
OC000174,C000040,3384.72,2025-10-17,COD,refused
OC000175,C000040,6372.98,2025-10-29,COD,refused
OC000176,C000040,7487.99,2025-11-15,COD,refused
OC000177,C000041,2103.72,2026-04-21,COD,delivered
OC000178,C000041,11453.44,2026-04-25,COD,refused
OC000179,C000041,7240.39,2026-05-06,COD,refused
OC000180,C000041,4546.65,2026-05-11,COD,refused
OC000181,C000041,7214.95,2026-05-16,COD,refused
OC000182,C000041,7613.35,2026-05-28,COD,refused
OC000183,C000042,10206.95,2026-03-14,COD,refused
OC000184,C000042,6531.23,2026-03-17,COD,refused
OC000185,C000042,6862.46,2026-04-02,COD,refused
OC000186,C000042,7824.92,2026-04-12,COD,refused
OC000187,C000043,3919.75,2026-06-22,COD,refused
OC000188,C000043,9063.88,2026-06-28,COD,refused
OC000189,C000043,2365.63,2026-07-16,COD,refused
OC000190,C000043,11529.06,2026-07-27,COD,refused
OC000191,C000043,8625.64,2026-08-06,COD,refused
OC000192,C000043,5278.81,2026-08-12,COD,refused
OC000193,C000044,11546.59,2026-04-08,COD,refused
OC000194,C000044,3674.79,2026-04-20,COD,refused
OC000195,C000044,2527.59,2026-05-01,COD,refused
OC000196,C000044,11245.25,2026-05-19,COD,refused
OC000197,C000045,11933.46,2026-03-19,COD,refused
OC000198,C000045,6966.84,2026-04-01,COD,refused
OC000199,C000045,4557.46,2026-04-18,COD,refused
OC000200,C000046,9645.46,2026-04-05,COD,refused
OC000201,C000046,3980.74,2026-04-15,COD,refused
OC000202,C000046,10923.24,2026-04-20,COD,refused
OC000203,C000046,9047.32,2026-04-25,COD,refused
OC000204,C000046,5899.27,2026-05-12,COD,refused
OC000205,C000047,2265.87,2025-12-14,COD,refused
OC000206,C000047,11946.78,2025-12-20,COD,refused
OC000207,C000047,8818.91,2026-01-02,COD,refused
OC000208,C000047,7213.11,2026-01-07,COD,refused
OC000209,C000047,4490.37,2026-01-18,COD,refused
OC000210,C000047,7218.99,2026-01-30,COD,refused
OC000211,C000048,7536.7,2026-06-19,COD,refused
OC000212,C000048,9746.14,2026-07-05,COD,refused
OC000213,C000048,10254.32,2026-07-19,COD,refused
OC000214,C000048,10073.73,2026-08-06,COD,refused
OC000215,C000048,4512.07,2026-08-25,COD,refused
OC000216,C000049,7453.23,2026-08-10,COD,refused
OC000217,C000050,2215.27,2025-10-25,COD,refused
OC000218,C000050,4009.47,2025-11-13,COD,refused
OC000219,C000050,7715.11,2025-11-24,COD,refused
OC000220,C000051,4915.26,2026-02-23,COD,refused
OC000221,C000051,3232.85,2026-03-14,COD,refused
OC000222,C000051,5783.14,2026-03-31,COD,refused
OC000223,C000051,8315.48,2026-04-08,COD,refused
OC000224,C000052,9827.52,2025-12-20,COD,refused
OC000225,C000052,10070.05,2025-12-23,COD,refused
OC000226,C000052,4297.59,2025-12-30,COD,refused
OC000227,C000052,2144.74,2026-01-17,COD,refused
OC000228,C000052,6192.75,2026-01-22,COD,refused
OC000229,C000053,5412.35,2026-05-12,COD,refused
OC000230,C000053,5452.36,2026-05-28,COD,refused
OC000231,C000054,6059.25,2026-05-04,COD,refused
OC000232,C000054,11460.04,2026-05-09,COD,refused
OC000233,C000054,2148.92,2026-05-24,COD,refused
OC000234,C000055,6747.26,2026-03-13,COD,refused
OC000235,C000055,2730.71,2026-03-20,COD,refused
OC000236,C000055,2837.41,2026-04-02,COD,refused
OC000237,C000056,8097.6,2026-08-05,COD,refused
OC000238,C000056,8783.66,2026-08-25,COD,refused
OC000239,C000057,2660.59,2025-12-08,COD,refused
OC000240,C000057,4527.04,2025-12-15,COD,refused
OC000241,C000057,9949.12,2025-12-21,COD,refused
OC000242,C000058,8412.43,2026-06-11,COD,refused
OC000243,C000058,7949.37,2026-06-27,COD,refused
OC000244,C000059,8880.39,2025-11-15,COD,delivered
OC000245,C000059,7530.05,2025-12-04,COD,refused
OC000246,C000059,9555.02,2025-12-16,COD,refused
OC000247,C000059,8986.6,2025-12-29,COD,refused
OC000248,C000059,5421.65,2026-01-03,COD,delivered
OC000249,C000060,3900.18,2025-09-09,COD,refused
OC000250,C000060,9423.99,2025-09-18,COD,refused
OC000251,C000060,8349.75,2025-09-26,COD,refused
OC000252,C000061,5309.71,2025-10-26,COD,refused
OC000253,C000061,10026.92,2025-10-31,COD,delivered
OC000254,C000061,7135.13,2025-11-16,COD,refused
OC000255,C000062,3709.01,2026-03-12,COD,refused
OC000256,C000062,3169.54,2026-03-15,COD,refused
OC000257,C000062,7819.19,2026-03-28,COD,refused
OC000258,C000062,8630.42,2026-04-07,COD,refused
OC000259,C000062,11443.22,2026-04-21,COD,delivered
OC000260,C000063,634.57,2026-03-12,prepaid,delivered
OC000261,C000063,891.64,2026-05-15,COD,delivered
OC000262,C000063,1751.3,2026-05-20,prepaid,delivered
OC000263,C000063,698.67,2026-06-14,prepaid,delivered
OC000264,C000063,609.16,2026-07-15,COD,delivered
OC000265,C000063,99.0,2026-07-31,prepaid,delivered
OC000266,C000063,1458.77,2026-08-13,prepaid,delivered
OC000267,C000064,925.11,2025-11-16,prepaid,delivered
OC000268,C000064,615.01,2025-12-06,COD,delivered
OC000269,C000064,860.22,2026-01-19,prepaid,delivered
OC000270,C000064,629.68,2026-02-04,prepaid,delivered
OC000271,C000064,966.9,2026-03-21,COD,refused
OC000272,C000064,178.37,2026-04-02,prepaid,delivered
OC000273,C000064,1726.3,2026-04-08,prepaid,delivered
OC000274,C000064,971.04,2026-05-04,COD,delivered
OC000275,C000064,930.43,2026-05-10,COD,refused
OC000276,C000065,1432.8,2026-03-25,prepaid,delivered
OC000277,C000065,1298.06,2026-04-04,prepaid,delivered
OC000278,C000065,541.52,2026-04-12,prepaid,delivered
OC000279,C000065,894.73,2026-04-29,prepaid,delivered
OC000280,C000065,686.91,2026-05-15,prepaid,delivered
OC000281,C000065,1581.39,2026-05-23,COD,delivered
OC000282,C000065,1177.9,2026-06-28,COD,delivered
OC000283,C000065,392.0,2026-07-03,prepaid,delivered
OC000284,C000065,860.0,2026-08-10,prepaid,delivered
OC000285,C000066,323.57,2026-05-21,prepaid,delivered
OC000286,C000066,1849.27,2026-06-07,COD,delivered
OC000287,C000066,1526.82,2026-06-10,prepaid,delivered
OC000288,C000066,652.7,2026-07-26,prepaid,delivered
OC000289,C000066,822.12,2026-08-05,prepaid,delivered
OC000290,C000067,1300.38,2026-07-29,prepaid,delivered
OC000291,C000069,883.27,2025-09-26,prepaid,delivered
OC000292,C000069,325.09,2026-01-07,prepaid,delivered
OC000293,C000069,1327.13,2026-01-12,prepaid,delivered
OC000294,C000069,308.4,2026-02-20,prepaid,delivered
OC000295,C000069,672.29,2026-02-22,COD,delivered
OC000296,C000069,985.07,2026-03-08,COD,delivered
OC000297,C000069,1505.59,2026-03-16,COD,delivered
OC000298,C000069,1002.41,2026-03-20,COD,delivered
OC000299,C000069,466.41,2026-06-17,COD,refused
OC000300,C000070,1176.26,2026-08-08,prepaid,delivered
OC000301,C000071,747.2,2026-08-24,prepaid,delivered
OC000302,C000072,1011.43,2026-03-30,prepaid,delivered
OC000303,C000072,1148.22,2026-04-06,COD,delivered
OC000304,C000072,971.73,2026-04-25,prepaid,delivered
OC000305,C000072,656.65,2026-05-11,prepaid,delivered
OC000306,C000072,1870.46,2026-05-14,COD,delivered
OC000307,C000072,902.91,2026-05-19,prepaid,delivered
OC000308,C000073,1167.38,2025-11-29,prepaid,delivered
OC000309,C000073,464.64,2025-12-09,COD,delivered
OC000310,C000073,1327.56,2025-12-19,COD,refused
OC000311,C000073,1094.74,2026-01-03,prepaid,delivered
OC000312,C000073,528.44,2026-01-28,COD,delivered
OC000313,C000073,1552.69,2026-02-15,COD,delivered
OC000314,C000073,994.44,2026-02-25,prepaid,delivered
OC000315,C000073,694.92,2026-04-11,prepaid,delivered
OC000316,C000073,904.33,2026-04-29,prepaid,delivered
OC000317,C000074,573.7,2025-09-16,COD,delivered
OC000318,C000074,432.54,2025-09-24,prepaid,delivered
OC000319,C000074,729.37,2025-09-28,COD,delivered
OC000320,C000074,1323.05,2025-12-04,COD,delivered
OC000321,C000074,388.94,2026-01-12,prepaid,delivered
OC000322,C000074,699.95,2026-02-01,COD,delivered
OC000323,C000075,291.61,2026-06-20,prepaid,delivered
OC000324,C000075,903.86,2026-07-04,COD,delivered
OC000325,C000075,880.89,2026-07-12,prepaid,delivered
OC000326,C000076,1738.3,2026-06-18,COD,refused
OC000327,C000076,99.0,2026-07-07,COD,delivered
OC000328,C000076,691.29,2026-08-16,prepaid,delivered
OC000329,C000077,99.0,2025-12-27,COD,delivered
OC000330,C000077,410.04,2026-01-20,prepaid,delivered
OC000331,C000077,626.42,2026-02-05,COD,refused
OC000332,C000078,800.13,2026-08-12,prepaid,delivered
OC000333,C000079,1723.09,2025-11-09,COD,delivered
OC000334,C000079,131.0,2025-12-20,prepaid,delivered
OC000335,C000079,1277.77,2026-01-11,prepaid,delivered
OC000336,C000079,311.77,2026-02-19,prepaid,delivered
OC000337,C000079,1209.78,2026-02-27,prepaid,delivered
OC000338,C000079,429.12,2026-04-03,prepaid,delivered
OC000339,C000079,1346.98,2026-04-06,prepaid,delivered
OC000340,C000079,1493.93,2026-04-24,prepaid,delivered
OC000341,C000080,1005.92,2026-07-05,COD,delivered
OC000342,C000080,225.87,2026-08-01,prepaid,delivered
OC000343,C000081,1044.18,2026-01-20,COD,delivered
OC000344,C000081,1522.06,2026-01-27,COD,delivered
OC000345,C000081,355.21,2026-03-02,prepaid,delivered
OC000346,C000081,1578.76,2026-03-13,COD,delivered
OC000347,C000081,1614.24,2026-03-22,COD,delivered
OC000348,C000081,1710.12,2026-04-08,prepaid,delivered
OC000349,C000081,958.0,2026-05-05,COD,delivered
OC000350,C000081,769.85,2026-05-18,COD,delivered
OC000351,C000081,810.37,2026-05-22,COD,delivered
OC000352,C000081,1017.65,2026-05-24,COD,delivered
OC000353,C000082,99.0,2026-04-20,prepaid,delivered
OC000354,C000082,740.08,2026-04-28,COD,delivered
OC000355,C000082,1086.83,2026-05-01,prepaid,delivered
OC000356,C000083,99.0,2025-11-03,COD,delivered
OC000357,C000083,697.77,2025-12-05,COD,delivered
OC000358,C000083,854.22,2025-12-21,COD,delivered
OC000359,C000083,1004.44,2025-12-28,COD,refused
OC000360,C000084,813.22,2026-06-12,COD,delivered
OC000361,C000084,1138.72,2026-07-03,prepaid,delivered
OC000362,C000084,131.92,2026-07-05,COD,delivered
OC000363,C000084,1133.93,2026-07-11,COD,delivered
OC000364,C000084,1106.48,2026-07-26,prepaid,delivered
OC000365,C000085,99.0,2025-09-14,prepaid,delivered
OC000366,C000085,585.54,2025-09-28,prepaid,delivered
OC000367,C000085,1027.83,2025-10-21,prepaid,delivered
OC000368,C000085,236.12,2026-01-25,prepaid,delivered
OC000369,C000085,1267.81,2026-03-05,COD,delivered
OC000370,C000085,337.31,2026-03-09,COD,delivered
OC000371,C000086,1208.34,2026-01-12,prepaid,delivered
OC000372,C000086,1608.24,2026-01-22,COD,delivered
OC000373,C000086,608.66,2026-03-01,prepaid,delivered
OC000374,C000086,2359.31,2026-03-05,prepaid,delivered
OC000375,C000086,1838.54,2026-03-17,prepaid,delivered
OC000376,C000086,1144.0,2026-04-11,prepaid,delivered
OC000377,C000086,371.63,2026-04-18,COD,delivered
OC000378,C000086,651.72,2026-05-03,prepaid,delivered
OC000379,C000087,1229.83,2026-08-19,COD,delivered
OC000380,C000088,1004.57,2025-09-15,COD,delivered
OC000381,C000088,937.99,2025-10-21,COD,delivered
OC000382,C000088,1166.55,2026-01-06,COD,delivered
OC000383,C000088,1790.22,2026-01-31,COD,delivered
OC000384,C000088,1435.65,2026-02-06,prepaid,delivered
OC000385,C000088,1053.48,2026-03-20,COD,delivered
OC000386,C000088,930.22,2026-04-10,COD,delivered
OC000387,C000089,1504.85,2025-10-03,prepaid,delivered
OC000388,C000089,99.0,2025-10-17,prepaid,delivered
OC000389,C000089,1396.27,2025-11-12,COD,delivered
OC000390,C000089,99.0,2025-12-09,COD,delivered
OC000391,C000089,745.75,2025-12-31,prepaid,delivered
OC000392,C000089,1315.61,2026-01-10,prepaid,delivered
OC000393,C000089,771.06,2026-03-10,prepaid,delivered
OC000394,C000089,1572.14,2026-03-21,prepaid,delivered
OC000395,C000089,240.15,2026-04-23,prepaid,delivered
OC000396,C000089,975.03,2026-05-16,prepaid,delivered
OC000397,C000089,381.4,2026-05-23,prepaid,delivered
OC000398,C000089,1747.55,2026-06-14,prepaid,delivered
OC000399,C000090,523.23,2026-07-13,prepaid,delivered
OC000400,C000090,652.79,2026-07-16,prepaid,delivered
OC000401,C000090,859.74,2026-07-21,prepaid,delivered
OC000402,C000090,1400.78,2026-07-26,COD,refused
OC000403,C000090,717.3,2026-08-19,prepaid,delivered
OC000404,C000091,989.2,2026-08-16,prepaid,delivered
OC000405,C000092,689.08,2025-09-29,prepaid,delivered
OC000406,C000092,460.84,2025-10-11,prepaid,delivered
OC000407,C000092,987.69,2025-12-15,COD,delivered
OC000408,C000092,740.88,2026-01-10,prepaid,delivered
OC000409,C000092,782.24,2026-02-03,COD,delivered
OC000410,C000092,2109.95,2026-02-12,prepaid,delivered
OC000411,C000092,1106.44,2026-03-16,prepaid,delivered
OC000412,C000092,378.63,2026-03-25,prepaid,delivered
OC000413,C000093,495.99,2025-10-28,prepaid,delivered
OC000414,C000093,1003.91,2026-02-20,COD,delivered
OC000415,C000093,99.0,2026-03-13,prepaid,delivered
OC000416,C000093,1059.64,2026-03-29,prepaid,delivered
OC000417,C000093,203.34,2026-04-09,COD,delivered
OC000418,C000093,1488.52,2026-06-02,prepaid,delivered
OC000419,C000093,709.4,2026-06-11,prepaid,delivered
OC000420,C000093,1338.81,2026-06-17,prepaid,delivered
OC000421,C000094,565.35,2026-06-03,COD,delivered
OC000422,C000094,897.72,2026-07-18,COD,delivered
OC000423,C000094,776.71,2026-07-30,prepaid,delivered
OC000424,C000095,1036.91,2026-08-05,COD,delivered
OC000425,C000095,797.89,2026-08-08,prepaid,delivered
OC000426,C000096,589.31,2026-05-31,COD,refused
OC000427,C000096,844.61,2026-06-06,COD,delivered
OC000428,C000096,749.23,2026-06-29,prepaid,delivered
OC000429,C000096,283.82,2026-07-10,prepaid,delivered
OC000430,C000096,937.13,2026-07-18,COD,delivered
OC000431,C000096,1811.78,2026-08-12,COD,delivered
OC000432,C000097,1247.81,2025-12-04,COD,delivered
OC000433,C000097,351.54,2025-12-11,COD,delivered
OC000434,C000097,913.11,2025-12-14,COD,delivered
OC000435,C000097,659.74,2026-03-25,prepaid,delivered
OC000436,C000097,349.42,2026-03-28,prepaid,delivered
OC000437,C000097,478.93,2026-04-02,prepaid,delivered
OC000438,C000097,242.29,2026-04-15,COD,delivered
OC000439,C000097,1060.01,2026-04-21,COD,delivered
OC000440,C000098,502.56,2026-06-10,prepaid,delivered
OC000441,C000098,395.51,2026-06-25,COD,refused
OC000442,C000098,555.93,2026-07-11,prepaid,delivered
OC000443,C000098,654.99,2026-07-26,prepaid,delivered
OC000444,C000098,1247.03,2026-07-30,COD,delivered
OC000445,C000098,227.77,2026-08-22,prepaid,delivered
OC000446,C000099,536.75,2026-03-01,prepaid,delivered
OC000447,C000099,1627.97,2026-03-09,prepaid,delivered
OC000448,C000099,1063.78,2026-04-08,prepaid,delivered
OC000449,C000099,906.36,2026-04-19,COD,delivered
OC000450,C000099,691.56,2026-05-11,prepaid,delivered
OC000451,C000099,113.86,2026-06-10,prepaid,delivered
OC000452,C000099,1242.43,2026-06-22,prepaid,delivered
OC000453,C000099,1245.36,2026-07-01,COD,delivered
OC000454,C000100,1341.97,2026-08-04,prepaid,delivered
OC000455,C000100,99.0,2026-08-17,COD,delivered
OC000456,C000101,258.99,2026-02-19,COD,delivered
OC000457,C000101,1282.85,2026-03-05,prepaid,delivered
OC000458,C000101,890.27,2026-04-10,COD,delivered
OC000459,C000102,518.86,2026-08-10,COD,delivered
OC000460,C000103,1076.88,2025-12-06,COD,delivered
OC000461,C000103,1171.84,2026-01-09,COD,refused
OC000462,C000103,99.0,2026-02-05,prepaid,delivered
OC000463,C000103,99.0,2026-02-11,prepaid,delivered
OC000464,C000103,565.6,2026-02-21,COD,delivered
OC000465,C000103,1874.08,2026-02-28,prepaid,delivered
OC000466,C000103,1478.31,2026-03-02,COD,delivered
OC000467,C000103,131.06,2026-04-26,prepaid,delivered
OC000468,C000103,99.0,2026-05-10,COD,delivered
OC000469,C000103,1456.19,2026-05-16,prepaid,delivered
OC000470,C000103,1142.6,2026-06-15,prepaid,delivered
OC000471,C000104,1003.32,2026-07-19,prepaid,delivered
OC000472,C000105,1291.88,2026-04-12,COD,delivered
OC000473,C000105,1160.5,2026-04-21,prepaid,delivered
OC000474,C000105,972.32,2026-04-24,COD,delivered
OC000475,C000105,1601.66,2026-04-28,prepaid,delivered
OC000476,C000105,731.92,2026-05-02,prepaid,delivered
OC000477,C000105,1102.36,2026-05-04,COD,delivered
OC000478,C000105,1546.52,2026-05-12,COD,delivered
OC000479,C000106,929.36,2026-04-02,COD,refused
OC000480,C000106,1316.55,2026-04-15,prepaid,delivered
OC000481,C000106,1017.54,2026-05-19,COD,delivered
OC000482,C000106,1304.75,2026-07-08,prepaid,delivered
OC000483,C000106,1448.44,2026-07-12,COD,delivered
OC000484,C000106,1037.16,2026-07-16,COD,delivered
OC000485,C000106,1967.22,2026-07-20,prepaid,delivered
OC000486,C000106,490.37,2026-08-06,COD,delivered
OC000487,C000106,803.19,2026-08-25,COD,delivered
OC000488,C000107,1221.75,2026-01-16,COD,delivered
OC000489,C000107,846.96,2026-02-08,prepaid,delivered
OC000490,C000107,1212.95,2026-02-18,prepaid,delivered
OC000491,C000107,589.78,2026-04-05,prepaid,delivered
OC000492,C000107,99.0,2026-04-12,COD,delivered
OC000493,C000107,1154.27,2026-04-23,prepaid,delivered
OC000494,C000107,1420.18,2026-04-30,COD,delivered
OC000495,C000107,1070.85,2026-05-30,COD,delivered
OC000496,C000107,378.79,2026-06-15,prepaid,delivered
OC000497,C000107,609.2,2026-06-18,COD,delivered
OC000498,C000107,911.56,2026-07-21,COD,delivered
OC000499,C000108,99.0,2025-12-16,prepaid,delivered
OC000500,C000108,1690.94,2026-01-04,prepaid,delivered
OC000501,C000108,836.38,2026-01-26,COD,delivered
OC000502,C000108,1527.85,2026-02-02,prepaid,delivered
OC000503,C000108,690.76,2026-02-23,COD,delivered
OC000504,C000109,1038.21,2026-07-25,prepaid,delivered
OC000505,C000109,595.81,2026-07-31,COD,delivered
OC000506,C000110,409.28,2026-01-18,prepaid,delivered
OC000507,C000110,1216.35,2026-01-21,COD,refused
OC000508,C000110,856.23,2026-02-15,prepaid,delivered
OC000509,C000110,2249.11,2026-03-11,COD,delivered
OC000510,C000110,649.58,2026-04-08,prepaid,delivered
OC000511,C000111,731.1,2026-02-01,COD,delivered
OC000512,C000111,876.57,2026-03-19,COD,delivered
OC000513,C000111,307.31,2026-03-22,COD,delivered
OC000514,C000112,781.66,2026-04-02,prepaid,delivered
OC000515,C000112,921.32,2026-04-18,prepaid,delivered
OC000516,C000112,864.75,2026-05-18,prepaid,delivered
OC000517,C000113,1409.21,2026-05-08,prepaid,delivered
OC000518,C000113,1206.99,2026-05-16,prepaid,delivered
OC000519,C000113,1359.05,2026-05-25,prepaid,delivered
OC000520,C000113,747.25,2026-06-06,COD,delivered
OC000521,C000113,862.7,2026-07-19,prepaid,delivered
OC000522,C000113,1076.06,2026-08-05,prepaid,delivered
OC000523,C000113,736.17,2026-08-14,COD,delivered
OC000524,C000113,741.2,2026-08-18,COD,delivered
OC000525,C000113,818.58,2026-08-20,prepaid,delivered
OC000526,C000114,1908.48,2026-02-17,prepaid,delivered
OC000527,C000114,677.9,2026-03-14,COD,delivered
OC000528,C000114,262.09,2026-04-18,prepaid,delivered
OC000529,C000114,1065.57,2026-06-27,prepaid,delivered
OC000530,C000114,1029.88,2026-07-21,prepaid,delivered
OC000531,C000114,812.33,2026-08-12,COD,refused
OC000532,C000115,1192.02,2025-11-04,prepaid,delivered
OC000533,C000115,905.93,2025-12-18,prepaid,delivered
OC000534,C000115,1154.35,2025-12-28,COD,delivered
OC000535,C000115,99.0,2026-01-21,prepaid,delivered
OC000536,C000115,811.29,2026-01-26,prepaid,delivered
OC000537,C000115,891.86,2026-03-13,prepaid,delivered
OC000538,C000115,1495.19,2026-03-28,prepaid,delivered
OC000539,C000115,977.2,2026-07-24,COD,delivered
OC000540,C000115,273.16,2026-08-07,prepaid,delivered
OC000541,C000116,1158.59,2026-07-29,prepaid,delivered
OC000542,C000116,650.42,2026-08-01,COD,delivered
OC000543,C000116,99.0,2026-08-11,prepaid,delivered
OC000544,C000117,1416.4,2026-08-17,prepaid,delivered
OC000545,C000118,1726.2,2026-05-05,COD,delivered
OC000546,C000118,2226.28,2026-06-04,prepaid,delivered
OC000547,C000118,515.9,2026-06-23,COD,delivered
OC000548,C000118,1150.44,2026-07-07,COD,delivered
OC000549,C000118,671.92,2026-07-10,prepaid,delivered
OC000550,C000118,1515.81,2026-07-19,COD,delivered
OC000551,C000118,640.93,2026-08-25,COD,delivered
OC000552,C000119,1569.23,2026-07-12,COD,delivered
OC000553,C000119,1235.9,2026-08-10,prepaid,delivered
OC000554,C000119,172.69,2026-08-15,COD,delivered
OC000555,C000119,304.92,2026-08-22,prepaid,delivered
OC000556,C000120,1163.44,2025-10-22,COD,delivered
OC000557,C000120,634.3,2025-10-27,prepaid,delivered
OC000558,C000120,860.7,2025-11-30,COD,delivered
OC000559,C000120,899.39,2026-02-02,prepaid,delivered
OC000560,C000120,1752.3,2026-03-29,prepaid,delivered
OC000561,C000120,1016.12,2026-05-09,prepaid,delivered
OC000562,C000120,662.23,2026-05-11,COD,delivered
OC000563,C000120,1023.43,2026-08-13,prepaid,delivered
OC000564,C000120,540.49,2026-08-22,prepaid,delivered
OC000565,C000121,961.93,2025-09-16,COD,delivered
OC000566,C000121,228.46,2025-09-24,COD,delivered
OC000567,C000121,979.23,2025-11-03,COD,delivered
OC000568,C000122,2193.15,2025-12-07,prepaid,delivered
OC000569,C000122,507.39,2025-12-12,prepaid,delivered
OC000570,C000122,952.78,2026-02-03,prepaid,delivered
OC000571,C000122,657.38,2026-02-13,prepaid,delivered
OC000572,C000122,843.4,2026-02-18,COD,delivered
OC000573,C000122,1391.74,2026-02-21,prepaid,delivered
OC000574,C000122,676.5,2026-02-25,prepaid,delivered
OC000575,C000122,644.88,2026-04-05,prepaid,delivered
OC000576,C000122,1107.52,2026-04-12,prepaid,delivered
OC000577,C000122,1964.59,2026-04-15,COD,refused
OC000578,C000122,1912.7,2026-05-28,prepaid,delivered
OC000579,C000123,694.07,2026-01-19,COD,delivered
OC000580,C000123,1112.81,2026-02-07,prepaid,delivered
OC000581,C000123,821.17,2026-03-03,prepaid,delivered
OC000582,C000123,848.41,2026-03-09,prepaid,delivered
OC000583,C000123,550.49,2026-04-14,COD,delivered
OC000584,C000123,1696.61,2026-04-26,prepaid,delivered
OC000585,C000124,900.98,2025-10-29,prepaid,delivered
OC000586,C000124,787.56,2025-11-03,COD,refused
OC000587,C000124,727.13,2025-11-21,COD,delivered
OC000588,C000125,1343.48,2026-06-12,COD,delivered
OC000589,C000125,1048.22,2026-06-22,COD,delivered
OC000590,C000125,1177.49,2026-07-28,prepaid,delivered
OC000591,C000126,405.22,2026-04-10,prepaid,delivered
OC000592,C000126,1195.47,2026-04-12,prepaid,delivered
OC000593,C000126,1065.7,2026-05-04,COD,delivered
OC000594,C000126,1529.22,2026-06-07,prepaid,delivered
OC000595,C000126,1074.51,2026-06-17,prepaid,delivered
OC000596,C000126,601.11,2026-06-30,prepaid,delivered
OC000597,C000126,1291.4,2026-07-11,COD,delivered
OC000598,C000126,1227.36,2026-08-03,COD,delivered
OC000599,C000126,1500.45,2026-08-10,prepaid,delivered
OC000600,C000126,1112.67,2026-08-21,prepaid,delivered
OC000601,C000127,874.56,2026-03-07,prepaid,delivered
OC000602,C000127,304.42,2026-03-25,prepaid,delivered
OC000603,C000127,549.18,2026-05-14,prepaid,delivered
OC000604,C000128,99.0,2026-01-02,prepaid,delivered
OC000605,C000128,99.0,2026-02-09,COD,refused
OC000606,C000128,381.45,2026-02-22,prepaid,delivered
OC000607,C000128,422.91,2026-03-09,prepaid,delivered
OC000608,C000128,928.73,2026-03-30,prepaid,delivered
OC000609,C000128,1062.75,2026-04-21,prepaid,delivered
OC000610,C000129,632.73,2026-06-26,COD,delivered
OC000611,C000129,918.98,2026-07-21,COD,delivered
OC000612,C000129,654.5,2026-07-23,COD,delivered
OC000613,C000131,845.51,2026-04-25,prepaid,delivered
OC000614,C000131,1337.56,2026-05-23,prepaid,delivered
OC000615,C000131,594.06,2026-06-29,COD,refused
OC000616,C000132,293.6,2025-11-03,prepaid,delivered
OC000617,C000132,661.89,2025-11-11,prepaid,delivered
OC000618,C000133,480.64,2025-11-03,COD,delivered
OC000619,C000133,485.74,2025-11-06,COD,delivered
OC000620,C000134,672.83,2025-12-08,prepaid,delivered
OC000621,C000134,634.49,2025-12-11,prepaid,delivered
OC000622,C000135,974.57,2026-04-06,prepaid,delivered
OC000623,C000135,698.12,2026-04-10,COD,refused
OC000624,C000136,243.07,2026-04-26,COD,refused
OC000625,C000136,463.71,2026-05-12,prepaid,delivered
OC000626,C000137,501.75,2025-10-18,prepaid,delivered
OC000627,C000137,907.3,2025-11-11,prepaid,delivered
OC000628,C000138,1539.42,2025-11-10,COD,delivered
OC000629,C000138,441.15,2025-11-28,prepaid,delivered
OC000630,C000139,563.7,2026-01-25,COD,delivered
OC000631,C000139,656.63,2026-02-03,prepaid,delivered
OC000632,C000140,729.86,2026-01-26,prepaid,delivered
OC000633,C000140,1194.05,2026-01-31,prepaid,delivered
OC000634,C000140,786.64,2026-02-18,COD,refused
OC000635,C000141,1216.52,2026-02-10,prepaid,delivered
OC000636,C000141,106.01,2026-02-19,COD,delivered
OC000637,C000142,622.01,2026-08-18,prepaid,delivered
OC000638,C000143,272.77,2025-11-08,COD,delivered
OC000639,C000143,99.0,2025-12-02,COD,delivered
OC000640,C000144,650.36,2026-07-30,prepaid,delivered
OC000641,C000144,564.6,2026-08-24,prepaid,delivered
OC000642,C000145,99.0,2026-08-25,COD,delivered
OC000643,C000147,1037.87,2026-04-06,COD,delivered
OC000644,C000147,1269.91,2026-04-19,prepaid,delivered
OC000645,C000147,211.17,2026-05-07,prepaid,delivered
OC000646,C000147,737.77,2026-05-14,COD,delivered
OC000647,C000147,723.01,2026-06-12,prepaid,delivered
OC000648,C000148,298.95,2025-10-30,prepaid,delivered
OC000649,C000148,797.62,2025-12-23,COD,delivered
OC000650,C000149,99.0,2026-06-27,prepaid,delivered
OC000651,C000149,664.7,2026-07-22,prepaid,delivered
OC000652,C000150,744.83,2026-05-28,COD,delivered
OC000653,C000150,1280.39,2026-06-22,prepaid,delivered
OC000654,C000150,501.99,2026-06-29,prepaid,delivered
OC000655,C000150,799.82,2026-07-03,COD,refused
OC000656,C000151,378.37,2025-10-24,prepaid,delivered
OC000657,C000151,1005.3,2025-10-29,prepaid,delivered
OC000658,C000151,1008.25,2025-11-06,COD,refused
OC000659,C000152,621.96,2025-12-06,prepaid,delivered
OC000660,C000152,671.91,2026-02-13,prepaid,delivered
OC000661,C000153,1067.73,2026-03-19,COD,delivered
OC000662,C000153,734.0,2026-03-27,prepaid,delivered
OC000663,C000153,1326.82,2026-04-08,COD,refused
OC000664,C000154,99.0,2026-01-28,COD,delivered
OC000665,C000154,1041.08,2026-03-04,prepaid,delivered
OC000666,C000154,1045.38,2026-04-07,prepaid,delivered
OC000667,C000154,1125.53,2026-04-11,prepaid,delivered
OC000668,C000154,405.04,2026-05-14,COD,delivered
OC000669,C000155,99.0,2026-07-19,prepaid,delivered
OC000670,C000155,309.58,2026-08-14,prepaid,delivered
OC000671,C000156,909.99,2026-07-05,prepaid,delivered
OC000672,C000156,1356.35,2026-07-15,prepaid,delivered
OC000673,C000156,1465.87,2026-07-24,COD,delivered
OC000674,C000157,329.54,2025-11-01,prepaid,delivered
OC000675,C000157,537.96,2025-11-09,COD,delivered
OC000676,C000158,936.4,2026-04-01,prepaid,delivered
OC000677,C000158,630.87,2026-04-20,prepaid,delivered
OC000678,C000158,898.68,2026-05-17,prepaid,delivered
OC000679,C000158,956.63,2026-05-20,prepaid,delivered
OC000680,C000158,464.33,2026-06-01,prepaid,delivered
OC000681,C000159,782.03,2025-10-12,prepaid,delivered
OC000682,C000160,99.0,2026-02-05,prepaid,delivered
OC000683,C000160,99.0,2026-03-23,prepaid,delivered
OC000684,C000160,1149.18,2026-04-02,prepaid,delivered
OC000685,C000160,627.62,2026-04-21,prepaid,delivered
OC000686,C000160,1448.37,2026-04-24,prepaid,delivered
OC000687,C000161,458.99,2025-11-26,prepaid,delivered
OC000688,C000165,1159.4,2026-01-19,prepaid,delivered
OC000689,C000165,1270.19,2026-01-25,prepaid,delivered
OC000690,C000167,285.1,2026-03-28,prepaid,delivered
OC000691,C000167,1572.72,2026-03-30,prepaid,delivered
OC000692,C000167,306.78,2026-06-23,prepaid,delivered
OC000693,C000168,665.35,2026-07-07,prepaid,delivered
OC000694,C000170,136.78,2025-10-14,COD,delivered
OC000695,C000170,743.17,2025-11-10,COD,delivered
OC000696,C000171,524.54,2026-05-12,prepaid,delivered
OC000697,C000171,542.86,2026-05-16,COD,refused
OC000698,C000171,1044.7,2026-05-22,prepaid,delivered
OC000699,C000171,993.09,2026-06-23,prepaid,delivered
OC000700,C000171,865.29,2026-08-09,prepaid,delivered
OC000701,C000172,183.87,2026-01-29,prepaid,delivered
OC000702,C000173,966.11,2025-12-09,prepaid,delivered
OC000703,C000173,794.14,2026-01-07,COD,delivered
OC000704,C000174,197.51,2025-12-16,prepaid,delivered
OC000705,C000175,1184.25,2026-06-12,prepaid,delivered
OC000706,C000175,558.84,2026-08-15,prepaid,delivered
OC000707,C000176,213.44,2026-06-05,prepaid,delivered
OC000708,C000176,99.0,2026-06-20,prepaid,delivered
OC000709,C000176,510.41,2026-07-12,prepaid,delivered
OC000710,C000176,256.9,2026-07-17,COD,delivered
OC000711,C000176,99.0,2026-07-24,prepaid,delivered
OC000712,C000177,861.23,2025-12-09,COD,delivered
OC000713,C000177,1283.81,2025-12-12,COD,delivered
OC000714,C000177,529.06,2026-01-02,prepaid,delivered
OC000715,C000178,965.72,2026-01-19,prepaid,delivered
OC000716,C000178,1060.23,2026-01-29,prepaid,delivered
OC000717,C000178,445.98,2026-02-08,COD,delivered
OC000718,C000178,479.43,2026-02-14,prepaid,delivered
OC000719,C000179,858.07,2026-03-10,COD,delivered
OC000720,C000179,1366.3,2026-04-15,prepaid,delivered
OC000721,C000180,449.06,2026-01-06,prepaid,delivered
OC000722,C000180,1578.1,2026-01-15,prepaid,delivered
OC000723,C000180,221.51,2026-01-20,prepaid,delivered
OC000724,C000180,299.64,2026-03-11,prepaid,delivered
OC000725,C000181,99.0,2026-05-14,prepaid,delivered
OC000726,C000181,160.87,2026-06-01,prepaid,delivered
OC000727,C000182,422.93,2025-10-23,prepaid,delivered
OC000728,C000182,344.15,2025-11-03,prepaid,delivered
OC000729,C000182,1465.91,2025-11-18,COD,delivered
OC000730,C000182,99.0,2025-11-28,COD,delivered
OC000731,C000182,606.01,2025-12-04,COD,delivered
OC000732,C000183,289.51,2025-12-16,COD,delivered
OC000733,C000183,1321.5,2026-01-03,prepaid,delivered
OC000734,C000183,1042.39,2026-01-07,COD,delivered
OC000735,C000183,563.67,2026-02-01,prepaid,delivered
OC000736,C000183,99.0,2026-02-16,COD,refused
OC000737,C000183,1250.69,2026-02-27,COD,refused
OC000738,C000184,733.95,2025-09-19,prepaid,delivered
OC000739,C000184,314.94,2025-10-07,COD,delivered
OC000740,C000184,312.56,2025-10-17,COD,delivered
OC000741,C000184,1205.11,2025-11-18,prepaid,delivered
OC000742,C000185,785.93,2026-04-28,prepaid,delivered
OC000743,C000185,99.0,2026-05-07,prepaid,delivered
OC000744,C000185,928.34,2026-05-14,prepaid,delivered
OC000745,C000186,508.13,2026-08-16,prepaid,delivered
OC000746,C000187,777.44,2026-07-20,COD,delivered
OC000747,C000187,1123.34,2026-08-15,COD,refused
OC000748,C000188,1289.88,2025-11-13,prepaid,delivered
OC000749,C000189,322.62,2025-12-29,prepaid,delivered
OC000750,C000189,764.32,2026-03-03,prepaid,delivered
OC000751,C000190,591.24,2026-02-01,COD,delivered
OC000752,C000191,553.48,2026-07-29,COD,delivered
OC000753,C000192,609.04,2025-10-23,COD,delivered
OC000754,C000192,1068.94,2025-12-25,COD,refused
OC000755,C000192,965.4,2026-03-08,COD,delivered
OC000756,C000192,1067.71,2026-05-06,prepaid,delivered
OC000757,C000193,595.06,2025-12-28,COD,refused
OC000758,C000193,890.23,2026-02-17,prepaid,delivered
OC000759,C000193,99.0,2026-04-24,COD,delivered
OC000760,C000194,99.0,2026-03-03,prepaid,delivered
OC000761,C000194,1143.2,2026-03-18,prepaid,delivered
OC000762,C000194,332.68,2026-04-14,prepaid,delivered
OC000763,C000195,99.0,2026-07-24,COD,delivered
OC000764,C000196,99.0,2025-12-20,prepaid,delivered
OC000765,C000196,1800.47,2026-01-06,prepaid,delivered
OC000766,C000196,99.0,2026-03-08,COD,delivered
OC000767,C000196,863.4,2026-04-05,prepaid,delivered
OC000768,C000197,838.27,2025-10-05,prepaid,delivered
OC000769,C000197,227.07,2025-10-22,prepaid,delivered
OC000770,C000198,351.05,2026-02-22,COD,refused
OC000771,C000198,1461.06,2026-04-21,prepaid,delivered
OC000772,C000198,230.76,2026-05-01,COD,delivered
OC000773,C000199,691.3,2026-03-22,COD,delivered
OC000774,C000199,959.42,2026-03-30,prepaid,delivered
OC000775,C000199,813.61,2026-04-09,prepaid,delivered
OC000776,C000200,645.78,2026-03-25,prepaid,delivered
OC000777,C000200,990.63,2026-05-02,prepaid,delivered
OC000778,C000200,1028.7,2026-05-08,prepaid,delivered
OC000779,C000200,883.84,2026-05-20,prepaid,delivered
OC000780,C000201,550.96,2026-05-13,prepaid,delivered
OC000781,C000201,175.28,2026-05-20,COD,refused
OC000782,C000202,611.1,2025-09-29,prepaid,delivered
OC000783,C000202,399.0,2025-11-21,COD,delivered
OC000784,C000203,557.3,2025-12-22,COD,delivered
OC000785,C000204,99.0,2026-03-27,prepaid,delivered
OC000786,C000204,1150.45,2026-04-14,COD,delivered
OC000787,C000204,579.17,2026-05-07,prepaid,delivered
OC000788,C000204,1216.01,2026-05-16,prepaid,delivered
OC000789,C000205,421.77,2026-02-10,COD,refused
OC000790,C000205,339.54,2026-02-16,COD,delivered
OC000791,C000206,1238.75,2026-07-23,COD,delivered
OC000792,C000207,301.57,2026-01-17,COD,delivered
OC000793,C000207,903.07,2026-01-24,prepaid,delivered
OC000794,C000207,673.91,2026-01-27,COD,delivered
OC000795,C000208,617.69,2025-09-30,COD,delivered
OC000796,C000208,1142.76,2025-11-08,prepaid,delivered
OC000797,C000208,1213.18,2025-12-12,prepaid,delivered
OC000798,C000209,1006.92,2026-08-27,COD,delivered
OC000799,C000210,876.78,2026-07-02,COD,delivered
OC000800,C000210,1197.75,2026-07-22,COD,refused
OC000801,C000210,717.74,2026-08-13,COD,delivered
OC000802,C000211,979.6,2025-12-12,COD,delivered
OC000803,C000211,99.0,2025-12-24,prepaid,delivered
OC000804,C000212,658.1,2026-06-03,COD,delivered
OC000805,C000212,740.95,2026-07-18,prepaid,delivered
OC000806,C000214,691.67,2026-05-31,prepaid,delivered
OC000807,C000214,443.16,2026-07-01,prepaid,delivered
OC000808,C000215,1354.63,2026-04-11,COD,delivered
OC000809,C000215,1035.15,2026-05-07,prepaid,delivered
OC000810,C000215,683.93,2026-05-21,prepaid,delivered
OC000811,C000215,546.27,2026-06-23,prepaid,delivered
OC000812,C000216,835.32,2025-12-22,prepaid,delivered
OC000813,C000216,358.52,2026-01-10,prepaid,delivered
OC000814,C000216,662.4,2026-01-15,prepaid,delivered
OC000815,C000217,1058.74,2026-05-24,prepaid,delivered
OC000816,C000217,390.5,2026-07-09,COD,delivered
OC000817,C000217,99.0,2026-07-30,COD,delivered
OC000818,C000218,513.05,2026-04-11,prepaid,delivered
OC000819,C000218,152.94,2026-04-21,prepaid,delivered
OC000820,C000218,539.38,2026-05-05,prepaid,delivered
OC000821,C000219,780.3,2026-01-15,prepaid,delivered
OC000822,C000219,463.86,2026-03-07,prepaid,delivered
OC000823,C000219,1157.96,2026-03-31,COD,delivered
OC000824,C000220,99.0,2026-01-01,COD,delivered
OC000825,C000220,99.0,2026-02-18,prepaid,delivered
OC000826,C000220,434.97,2026-04-14,COD,delivered
OC000827,C000220,1141.82,2026-04-21,prepaid,delivered
OC000828,C000221,762.29,2025-12-01,COD,refused
OC000829,C000221,1632.06,2025-12-29,prepaid,delivered
OC000830,C000221,1036.03,2026-01-04,prepaid,delivered
OC000831,C000221,199.68,2026-01-15,COD,delivered
OC000832,C000222,827.9,2025-12-14,prepaid,delivered
OC000833,C000223,319.79,2026-04-28,prepaid,delivered
OC000834,C000223,301.74,2026-05-15,prepaid,delivered
OC000835,C000224,316.84,2026-05-31,COD,delivered
OC000836,C000224,99.0,2026-06-21,prepaid,delivered
OC000837,C000224,382.33,2026-06-25,prepaid,delivered
OC000838,C000224,1111.84,2026-07-15,prepaid,delivered
OC000839,C000225,1143.01,2026-02-07,prepaid,delivered
OC000840,C000226,448.12,2026-05-24,prepaid,delivered
OC000841,C000226,499.06,2026-08-08,prepaid,delivered
OC000842,C000228,705.2,2026-05-01,COD,delivered
OC000843,C000228,99.0,2026-05-30,prepaid,delivered
OC000844,C000229,349.34,2026-02-26,prepaid,delivered
OC000845,C000229,1354.84,2026-05-24,prepaid,delivered
OC000846,C000230,99.0,2025-12-04,prepaid,delivered
OC000847,C000230,562.63,2026-03-08,prepaid,delivered
OC000848,C000230,99.0,2026-03-23,COD,delivered
OC000849,C000231,1375.72,2026-01-18,prepaid,delivered
OC000850,C000232,490.32,2026-02-15,COD,delivered
OC000851,C000233,622.46,2026-08-20,prepaid,delivered
OC000852,C000234,855.89,2025-11-18,COD,delivered
OC000853,C000234,1342.39,2025-12-26,prepaid,delivered
OC000854,C000234,1085.83,2026-01-11,prepaid,delivered
OC000855,C000234,734.31,2026-01-31,COD,delivered
OC000856,C000234,1164.71,2026-02-07,COD,delivered
OC000857,C000235,349.79,2026-05-31,prepaid,delivered
OC000858,C000235,1321.75,2026-06-08,prepaid,delivered
OC000859,C000235,908.0,2026-07-13,prepaid,delivered
OC000860,C000236,597.27,2026-01-24,prepaid,delivered
OC000861,C000236,952.04,2026-02-22,prepaid,delivered
OC000862,C000236,213.75,2026-02-24,prepaid,delivered
OC000863,C000237,796.82,2025-12-23,prepaid,delivered
OC000864,C000238,497.13,2026-06-29,COD,delivered
OC000865,C000238,1870.9,2026-07-07,COD,delivered
OC000866,C000238,1193.21,2026-08-11,COD,delivered
OC000867,C000239,1358.76,2025-09-24,COD,delivered
OC000868,C000239,383.87,2025-09-29,prepaid,delivered
OC000869,C000239,457.29,2025-11-27,prepaid,delivered
OC000870,C000240,793.14,2025-12-11,prepaid,delivered
OC000871,C000240,640.74,2025-12-19,prepaid,delivered
OC000872,C000240,479.92,2026-02-08,COD,refused
OC000873,C000241,1109.01,2026-01-20,prepaid,delivered
OC000874,C000241,267.2,2026-01-29,prepaid,delivered
OC000875,C000242,632.28,2026-01-26,prepaid,delivered
OC000876,C000242,1025.3,2026-04-08,prepaid,delivered
OC000877,C000243,735.78,2025-10-17,prepaid,delivered
OC000878,C000243,500.3,2025-12-03,prepaid,delivered
OC000879,C000243,1050.06,2026-02-10,prepaid,delivered
OC000880,C000244,162.8,2026-03-12,COD,delivered
OC000881,C000244,259.61,2026-04-02,COD,delivered
OC000882,C000244,475.54,2026-04-21,COD,delivered
OC000883,C000245,99.0,2025-12-08,COD,delivered
OC000884,C000246,1492.34,2026-02-07,COD,delivered
OC000885,C000246,602.9,2026-03-13,COD,delivered
OC000886,C000246,903.26,2026-04-11,prepaid,delivered
OC000887,C000247,400.67,2026-02-28,COD,delivered
OC000888,C000247,608.27,2026-03-15,prepaid,delivered
OC000889,C000248,693.26,2025-09-21,prepaid,delivered
OC000890,C000248,1196.56,2025-10-25,COD,delivered
OC000891,C000248,208.34,2025-12-06,prepaid,delivered
OC000892,C000248,647.96,2025-12-24,prepaid,delivered
OC000893,C000249,133.91,2026-03-27,prepaid,delivered
OC000894,C000250,99.0,2025-11-26,prepaid,delivered
OC000895,C000250,484.72,2025-12-16,prepaid,delivered
OC000896,C000250,620.38,2026-02-15,COD,delivered
OC000897,C000250,440.78,2026-03-04,prepaid,delivered
OC000898,C000251,320.94,2026-04-25,COD,delivered
OC000899,C000251,893.42,2026-06-18,prepaid,delivered
OC000900,C000251,710.54,2026-08-04,prepaid,delivered
OC000901,C000252,607.81,2026-06-27,COD,refused
OC000902,C000252,185.7,2026-07-06,COD,delivered
OC000903,C000252,323.15,2026-07-11,prepaid,delivered
OC000904,C000252,745.28,2026-07-20,prepaid,delivered
OC000905,C000252,1323.53,2026-08-15,COD,delivered
OC000906,C000253,678.49,2025-11-08,prepaid,delivered
OC000907,C000253,1099.05,2025-12-03,COD,delivered
OC000908,C000253,549.35,2025-12-25,COD,delivered
OC000909,C000254,473.06,2026-05-23,prepaid,delivered
OC000910,C000254,719.83,2026-05-25,prepaid,delivered
OC000911,C000254,1210.17,2026-05-28,prepaid,delivered
OC000912,C000254,378.93,2026-05-30,prepaid,delivered
OC000913,C000255,245.83,2026-08-20,COD,delivered
OC000914,C000256,1765.52,2026-04-25,prepaid,delivered
OC000915,C000256,517.52,2026-05-10,COD,delivered
OC000916,C000256,249.16,2026-05-17,COD,refused
OC000917,C000256,782.16,2026-06-28,COD,delivered
OC000918,C000257,99.0,2026-03-13,prepaid,delivered
OC000919,C000257,686.55,2026-03-19,prepaid,delivered
OC000920,C000258,105.99,2026-08-13,COD,delivered
OC000921,C000258,1249.47,2026-08-25,COD,delivered
OC000922,C000258,406.37,2026-08-27,COD,delivered
OC000923,C000259,505.08,2026-02-23,prepaid,delivered
OC000924,C000259,1168.9,2026-03-25,prepaid,delivered
OC000925,C000260,625.36,2026-04-11,prepaid,delivered
OC000926,C000260,1017.61,2026-04-13,COD,delivered
OC000927,C000260,240.36,2026-05-09,prepaid,delivered
OC000928,C000260,585.16,2026-06-26,prepaid,delivered
OC000929,C000261,954.84,2026-05-08,COD,delivered
OC000930,C000261,1418.56,2026-06-20,prepaid,delivered
OC000931,C000262,920.05,2026-02-19,COD,delivered
OC000932,C000262,411.57,2026-03-25,prepaid,delivered
OC000933,C000262,998.39,2026-04-03,prepaid,delivered
OC000934,C000262,1449.65,2026-04-18,prepaid,delivered
OC000935,C000263,318.18,2026-06-24,COD,delivered
OC000936,C000264,692.42,2025-10-25,prepaid,delivered
OC000937,C000264,792.09,2025-11-16,prepaid,delivered
OC000938,C000264,1011.45,2025-12-01,prepaid,delivered
OC000939,C000264,256.43,2025-12-30,prepaid,delivered
OC000940,C000264,1394.78,2026-02-01,prepaid,delivered
OC000941,C000265,486.81,2026-07-09,COD,refused
OC000942,C000265,1102.07,2026-07-27,COD,delivered
OC000943,C000265,908.88,2026-08-05,COD,delivered
OC000944,C000265,862.16,2026-08-14,prepaid,delivered
OC000945,C000265,834.85,2026-08-19,COD,delivered
OC000946,C000266,1092.47,2026-07-23,prepaid,delivered
OC000947,C000266,835.35,2026-08-18,prepaid,delivered
OC000948,C000266,876.19,2026-08-26,prepaid,delivered
OC000949,C000267,1103.36,2026-04-04,prepaid,delivered
OC000950,C000267,1052.08,2026-05-01,prepaid,delivered
OC000951,C000267,192.91,2026-05-06,prepaid,delivered
OC000952,C000268,1065.55,2026-07-25,COD,delivered
OC000953,C000269,1065.52,2026-06-06,prepaid,delivered
OC000954,C000269,775.04,2026-06-13,prepaid,delivered
OC000955,C000271,985.33,2026-08-26,prepaid,delivered
OC000956,C000272,471.58,2026-07-17,COD,delivered
OC000957,C000273,584.56,2026-07-03,prepaid,delivered
OC000958,C000273,1362.09,2026-08-20,prepaid,delivered
OC000959,C000274,1025.04,2026-02-16,COD,delivered
OC000960,C000274,317.73,2026-02-19,prepaid,delivered
OC000961,C000274,99.0,2026-03-11,COD,delivered
OC000962,C000274,608.75,2026-05-09,COD,delivered
OC000963,C000274,752.33,2026-05-17,prepaid,delivered
OC000964,C000275,1112.88,2026-07-04,COD,delivered
OC000965,C000275,822.3,2026-08-15,prepaid,delivered
OC000966,C000276,721.91,2026-02-28,COD,delivered
OC000967,C000277,1030.34,2026-03-13,prepaid,delivered
OC000968,C000277,376.97,2026-04-27,prepaid,delivered
OC000969,C000278,410.91,2025-12-05,prepaid,delivered
OC000970,C000278,1261.51,2025-12-18,prepaid,delivered
OC000971,C000278,485.68,2025-12-27,prepaid,delivered
OC000972,C000279,318.53,2026-02-02,prepaid,delivered
OC000973,C000279,990.56,2026-02-10,prepaid,delivered
OC000974,C000279,1382.09,2026-02-17,COD,delivered
OC000975,C000280,854.47,2026-07-06,prepaid,delivered
OC000976,C000281,392.14,2025-10-01,prepaid,delivered
OC000977,C000281,682.85,2025-11-03,COD,delivered
OC000978,C000283,880.03,2025-12-21,prepaid,delivered
OC000979,C000283,964.16,2025-12-31,prepaid,delivered
OC000980,C000283,99.0,2026-01-27,prepaid,delivered
OC000981,C000283,688.84,2026-02-22,prepaid,delivered
OC000982,C000283,909.14,2026-04-14,COD,delivered
OC000983,C000284,99.0,2026-01-03,prepaid,delivered
OC000984,C000284,1279.89,2026-01-19,COD,delivered
OC000985,C000284,906.87,2026-02-19,COD,delivered
OC000986,C000284,1223.5,2026-02-22,prepaid,delivered
OC000987,C000285,673.42,2026-03-17,prepaid,delivered
OC000988,C000285,99.0,2026-05-16,COD,delivered
OC000989,C000285,975.14,2026-06-29,COD,delivered
OC000990,C000285,466.63,2026-07-11,COD,delivered
OC000991,C000286,436.56,2026-01-09,prepaid,delivered
OC000992,C000286,786.91,2026-01-22,COD,delivered
OC000993,C000286,801.48,2026-02-06,prepaid,delivered
OC000994,C000286,1060.24,2026-03-21,prepaid,delivered
OC000995,C000287,398.55,2026-02-28,prepaid,delivered
OC000996,C000287,1053.09,2026-04-09,prepaid,delivered
OC000997,C000288,764.54,2026-07-30,COD,delivered
OC000998,C000289,742.95,2026-01-02,prepaid,delivered
OC000999,C000289,863.24,2026-03-18,prepaid,delivered
OC001000,C000290,106.86,2025-10-25,prepaid,delivered
OC001001,C000290,1300.64,2025-12-25,prepaid,delivered
OC001002,C000292,776.2,2026-04-14,prepaid,delivered
OC001003,C000292,443.53,2026-04-27,prepaid,delivered
OC001004,C000293,1105.81,2026-01-02,prepaid,delivered
OC001005,C000293,1690.64,2026-02-02,prepaid,delivered
OC001006,C000293,645.11,2026-04-08,prepaid,delivered
OC001007,C000293,550.2,2026-05-05,COD,delivered
OC001008,C000294,302.98,2026-01-13,prepaid,delivered
OC001009,C000294,1226.87,2026-02-15,prepaid,delivered
OC001010,C000295,413.78,2026-08-27,COD,refused
OC001011,C000296,978.23,2026-05-24,prepaid,delivered
OC001012,C000296,658.97,2026-05-31,prepaid,delivered
OC001013,C000297,1148.36,2026-08-07,prepaid,delivered
OC001014,C000298,198.68,2026-04-09,prepaid,delivered
OC001015,C000298,418.48,2026-04-19,COD,refused
OC001016,C000299,610.85,2026-04-09,prepaid,delivered
OC001017,C000299,620.75,2026-04-17,prepaid,delivered
OC001018,C000300,814.78,2025-11-06,COD,delivered
OC001019,C000300,369.94,2025-12-12,prepaid,delivered
OC001020,C000300,679.59,2026-01-01,prepaid,delivered
OC001021,C000300,687.72,2026-01-10,prepaid,delivered
OC001022,C000301,1700.07,2025-11-17,COD,delivered
OC001023,C000301,506.16,2025-12-28,prepaid,delivered
OC001024,C000302,1138.29,2026-06-23,prepaid,delivered
OC001025,C000302,164.56,2026-07-03,prepaid,delivered
OC001026,C000303,891.08,2026-08-06,prepaid,delivered
OC001027,C000303,593.91,2026-08-22,prepaid,delivered
OC001028,C000304,960.34,2026-04-30,prepaid,delivered
OC001029,C000304,940.24,2026-07-04,prepaid,delivered
OC001030,C000304,267.78,2026-08-20,prepaid,delivered
OC001031,C000305,1019.85,2025-10-23,COD,refused
OC001032,C000305,972.71,2025-11-03,prepaid,delivered
OC001033,C000305,473.26,2025-11-21,prepaid,delivered
OC001034,C000305,779.51,2026-01-25,COD,delivered
OC001035,C000305,573.7,2026-02-12,prepaid,delivered
OC001036,C000305,1552.48,2026-03-05,COD,delivered
OC001037,C000305,983.48,2026-03-18,COD,delivered
OC001038,C000307,357.68,2025-10-08,prepaid,delivered
OC001039,C000307,323.59,2025-10-21,COD,delivered
OC001040,C000308,99.0,2026-05-26,prepaid,delivered
OC001041,C000308,1251.1,2026-07-23,prepaid,delivered
OC001042,C000308,510.83,2026-08-21,prepaid,delivered
OC001043,C000309,993.73,2026-05-31,prepaid,delivered
OC001044,C000309,1314.18,2026-06-13,COD,delivered
OC001045,C000310,398.97,2026-03-12,prepaid,delivered
OC001046,C000310,1022.21,2026-04-06,prepaid,delivered
OC001047,C000311,633.9,2026-06-29,prepaid,delivered
OC001048,C000311,99.0,2026-07-09,prepaid,delivered
OC001049,C000311,313.95,2026-07-19,COD,delivered
OC001050,C000311,553.7,2026-08-03,prepaid,delivered
OC001051,C000311,567.42,2026-08-17,COD,delivered
OC001052,C000312,99.0,2026-05-24,prepaid,delivered
OC001053,C000312,671.47,2026-08-03,prepaid,delivered
OC001054,C000313,1038.51,2026-06-03,prepaid,delivered
OC001055,C000313,150.08,2026-06-18,prepaid,delivered
OC001056,C000313,797.69,2026-06-30,COD,delivered
OC001057,C000313,880.88,2026-08-12,prepaid,delivered
OC001058,C000314,655.21,2026-01-08,prepaid,delivered
OC001059,C000314,216.15,2026-01-27,prepaid,delivered
OC001060,C000315,688.52,2026-01-05,prepaid,delivered
OC001061,C000315,1287.21,2026-01-17,prepaid,delivered
OC001062,C000316,713.11,2026-04-27,COD,delivered
OC001063,C000316,1103.75,2026-05-19,COD,delivered
OC001064,C000316,697.22,2026-06-20,prepaid,delivered
OC001065,C000317,660.73,2026-01-28,COD,delivered
OC001066,C000318,212.01,2026-06-20,prepaid,delivered
OC001067,C000318,1313.63,2026-07-08,prepaid,delivered
OC001068,C000318,229.51,2026-07-28,COD,delivered
OC001069,C000318,1177.66,2026-08-03,prepaid,delivered
OC001070,C000319,204.16,2026-03-08,prepaid,delivered
OC001071,C000320,146.12,2026-07-09,COD,delivered
OC001072,C000320,1497.01,2026-07-12,prepaid,delivered
OC001073,C000320,385.15,2026-07-23,COD,delivered
OC001074,C000321,813.9,2025-09-16,COD,delivered
OC001075,C000322,858.39,2025-10-01,prepaid,delivered
OC001076,C000322,1236.78,2025-10-09,COD,delivered
OC001077,C000322,1644.9,2025-10-22,prepaid,delivered
OC001078,C000322,666.88,2025-11-11,prepaid,delivered
OC001079,C000323,1120.51,2026-01-11,COD,delivered
OC001080,C000323,1019.85,2026-01-14,COD,delivered
OC001081,C000325,276.2,2025-10-02,prepaid,delivered
OC001082,C000326,1378.89,2026-02-09,prepaid,delivered
OC001083,C000326,1061.17,2026-04-26,COD,delivered
OC001084,C000326,414.49,2026-06-03,prepaid,delivered
OC001085,C000326,525.75,2026-07-06,COD,delivered
OC001086,C000327,813.97,2025-12-23,prepaid,delivered
OC001087,C000327,1020.35,2026-01-03,prepaid,delivered
OC001088,C000328,99.0,2026-02-23,prepaid,delivered
OC001089,C000328,707.06,2026-03-12,prepaid,delivered
OC001090,C000328,732.74,2026-04-12,COD,delivered
OC001091,C000328,661.86,2026-05-17,prepaid,delivered
OC001092,C000328,1003.64,2026-05-30,prepaid,delivered
OC001093,C000329,771.82,2026-02-09,prepaid,delivered
OC001094,C000329,1179.51,2026-03-26,COD,delivered
OC001095,C000329,1470.83,2026-05-09,prepaid,delivered
OC001096,C000331,99.0,2025-12-24,prepaid,delivered
OC001097,C000332,356.51,2025-10-09,prepaid,delivered
OC001098,C000333,843.75,2026-07-27,COD,delivered
OC001099,C000334,1964.74,2026-06-04,COD,refused
OC001100,C000334,290.2,2026-06-13,prepaid,delivered
OC001101,C000335,676.48,2026-03-10,prepaid,delivered
OC001102,C000336,253.49,2026-06-07,prepaid,delivered
OC001103,C000336,623.93,2026-07-20,prepaid,delivered
OC001104,C000336,99.0,2026-07-28,COD,delivered
OC001105,C000336,239.56,2026-08-09,prepaid,delivered
OC001106,C000337,204.35,2025-10-29,prepaid,delivered
OC001107,C000337,576.86,2025-11-13,prepaid,delivered
OC001108,C000338,112.23,2026-05-05,prepaid,delivered
OC001109,C000338,807.21,2026-07-28,prepaid,delivered
OC001110,C000338,1192.81,2026-08-01,prepaid,delivered
OC001111,C000339,326.8,2026-04-21,prepaid,delivered
OC001112,C000339,1321.66,2026-04-25,prepaid,delivered
OC001113,C000339,729.26,2026-05-10,COD,refused
OC001114,C000339,1112.2,2026-05-25,COD,delivered
OC001115,C000340,1002.5,2026-08-20,prepaid,delivered
OC001116,C000341,639.46,2026-02-24,prepaid,delivered
OC001117,C000341,686.54,2026-02-27,COD,refused
OC001118,C000341,673.57,2026-03-08,prepaid,delivered
OC001119,C000342,751.03,2026-06-18,prepaid,delivered
OC001120,C000342,1140.24,2026-07-29,COD,delivered
OC001121,C000342,666.82,2026-08-07,COD,refused
OC001122,C000342,364.97,2026-08-24,prepaid,delivered
OC001123,C000343,1325.93,2026-03-17,COD,delivered
OC001124,C000343,836.64,2026-04-07,prepaid,delivered
OC001125,C000344,703.03,2025-10-05,prepaid,delivered
OC001126,C000344,865.18,2025-10-29,prepaid,delivered
OC001127,C000344,243.27,2025-10-31,prepaid,delivered
OC001128,C000344,552.31,2026-01-26,prepaid,delivered
OC001129,C000344,833.05,2026-02-02,prepaid,delivered
OC001130,C000344,374.47,2026-02-27,prepaid,delivered
OC001131,C000345,543.63,2026-08-19,COD,delivered
OC001132,C000346,244.8,2026-03-03,prepaid,delivered
OC001133,C000346,299.62,2026-03-08,prepaid,delivered
OC001134,C000346,476.63,2026-03-27,prepaid,delivered
OC001135,C000347,373.58,2026-05-10,prepaid,delivered
OC001136,C000347,623.45,2026-05-15,prepaid,delivered
OC001137,C000347,1101.89,2026-06-14,prepaid,delivered
OC001138,C000347,979.31,2026-06-26,prepaid,delivered
OC001139,C000347,1007.61,2026-07-21,prepaid,delivered
OC001140,C000347,99.0,2026-08-27,prepaid,delivered
OC001141,C000348,99.0,2026-04-16,COD,delivered
OC001142,C000348,553.81,2026-06-21,COD,delivered
OC001143,C000348,263.95,2026-08-08,prepaid,delivered
OC001144,C000349,289.41,2026-04-03,COD,delivered
OC001145,C000349,255.47,2026-06-27,prepaid,delivered
OC001146,C000349,1037.4,2026-08-09,prepaid,delivered
OC001147,C000350,1001.55,2026-07-13,prepaid,delivered
OC001148,C000350,1000.69,2026-07-27,COD,delivered
OC001149,C000351,1055.87,2026-06-18,prepaid,delivered
OC001150,C000351,704.2,2026-07-07,prepaid,delivered
OC001151,C000351,965.69,2026-08-10,COD,refused
OC001152,C000352,755.51,2025-12-23,prepaid,delivered
OC001153,C000352,766.5,2026-01-05,COD,refused
OC001154,C000354,1257.41,2025-12-29,prepaid,delivered
OC001155,C000354,771.57,2026-01-26,COD,delivered
OC001156,C000354,425.14,2026-02-15,COD,delivered
OC001157,C000354,356.79,2026-02-18,prepaid,delivered
OC001158,C000355,795.41,2026-07-11,prepaid,delivered
OC001159,C000355,1217.4,2026-07-20,prepaid,delivered
OC001160,C000356,382.87,2026-02-14,prepaid,delivered
OC001161,C000356,900.49,2026-05-08,COD,delivered
OC001162,C000356,679.21,2026-06-02,COD,refused
OC001163,C000356,586.65,2026-08-04,prepaid,delivered
OC001164,C000357,508.89,2025-10-05,prepaid,delivered
OC001165,C000357,847.58,2025-10-16,prepaid,delivered
OC001166,C000358,755.05,2026-07-01,COD,delivered
OC001167,C000358,823.69,2026-07-25,COD,delivered
OC001168,C000358,208.92,2026-08-08,COD,delivered
OC001169,C000358,99.0,2026-08-20,prepaid,delivered
OC001170,C000359,1450.66,2026-08-17,prepaid,delivered
OC001171,C000359,739.88,2026-08-20,prepaid,delivered
OC001172,C000360,860.09,2025-10-23,prepaid,delivered
OC001173,C000360,930.25,2025-10-29,prepaid,delivered
OC001174,C000360,99.0,2025-11-12,prepaid,delivered
OC001175,C000360,868.56,2025-12-05,prepaid,delivered
OC001176,C000361,785.66,2026-06-07,COD,delivered
OC001177,C000362,1056.55,2025-12-31,prepaid,delivered
OC001178,C000362,740.94,2026-03-10,prepaid,delivered
OC001179,C000363,295.53,2025-11-11,COD,delivered
OC001180,C000364,693.53,2025-12-03,COD,refused
OC001181,C000364,1034.22,2025-12-23,COD,delivered
OC001182,C000364,391.54,2026-01-30,COD,delivered
OC001183,C000364,807.16,2026-02-01,COD,delivered
OC001184,C000365,322.66,2025-12-16,COD,delivered
OC001185,C000365,1452.49,2026-01-20,COD,delivered
OC001186,C000366,402.9,2026-05-09,prepaid,delivered
OC001187,C000366,229.79,2026-07-02,COD,delivered
OC001188,C000366,691.87,2026-07-08,prepaid,delivered
OC001189,C000367,1123.39,2025-10-09,prepaid,delivered
OC001190,C000367,375.79,2025-11-10,prepaid,delivered
OC001191,C000368,281.25,2026-04-24,COD,delivered
OC001192,C000368,549.35,2026-05-26,COD,delivered
OC001193,C000369,801.68,2026-08-21,COD,delivered
OC001194,C000370,383.32,2025-12-25,COD,delivered
OC001195,C000370,402.58,2026-01-13,prepaid,delivered
OC001196,C000370,1297.05,2026-02-28,COD,delivered
OC001197,C000372,943.51,2026-08-19,COD,delivered
OC001198,C000372,1337.47,2026-08-26,prepaid,delivered
OC001199,C000373,934.1,2025-11-07,prepaid,delivered
OC001200,C000373,371.0,2025-11-15,prepaid,delivered
OC001201,C000375,956.87,2026-07-25,prepaid,delivered
OC001202,C000375,915.98,2026-08-20,COD,refused
OC001203,C000376,422.5,2026-04-06,prepaid,delivered
OC001204,C000377,1051.09,2026-05-10,prepaid,delivered
OC001205,C000377,1217.82,2026-05-30,prepaid,delivered
OC001206,C000378,1116.6,2026-06-04,prepaid,delivered
OC001207,C000378,236.62,2026-06-19,COD,refused
OC001208,C000378,773.84,2026-07-08,prepaid,delivered
OC001209,C000378,892.07,2026-07-28,prepaid,delivered
OC001210,C000379,467.85,2026-05-17,prepaid,delivered
OC001211,C000379,190.6,2026-07-05,COD,delivered
OC001212,C000380,973.51,2026-02-17,prepaid,delivered
OC001213,C000380,780.13,2026-03-15,prepaid,delivered
OC001214,C000381,491.72,2026-07-02,prepaid,delivered
OC001215,C000381,456.49,2026-07-07,prepaid,delivered
OC001216,C000381,630.26,2026-07-29,prepaid,delivered
OC001217,C000382,903.53,2026-01-06,prepaid,delivered
OC001218,C000382,219.34,2026-01-12,prepaid,delivered
OC001219,C000382,959.48,2026-01-28,prepaid,delivered
OC001220,C000383,259.93,2026-01-03,prepaid,delivered
OC001221,C000383,400.64,2026-02-25,COD,delivered
OC001222,C000383,926.06,2026-02-28,prepaid,delivered
OC001223,C000383,712.02,2026-03-08,prepaid,delivered
OC001224,C000383,99.0,2026-03-12,prepaid,delivered
OC001225,C000385,300.02,2026-07-02,prepaid,delivered
OC001226,C000385,482.03,2026-07-06,prepaid,delivered
OC001227,C000385,636.96,2026-07-09,prepaid,delivered
OC001228,C000385,1220.56,2026-08-25,COD,delivered
OC001229,C000387,222.88,2026-06-17,COD,delivered
OC001230,C000387,635.91,2026-06-29,COD,refused
OC001231,C000387,300.84,2026-07-04,COD,delivered
OC001232,C000387,1094.02,2026-07-10,prepaid,delivered
OC001233,C000389,1332.5,2025-11-11,prepaid,delivered
OC001234,C000389,348.06,2025-12-08,prepaid,delivered
OC001235,C000389,759.88,2025-12-11,prepaid,delivered
OC001236,C000390,302.67,2026-01-12,prepaid,delivered
OC001237,C000390,762.19,2026-02-14,COD,delivered
OC001238,C000390,653.7,2026-03-02,prepaid,delivered
OC001239,C000390,425.4,2026-03-09,prepaid,delivered
OC001240,C000390,99.0,2026-03-31,prepaid,delivered
OC001241,C000392,1303.55,2026-06-01,prepaid,delivered
OC001242,C000392,418.99,2026-06-06,COD,delivered
OC001243,C000392,713.21,2026-07-08,prepaid,delivered
OC001244,C000392,263.95,2026-08-25,prepaid,delivered
OC001245,C000393,1302.39,2025-11-11,prepaid,delivered
OC001246,C000393,526.04,2025-12-07,prepaid,delivered
OC001247,C000394,1436.36,2026-06-05,prepaid,delivered
OC001248,C000394,99.0,2026-07-03,prepaid,delivered
OC001249,C000394,272.78,2026-08-07,prepaid,delivered
OC001250,C000395,99.0,2026-08-18,prepaid,delivered
OC001251,C000397,888.11,2026-01-04,prepaid,delivered
OC001252,C000397,638.11,2026-01-25,COD,delivered
OC001253,C000398,466.26,2026-02-18,prepaid,delivered
OC001254,C000398,797.02,2026-03-03,COD,delivered
OC001255,C000398,875.25,2026-04-07,COD,delivered
OC001256,C000398,996.15,2026-04-15,prepaid,delivered
OC001257,C000398,561.03,2026-04-22,COD,delivered
OC001258,C000399,99.0,2026-02-13,prepaid,delivered
OC001259,C000399,840.65,2026-03-12,prepaid,delivered
OC001260,C000399,361.96,2026-03-27,prepaid,delivered
OC001261,C000399,1179.2,2026-04-08,prepaid,delivered
OC001262,C000399,319.63,2026-04-16,prepaid,delivered
OC001263,C000400,458.51,2025-10-08,prepaid,delivered
OC001264,C000400,771.19,2025-10-24,COD,delivered
OC001265,C000400,785.05,2025-10-28,COD,delivered
OC001266,C000401,849.66,2026-04-08,prepaid,delivered
OC001267,C000401,560.15,2026-04-24,COD,delivered
OC001268,C000401,593.65,2026-06-06,prepaid,delivered
OC001269,C000401,1427.55,2026-06-14,COD,delivered
OC001270,C000401,631.99,2026-08-25,prepaid,delivered
OC001271,C000402,510.63,2025-11-24,prepaid,delivered
OC001272,C000402,497.89,2026-01-27,COD,delivered
OC001273,C000403,842.73,2026-04-23,prepaid,delivered
OC001274,C000404,447.3,2026-01-22,prepaid,delivered
OC001275,C000404,285.0,2026-02-13,prepaid,delivered
OC001276,C000404,1051.81,2026-05-05,prepaid,delivered
OC001277,C000404,308.4,2026-06-19,COD,delivered
OC001278,C000405,534.97,2025-09-16,prepaid,delivered
OC001279,C000405,1151.07,2025-10-05,COD,delivered
OC001280,C000405,99.0,2025-10-21,COD,delivered
OC001281,C000406,633.49,2025-12-07,prepaid,delivered
OC001282,C000406,979.43,2026-01-22,prepaid,delivered
OC001283,C000406,99.0,2026-01-25,prepaid,delivered
OC001284,C000406,1358.77,2026-01-28,prepaid,delivered
OC001285,C000407,255.0,2026-02-12,prepaid,delivered
OC001286,C000407,449.38,2026-03-20,prepaid,delivered
OC001287,C000407,989.96,2026-04-07,prepaid,delivered
OC001288,C000407,880.72,2026-07-14,prepaid,delivered
OC001289,C000407,319.8,2026-08-16,prepaid,delivered
OC001290,C000407,393.8,2026-08-25,COD,delivered
OC001291,C000408,796.1,2026-01-08,prepaid,delivered
OC001292,C000408,677.87,2026-01-11,prepaid,delivered
OC001293,C000408,479.77,2026-02-20,prepaid,delivered
OC001294,C000410,877.2,2025-11-17,COD,delivered
OC001295,C000410,121.4,2025-12-09,COD,delivered
OC001296,C000410,426.23,2025-12-31,prepaid,delivered
OC001297,C000411,944.81,2026-01-20,prepaid,delivered
OC001298,C000411,980.55,2026-01-29,COD,delivered
OC001299,C000412,766.7,2025-12-07,COD,delivered
OC001300,C000412,211.11,2025-12-21,prepaid,delivered
OC001301,C000413,1131.15,2025-12-08,prepaid,delivered
OC001302,C000413,1203.32,2026-02-14,prepaid,delivered
OC001303,C000413,1040.39,2026-02-23,prepaid,delivered
OC001304,C000413,572.89,2026-03-08,COD,refused
OC001305,C000413,1113.0,2026-03-26,prepaid,delivered
OC001306,C000414,1062.9,2026-01-21,COD,delivered
OC001307,C000414,322.68,2026-02-06,prepaid,delivered
OC001308,C000415,394.36,2026-07-14,prepaid,delivered
OC001309,C000415,380.07,2026-07-20,COD,delivered
OC001310,C000415,1519.69,2026-08-16,prepaid,delivered
OC001311,C000416,826.42,2025-10-05,COD,delivered
OC001312,C000416,1237.29,2025-10-22,prepaid,delivered
OC001313,C000416,1041.99,2025-11-27,prepaid,delivered
OC001314,C000417,582.03,2026-08-01,prepaid,delivered
OC001315,C000419,884.67,2026-06-11,prepaid,delivered
OC001316,C000419,435.13,2026-06-25,prepaid,delivered
OC001317,C000419,1277.54,2026-07-08,prepaid,delivered
OC001318,C000420,431.59,2026-01-22,prepaid,delivered
OC001319,C000421,355.41,2026-03-02,COD,refused
OC001320,C000421,802.71,2026-03-11,prepaid,delivered
OC001321,C000422,1106.82,2025-11-16,COD,delivered
OC001322,C000422,540.83,2025-12-23,prepaid,delivered
OC001323,C000422,1076.34,2026-02-06,prepaid,delivered
OC001324,C000422,384.64,2026-04-07,COD,delivered
OC001325,C000422,691.32,2026-04-15,COD,delivered
OC001326,C000422,1356.88,2026-05-01,prepaid,delivered
OC001327,C000422,654.39,2026-05-09,prepaid,delivered
OC001328,C000422,396.41,2026-06-17,COD,delivered
OC001329,C000423,442.81,2025-10-28,COD,delivered
OC001330,C000423,960.52,2025-11-14,prepaid,delivered
OC001331,C000424,1533.81,2026-03-15,COD,delivered
OC001332,C000424,935.86,2026-05-01,prepaid,delivered
OC001333,C000424,123.68,2026-05-08,prepaid,delivered
OC001334,C000424,192.86,2026-06-14,prepaid,delivered
OC001335,C000425,1395.28,2026-03-07,COD,delivered
OC001336,C000425,186.25,2026-03-20,prepaid,delivered
OC001337,C000425,1224.31,2026-04-01,prepaid,delivered
OC001338,C000425,406.27,2026-04-07,prepaid,delivered
OC001339,C000427,99.0,2026-05-08,COD,delivered
OC001340,C000428,1257.71,2025-10-20,prepaid,delivered
OC001341,C000428,99.0,2025-11-04,COD,delivered
OC001342,C000428,562.75,2025-11-15,prepaid,delivered
OC001343,C000429,99.0,2026-04-04,prepaid,delivered
OC001344,C000429,680.53,2026-04-07,prepaid,delivered
OC001345,C000429,783.67,2026-05-29,COD,delivered
OC001346,C000429,858.91,2026-07-04,prepaid,delivered
OC001347,C000430,914.19,2026-07-21,COD,delivered
OC001348,C000430,418.4,2026-07-24,prepaid,delivered
OC001349,C000430,1262.08,2026-08-06,prepaid,delivered
OC001350,C000431,1314.08,2025-12-19,COD,delivered
OC001351,C000431,715.26,2026-01-22,prepaid,delivered
OC001352,C000431,435.97,2026-01-31,prepaid,delivered
OC001353,C000433,1039.37,2026-03-27,prepaid,delivered
OC001354,C000433,489.01,2026-04-14,prepaid,delivered
OC001355,C000433,564.43,2026-06-09,prepaid,delivered
OC001356,C000433,963.31,2026-06-16,COD,delivered
OC001357,C000434,734.81,2026-07-13,prepaid,delivered
OC001358,C000435,846.65,2026-03-23,prepaid,delivered
OC001359,C000435,954.31,2026-04-22,prepaid,delivered
OC001360,C000435,935.44,2026-04-26,prepaid,delivered
OC001361,C000435,1052.83,2026-05-10,prepaid,delivered
OC001362,C000435,314.09,2026-05-31,prepaid,delivered
OC001363,C000435,733.12,2026-06-28,prepaid,delivered
OC001364,C000436,864.3,2026-05-18,prepaid,delivered
OC001365,C000436,740.26,2026-05-31,prepaid,delivered
OC001366,C000436,649.66,2026-06-12,prepaid,delivered
OC001367,C000436,776.74,2026-06-15,prepaid,delivered
OC001368,C000437,103.65,2026-04-07,prepaid,delivered
OC001369,C000438,1035.39,2025-12-02,prepaid,delivered
OC001370,C000438,774.53,2026-01-01,COD,delivered
OC001371,C000438,619.02,2026-02-01,prepaid,delivered
OC001372,C000438,669.35,2026-03-26,prepaid,delivered
OC001373,C000438,1144.39,2026-03-30,COD,delivered
OC001374,C000439,1601.38,2025-11-12,prepaid,delivered
OC001375,C000439,163.71,2025-12-30,COD,delivered
OC001376,C000439,980.94,2026-01-13,COD,delivered
OC001377,C000440,1236.76,2026-01-17,prepaid,delivered
OC001378,C000440,1138.05,2026-01-21,COD,delivered
OC001379,C000440,124.13,2026-01-24,prepaid,delivered
OC001380,C000440,959.5,2026-01-29,prepaid,delivered
OC001381,C000441,840.19,2025-09-20,prepaid,delivered
OC001382,C000441,772.76,2025-10-08,COD,delivered
OC001383,C000441,778.32,2025-10-20,prepaid,delivered
OC001384,C000441,511.58,2025-11-10,COD,delivered
OC001385,C000441,874.97,2026-01-17,prepaid,delivered
OC001386,C000441,893.25,2026-01-21,COD,delivered
OC001387,C000442,1139.0,2026-08-27,COD,delivered
OC001388,C000443,417.61,2026-07-04,COD,delivered
OC001389,C000443,99.0,2026-07-21,COD,delivered
OC001390,C000443,1232.25,2026-07-25,prepaid,delivered
OC001391,C000443,416.11,2026-07-31,COD,delivered
OC001392,C000444,574.63,2026-05-28,prepaid,delivered
OC001393,C000445,399.69,2026-06-12,prepaid,delivered
OC001394,C000445,310.21,2026-06-26,prepaid,delivered
OC001395,C000445,609.13,2026-07-07,COD,delivered
OC001396,C000445,453.16,2026-08-23,COD,delivered
OC001397,C000446,722.99,2026-02-06,prepaid,delivered
OC001398,C000447,1314.19,2026-04-02,prepaid,delivered
OC001399,C000447,291.47,2026-04-17,prepaid,delivered
OC001400,C000447,417.34,2026-04-20,prepaid,delivered
OC001401,C000447,502.41,2026-04-27,COD,delivered
OC001402,C000448,619.4,2025-12-28,COD,delivered
OC001403,C000448,430.77,2026-04-02,COD,delivered
OC001404,C000448,481.04,2026-04-22,prepaid,delivered
OC001405,C000448,116.19,2026-05-05,prepaid,delivered
OC001406,C000449,905.4,2026-08-26,prepaid,delivered
OC001407,C000450,453.36,2026-06-02,prepaid,delivered
OC001408,C000450,1158.75,2026-06-28,prepaid,delivered
OC001409,C000450,1553.5,2026-07-25,prepaid,delivered
OC001410,C000450,428.03,2026-08-09,COD,delivered
OC001411,C000451,1012.09,2026-06-11,prepaid,delivered
OC001412,C000451,269.57,2026-06-19,prepaid,delivered
OC001413,C000451,715.76,2026-06-21,prepaid,delivered
OC001414,C000451,293.67,2026-06-28,prepaid,delivered
OC001415,C000451,505.68,2026-07-19,prepaid,delivered
OC001416,C000452,711.24,2026-08-25,prepaid,delivered
OC001417,C000454,1030.5,2025-11-26,COD,delivered
OC001418,C000454,315.17,2025-12-06,prepaid,delivered
OC001419,C000454,700.21,2025-12-19,prepaid,delivered
OC001420,C000455,695.85,2026-06-18,prepaid,delivered
OC001421,C000455,573.21,2026-07-02,prepaid,delivered
OC001422,C000455,1410.4,2026-08-27,COD,refused
OC001423,C000456,1079.17,2026-03-24,COD,delivered
OC001424,C000456,99.0,2026-03-27,prepaid,delivered
OC001425,C000456,180.34,2026-04-21,COD,delivered
OC001426,C000456,835.23,2026-05-29,prepaid,delivered
OC001427,C000456,750.9,2026-06-26,COD,delivered
OC001428,C000456,1174.16,2026-07-03,prepaid,delivered
OC001429,C000457,669.9,2026-01-04,prepaid,delivered
OC001430,C000458,748.23,2026-06-29,prepaid,delivered
OC001431,C000458,179.56,2026-07-11,prepaid,delivered
OC001432,C000459,644.22,2026-08-18,COD,delivered
OC001433,C000460,673.45,2026-06-10,COD,delivered
OC001434,C000460,583.34,2026-07-01,prepaid,delivered
OC001435,C000460,963.17,2026-07-07,prepaid,delivered
OC001436,C000460,99.0,2026-08-17,COD,delivered
OC001437,C000461,520.08,2026-04-20,COD,delivered
OC001438,C000461,1337.28,2026-04-29,prepaid,delivered
OC001439,C000461,1030.89,2026-05-18,prepaid,delivered
OC001440,C000461,810.07,2026-05-22,COD,delivered
OC001441,C000461,328.59,2026-05-27,COD,delivered
OC001442,C000462,619.05,2026-02-17,prepaid,delivered
OC001443,C000462,846.61,2026-03-29,prepaid,delivered
OC001444,C000462,1175.56,2026-04-02,prepaid,delivered
OC001445,C000463,1221.74,2026-02-03,COD,delivered
OC001446,C000463,1152.2,2026-03-22,prepaid,delivered
OC001447,C000463,1165.73,2026-04-28,prepaid,delivered
OC001448,C000463,753.24,2026-06-01,prepaid,delivered
OC001449,C000463,1616.85,2026-06-07,prepaid,delivered
OC001450,C000464,777.69,2025-10-04,prepaid,delivered
OC001451,C000464,1108.16,2025-10-25,prepaid,delivered
OC001452,C000464,709.49,2025-11-25,COD,delivered
OC001453,C000464,436.55,2025-12-06,prepaid,delivered
OC001454,C000465,553.66,2026-05-30,prepaid,delivered
OC001455,C000465,890.74,2026-06-05,COD,delivered
OC001456,C000465,554.78,2026-06-25,prepaid,delivered
OC001457,C000465,475.59,2026-08-17,prepaid,delivered
OC001458,C000466,631.84,2026-02-06,prepaid,delivered
OC001459,C000466,1183.96,2026-02-11,COD,delivered
OC001460,C000466,814.52,2026-03-31,COD,delivered
OC001461,C000467,771.04,2026-01-19,COD,delivered
OC001462,C000468,197.46,2026-05-13,prepaid,delivered
OC001463,C000468,749.29,2026-05-15,COD,delivered
OC001464,C000468,376.57,2026-06-18,prepaid,delivered
OC001465,C000468,381.39,2026-07-20,COD,delivered
OC001466,C000469,554.11,2026-05-21,prepaid,delivered
OC001467,C000470,688.21,2026-08-10,COD,delivered
OC001468,C000470,99.0,2026-08-20,COD,delivered
OC001469,C000471,692.18,2026-05-23,COD,delivered
OC001470,C000471,924.94,2026-07-02,prepaid,delivered
OC001471,C000471,751.91,2026-07-14,COD,delivered
OC001472,C000472,1029.74,2026-03-24,prepaid,delivered
OC001473,C000472,519.12,2026-04-15,prepaid,delivered
OC001474,C000472,480.83,2026-04-22,COD,delivered
OC001475,C000473,694.2,2025-11-14,prepaid,delivered
OC001476,C000473,1173.95,2025-11-29,prepaid,delivered
OC001477,C000473,1033.5,2026-07-03,prepaid,delivered
OC001478,C000474,1184.85,2026-02-02,prepaid,delivered
OC001479,C000474,566.38,2026-05-23,prepaid,delivered
OC001480,C000475,702.44,2026-02-23,prepaid,delivered
OC001481,C000475,784.11,2026-02-26,prepaid,delivered
OC001482,C000476,661.93,2026-04-02,prepaid,delivered
OC001483,C000476,1186.53,2026-06-14,COD,delivered
OC001484,C000476,941.02,2026-08-18,prepaid,delivered
OC001485,C000476,448.25,2026-08-22,prepaid,delivered
OC001486,C000477,99.0,2026-05-27,prepaid,delivered
OC001487,C000477,1348.09,2026-05-31,prepaid,delivered
OC001488,C000477,586.83,2026-06-05,COD,delivered
OC001489,C000478,461.94,2026-07-05,COD,delivered
OC001490,C000478,99.0,2026-08-18,prepaid,delivered
OC001491,C000479,1011.77,2025-11-21,prepaid,delivered
OC001492,C000479,600.29,2025-11-24,COD,delivered
OC001493,C000480,650.92,2025-09-24,prepaid,delivered
OC001494,C000481,201.18,2026-05-28,prepaid,delivered
OC001495,C000481,1179.41,2026-06-17,COD,delivered
OC001496,C000481,99.0,2026-07-31,prepaid,delivered
OC001497,C000482,798.62,2026-07-30,COD,delivered
OC001498,C000482,955.4,2026-08-13,prepaid,delivered
OC001499,C000483,1144.95,2025-10-06,prepaid,delivered
OC001500,C000483,719.57,2025-10-08,prepaid,delivered
OC001501,C000483,1479.53,2025-10-13,COD,refused
OC001502,C000483,1384.85,2025-10-25,COD,delivered
OC001503,C000483,763.3,2025-11-15,COD,delivered
OC001504,C000484,437.49,2025-11-23,COD,delivered
OC001505,C000484,414.37,2025-12-18,COD,delivered
OC001506,C000484,820.52,2026-01-22,prepaid,delivered
OC001507,C000484,871.03,2026-03-26,COD,delivered
OC001508,C000485,837.33,2025-12-31,prepaid,delivered
OC001509,C000485,780.75,2026-02-01,prepaid,delivered
OC001510,C000485,984.21,2026-02-21,prepaid,delivered
OC001511,C000485,199.28,2026-03-08,COD,delivered
OC001512,C000486,814.69,2025-11-20,prepaid,delivered
OC001513,C000487,197.47,2025-12-22,prepaid,delivered
OC001514,C000487,360.58,2025-12-24,prepaid,delivered
OC001515,C000487,99.47,2026-01-02,prepaid,delivered
OC001516,C000488,99.0,2025-12-29,COD,delivered
OC001517,C000488,827.72,2026-01-14,COD,delivered
OC001518,C000488,1247.5,2026-02-10,COD,delivered
OC001519,C000489,759.39,2026-07-24,prepaid,delivered
OC001520,C000489,451.66,2026-08-15,COD,delivered
OC001521,C000490,757.03,2025-11-01,prepaid,delivered
OC001522,C000490,951.72,2025-11-08,prepaid,delivered
OC001523,C000490,460.94,2025-11-20,prepaid,delivered
OC001524,C000490,99.0,2025-11-22,prepaid,delivered
OC001525,C000491,872.03,2025-10-01,prepaid,delivered
OC001526,C000491,1358.24,2026-01-13,prepaid,delivered
OC001527,C000491,860.73,2026-01-31,prepaid,delivered
OC001528,C000492,1166.88,2026-03-05,COD,delivered
OC001529,C000492,1154.25,2026-05-09,prepaid,delivered
OC001530,C000493,1216.68,2025-12-19,COD,delivered
OC001531,C000493,231.38,2026-02-12,COD,delivered
OC001532,C000493,1166.36,2026-02-16,prepaid,delivered
OC001533,C000494,780.28,2026-04-02,prepaid,delivered
OC001534,C000494,1240.84,2026-04-14,COD,delivered
OC001535,C000494,99.0,2026-05-09,prepaid,delivered
OC001536,C000494,664.62,2026-05-21,prepaid,delivered
OC001537,C000494,1444.29,2026-06-29,prepaid,delivered
OC001538,C000495,202.9,2026-04-12,prepaid,delivered
OC001539,C000495,1257.92,2026-05-08,prepaid,delivered
OC001540,C000496,569.12,2026-05-04,prepaid,delivered
OC001541,C000496,1021.63,2026-06-11,prepaid,delivered
OC001542,C000497,1100.54,2026-08-23,COD,refused
OC001543,C000498,1048.36,2025-12-30,prepaid,delivered
OC001544,C000498,964.24,2026-01-06,COD,delivered
OC001545,C000498,509.44,2026-01-25,prepaid,delivered
OC001546,C000498,167.89,2026-02-20,prepaid,delivered
OC001547,C000499,119.17,2026-03-11,prepaid,delivered
OC001548,C000499,921.05,2026-03-24,prepaid,delivered
OC001549,C000499,575.03,2026-04-14,prepaid,delivered
OC001550,C000500,295.27,2026-06-24,prepaid,delivered
OC001551,C000500,675.32,2026-07-06,COD,delivered
OC001552,C000500,457.3,2026-08-04,COD,delivered
OC001553,C000501,99.0,2025-11-30,prepaid,delivered
OC001554,C000501,1277.89,2025-12-25,COD,delivered
OC001555,C000501,763.53,2026-01-27,COD,delivered
OC001556,C000502,762.0,2025-11-18,prepaid,delivered
OC001557,C000502,894.75,2025-12-26,prepaid,delivered
OC001558,C000503,737.14,2026-03-23,prepaid,delivered
OC001559,C000503,99.0,2026-03-27,prepaid,delivered
OC001560,C000504,1028.53,2025-12-12,COD,delivered
OC001561,C000504,294.39,2026-02-01,COD,delivered
OC001562,C000504,571.61,2026-02-07,COD,delivered
OC001563,C000506,99.0,2025-10-18,COD,delivered
OC001564,C000506,1280.82,2025-10-24,prepaid,delivered
OC001565,C000506,715.65,2025-11-04,prepaid,delivered
OC001566,C000507,1237.86,2025-11-26,prepaid,delivered
OC001567,C000507,423.49,2026-01-11,prepaid,delivered
OC001568,C000507,448.5,2026-01-24,prepaid,delivered
OC001569,C000508,671.32,2026-05-14,prepaid,delivered
OC001570,C000508,406.26,2026-05-25,prepaid,delivered
OC001571,C000508,99.0,2026-07-31,prepaid,delivered
OC001572,C000510,897.02,2026-04-29,prepaid,delivered
OC001573,C000510,305.66,2026-05-06,prepaid,delivered
OC001574,C000510,511.41,2026-06-03,prepaid,delivered
OC001575,C000510,691.56,2026-06-15,COD,delivered
OC001576,C000513,944.31,2026-03-05,prepaid,delivered
OC001577,C000515,1438.7,2026-02-11,prepaid,delivered
OC001578,C000516,654.05,2026-01-28,prepaid,delivered
OC001579,C000516,1030.61,2026-03-14,prepaid,delivered
OC001580,C000517,908.84,2025-11-23,prepaid,delivered
OC001581,C000517,473.24,2025-12-06,prepaid,delivered
OC001582,C000517,1106.4,2025-12-08,prepaid,delivered
OC001583,C000518,240.0,2025-10-04,prepaid,delivered
OC001584,C000518,821.82,2025-10-31,prepaid,delivered
OC001585,C000518,826.79,2025-12-02,prepaid,delivered
OC001586,C000518,595.14,2025-12-19,COD,refused
OC001587,C000518,663.6,2026-01-07,prepaid,delivered
OC001588,C000519,355.21,2026-04-06,prepaid,delivered
OC001589,C000519,1477.84,2026-04-17,COD,delivered
OC001590,C000520,496.24,2026-06-05,prepaid,delivered
OC001591,C000520,764.97,2026-08-05,COD,delivered
OC001592,C000520,1255.61,2026-08-26,prepaid,delivered
OC001593,C000521,1014.04,2025-12-22,prepaid,delivered
OC001594,C000521,1336.64,2026-01-01,prepaid,delivered
OC001595,C000522,994.57,2025-12-27,prepaid,delivered
OC001596,C000522,884.91,2026-01-27,COD,delivered
OC001597,C000523,558.49,2026-05-26,prepaid,delivered
OC001598,C000523,456.76,2026-06-12,COD,delivered
OC001599,C000524,390.21,2026-03-18,prepaid,delivered
OC001600,C000524,1318.87,2026-04-28,prepaid,delivered
OC001601,C000525,264.27,2026-05-24,COD,delivered
OC001602,C000525,266.78,2026-05-27,COD,delivered
OC001603,C000525,99.0,2026-06-07,prepaid,delivered
OC001604,C000525,716.42,2026-06-28,COD,refused
OC001605,C000525,237.12,2026-07-30,prepaid,delivered
OC001606,C000526,1040.1,2026-08-26,prepaid,delivered
OC001607,C000527,570.24,2026-02-20,prepaid,delivered
OC001608,C000527,852.48,2026-02-26,COD,delivered
OC001609,C000527,147.24,2026-05-27,prepaid,delivered
OC001610,C000527,946.45,2026-06-03,prepaid,delivered
OC001611,C000527,99.0,2026-06-26,COD,delivered
OC001612,C000528,427.49,2026-07-19,COD,delivered
OC001613,C000528,971.01,2026-08-03,prepaid,delivered
OC001614,C000528,99.0,2026-08-24,COD,delivered
OC001615,C000529,564.33,2025-11-14,prepaid,delivered
OC001616,C000529,99.0,2025-12-06,prepaid,delivered
OC001617,C000529,968.07,2026-03-03,prepaid,delivered
OC001618,C000530,422.23,2026-05-25,prepaid,delivered
OC001619,C000531,1043.45,2026-05-12,prepaid,delivered
OC001620,C000531,230.05,2026-05-29,prepaid,delivered
OC001621,C000531,99.0,2026-07-07,prepaid,delivered
OC001622,C000532,939.44,2025-11-09,prepaid,delivered
OC001623,C000532,1423.06,2025-12-26,prepaid,delivered
OC001624,C000533,255.25,2026-05-18,prepaid,delivered
OC001625,C000533,421.9,2026-05-26,COD,delivered
OC001626,C000533,881.39,2026-06-03,COD,delivered
OC001627,C000533,278.12,2026-06-14,prepaid,delivered
OC001628,C000534,687.45,2026-05-03,prepaid,delivered
OC001629,C000534,1262.44,2026-05-14,prepaid,delivered
OC001630,C000534,110.11,2026-06-05,prepaid,delivered
OC001631,C000534,842.67,2026-07-26,prepaid,delivered
OC001632,C000535,759.4,2026-08-03,COD,delivered
OC001633,C000536,923.08,2025-12-16,prepaid,delivered
OC001634,C000537,99.0,2026-08-22,COD,delivered
OC001635,C000539,828.02,2026-05-05,prepaid,delivered
OC001636,C000540,99.0,2026-08-11,prepaid,delivered
OC001637,C000541,99.0,2026-04-05,COD,refused
OC001638,C000541,409.66,2026-04-20,prepaid,delivered
OC001639,C000541,151.33,2026-05-07,prepaid,delivered
OC001640,C000542,703.07,2026-07-14,prepaid,delivered
OC001641,C000542,543.82,2026-08-14,prepaid,delivered
OC001642,C000542,388.16,2026-08-21,prepaid,delivered
OC001643,C000543,99.0,2026-07-21,COD,delivered
OC001644,C000543,294.68,2026-08-09,prepaid,delivered
OC001645,C000543,99.0,2026-08-27,prepaid,delivered
OC001646,C000544,99.0,2026-03-28,COD,delivered
OC001647,C000544,573.75,2026-04-02,COD,refused
OC001648,C000544,428.36,2026-04-13,prepaid,delivered
OC001649,C000544,669.47,2026-05-06,COD,delivered
OC001650,C000544,1139.26,2026-07-02,COD,refused
OC001651,C000545,860.87,2026-02-04,prepaid,delivered
OC001652,C000545,672.75,2026-02-13,prepaid,delivered
OC001653,C000545,774.56,2026-02-18,COD,delivered
OC001654,C000546,869.75,2025-11-17,prepaid,delivered
OC001655,C000546,443.92,2025-11-30,prepaid,delivered
OC001656,C000546,564.63,2025-12-06,prepaid,delivered
OC001657,C000550,1499.92,2026-03-30,prepaid,delivered
OC001658,C000550,548.08,2026-07-04,prepaid,delivered
OC001659,C000550,99.0,2026-08-08,prepaid,delivered
OC001660,C000550,393.18,2026-08-24,COD,refused
OC001661,C000552,1198.01,2026-06-22,prepaid,delivered
OC001662,C000552,503.85,2026-07-13,prepaid,delivered
OC001663,C000552,483.12,2026-08-04,prepaid,delivered
OC001664,C000552,1097.04,2026-08-10,COD,delivered
OC001665,C000553,966.25,2026-07-29,prepaid,delivered
OC001666,C000554,327.42,2026-07-05,prepaid,delivered
OC001667,C000554,564.67,2026-07-26,COD,delivered
OC001668,C000554,715.74,2026-08-15,prepaid,delivered
OC001669,C000555,966.99,2026-01-31,prepaid,delivered
OC001670,C000555,327.18,2026-02-02,prepaid,delivered
OC001671,C000555,372.25,2026-04-22,COD,delivered
OC001672,C000555,337.71,2026-05-27,prepaid,delivered
OC001673,C000555,99.0,2026-06-20,prepaid,delivered
OC001674,C000555,1023.29,2026-08-26,prepaid,delivered
OC001675,C000556,616.16,2025-10-22,prepaid,delivered
OC001676,C000556,769.92,2025-10-25,prepaid,delivered
OC001677,C000556,434.43,2025-11-21,prepaid,delivered
OC001678,C000556,871.01,2025-11-29,prepaid,delivered
OC001679,C000556,99.0,2025-12-17,prepaid,delivered
OC001680,C000556,595.91,2026-03-10,COD,delivered
OC001681,C000557,306.83,2025-10-20,prepaid,delivered
OC001682,C000557,625.52,2025-11-19,COD,delivered
OC001683,C000557,180.94,2025-12-13,COD,delivered
OC001684,C000558,257.74,2026-04-01,prepaid,delivered
OC001685,C000559,455.75,2026-03-12,COD,delivered
OC001686,C000560,725.29,2026-06-22,prepaid,delivered
OC001687,C000560,949.26,2026-06-25,prepaid,delivered
OC001688,C000561,598.77,2025-11-19,COD,delivered
OC001689,C000563,185.04,2026-04-20,COD,delivered
OC001690,C000563,1171.65,2026-04-28,prepaid,delivered
OC001691,C000563,796.24,2026-06-07,prepaid,delivered
OC001692,C000564,776.21,2026-06-16,prepaid,delivered
OC001693,C000565,639.38,2025-12-26,COD,delivered
OC001694,C000565,646.78,2026-02-27,COD,delivered
OC001695,C000566,723.17,2026-07-18,COD,delivered
OC001696,C000566,446.25,2026-07-22,prepaid,delivered
OC001697,C000566,396.58,2026-07-27,prepaid,delivered
OC001698,C000566,692.43,2026-08-17,COD,delivered
OC001699,C000567,556.42,2026-04-09,prepaid,delivered
OC001700,C000567,471.2,2026-05-03,COD,delivered
OC001701,C000567,470.66,2026-05-27,COD,delivered
OC001702,C000567,665.57,2026-06-12,COD,delivered
OC001703,C000568,285.42,2026-03-08,COD,delivered
OC001704,C000568,839.77,2026-04-01,COD,delivered
OC001705,C000568,1563.73,2026-04-14,prepaid,delivered
OC001706,C000568,179.07,2026-04-24,prepaid,delivered
OC001707,C000568,655.98,2026-05-04,COD,delivered
OC001708,C000568,1210.96,2026-05-09,prepaid,delivered
OC001709,C000569,736.15,2026-08-26,prepaid,delivered
OC001710,C000570,955.88,2025-11-11,prepaid,delivered
OC001711,C000570,918.23,2025-11-20,COD,delivered
OC001712,C000570,169.72,2026-01-19,prepaid,delivered
OC001713,C000571,1481.34,2025-12-31,prepaid,delivered
OC001714,C000571,294.45,2026-01-13,prepaid,delivered
OC001715,C000571,1591.15,2026-01-26,prepaid,delivered
OC001716,C000571,150.5,2026-01-30,prepaid,delivered
OC001717,C000572,1624.79,2025-11-10,COD,refused
OC001718,C000572,794.62,2026-01-11,prepaid,delivered
OC001719,C000572,247.15,2026-01-28,prepaid,delivered
OC001720,C000572,476.62,2026-02-04,COD,delivered
OC001721,C000572,384.31,2026-03-25,COD,delivered
OC001722,C000572,829.65,2026-04-04,prepaid,delivered
OC001723,C000573,755.9,2026-06-27,prepaid,delivered
OC001724,C000573,786.23,2026-07-08,COD,delivered
OC001725,C000574,99.0,2026-03-01,COD,delivered
OC001726,C000574,590.98,2026-03-06,COD,delivered
OC001727,C000574,99.0,2026-07-17,COD,delivered
OC001728,C000575,1221.61,2026-07-25,prepaid,delivered
OC001729,C000577,1117.02,2026-02-24,prepaid,delivered
OC001730,C000577,1239.19,2026-03-10,prepaid,delivered
OC001731,C000577,658.65,2026-03-24,prepaid,delivered
OC001732,C000577,977.68,2026-04-24,prepaid,delivered
OC001733,C000577,556.88,2026-05-04,COD,delivered
OC001734,C000578,365.4,2026-01-28,prepaid,delivered
OC001735,C000578,1337.14,2026-02-25,prepaid,delivered
OC001736,C000578,372.71,2026-03-27,prepaid,delivered
OC001737,C000578,739.2,2026-04-17,prepaid,delivered
OC001738,C000579,1085.59,2026-05-06,prepaid,delivered
OC001739,C000579,844.51,2026-05-14,COD,delivered
OC001740,C000579,1214.56,2026-05-19,COD,delivered
OC001741,C000580,418.25,2026-08-04,prepaid,delivered
OC001742,C000580,99.0,2026-08-08,prepaid,delivered
OC001743,C000581,1178.15,2026-06-23,prepaid,delivered
OC001744,C000581,654.22,2026-07-18,prepaid,delivered
OC001745,C000581,422.59,2026-07-21,COD,delivered
OC001746,C000581,660.3,2026-08-11,prepaid,delivered
OC001747,C000582,175.68,2025-12-02,COD,delivered
OC001748,C000583,353.99,2026-07-25,prepaid,delivered
OC001749,C000584,700.73,2025-11-04,COD,delivered
OC001750,C000584,715.25,2025-11-09,prepaid,delivered
OC001751,C000584,1618.29,2025-11-13,prepaid,delivered
OC001752,C000584,353.83,2025-11-20,prepaid,delivered
OC001753,C000585,578.81,2026-04-29,prepaid,delivered
OC001754,C000585,712.98,2026-06-24,prepaid,delivered
OC001755,C000586,522.98,2026-03-27,prepaid,delivered
OC001756,C000586,787.23,2026-04-07,COD,refused
OC001757,C000586,1016.41,2026-04-18,COD,delivered
OC001758,C000586,1390.23,2026-05-09,COD,refused
OC001759,C000587,383.43,2026-02-13,prepaid,delivered
OC001760,C000587,613.43,2026-02-19,COD,delivered
OC001761,C000588,820.31,2026-07-23,prepaid,delivered
OC001762,C000588,943.44,2026-07-29,prepaid,delivered
OC001763,C000589,746.54,2026-05-20,prepaid,delivered
OC001764,C000589,899.04,2026-05-24,COD,delivered
OC001765,C000589,694.9,2026-06-17,prepaid,delivered
OC001766,C000589,886.09,2026-08-09,COD,delivered
OC001767,C000590,461.9,2026-03-29,prepaid,delivered
OC001768,C000590,424.69,2026-04-08,COD,delivered
OC001769,C000590,1657.45,2026-05-01,COD,delivered
OC001770,C000590,177.57,2026-05-27,prepaid,delivered
OC001771,C000591,517.0,2026-03-17,COD,refused
OC001772,C000591,195.37,2026-04-03,prepaid,delivered
OC001773,C000591,459.15,2026-04-18,COD,delivered
OC001774,C000591,387.73,2026-06-03,COD,delivered
OC001775,C000592,99.0,2025-12-31,prepaid,delivered
OC001776,C000592,1789.58,2026-01-29,prepaid,delivered
OC001777,C000592,277.72,2026-02-07,COD,delivered
OC001778,C000593,577.43,2025-12-15,COD,delivered
OC001779,C000593,302.85,2025-12-20,prepaid,delivered
OC001780,C000595,221.8,2026-04-29,COD,refused
OC001781,C000595,391.39,2026-06-05,prepaid,delivered
OC001782,C000595,211.69,2026-06-12,prepaid,delivered
OC001783,C000595,226.25,2026-06-16,COD,delivered
OC001784,C000595,1052.59,2026-07-20,prepaid,delivered
OC001785,C000596,662.94,2025-10-31,prepaid,delivered
OC001786,C000596,757.92,2025-11-04,prepaid,delivered
OC001787,C000596,445.19,2025-11-24,COD,delivered
OC001788,C000596,952.91,2025-12-03,prepaid,delivered
OC001789,C000597,223.34,2026-04-27,prepaid,delivered
OC001790,C000597,873.89,2026-07-13,prepaid,delivered
OC001791,C000599,1110.38,2026-06-20,COD,delivered
OC001792,C000599,550.16,2026-07-01,prepaid,delivered
OC001793,C000599,1239.14,2026-07-25,prepaid,delivered
OC001794,C000600,879.47,2026-03-15,COD,refused
OC001795,C000600,847.46,2026-03-24,COD,delivered
OC001796,C000600,717.73,2026-03-27,prepaid,delivered
OC001797,C000600,994.88,2026-04-05,COD,delivered
OC001798,C000600,1354.19,2026-04-16,prepaid,delivered
OC001799,C000602,912.66,2026-04-06,prepaid,delivered
OC001800,C000602,1098.58,2026-05-29,COD,delivered
OC001801,C000602,744.63,2026-06-03,prepaid,delivered
OC001802,C000603,812.15,2025-12-10,prepaid,delivered
OC001803,C000603,198.08,2025-12-15,prepaid,delivered
OC001804,C000604,787.14,2026-01-12,prepaid,delivered
OC001805,C000604,1058.06,2026-03-25,COD,delivered
OC001806,C000604,700.74,2026-04-18,prepaid,delivered
OC001807,C000604,1015.82,2026-05-17,prepaid,delivered
OC001808,C000606,520.96,2026-08-26,COD,delivered
OC001809,C000608,1176.15,2026-04-04,COD,delivered
OC001810,C000608,1327.11,2026-05-06,prepaid,delivered
OC001811,C000610,1147.03,2026-04-10,prepaid,delivered
OC001812,C000610,631.95,2026-05-06,prepaid,delivered
OC001813,C000610,811.09,2026-06-04,COD,delivered
OC001814,C000610,1011.6,2026-06-07,prepaid,delivered
OC001815,C000610,383.71,2026-06-19,prepaid,delivered
OC001816,C000611,1126.15,2026-03-06,prepaid,delivered
OC001817,C000611,99.0,2026-04-07,prepaid,delivered
OC001818,C000611,459.85,2026-04-28,prepaid,delivered
OC001819,C000613,893.08,2026-07-16,prepaid,delivered
OC001820,C000614,372.88,2026-08-06,prepaid,delivered
OC001821,C000615,874.79,2025-09-05,prepaid,delivered
OC001822,C000615,1292.31,2025-10-21,prepaid,delivered
OC001823,C000615,133.52,2025-11-03,prepaid,delivered
OC001824,C000616,746.2,2026-02-28,COD,delivered
OC001825,C000616,333.59,2026-03-29,prepaid,delivered
OC001826,C000616,525.46,2026-04-26,prepaid,delivered
OC001827,C000616,1619.79,2026-08-06,prepaid,delivered
OC001828,C000617,994.36,2025-12-01,COD,delivered
OC001829,C000617,99.0,2025-12-23,prepaid,delivered
OC001830,C000618,1495.09,2025-11-07,COD,delivered
OC001831,C000618,99.0,2025-11-17,prepaid,delivered
OC001832,C000619,99.0,2026-03-31,prepaid,delivered
OC001833,C000619,654.88,2026-05-24,prepaid,delivered
OC001834,C000619,1275.1,2026-08-26,COD,delivered
OC001835,C000620,893.36,2025-11-28,prepaid,delivered
OC001836,C000620,517.15,2025-12-02,prepaid,delivered
OC001837,C000620,689.86,2026-03-13,prepaid,delivered
OC001838,C000620,985.36,2026-03-16,COD,delivered
OC001839,C000621,320.75,2026-02-11,prepaid,delivered
OC001840,C000621,746.55,2026-03-04,COD,delivered
OC001841,C000621,711.84,2026-03-17,prepaid,delivered
OC001842,C000621,573.92,2026-04-26,COD,delivered
OC001843,C000621,570.76,2026-06-14,prepaid,delivered
OC001844,C000621,279.8,2026-07-13,COD,delivered
OC001845,C000622,99.0,2026-03-21,COD,delivered
OC001846,C000622,180.58,2026-04-03,COD,delivered
OC001847,C000622,274.36,2026-04-13,COD,delivered
OC001848,C000623,478.61,2026-06-21,prepaid,delivered
OC001849,C000623,880.13,2026-07-06,prepaid,delivered
OC001850,C000624,544.57,2025-12-26,COD,delivered
OC001851,C000624,1745.16,2026-01-09,prepaid,delivered
OC001852,C000624,1567.27,2026-02-15,prepaid,delivered
OC001853,C000624,428.72,2026-04-12,prepaid,delivered
OC001854,C000625,608.34,2026-01-16,prepaid,delivered
OC001855,C000625,417.65,2026-02-15,prepaid,delivered
OC001856,C000625,176.25,2026-02-18,COD,delivered
OC001857,C000625,194.71,2026-03-05,prepaid,delivered
OC001858,C000625,99.0,2026-04-05,COD,delivered
OC001859,C000625,889.81,2026-04-30,prepaid,delivered
OC001860,C000625,650.35,2026-05-29,prepaid,delivered
OC001861,C000626,130.61,2026-01-31,COD,delivered
OC001862,C000626,616.2,2026-02-17,prepaid,delivered
OC001863,C000626,879.65,2026-04-15,prepaid,delivered
OC001864,C000627,506.38,2026-04-01,prepaid,delivered
OC001865,C000627,765.87,2026-04-17,COD,delivered
OC001866,C000627,808.76,2026-05-08,COD,refused
OC001867,C000627,506.03,2026-06-19,prepaid,delivered
OC001868,C000629,1864.55,2026-07-07,prepaid,delivered
OC001869,C000630,1347.62,2026-08-05,COD,delivered
OC001870,C000631,1643.48,2026-05-08,COD,delivered
OC001871,C000632,99.0,2026-05-30,COD,delivered
OC001872,C000632,408.18,2026-06-08,prepaid,delivered
OC001873,C000632,302.5,2026-06-28,prepaid,delivered
OC001874,C000632,1024.88,2026-07-02,COD,delivered
OC001875,C000632,99.0,2026-07-10,COD,delivered
OC001876,C000633,501.67,2026-05-27,COD,delivered
OC001877,C000634,1008.95,2026-02-20,COD,delivered
OC001878,C000634,576.33,2026-05-02,prepaid,delivered
OC001879,C000635,633.94,2026-04-25,prepaid,delivered
OC001880,C000635,1377.13,2026-05-23,COD,delivered
OC001881,C000635,1099.97,2026-07-03,prepaid,delivered
OC001882,C000636,573.68,2025-09-21,COD,delivered
OC001883,C000636,558.29,2025-09-26,prepaid,delivered
OC001884,C000636,975.41,2025-11-30,prepaid,delivered
OC001885,C000636,430.77,2025-12-05,prepaid,delivered
OC001886,C000639,696.21,2025-11-27,prepaid,delivered
OC001887,C000639,1099.22,2025-12-13,COD,delivered
OC001888,C000639,633.84,2026-01-17,COD,delivered
OC001889,C000640,628.24,2026-04-12,prepaid,delivered
OC001890,C000640,1391.99,2026-04-16,prepaid,delivered
OC001891,C000640,885.08,2026-04-24,prepaid,delivered
OC001892,C000640,657.85,2026-05-21,COD,refused
OC001893,C000640,547.83,2026-08-19,prepaid,delivered
OC001894,C000641,501.03,2026-07-16,COD,delivered
OC001895,C000642,688.75,2025-09-17,prepaid,delivered
OC001896,C000642,917.74,2025-09-25,prepaid,delivered
OC001897,C000643,284.41,2026-03-19,COD,delivered
OC001898,C000643,1274.03,2026-04-20,prepaid,delivered
OC001899,C000643,302.16,2026-04-25,COD,delivered
OC001900,C000644,525.29,2025-11-08,prepaid,delivered
OC001901,C000644,174.21,2025-11-27,COD,refused
OC001902,C000644,978.33,2025-12-07,prepaid,delivered
OC001903,C000644,1039.87,2025-12-26,prepaid,delivered
OC001904,C000644,666.45,2026-01-23,prepaid,delivered
OC001905,C000644,1010.0,2026-01-28,prepaid,delivered
OC001906,C000646,803.63,2026-03-14,prepaid,delivered
OC001907,C000646,385.71,2026-03-16,prepaid,delivered
OC001908,C000646,1600.68,2026-05-07,prepaid,delivered
OC001909,C000647,871.78,2026-05-23,prepaid,delivered
OC001910,C000647,544.19,2026-06-06,prepaid,delivered
OC001911,C000648,834.41,2026-08-01,prepaid,delivered
OC001912,C000649,99.0,2025-11-15,COD,delivered
OC001913,C000649,1445.84,2025-12-21,prepaid,delivered
OC001914,C000649,801.57,2026-01-12,prepaid,delivered
OC001915,C000649,793.9,2026-03-28,prepaid,delivered
OC001916,C000650,520.84,2025-10-02,prepaid,delivered
OC001917,C000650,1092.28,2025-10-27,prepaid,delivered
OC001918,C000650,1133.5,2025-11-04,prepaid,delivered
OC001919,C000650,1502.12,2025-11-23,prepaid,delivered
OC001920,C000651,321.39,2025-11-29,prepaid,delivered
OC001921,C000652,374.41,2026-06-06,COD,delivered
OC001922,C000652,513.63,2026-07-10,prepaid,delivered
OC001923,C000653,1434.5,2026-06-30,prepaid,delivered
OC001924,C000653,329.59,2026-07-11,prepaid,delivered
OC001925,C000653,971.62,2026-07-16,prepaid,delivered
OC001926,C000655,1265.49,2026-07-30,prepaid,delivered
OC001927,C000655,217.67,2026-08-24,COD,delivered
OC001928,C000657,521.29,2026-05-30,prepaid,delivered
OC001929,C000657,619.68,2026-07-20,COD,delivered
OC001930,C000658,594.63,2026-04-19,prepaid,delivered
OC001931,C000658,99.0,2026-05-18,prepaid,delivered
OC001932,C000658,99.0,2026-06-03,prepaid,delivered
OC001933,C000658,1312.37,2026-06-16,COD,delivered
OC001934,C000658,1330.17,2026-07-04,prepaid,delivered
OC001935,C000659,353.23,2026-07-27,COD,delivered
OC001936,C000659,1077.73,2026-07-31,prepaid,delivered
OC001937,C000660,403.21,2026-03-05,prepaid,delivered
OC001938,C000660,889.99,2026-03-13,prepaid,delivered
OC001939,C000660,1093.47,2026-03-19,prepaid,delivered
OC001940,C000660,1020.07,2026-03-22,prepaid,delivered
OC001941,C000660,1060.67,2026-05-13,prepaid,delivered
OC001942,C000660,793.99,2026-06-02,prepaid,delivered
OC001943,C000661,473.42,2025-11-04,prepaid,delivered
OC001944,C000661,1263.57,2025-11-16,prepaid,delivered
OC001945,C000661,1056.43,2025-11-28,COD,refused
OC001946,C000662,420.4,2026-02-16,prepaid,delivered
OC001947,C000662,1249.97,2026-04-01,prepaid,delivered
OC001948,C000662,788.24,2026-04-08,COD,delivered
OC001949,C000662,463.42,2026-04-20,prepaid,delivered
OC001950,C000662,99.0,2026-04-25,COD,delivered
OC001951,C000663,836.92,2025-09-29,prepaid,delivered
OC001952,C000663,1040.22,2025-10-01,COD,delivered
OC001953,C000663,1008.23,2025-10-08,prepaid,delivered
OC001954,C000664,732.03,2026-05-15,prepaid,delivered
OC001955,C000665,1214.59,2026-05-08,COD,delivered
OC001956,C000665,674.81,2026-06-09,prepaid,delivered
OC001957,C000666,1045.66,2026-01-12,prepaid,delivered
OC001958,C000666,853.55,2026-01-15,COD,delivered
OC001959,C000666,702.77,2026-02-08,prepaid,delivered
OC001960,C000666,849.45,2026-02-26,prepaid,delivered
OC001961,C000667,502.51,2026-04-18,prepaid,delivered
OC001962,C000670,949.87,2026-05-30,prepaid,delivered
OC001963,C000670,984.54,2026-06-21,COD,delivered
OC001964,C000671,1590.35,2026-01-10,prepaid,delivered
OC001965,C000671,923.5,2026-01-26,COD,delivered
OC001966,C000671,539.66,2026-02-09,prepaid,delivered
OC001967,C000671,797.26,2026-03-23,prepaid,delivered
OC001968,C000671,1181.8,2026-04-01,prepaid,delivered
OC001969,C000672,827.63,2026-04-07,COD,delivered
OC001970,C000672,770.74,2026-04-20,prepaid,delivered
OC001971,C000673,786.67,2025-12-07,prepaid,delivered
OC001972,C000673,99.0,2026-01-02,prepaid,delivered
OC001973,C000673,785.61,2026-02-04,prepaid,delivered
OC001974,C000674,659.5,2026-02-12,prepaid,delivered
OC001975,C000674,745.85,2026-02-25,prepaid,delivered
OC001976,C000674,801.06,2026-03-24,COD,delivered
OC001977,C000674,770.9,2026-03-30,COD,delivered
OC001978,C000674,1848.3,2026-04-03,prepaid,delivered
OC001979,C000675,1271.42,2025-11-14,prepaid,delivered
OC001980,C000675,811.08,2025-12-09,COD,refused
OC001981,C000676,225.23,2026-01-31,prepaid,delivered
OC001982,C000676,745.54,2026-03-14,prepaid,delivered
OC001983,C000676,1139.64,2026-03-26,prepaid,delivered
OC001984,C000676,759.93,2026-04-03,prepaid,delivered
OC001985,C000676,321.73,2026-04-11,COD,delivered
OC001986,C000676,1048.18,2026-04-21,COD,refused
OC001987,C000676,1700.48,2026-04-27,COD,delivered
OC001988,C000677,925.29,2025-11-17,prepaid,delivered
OC001989,C000677,875.28,2025-12-03,prepaid,delivered
OC001990,C000677,419.69,2025-12-27,COD,delivered
OC001991,C000677,1459.76,2026-01-07,COD,refused
OC001992,C000677,591.69,2026-02-03,COD,delivered
OC001993,C000678,683.62,2026-08-26,COD,delivered
OC001994,C000679,417.55,2025-12-05,prepaid,delivered
OC001995,C000679,99.0,2025-12-12,prepaid,delivered
OC001996,C000679,514.73,2025-12-17,COD,delivered
OC001997,C000679,903.02,2026-01-07,prepaid,delivered
OC001998,C000680,466.74,2025-09-10,COD,delivered
OC001999,C000683,482.8,2026-05-29,prepaid,delivered
OC002000,C000683,99.0,2026-06-17,prepaid,delivered
OC002001,C000683,1149.25,2026-06-23,COD,delivered
OC002002,C000684,1242.01,2026-08-07,COD,delivered
OC002003,C000686,789.52,2026-05-29,prepaid,delivered
OC002004,C000686,1526.93,2026-06-15,COD,refused
OC002005,C000687,824.1,2026-02-09,prepaid,delivered
OC002006,C000687,489.68,2026-02-26,prepaid,delivered
OC002007,C000687,1142.48,2026-03-25,COD,delivered
OC002008,C000688,539.7,2025-12-09,prepaid,delivered
OC002009,C000688,815.65,2026-01-02,prepaid,delivered
OC002010,C000689,681.21,2026-04-08,prepaid,delivered
OC002011,C000689,99.0,2026-04-24,prepaid,delivered
OC002012,C000689,883.17,2026-04-29,COD,delivered
OC002013,C000690,671.3,2025-12-25,prepaid,delivered
OC002014,C000690,1258.92,2026-01-09,prepaid,delivered
OC002015,C000690,1116.95,2026-02-09,COD,delivered
OC002016,C000690,282.3,2026-07-04,prepaid,delivered
OC002017,C000691,572.29,2026-08-17,prepaid,delivered
OC002018,C000692,438.92,2026-04-18,prepaid,delivered
OC002019,C000692,502.19,2026-04-23,COD,delivered
OC002020,C000693,406.5,2025-11-19,COD,delivered
OC002021,C000694,762.78,2025-10-27,prepaid,delivered
OC002022,C000694,1286.43,2025-10-31,prepaid,delivered
OC002023,C000694,670.2,2025-11-28,prepaid,delivered
OC002024,C000695,865.72,2026-07-17,prepaid,delivered
OC002025,C000695,1729.94,2026-07-28,COD,delivered
OC002026,C000695,982.57,2026-08-11,prepaid,delivered
OC002027,C000696,782.03,2025-09-13,COD,refused
OC002028,C000697,1377.76,2026-05-02,prepaid,delivered
OC002029,C000698,550.96,2026-06-12,prepaid,delivered
OC002030,C000698,539.39,2026-06-23,prepaid,delivered
OC002031,C000698,392.57,2026-07-15,prepaid,delivered
OC002032,C000698,914.72,2026-08-01,prepaid,delivered
OC002033,C000699,1062.68,2025-10-01,prepaid,delivered
OC002034,C000700,1088.14,2026-02-28,prepaid,delivered
OC002035,C000701,720.49,2026-04-13,prepaid,delivered
OC002036,C000702,894.93,2026-04-19,COD,delivered
OC002037,C000702,936.33,2026-05-14,COD,delivered
OC002038,C000702,133.38,2026-06-16,COD,delivered
OC002039,C000703,1086.29,2026-05-10,prepaid,delivered
OC002040,C000704,927.88,2025-12-14,COD,delivered
OC002041,C000704,365.33,2026-01-16,prepaid,delivered
OC002042,C000705,344.11,2025-12-09,COD,delivered
OC002043,C000705,651.85,2025-12-23,prepaid,delivered
OC002044,C000705,387.79,2026-01-09,COD,delivered
OC002045,C000706,968.6,2025-12-13,prepaid,delivered
OC002046,C000706,323.83,2025-12-17,COD,delivered
OC002047,C000706,590.08,2026-02-16,prepaid,delivered
OC002048,C000707,540.54,2025-12-03,prepaid,delivered
OC002049,C000707,870.62,2025-12-12,prepaid,delivered
OC002050,C000708,1282.33,2026-04-07,prepaid,delivered
OC002051,C000708,692.33,2026-04-21,prepaid,delivered
OC002052,C000709,1024.77,2026-03-12,COD,delivered
OC002053,C000709,193.86,2026-03-31,prepaid,delivered
OC002054,C000709,542.72,2026-04-25,prepaid,delivered
OC002055,C000710,99.0,2025-12-21,prepaid,delivered
OC002056,C000710,99.0,2026-01-26,prepaid,delivered
OC002057,C000710,812.4,2026-02-15,prepaid,delivered
OC002058,C000710,776.75,2026-05-03,COD,delivered
OC002059,C000711,304.51,2026-02-03,prepaid,delivered
OC002060,C000711,835.11,2026-02-07,prepaid,delivered
OC002061,C000711,1153.9,2026-02-15,COD,delivered
OC002062,C000711,853.16,2026-03-13,COD,delivered
OC002063,C000711,798.46,2026-05-09,prepaid,delivered
OC002064,C000711,963.49,2026-05-30,COD,delivered
OC002065,C000712,998.45,2026-07-02,prepaid,delivered
OC002066,C000712,224.18,2026-08-04,prepaid,delivered
OC002067,C000713,376.32,2026-03-21,prepaid,delivered
OC002068,C000713,751.83,2026-04-14,prepaid,delivered
OC002069,C000713,103.02,2026-05-15,prepaid,delivered
OC002070,C000713,856.74,2026-05-17,prepaid,delivered
OC002071,C000713,99.0,2026-07-06,prepaid,delivered
OC002072,C000713,886.35,2026-07-27,prepaid,delivered
OC002073,C000714,514.14,2026-07-22,COD,delivered
OC002074,C000714,99.0,2026-08-01,prepaid,delivered
OC002075,C000714,151.38,2026-08-13,COD,delivered
OC002076,C000715,657.1,2026-08-17,prepaid,delivered
OC002077,C000718,607.1,2026-06-14,prepaid,delivered
OC002078,C000719,1272.85,2025-12-20,prepaid,delivered
OC002079,C000719,254.77,2026-02-20,prepaid,delivered
OC002080,C000720,606.02,2025-12-03,COD,delivered
OC002081,C000720,718.75,2025-12-21,prepaid,delivered
OC002082,C000721,99.0,2026-07-10,prepaid,delivered
OC002083,C000721,1005.53,2026-07-15,prepaid,delivered
OC002084,C000722,1568.32,2025-09-24,prepaid,delivered
OC002085,C000722,99.0,2025-12-18,prepaid,delivered
OC002086,C000723,569.86,2026-03-05,prepaid,delivered
OC002087,C000723,553.68,2026-03-19,COD,delivered
OC002088,C000723,915.81,2026-04-12,prepaid,delivered
OC002089,C000723,149.95,2026-04-25,COD,delivered
OC002090,C000723,579.42,2026-07-09,COD,delivered
OC002091,C000724,622.48,2026-05-29,prepaid,delivered
OC002092,C000724,99.0,2026-06-28,prepaid,delivered
OC002093,C000724,622.77,2026-07-10,prepaid,delivered
OC002094,C000725,1544.28,2026-02-26,prepaid,delivered
OC002095,C000725,480.31,2026-03-02,prepaid,delivered
OC002096,C000725,796.91,2026-03-24,COD,delivered
OC002097,C000725,650.72,2026-03-31,prepaid,delivered
OC002098,C000725,629.84,2026-04-18,COD,delivered
OC002099,C000725,624.11,2026-05-13,COD,delivered
OC002100,C000726,293.94,2026-06-09,prepaid,delivered
OC002101,C000726,99.0,2026-06-23,prepaid,delivered
OC002102,C000726,558.76,2026-07-07,prepaid,delivered
OC002103,C000727,747.28,2026-06-21,prepaid,delivered
OC002104,C000727,141.48,2026-06-23,prepaid,delivered
OC002105,C000727,456.31,2026-06-25,COD,delivered
OC002106,C000728,918.05,2026-06-16,prepaid,delivered
OC002107,C000728,438.46,2026-06-21,prepaid,delivered
OC002108,C000728,928.19,2026-07-02,COD,refused
OC002109,C000728,642.29,2026-07-04,prepaid,delivered
OC002110,C000728,471.93,2026-07-08,prepaid,delivered
OC002111,C000729,805.74,2026-05-20,COD,delivered
OC002112,C000729,104.05,2026-05-29,prepaid,delivered
OC002113,C000729,1038.03,2026-06-14,prepaid,delivered
OC002114,C000729,99.0,2026-07-06,prepaid,delivered
OC002115,C000730,790.19,2026-02-12,COD,delivered
OC002116,C000730,461.77,2026-04-01,prepaid,delivered
OC002117,C000730,786.6,2026-05-10,prepaid,delivered
OC002118,C000731,99.0,2026-02-05,prepaid,delivered
OC002119,C000731,725.01,2026-02-24,COD,refused
OC002120,C000733,751.38,2026-03-22,prepaid,delivered
OC002121,C000733,213.78,2026-04-07,prepaid,delivered
OC002122,C000733,1197.61,2026-05-12,prepaid,delivered
OC002123,C000733,1138.49,2026-07-09,prepaid,delivered
OC002124,C000734,209.51,2026-05-12,prepaid,delivered
OC002125,C000734,1039.43,2026-05-19,COD,delivered
OC002126,C000735,663.23,2026-02-03,prepaid,delivered
OC002127,C000735,450.75,2026-02-11,prepaid,delivered
OC002128,C000735,681.57,2026-03-12,COD,delivered
OC002129,C000735,1154.32,2026-05-18,prepaid,delivered
OC002130,C000735,825.93,2026-05-20,COD,delivered
OC002131,C000735,568.99,2026-06-21,COD,delivered
OC002132,C000735,1288.88,2026-07-26,prepaid,delivered
OC002133,C000735,99.0,2026-08-19,prepaid,delivered
OC002134,C000736,984.2,2025-11-22,prepaid,delivered
OC002135,C000736,99.0,2025-12-03,COD,delivered
OC002136,C000736,1194.5,2025-12-13,prepaid,delivered
OC002137,C000736,1174.85,2026-02-08,prepaid,delivered
OC002138,C000737,486.16,2026-02-07,COD,delivered
OC002139,C000737,799.36,2026-02-16,COD,delivered
OC002140,C000737,769.25,2026-03-02,prepaid,delivered
OC002141,C000738,611.91,2026-03-13,COD,delivered
OC002142,C000738,683.61,2026-03-20,prepaid,delivered
OC002143,C000738,633.18,2026-04-03,prepaid,delivered
OC002144,C000738,503.46,2026-04-07,prepaid,delivered
OC002145,C000738,610.53,2026-06-04,prepaid,delivered
OC002146,C000739,1344.93,2025-09-15,COD,delivered
OC002147,C000740,339.66,2026-06-02,prepaid,delivered
OC002148,C000740,591.47,2026-06-13,prepaid,delivered
OC002149,C000740,808.05,2026-07-21,COD,delivered
OC002150,C000740,1177.45,2026-08-19,prepaid,delivered
OC002151,C000741,727.64,2026-01-20,prepaid,delivered
OC002152,C000741,913.17,2026-01-31,prepaid,delivered
OC002153,C000741,913.1,2026-02-21,prepaid,delivered
OC002154,C000743,277.81,2026-01-25,prepaid,delivered
OC002155,C000743,618.55,2026-02-12,prepaid,delivered
OC002156,C000744,666.86,2025-11-26,prepaid,delivered
OC002157,C000744,1035.21,2025-12-04,prepaid,delivered
OC002158,C000744,1258.82,2026-01-12,COD,delivered
OC002159,C000745,439.81,2026-05-09,prepaid,delivered
OC002160,C000745,905.81,2026-05-24,prepaid,delivered
OC002161,C000745,592.99,2026-05-29,prepaid,delivered
OC002162,C000745,573.87,2026-08-20,prepaid,delivered
OC002163,C000747,634.58,2025-10-06,prepaid,delivered
OC002164,C000747,640.05,2025-12-27,COD,delivered
OC002165,C000748,1197.53,2025-11-30,prepaid,delivered
OC002166,C000748,1561.03,2025-12-29,prepaid,delivered
OC002167,C000748,330.9,2026-01-19,COD,delivered
OC002168,C000749,652.21,2026-02-09,prepaid,delivered
OC002169,C000750,1477.77,2026-02-08,prepaid,delivered
OC002170,C000750,712.15,2026-03-17,prepaid,delivered
OC002171,C000751,427.31,2026-03-22,prepaid,delivered
OC002172,C000752,311.78,2025-10-27,prepaid,delivered
OC002173,C000752,1088.71,2025-11-04,COD,delivered
OC002174,C000753,727.58,2026-08-07,prepaid,delivered
OC002175,C000753,561.2,2026-08-15,prepaid,delivered
OC002176,C000754,99.0,2026-06-04,prepaid,delivered
OC002177,C000754,117.5,2026-07-31,prepaid,delivered
OC002178,C000755,676.56,2025-10-16,prepaid,delivered
OC002179,C000755,172.84,2025-11-16,prepaid,delivered
OC002180,C000756,501.58,2026-04-30,COD,delivered
OC002181,C000757,809.58,2026-02-15,prepaid,delivered
OC002182,C000757,582.35,2026-02-20,prepaid,delivered
OC002183,C000757,961.69,2026-02-23,prepaid,delivered
OC002184,C000757,1080.49,2026-03-01,COD,delivered
OC002185,C000758,99.0,2026-08-06,COD,refused
OC002186,C000759,488.7,2026-08-22,prepaid,delivered
OC002187,C000760,423.32,2026-03-20,COD,delivered
OC002188,C000761,224.24,2026-01-13,COD,delivered
OC002189,C000761,455.51,2026-04-27,prepaid,delivered
OC002190,C000761,794.78,2026-06-03,COD,delivered
OC002191,C000761,953.42,2026-06-22,prepaid,delivered
OC002192,C000762,792.5,2025-09-24,COD,delivered
OC002193,C000762,99.86,2025-10-07,COD,delivered
OC002194,C000762,958.69,2025-11-04,COD,delivered
OC002195,C000763,131.71,2025-12-15,prepaid,delivered
OC002196,C000763,891.73,2026-01-05,prepaid,delivered
OC002197,C000765,1056.3,2025-10-09,COD,delivered
OC002198,C000765,695.41,2025-11-25,prepaid,delivered
OC002199,C000765,452.17,2025-12-05,prepaid,delivered
OC002200,C000765,99.0,2025-12-09,prepaid,delivered
OC002201,C000766,613.74,2025-12-25,prepaid,delivered
OC002202,C000767,99.0,2026-07-13,COD,delivered
OC002203,C000767,731.89,2026-08-14,prepaid,delivered
OC002204,C000768,886.25,2026-03-05,prepaid,delivered
OC002205,C000769,864.96,2026-02-03,COD,delivered
OC002206,C000769,431.19,2026-02-25,prepaid,delivered
OC002207,C000769,617.42,2026-04-11,prepaid,delivered
OC002208,C000769,786.05,2026-05-20,prepaid,delivered
OC002209,C000769,807.72,2026-05-24,COD,delivered
OC002210,C000770,987.24,2025-11-04,prepaid,delivered
OC002211,C000770,1040.36,2026-01-07,prepaid,delivered
OC002212,C000771,670.28,2025-11-25,prepaid,delivered
OC002213,C000771,780.44,2025-12-17,prepaid,delivered
OC002214,C000772,674.53,2026-04-22,COD,refused
OC002215,C000773,1045.12,2026-02-27,prepaid,delivered
OC002216,C000773,99.0,2026-03-13,COD,delivered
OC002217,C000773,791.36,2026-03-30,COD,delivered
OC002218,C000774,347.91,2026-07-25,prepaid,delivered
OC002219,C000775,147.71,2026-08-19,prepaid,delivered
OC002220,C000775,800.21,2026-08-25,prepaid,delivered
OC002221,C000776,1050.39,2026-04-01,prepaid,delivered
OC002222,C000776,572.98,2026-04-21,prepaid,delivered
OC002223,C000776,1255.33,2026-04-24,prepaid,delivered
OC002224,C000777,1385.98,2025-12-21,prepaid,delivered
OC002225,C000777,842.97,2026-01-22,prepaid,delivered
OC002226,C000778,1108.73,2026-01-26,prepaid,delivered
OC002227,C000778,749.74,2026-03-08,prepaid,delivered
OC002228,C000778,99.0,2026-03-17,prepaid,delivered
OC002229,C000778,100.11,2026-04-26,prepaid,delivered
OC002230,C000779,1279.01,2026-08-01,prepaid,delivered
OC002231,C000779,1027.17,2026-08-07,COD,refused
OC002232,C000780,477.0,2026-03-31,prepaid,delivered
OC002233,C000780,492.94,2026-05-01,COD,delivered
OC002234,C000780,281.99,2026-05-04,prepaid,delivered
OC002235,C000781,1335.35,2026-06-22,prepaid,delivered
OC002236,C000781,848.11,2026-06-30,COD,delivered
OC002237,C000781,1513.16,2026-08-13,COD,delivered
OC002238,C000781,362.07,2026-08-20,prepaid,delivered
OC002239,C000782,99.0,2025-10-25,COD,delivered
OC002240,C000782,1480.11,2025-11-17,prepaid,delivered
OC002241,C000782,885.86,2026-01-09,prepaid,delivered
OC002242,C000783,481.6,2026-04-25,COD,delivered
OC002243,C000783,820.78,2026-06-18,prepaid,delivered
OC002244,C000784,159.68,2026-02-10,prepaid,delivered
OC002245,C000784,482.83,2026-02-14,COD,delivered
OC002246,C000784,1431.05,2026-04-29,prepaid,delivered
OC002247,C000784,960.84,2026-06-13,prepaid,delivered
OC002248,C000785,673.25,2026-08-04,prepaid,delivered
OC002249,C000785,575.26,2026-08-17,COD,delivered
OC002250,C000786,985.74,2026-04-20,COD,delivered
OC002251,C000787,603.38,2026-06-17,prepaid,delivered
OC002252,C000787,922.5,2026-07-14,prepaid,delivered
OC002253,C000788,1107.51,2026-01-02,prepaid,delivered
OC002254,C000788,99.0,2026-02-24,COD,delivered
OC002255,C000789,1051.15,2026-07-23,COD,delivered
OC002256,C000790,466.42,2026-01-26,COD,delivered
OC002257,C000790,531.53,2026-01-30,prepaid,delivered
OC002258,C000790,296.27,2026-02-03,COD,delivered
OC002259,C000790,861.0,2026-06-23,prepaid,delivered
OC002260,C000790,1080.34,2026-07-05,prepaid,delivered
OC002261,C000791,789.96,2026-05-29,prepaid,delivered
OC002262,C000792,871.88,2026-06-16,prepaid,delivered
OC002263,C000792,382.96,2026-08-17,COD,delivered
OC002264,C000793,748.79,2025-12-20,COD,delivered
OC002265,C000793,798.64,2026-01-08,COD,delivered
OC002266,C000794,1224.11,2026-04-12,COD,delivered
OC002267,C000796,727.2,2026-02-03,prepaid,delivered
OC002268,C000796,1033.87,2026-04-22,prepaid,delivered
OC002269,C000796,670.21,2026-06-08,prepaid,delivered
OC002270,C000796,656.96,2026-06-26,prepaid,delivered
OC002271,C000796,740.78,2026-07-05,prepaid,delivered
OC002272,C000798,859.43,2025-10-25,prepaid,delivered
OC002273,C000798,99.0,2025-10-30,COD,delivered
OC002274,C000798,563.77,2025-11-07,prepaid,delivered
OC002275,C000798,847.36,2025-11-27,COD,delivered
OC002276,C000800,630.83,2026-01-24,COD,delivered
OC002277,C000802,220.34,2026-04-18,prepaid,delivered
OC002278,C000802,130.94,2026-04-25,prepaid,delivered
OC002279,C000803,884.09,2026-02-22,COD,delivered
OC002280,C000803,421.53,2026-03-31,prepaid,delivered
OC002281,C000803,152.82,2026-04-06,prepaid,delivered
OC002282,C000804,1408.57,2025-09-23,COD,delivered
OC002283,C000804,262.23,2025-10-16,COD,delivered
OC002284,C000805,679.45,2026-06-03,prepaid,delivered
OC002285,C000805,431.19,2026-07-01,prepaid,delivered
OC002286,C000806,508.84,2026-03-10,prepaid,delivered
OC002287,C000806,227.03,2026-04-10,COD,refused
OC002288,C000807,828.29,2026-07-24,prepaid,delivered
OC002289,C000807,696.34,2026-07-31,prepaid,delivered
OC002290,C000807,796.75,2026-08-23,COD,delivered
OC002291,C000809,296.39,2026-08-16,prepaid,delivered
OC002292,C000809,731.14,2026-08-20,COD,delivered
OC002293,C000809,1193.52,2026-08-22,prepaid,delivered
OC002294,C000810,1204.5,2026-04-28,prepaid,delivered
OC002295,C000811,231.65,2026-08-17,COD,delivered
OC002296,C000812,315.81,2025-12-22,prepaid,delivered
OC002297,C000812,260.55,2026-07-31,COD,delivered
OC002298,C000814,1467.09,2026-03-25,prepaid,delivered
OC002299,C000814,1108.99,2026-04-09,COD,delivered
OC002300,C000817,654.62,2025-10-24,COD,delivered
OC002301,C000817,1046.25,2025-11-23,prepaid,delivered
OC002302,C000817,1174.06,2025-12-01,prepaid,delivered
OC002303,C000817,466.21,2026-02-26,prepaid,delivered
OC002304,C000818,367.33,2025-11-14,COD,delivered
OC002305,C000818,622.51,2026-02-14,prepaid,delivered
OC002306,C000821,601.21,2026-03-08,prepaid,delivered
OC002307,C000821,458.01,2026-05-21,prepaid,delivered
OC002308,C000822,1121.89,2025-10-04,prepaid,delivered
OC002309,C000822,124.71,2025-10-08,prepaid,delivered
OC002310,C000822,953.19,2025-11-22,COD,refused
OC002311,C000823,1077.0,2025-10-23,COD,delivered
OC002312,C000823,803.29,2025-11-09,prepaid,delivered
OC002313,C000824,836.84,2026-07-15,prepaid,delivered
OC002314,C000825,1028.13,2025-12-05,COD,refused
OC002315,C000825,1264.63,2025-12-15,prepaid,delivered
OC002316,C000825,894.25,2026-01-06,COD,delivered
OC002317,C000825,1403.42,2026-01-21,prepaid,delivered
OC002318,C000826,1123.42,2026-01-14,prepaid,delivered
OC002319,C000826,910.34,2026-01-17,COD,delivered
OC002320,C000826,1019.61,2026-01-23,prepaid,delivered
OC002321,C000827,1098.81,2025-10-13,COD,delivered
OC002322,C000827,1399.43,2025-10-17,prepaid,delivered
OC002323,C000827,513.44,2025-11-03,prepaid,delivered
OC002324,C000827,732.67,2025-12-29,prepaid,delivered
OC002325,C000827,509.68,2026-02-18,COD,delivered
OC002326,C000827,570.23,2026-04-21,prepaid,delivered
OC002327,C000827,431.73,2026-06-26,COD,delivered
OC002328,C000827,195.23,2026-07-11,COD,refused
OC002329,C000827,941.82,2026-07-22,prepaid,delivered
OC002330,C000828,1657.84,2026-03-25,COD,delivered
OC002331,C000828,1000.19,2026-04-06,prepaid,delivered
OC002332,C000828,879.45,2026-05-27,prepaid,delivered
OC002333,C000828,426.21,2026-06-19,prepaid,delivered
OC002334,C000830,300.29,2026-08-18,prepaid,delivered
OC002335,C000831,212.15,2025-11-30,COD,refused
OC002336,C000831,587.78,2025-12-12,prepaid,delivered
OC002337,C000831,283.03,2025-12-26,prepaid,delivered
OC002338,C000831,526.82,2025-12-29,prepaid,delivered
OC002339,C000832,584.78,2026-06-27,prepaid,delivered
OC002340,C000832,464.55,2026-08-07,prepaid,delivered
OC002341,C000833,794.8,2025-09-14,prepaid,delivered
OC002342,C000833,99.0,2025-10-03,COD,delivered
OC002343,C000834,114.42,2025-10-28,prepaid,delivered
OC002344,C000834,773.68,2025-11-02,prepaid,delivered
OC002345,C000834,670.83,2025-11-21,prepaid,delivered
OC002346,C000834,214.36,2025-12-08,prepaid,delivered
OC002347,C000834,1647.48,2025-12-11,prepaid,delivered
OC002348,C000834,1167.68,2025-12-21,COD,delivered
OC002349,C000834,99.0,2026-01-09,prepaid,delivered
OC002350,C000835,927.59,2026-03-02,prepaid,delivered
OC002351,C000836,1156.48,2026-08-21,prepaid,delivered
OC002352,C000837,395.37,2026-02-04,prepaid,delivered
OC002353,C000837,1181.77,2026-03-04,prepaid,delivered
OC002354,C000838,99.0,2026-05-14,prepaid,delivered
OC002355,C000838,945.98,2026-05-22,prepaid,delivered
OC002356,C000839,662.4,2025-10-11,prepaid,delivered
OC002357,C000839,1459.82,2025-10-18,COD,delivered
OC002358,C000840,599.89,2026-02-02,prepaid,delivered
OC002359,C000840,648.59,2026-02-13,prepaid,delivered
OC002360,C000840,1518.78,2026-04-05,COD,delivered
OC002361,C000840,1079.72,2026-06-05,COD,delivered
OC002362,C000841,99.0,2026-08-08,prepaid,delivered
OC002363,C000843,536.64,2026-08-13,prepaid,delivered
OC002364,C000844,126.12,2026-08-12,prepaid,delivered
OC002365,C000845,193.76,2025-10-01,prepaid,delivered
OC002366,C000845,1260.2,2025-10-11,prepaid,delivered
OC002367,C000846,99.0,2026-03-29,prepaid,delivered
OC002368,C000846,1266.36,2026-04-06,prepaid,delivered
OC002369,C000847,827.62,2026-01-22,prepaid,delivered
OC002370,C000849,271.86,2026-03-31,COD,delivered
OC002371,C000849,645.58,2026-04-08,COD,refused
OC002372,C000850,1193.49,2025-10-18,COD,delivered
OC002373,C000850,99.0,2025-11-12,prepaid,delivered
OC002374,C000851,722.87,2026-06-07,COD,delivered
OC002375,C000851,743.12,2026-07-30,prepaid,delivered
OC002376,C000853,1083.66,2025-10-14,COD,delivered
OC002377,C000853,543.6,2025-10-17,prepaid,delivered
OC002378,C000853,858.43,2025-10-20,prepaid,delivered
OC002379,C000854,99.0,2026-02-16,COD,delivered
OC002380,C000855,765.99,2026-04-09,prepaid,delivered
OC002381,C000855,226.82,2026-05-06,prepaid,delivered
OC002382,C000856,559.05,2025-12-03,prepaid,delivered
OC002383,C000856,445.58,2025-12-14,prepaid,delivered
OC002384,C000856,1156.24,2025-12-30,prepaid,delivered
OC002385,C000858,241.45,2026-05-01,prepaid,delivered
OC002386,C000858,751.42,2026-06-03,COD,delivered
OC002387,C000859,99.0,2026-02-11,prepaid,delivered
OC002388,C000859,899.98,2026-03-05,prepaid,delivered
OC002389,C000859,1059.46,2026-04-06,prepaid,delivered
OC002390,C000859,346.01,2026-05-04,COD,delivered
OC002391,C000859,832.03,2026-05-10,COD,delivered
OC002392,C000860,573.77,2025-11-05,prepaid,delivered
OC002393,C000860,527.05,2025-12-19,COD,delivered
OC002394,C000860,296.42,2025-12-24,COD,delivered
OC002395,C000860,780.13,2026-03-24,prepaid,delivered
OC002396,C000860,667.03,2026-06-03,prepaid,delivered
OC002397,C000861,99.0,2026-08-22,prepaid,delivered
OC002398,C000862,1203.49,2026-08-19,COD,delivered
OC002399,C000863,440.86,2025-09-16,prepaid,delivered
OC002400,C000863,774.68,2025-10-11,prepaid,delivered
OC002401,C000863,1108.7,2025-10-21,prepaid,delivered
OC002402,C000863,251.52,2026-01-07,prepaid,delivered
OC002403,C000864,479.49,2025-11-12,COD,delivered
OC002404,C000864,642.62,2025-11-22,prepaid,delivered
OC002405,C000864,572.65,2025-12-01,COD,delivered
OC002406,C000865,1021.35,2026-05-02,prepaid,delivered
OC002407,C000865,564.59,2026-05-09,prepaid,delivered
OC002408,C000865,462.39,2026-06-06,prepaid,delivered
OC002409,C000865,584.93,2026-06-27,prepaid,delivered
OC002410,C000866,656.54,2026-05-27,prepaid,delivered
OC002411,C000866,1163.48,2026-06-13,prepaid,delivered
OC002412,C000866,625.32,2026-06-20,COD,refused
OC002413,C000866,1120.1,2026-08-19,prepaid,delivered
OC002414,C000867,1038.72,2026-01-10,prepaid,delivered
OC002415,C000867,1156.14,2026-02-13,COD,delivered
OC002416,C000867,1354.05,2026-03-05,prepaid,delivered
OC002417,C000868,99.0,2026-01-01,prepaid,delivered
OC002418,C000868,407.96,2026-02-01,prepaid,delivered
OC002419,C000868,1058.4,2026-02-18,prepaid,delivered
OC002420,C000868,446.87,2026-02-23,COD,delivered
OC002421,C000869,567.16,2025-11-02,prepaid,delivered
OC002422,C000869,868.5,2025-11-08,prepaid,delivered
OC002423,C000870,828.05,2026-01-08,COD,delivered
OC002424,C000870,1126.29,2026-01-11,COD,delivered
OC002425,C000870,905.09,2026-03-03,prepaid,delivered
OC002426,C000871,1022.52,2026-06-29,prepaid,delivered
OC002427,C000871,729.81,2026-08-02,COD,refused
OC002428,C000871,262.03,2026-08-15,COD,refused
OC002429,C000872,866.75,2026-06-22,prepaid,delivered
OC002430,C000872,576.04,2026-07-04,prepaid,delivered
OC002431,C000872,350.77,2026-07-25,prepaid,delivered
OC002432,C000873,256.43,2026-03-21,prepaid,delivered
OC002433,C000874,931.28,2026-03-15,COD,delivered
OC002434,C000876,842.08,2026-01-16,COD,delivered
OC002435,C000876,1255.94,2026-01-22,prepaid,delivered
OC002436,C000876,689.38,2026-03-10,prepaid,delivered
OC002437,C000876,514.72,2026-03-31,prepaid,delivered
OC002438,C000876,831.69,2026-04-23,COD,delivered
OC002439,C000876,1469.52,2026-06-17,COD,delivered
OC002440,C000876,891.2,2026-08-11,prepaid,delivered
OC002441,C000877,590.61,2025-12-18,COD,delivered
OC002442,C000878,109.62,2026-04-09,prepaid,delivered
OC002443,C000878,796.15,2026-06-26,prepaid,delivered
OC002444,C000878,1154.49,2026-08-13,prepaid,delivered
OC002445,C000878,465.28,2026-08-25,COD,delivered
OC002446,C000879,618.99,2026-05-26,prepaid,delivered
OC002447,C000880,903.9,2025-10-26,COD,delivered
OC002448,C000882,480.56,2026-04-03,prepaid,delivered
OC002449,C000882,1194.97,2026-04-06,prepaid,delivered
OC002450,C000884,495.4,2025-10-02,prepaid,delivered
OC002451,C000884,483.17,2025-10-20,prepaid,delivered
OC002452,C000884,861.1,2025-10-24,COD,delivered
OC002453,C000884,655.17,2025-11-08,prepaid,delivered
OC002454,C000886,699.01,2026-08-23,prepaid,delivered
OC002455,C000888,488.97,2026-06-27,COD,delivered
OC002456,C000888,920.66,2026-07-11,prepaid,delivered
OC002457,C000889,737.46,2025-12-18,COD,delivered
OC002458,C000889,439.4,2026-02-01,COD,delivered
OC002459,C000891,549.03,2025-12-07,prepaid,delivered
OC002460,C000891,823.43,2025-12-31,COD,delivered
OC002461,C000891,1297.7,2026-01-07,COD,delivered
OC002462,C000892,154.81,2025-10-22,prepaid,delivered
OC002463,C000893,764.05,2026-02-01,prepaid,delivered
OC002464,C000893,675.14,2026-04-05,prepaid,delivered
OC002465,C000893,679.31,2026-04-22,prepaid,delivered
OC002466,C000894,126.51,2025-12-17,prepaid,delivered
OC002467,C000894,975.0,2026-01-13,prepaid,delivered
OC002468,C000894,99.0,2026-01-27,COD,delivered
OC002469,C000895,1354.37,2026-02-06,prepaid,delivered
OC002470,C000895,99.0,2026-03-15,COD,delivered
OC002471,C000895,497.71,2026-04-11,prepaid,delivered
OC002472,C000895,1038.51,2026-05-09,prepaid,delivered
OC002473,C000896,589.56,2025-10-22,prepaid,delivered
OC002474,C000896,958.09,2025-11-09,prepaid,delivered
OC002475,C000896,664.86,2025-11-21,prepaid,delivered
OC002476,C000897,620.38,2026-06-21,prepaid,delivered
OC002477,C000897,976.94,2026-07-05,prepaid,delivered
OC002478,C000897,192.35,2026-08-01,prepaid,delivered
OC002479,C000898,917.8,2025-12-13,COD,delivered
OC002480,C000898,1559.67,2026-03-15,COD,delivered
OC002481,C000898,556.51,2026-04-08,prepaid,delivered
OC002482,C000898,989.42,2026-04-12,prepaid,delivered
OC002483,C000898,724.18,2026-06-20,prepaid,delivered
OC002484,C000898,975.33,2026-07-07,COD,delivered
OC002485,C000899,1210.24,2026-04-11,prepaid,delivered
OC002486,C000899,767.18,2026-05-11,prepaid,delivered
OC002487,C000899,634.18,2026-06-26,prepaid,delivered
OC002488,C000900,1148.02,2026-08-03,prepaid,delivered
OC002489,C000900,462.19,2026-08-14,prepaid,delivered
OC002490,C000901,833.55,2026-06-11,prepaid,delivered
OC002491,C000901,600.4,2026-07-30,prepaid,delivered
OC002492,C000902,1137.96,2026-01-13,prepaid,delivered
OC002493,C000902,367.89,2026-02-11,prepaid,delivered
OC002494,C000902,1153.1,2026-04-16,prepaid,delivered
OC002495,C000903,545.95,2026-03-18,prepaid,delivered
OC002496,C000903,929.64,2026-04-07,COD,delivered
OC002497,C000904,490.99,2026-05-12,prepaid,delivered
OC002498,C000904,490.86,2026-06-15,prepaid,delivered
OC002499,C000904,1425.62,2026-07-02,COD,delivered
OC002500,C000904,1118.7,2026-07-16,prepaid,delivered
OC002501,C000904,212.65,2026-07-24,prepaid,delivered
OC002502,C000905,497.92,2025-12-06,prepaid,delivered
OC002503,C000905,589.91,2025-12-09,prepaid,delivered
OC002504,C000905,695.86,2026-03-01,prepaid,delivered
OC002505,C000907,474.53,2026-02-12,prepaid,delivered
OC002506,C000907,245.79,2026-04-25,prepaid,delivered
OC002507,C000907,1078.41,2026-06-20,prepaid,delivered
OC002508,C000907,99.0,2026-07-03,COD,delivered
OC002509,C000909,1267.17,2026-03-05,COD,refused
OC002510,C000909,801.18,2026-05-06,COD,delivered
OC002511,C000909,441.4,2026-05-19,COD,delivered
OC002512,C000910,992.37,2026-07-14,prepaid,delivered
OC002513,C000910,453.18,2026-07-18,prepaid,delivered
OC002514,C000910,686.5,2026-08-06,prepaid,delivered
OC002515,C000911,178.21,2026-04-07,COD,delivered
OC002516,C000911,962.88,2026-04-17,prepaid,delivered
OC002517,C000911,1253.74,2026-05-03,prepaid,delivered
OC002518,C000911,941.17,2026-05-06,prepaid,delivered
OC002519,C000911,452.5,2026-05-22,prepaid,delivered
OC002520,C000912,516.3,2025-09-28,prepaid,delivered
OC002521,C000912,899.0,2025-12-30,prepaid,delivered
OC002522,C000912,409.1,2026-01-23,prepaid,delivered
OC002523,C000912,1116.49,2026-01-27,prepaid,delivered
OC002524,C000913,99.0,2025-11-09,prepaid,delivered
OC002525,C000914,1136.65,2025-12-11,prepaid,delivered
OC002526,C000914,1083.59,2026-01-23,COD,delivered
OC002527,C000914,99.0,2026-01-28,COD,delivered
OC002528,C000914,311.42,2026-03-04,COD,delivered
OC002529,C000915,560.63,2026-06-27,COD,delivered
OC002530,C000915,1437.65,2026-07-06,prepaid,delivered
OC002531,C000916,99.0,2026-08-06,prepaid,delivered
OC002532,C000917,1334.62,2026-01-10,prepaid,delivered
OC002533,C000917,1032.56,2026-02-08,prepaid,delivered
OC002534,C000918,923.22,2025-11-08,COD,delivered
OC002535,C000918,648.81,2025-11-12,COD,delivered
OC002536,C000919,782.43,2026-01-10,prepaid,delivered
OC002537,C000919,700.73,2026-01-27,prepaid,delivered
OC002538,C000919,754.34,2026-02-06,prepaid,delivered
OC002539,C000919,969.95,2026-02-10,prepaid,delivered
OC002540,C000919,1051.72,2026-03-21,COD,delivered
OC002541,C000920,832.74,2026-01-06,prepaid,delivered
OC002542,C000920,99.0,2026-01-19,COD,delivered
OC002543,C000921,977.54,2025-11-16,prepaid,delivered
OC002544,C000921,869.3,2025-11-23,prepaid,delivered
OC002545,C000921,581.48,2025-11-25,prepaid,delivered
OC002546,C000921,211.5,2025-12-06,prepaid,delivered
OC002547,C000922,297.37,2026-04-24,prepaid,delivered
OC002548,C000923,389.42,2026-05-21,COD,delivered
OC002549,C000923,1428.68,2026-05-25,prepaid,delivered
OC002550,C000924,171.5,2025-12-26,prepaid,delivered
OC002551,C000924,112.1,2026-02-08,prepaid,delivered
OC002552,C000926,278.17,2026-02-06,COD,refused
OC002553,C000927,480.08,2026-02-24,prepaid,delivered
OC002554,C000927,730.61,2026-03-23,prepaid,delivered
OC002555,C000927,1275.51,2026-05-16,COD,delivered
OC002556,C000927,1393.85,2026-06-30,prepaid,delivered
OC002557,C000928,99.0,2026-07-07,prepaid,delivered
OC002558,C000928,1733.12,2026-07-22,prepaid,delivered
OC002559,C000929,1060.99,2026-05-09,prepaid,delivered
OC002560,C000931,293.01,2026-06-29,prepaid,delivered
OC002561,C000931,456.62,2026-07-09,COD,delivered
OC002562,C000932,99.0,2026-07-25,COD,delivered
OC002563,C000932,953.18,2026-08-14,prepaid,delivered
OC002564,C000933,99.0,2026-04-19,prepaid,delivered
OC002565,C000933,99.0,2026-05-15,COD,delivered
OC002566,C000935,701.11,2026-04-22,prepaid,delivered
OC002567,C000935,1173.35,2026-08-11,prepaid,delivered
OC002568,C000936,983.45,2025-11-03,COD,delivered
OC002569,C000936,675.31,2025-11-09,prepaid,delivered
OC002570,C000936,99.0,2026-01-04,COD,delivered
OC002571,C000936,791.2,2026-01-20,prepaid,delivered
OC002572,C000936,1075.67,2026-02-07,COD,delivered
OC002573,C000936,293.18,2026-02-18,prepaid,delivered
OC002574,C000938,655.94,2026-03-06,prepaid,delivered
OC002575,C000938,266.98,2026-04-17,COD,delivered
OC002576,C000939,99.0,2026-05-10,prepaid,delivered
OC002577,C000939,186.42,2026-05-30,prepaid,delivered
OC002578,C000939,1051.8,2026-06-27,COD,refused
OC002579,C000939,543.89,2026-06-30,prepaid,delivered
OC002580,C000939,99.0,2026-07-09,prepaid,delivered
OC002581,C000939,757.13,2026-07-17,prepaid,delivered
OC002582,C000939,442.78,2026-08-18,prepaid,delivered
OC002583,C000940,927.27,2026-03-11,prepaid,delivered
OC002584,C000940,420.7,2026-05-24,prepaid,delivered
OC002585,C000940,853.78,2026-06-19,prepaid,delivered
OC002586,C000942,1169.47,2026-06-13,COD,delivered
OC002587,C000942,641.07,2026-06-22,prepaid,delivered
OC002588,C000943,1372.1,2026-05-19,prepaid,delivered
OC002589,C000943,594.65,2026-08-12,prepaid,delivered
OC002590,C000944,725.51,2026-04-02,prepaid,delivered
OC002591,C000944,505.47,2026-04-11,COD,delivered
OC002592,C000944,667.41,2026-04-14,prepaid,delivered
OC002593,C000945,1254.41,2026-06-05,prepaid,delivered
OC002594,C000945,613.09,2026-06-12,prepaid,delivered
OC002595,C000945,1030.79,2026-06-24,prepaid,delivered
OC002596,C000945,672.62,2026-07-03,prepaid,delivered
OC002597,C000945,1411.98,2026-07-06,prepaid,delivered
OC002598,C000945,214.24,2026-08-13,prepaid,delivered
OC002599,C000946,452.27,2026-02-16,COD,delivered
OC002600,C000947,898.34,2026-08-18,COD,delivered
OC002601,C000948,1120.66,2026-01-30,prepaid,delivered
OC002602,C000948,624.53,2026-02-04,prepaid,delivered
OC002603,C000949,407.87,2025-12-03,prepaid,delivered
OC002604,C000949,287.9,2025-12-11,prepaid,delivered
OC002605,C000949,623.8,2026-01-14,COD,delivered
OC002606,C000949,786.83,2026-03-25,prepaid,delivered
OC002607,C000950,348.34,2026-08-24,prepaid,delivered
OC002608,C000951,988.16,2026-02-13,prepaid,delivered
OC002609,C000951,930.11,2026-04-03,COD,delivered
OC002610,C000951,870.73,2026-06-20,prepaid,delivered
OC002611,C000951,621.83,2026-06-27,prepaid,delivered
OC002612,C000952,862.37,2025-10-25,COD,delivered
OC002613,C000952,740.5,2025-11-27,COD,delivered
OC002614,C000953,896.94,2025-12-15,prepaid,delivered
OC002615,C000953,404.79,2026-01-11,prepaid,delivered
OC002616,C000953,1029.79,2026-02-07,prepaid,delivered
OC002617,C000954,436.51,2026-06-02,prepaid,delivered
OC002618,C000954,1301.26,2026-06-07,prepaid,delivered
OC002619,C000954,647.0,2026-07-06,prepaid,delivered
OC002620,C000955,713.5,2026-06-09,COD,delivered
OC002621,C000955,1042.72,2026-08-08,prepaid,delivered
OC002622,C000956,99.0,2026-02-26,prepaid,delivered
OC002623,C000956,525.86,2026-03-31,COD,delivered
OC002624,C000957,1044.49,2026-04-29,prepaid,delivered
OC002625,C000957,680.59,2026-05-25,COD,delivered
OC002626,C000958,1022.23,2026-05-10,prepaid,delivered
OC002627,C000958,967.5,2026-05-21,COD,delivered
OC002628,C000958,1370.86,2026-05-29,COD,delivered
OC002629,C000959,1132.94,2025-10-26,COD,delivered
OC002630,C000959,599.56,2025-10-29,prepaid,delivered
OC002631,C000960,654.56,2026-06-29,prepaid,delivered
OC002632,C000960,1131.92,2026-08-06,COD,delivered
OC002633,C000960,1097.76,2026-08-12,prepaid,delivered
OC002634,C000961,679.7,2025-11-22,prepaid,delivered
OC002635,C000961,692.42,2025-12-08,COD,delivered
OC002636,C000961,732.4,2026-01-15,prepaid,delivered
OC002637,C000962,1220.86,2025-11-03,prepaid,delivered
OC002638,C000962,978.95,2026-01-31,COD,delivered
OC002639,C000962,928.63,2026-03-03,prepaid,delivered
OC002640,C000963,818.65,2026-03-26,COD,delivered
OC002641,C000963,1207.34,2026-03-29,COD,delivered
OC002642,C000964,1181.76,2025-09-27,prepaid,delivered
OC002643,C000964,682.43,2025-10-04,prepaid,delivered
OC002644,C000964,1015.94,2025-10-30,COD,delivered
OC002645,C000964,1034.68,2025-11-03,prepaid,delivered
OC002646,C000965,340.31,2026-04-22,COD,delivered
OC002647,C000965,334.6,2026-04-29,prepaid,delivered
OC002648,C000966,1349.2,2026-06-15,COD,delivered
OC002649,C000966,233.97,2026-06-20,COD,delivered
OC002650,C000966,388.84,2026-07-05,prepaid,delivered
OC002651,C000967,488.04,2026-05-23,prepaid,delivered
OC002652,C000967,898.93,2026-06-13,COD,delivered
OC002653,C000967,1028.98,2026-07-10,prepaid,delivered
OC002654,C000967,768.08,2026-07-26,COD,delivered
OC002655,C000968,99.0,2026-01-06,COD,delivered
OC002656,C000968,1077.73,2026-01-12,prepaid,delivered
OC002657,C000968,740.9,2026-01-23,COD,delivered
OC002658,C000969,157.07,2026-04-16,COD,delivered
OC002659,C000969,141.43,2026-04-25,prepaid,delivered
OC002660,C000969,1000.69,2026-05-24,COD,delivered
OC002661,C000969,681.38,2026-05-29,prepaid,delivered
OC002662,C000970,251.0,2025-11-16,prepaid,delivered
OC002663,C000970,320.41,2025-11-26,prepaid,delivered
OC002664,C000971,303.89,2026-06-13,prepaid,delivered
OC002665,C000971,602.15,2026-06-24,prepaid,delivered
OC002666,C000971,284.99,2026-07-04,prepaid,delivered
OC002667,C000972,1319.76,2026-05-05,COD,delivered
OC002668,C000972,802.45,2026-06-01,prepaid,delivered
OC002669,C000972,683.74,2026-06-29,prepaid,delivered
OC002670,C000972,656.71,2026-07-30,COD,delivered
OC002671,C000973,692.41,2026-01-29,COD,delivered
OC002672,C000973,1020.63,2026-02-02,prepaid,delivered
OC002673,C000973,716.79,2026-03-19,COD,delivered
OC002674,C000974,193.03,2026-02-25,prepaid,delivered
OC002675,C000974,853.71,2026-03-22,prepaid,delivered
OC002676,C000974,969.22,2026-04-03,COD,refused
OC002677,C000974,975.63,2026-04-12,prepaid,delivered
OC002678,C000975,626.07,2025-10-16,prepaid,delivered
OC002679,C000975,1030.48,2025-10-23,prepaid,delivered
OC002680,C000975,470.5,2025-11-07,prepaid,delivered
OC002681,C000975,1042.1,2025-11-12,COD,delivered
OC002682,C000975,167.15,2025-12-02,prepaid,delivered
OC002683,C000976,99.0,2025-11-16,prepaid,delivered
OC002684,C000976,1164.97,2025-12-02,COD,delivered
OC002685,C000976,1338.69,2026-01-05,prepaid,delivered
OC002686,C000976,701.28,2026-03-02,prepaid,delivered
OC002687,C000976,1210.34,2026-03-12,prepaid,delivered
OC002688,C000977,992.18,2026-03-15,COD,delivered
OC002689,C000977,682.56,2026-04-12,prepaid,delivered
OC002690,C000977,368.22,2026-05-27,prepaid,delivered
OC002691,C000977,862.17,2026-06-03,prepaid,delivered
OC002692,C000981,916.59,2025-12-24,prepaid,delivered
OC002693,C000981,813.68,2026-01-11,prepaid,delivered
OC002694,C000981,840.59,2026-01-27,prepaid,delivered
OC002695,C000982,1214.42,2026-07-04,prepaid,delivered
OC002696,C000983,932.63,2026-07-06,COD,refused
OC002697,C000983,784.89,2026-08-01,prepaid,delivered
OC002698,C000983,685.13,2026-08-27,prepaid,delivered
OC002699,C000984,423.71,2026-03-02,COD,delivered
OC002700,C000984,716.46,2026-03-07,prepaid,delivered
OC002701,C000985,490.18,2026-01-18,prepaid,delivered
OC002702,C000986,472.22,2026-01-07,COD,delivered
OC002703,C000986,365.5,2026-02-01,prepaid,delivered
OC002704,C000989,99.0,2025-11-26,prepaid,delivered
OC002705,C000989,986.92,2025-12-01,prepaid,delivered
OC002706,C000990,583.02,2025-10-02,prepaid,delivered
OC002707,C000991,986.64,2026-01-26,prepaid,delivered
OC002708,C000991,159.1,2026-03-07,prepaid,delivered
OC002709,C000991,452.79,2026-04-16,prepaid,delivered
OC002710,C000993,773.63,2026-06-05,prepaid,delivered
OC002711,C000993,917.56,2026-08-18,prepaid,delivered
OC002712,C000994,649.31,2026-01-07,prepaid,delivered
OC002713,C000995,528.5,2025-10-29,prepaid,delivered
OC002714,C000995,961.53,2025-11-22,COD,delivered
OC002715,C000995,99.0,2025-12-11,prepaid,delivered
OC002716,C000995,805.26,2026-02-11,prepaid,delivered
OC002717,C000997,463.06,2026-05-06,prepaid,delivered
OC002718,C000997,937.65,2026-05-25,COD,refused
OC002719,C000998,802.9,2026-01-16,prepaid,delivered
OC002720,C000998,874.16,2026-03-06,prepaid,delivered
OC002721,C000998,1381.93,2026-03-11,prepaid,delivered
OC002722,C000999,1024.44,2025-10-12,prepaid,delivered
OC002723,C000999,99.0,2025-12-26,COD,delivered
OC002724,C001000,179.12,2026-07-28,COD,delivered
OC002725,C001000,434.31,2026-08-02,prepaid,delivered
OC002726,C001000,848.1,2026-08-14,prepaid,delivered
OC002727,C001002,536.7,2026-08-02,prepaid,delivered
OC002728,C001003,793.65,2026-01-30,prepaid,delivered
OC002729,C001003,205.55,2026-04-09,COD,delivered
OC002730,C001004,1418.3,2026-02-06,prepaid,delivered
OC002731,C001004,1012.78,2026-02-28,prepaid,delivered
OC002732,C001004,542.04,2026-03-29,prepaid,delivered
OC002733,C001004,1145.61,2026-05-23,prepaid,delivered
OC002734,C001006,472.75,2026-02-20,prepaid,delivered
OC002735,C001008,99.0,2026-01-09,prepaid,delivered
OC002736,C001008,991.54,2026-01-17,prepaid,delivered
OC002737,C001009,334.25,2026-06-06,COD,delivered
OC002738,C001009,1169.37,2026-06-10,prepaid,delivered
OC002739,C001009,496.56,2026-06-13,prepaid,delivered
OC002740,C001009,751.59,2026-07-06,prepaid,delivered
OC002741,C001011,827.48,2025-10-13,prepaid,delivered
OC002742,C001011,1061.01,2025-11-02,COD,delivered
OC002743,C001012,468.34,2026-01-03,prepaid,delivered
OC002744,C001012,579.35,2026-04-01,COD,delivered
OC002745,C001012,580.72,2026-04-28,COD,delivered
OC002746,C001013,466.63,2026-04-15,prepaid,delivered
OC002747,C001013,850.88,2026-05-12,COD,delivered
OC002748,C001013,301.38,2026-07-19,prepaid,delivered
OC002749,C001014,719.52,2026-06-19,prepaid,delivered
OC002750,C001015,1211.02,2025-11-06,COD,delivered
OC002751,C001015,428.67,2025-11-12,COD,delivered
OC002752,C001015,577.32,2025-11-29,COD,delivered
OC002753,C001016,535.94,2025-11-30,prepaid,delivered
OC002754,C001016,457.49,2025-12-24,COD,delivered
OC002755,C001016,193.95,2026-01-19,COD,delivered
OC002756,C001016,951.11,2026-07-03,prepaid,delivered
OC002757,C001016,725.27,2026-07-27,COD,delivered
OC002758,C001016,99.0,2026-08-23,prepaid,delivered
OC002759,C001016,388.59,2026-08-26,COD,delivered
OC002760,C001017,901.58,2025-11-04,prepaid,delivered
OC002761,C001017,1707.94,2025-11-28,COD,delivered
OC002762,C001017,1009.44,2025-12-16,prepaid,delivered
OC002763,C001019,681.07,2026-05-30,COD,refused
OC002764,C001019,866.16,2026-07-05,prepaid,delivered
OC002765,C001019,99.0,2026-07-09,COD,delivered
OC002766,C001020,911.35,2026-07-17,prepaid,delivered
OC002767,C001020,1106.25,2026-08-09,prepaid,delivered
OC002768,C001021,784.65,2025-10-17,prepaid,delivered
OC002769,C001021,347.76,2025-10-26,prepaid,delivered
OC002770,C001022,99.0,2026-02-13,COD,delivered
OC002771,C001022,1235.83,2026-02-21,COD,delivered
OC002772,C001022,719.31,2026-03-12,prepaid,delivered
OC002773,C001023,1380.39,2025-12-27,prepaid,delivered
OC002774,C001023,327.07,2026-01-24,prepaid,delivered
OC002775,C001023,116.83,2026-02-13,prepaid,delivered
OC002776,C001023,491.9,2026-02-26,prepaid,delivered
OC002777,C001023,689.25,2026-03-13,prepaid,delivered
OC002778,C001024,1112.97,2025-10-14,prepaid,delivered
OC002779,C001024,1128.52,2025-10-18,prepaid,delivered
OC002780,C001028,948.96,2025-12-23,prepaid,delivered
OC002781,C001028,915.24,2026-02-19,prepaid,delivered
OC002782,C001028,355.62,2026-03-03,COD,refused
OC002783,C001029,586.65,2025-10-07,prepaid,delivered
OC002784,C001029,919.26,2025-10-12,COD,delivered
OC002785,C001029,921.24,2025-11-23,prepaid,delivered
OC002786,C001029,228.07,2025-12-14,prepaid,delivered
OC002787,C001031,628.11,2026-07-27,prepaid,delivered
OC002788,C001031,979.06,2026-08-05,prepaid,delivered
OC002789,C001032,457.54,2025-11-07,COD,delivered
OC002790,C001032,1009.02,2026-01-06,COD,delivered
OC002791,C001032,736.18,2026-02-26,prepaid,delivered
OC002792,C001032,99.0,2026-03-19,COD,refused
OC002793,C001033,302.36,2026-06-14,prepaid,delivered
OC002794,C001033,741.17,2026-07-05,prepaid,delivered
OC002795,C001035,597.08,2025-11-28,prepaid,delivered
OC002796,C001035,1102.12,2025-12-06,COD,delivered
OC002797,C001036,804.34,2025-12-17,prepaid,delivered
OC002798,C001036,383.11,2026-01-05,prepaid,delivered
OC002799,C001037,1090.16,2026-03-19,prepaid,delivered
OC002800,C001038,329.21,2026-03-10,COD,delivered
OC002801,C001038,597.41,2026-03-12,prepaid,delivered
OC002802,C001038,599.87,2026-03-19,prepaid,delivered
OC002803,C001038,1208.38,2026-04-13,COD,delivered
OC002804,C001038,710.26,2026-04-20,prepaid,delivered
OC002805,C001039,687.76,2026-03-05,prepaid,delivered
OC002806,C001039,211.15,2026-04-20,COD,delivered
OC002807,C001039,758.13,2026-08-06,prepaid,delivered
OC002808,C001040,593.06,2026-04-28,COD,delivered
OC002809,C001040,99.0,2026-06-23,prepaid,delivered
OC002810,C001040,540.27,2026-07-05,prepaid,delivered
OC002811,C001041,1090.3,2025-12-25,prepaid,delivered
OC002812,C001041,99.0,2026-01-21,COD,refused
OC002813,C001041,512.85,2026-02-07,prepaid,delivered
OC002814,C001041,253.7,2026-02-23,prepaid,delivered
OC002815,C001042,969.38,2025-10-26,COD,delivered
OC002816,C001042,1005.64,2025-11-06,prepaid,delivered
OC002817,C001042,1068.42,2025-11-17,prepaid,delivered
OC002818,C001042,1181.64,2026-01-08,prepaid,delivered
OC002819,C001042,844.46,2026-02-13,COD,delivered
OC002820,C001043,1061.1,2026-01-02,prepaid,delivered
OC002821,C001043,99.0,2026-02-22,COD,delivered
OC002822,C001043,764.36,2026-02-27,COD,delivered
OC002823,C001043,447.65,2026-03-20,COD,delivered
OC002824,C001045,726.34,2025-09-15,prepaid,delivered
OC002825,C001046,99.0,2026-06-23,prepaid,delivered
OC002826,C001046,865.67,2026-06-30,COD,refused
OC002827,C001047,309.97,2026-02-20,COD,delivered
OC002828,C001047,779.81,2026-04-23,prepaid,delivered
OC002829,C001048,125.34,2026-06-30,COD,delivered
OC002830,C001048,763.6,2026-07-31,prepaid,delivered
OC002831,C001048,556.01,2026-08-15,COD,delivered
OC002832,C001050,99.0,2026-02-26,prepaid,delivered
OC002833,C001051,289.71,2026-01-16,prepaid,delivered
OC002834,C001052,1203.73,2026-06-09,prepaid,delivered
OC002835,C001052,722.36,2026-06-15,COD,delivered
OC002836,C001053,382.71,2025-11-05,prepaid,delivered
OC002837,C001053,695.67,2025-11-11,prepaid,delivered
OC002838,C001053,1055.24,2025-12-22,prepaid,delivered
OC002839,C001054,839.89,2025-10-20,prepaid,delivered
OC002840,C001055,99.0,2026-07-13,prepaid,delivered
OC002841,C001055,494.0,2026-08-03,prepaid,delivered
OC002842,C001056,99.0,2026-06-23,COD,delivered
OC002843,C001056,470.67,2026-07-10,COD,delivered
OC002844,C001057,1392.47,2025-11-07,prepaid,delivered
OC002845,C001058,842.71,2026-07-10,prepaid,delivered
OC002846,C001058,704.28,2026-07-25,COD,delivered
OC002847,C001058,1322.2,2026-08-18,prepaid,delivered
OC002848,C001059,1114.74,2026-02-23,prepaid,delivered
OC002849,C001059,1159.47,2026-03-04,prepaid,delivered
OC002850,C001059,504.15,2026-04-02,COD,delivered
OC002851,C001059,349.76,2026-04-12,prepaid,delivered
OC002852,C001059,334.56,2026-05-04,prepaid,delivered
OC002853,C001059,970.24,2026-06-08,prepaid,delivered
OC002854,C001060,1319.03,2026-02-02,prepaid,delivered
OC002855,C001061,696.41,2026-06-25,COD,delivered
OC002856,C001061,652.61,2026-07-05,COD,delivered
OC002857,C001061,576.16,2026-07-25,prepaid,delivered
OC002858,C001061,1080.79,2026-08-25,prepaid,delivered
OC002859,C001062,99.0,2025-11-01,COD,refused
OC002860,C001062,270.51,2026-01-05,prepaid,delivered
OC002861,C001063,807.55,2026-05-05,COD,delivered
OC002862,C001064,1008.79,2026-04-15,prepaid,delivered
OC002863,C001064,333.71,2026-04-27,COD,delivered
OC002864,C001064,718.79,2026-05-07,COD,delivered
OC002865,C001065,1292.13,2025-10-29,prepaid,delivered
OC002866,C001066,555.67,2026-03-03,prepaid,delivered
OC002867,C001067,453.19,2026-02-10,COD,delivered
OC002868,C001067,693.53,2026-03-23,prepaid,delivered
OC002869,C001067,1272.49,2026-04-02,prepaid,delivered
OC002870,C001068,666.61,2026-04-17,COD,delivered
OC002871,C001068,135.1,2026-04-21,COD,delivered
OC002872,C001069,443.36,2026-05-05,prepaid,delivered
OC002873,C001070,1089.92,2026-05-30,COD,delivered
OC002874,C001071,725.66,2025-11-22,COD,delivered
OC002875,C001071,465.76,2026-03-18,COD,delivered
OC002876,C001071,551.59,2026-03-20,prepaid,delivered
OC002877,C001072,804.89,2026-04-27,COD,delivered
OC002878,C001072,1273.94,2026-05-21,COD,delivered
OC002879,C001072,545.66,2026-05-25,prepaid,delivered
OC002880,C001072,1079.19,2026-07-18,COD,delivered
OC002881,C001074,596.05,2026-02-22,COD,delivered
OC002882,C001074,398.35,2026-03-29,prepaid,delivered
OC002883,C001076,904.22,2026-07-27,COD,delivered
OC002884,C001078,99.0,2026-05-26,COD,delivered
OC002885,C001078,1067.5,2026-08-02,prepaid,delivered
OC002886,C001078,1199.84,2026-08-07,COD,delivered
OC002887,C001079,1301.78,2026-01-31,COD,delivered
OC002888,C001079,561.7,2026-02-26,COD,delivered
OC002889,C001079,182.33,2026-03-21,prepaid,delivered
OC002890,C001080,699.91,2026-05-17,prepaid,delivered
OC002891,C001080,345.44,2026-06-06,prepaid,delivered
OC002892,C001080,1004.24,2026-06-19,COD,delivered
OC002893,C001081,174.72,2026-08-17,COD,delivered
OC002894,C001082,370.45,2025-10-01,prepaid,delivered
OC002895,C001082,717.94,2025-10-11,prepaid,delivered
OC002896,C001082,500.06,2026-01-20,COD,delivered
OC002897,C001083,1517.41,2026-06-15,prepaid,delivered
OC002898,C001083,863.39,2026-07-12,prepaid,delivered
OC002899,C001083,627.94,2026-07-27,prepaid,delivered
OC002900,C001084,769.74,2026-05-20,COD,delivered
OC002901,C001084,849.55,2026-06-02,prepaid,delivered
OC002902,C001084,1056.02,2026-06-18,prepaid,delivered
OC002903,C001084,300.62,2026-07-10,prepaid,delivered
OC002904,C001086,670.02,2026-07-18,prepaid,delivered
OC002905,C001086,193.82,2026-07-24,prepaid,delivered
OC002906,C001087,99.0,2026-06-24,COD,delivered
OC002907,C001087,1188.62,2026-08-22,prepaid,delivered
OC002908,C001088,541.08,2026-05-27,prepaid,delivered
OC002909,C001088,884.77,2026-06-11,COD,delivered
OC002910,C001089,827.66,2026-08-05,COD,delivered
OC002911,C001090,958.16,2026-06-03,prepaid,delivered
OC002912,C001090,1156.63,2026-06-11,COD,delivered
OC002913,C001090,569.67,2026-06-22,COD,delivered
OC002914,C001090,370.04,2026-06-29,COD,delivered
OC002915,C001092,1141.14,2026-01-01,prepaid,delivered
OC002916,C001092,1283.57,2026-01-10,COD,delivered
OC002917,C001092,1060.28,2026-03-21,prepaid,delivered
OC002918,C001092,901.74,2026-04-08,prepaid,delivered
OC002919,C001093,491.18,2026-07-12,prepaid,delivered
OC002920,C001093,500.7,2026-08-03,COD,delivered
OC002921,C001094,1125.07,2026-05-04,prepaid,delivered
OC002922,C001094,1254.82,2026-05-12,prepaid,delivered
OC002923,C001094,726.55,2026-05-18,prepaid,delivered
OC002924,C001094,454.53,2026-06-02,COD,delivered
OC002925,C001094,1177.76,2026-06-15,prepaid,delivered
OC002926,C001094,606.66,2026-07-04,COD,delivered
OC002927,C001094,1286.63,2026-07-31,prepaid,delivered
OC002928,C001095,743.71,2026-02-10,COD,delivered
OC002929,C001095,1196.81,2026-03-14,COD,delivered
OC002930,C001095,383.35,2026-04-16,COD,delivered
OC002931,C001095,1594.23,2026-05-09,prepaid,delivered
OC002932,C001095,951.51,2026-07-18,prepaid,delivered
OC002933,C001096,827.07,2025-12-26,prepaid,delivered
OC002934,C001096,408.92,2026-01-04,prepaid,delivered
OC002935,C001096,99.0,2026-01-21,prepaid,delivered
OC002936,C001097,139.17,2026-01-06,prepaid,delivered
OC002937,C001097,193.82,2026-01-21,COD,delivered
OC002938,C001097,248.92,2026-02-15,prepaid,delivered
OC002939,C001097,784.4,2026-02-24,COD,delivered
OC002940,C001097,197.64,2026-02-28,COD,delivered
OC002941,C001097,879.3,2026-03-13,COD,delivered
OC002942,C001098,945.17,2026-04-11,COD,delivered
OC002943,C001098,783.99,2026-04-18,prepaid,delivered
OC002944,C001098,515.55,2026-06-02,prepaid,delivered
OC002945,C001098,629.47,2026-06-17,prepaid,delivered
OC002946,C001098,1123.88,2026-08-09,COD,delivered
OC002947,C001099,834.12,2025-10-03,COD,delivered
OC002948,C001100,966.13,2025-12-23,prepaid,delivered
OC002949,C001100,894.38,2026-02-22,prepaid,delivered
OC002950,C001100,589.82,2026-02-28,prepaid,delivered
OC002951,C001100,410.29,2026-03-23,prepaid,delivered
OC002952,C001100,120.26,2026-04-02,prepaid,delivered
OC002953,C001101,195.97,2026-02-01,prepaid,delivered
OC002954,C001101,616.11,2026-02-16,prepaid,delivered
OC002955,C001101,1250.54,2026-04-09,prepaid,delivered
OC002956,C001101,926.47,2026-04-19,COD,delivered
OC002957,C001101,148.01,2026-06-04,prepaid,delivered
OC002958,C001102,598.78,2026-02-21,prepaid,delivered
OC002959,C001102,693.29,2026-02-27,prepaid,delivered
OC002960,C001102,1134.32,2026-03-01,prepaid,delivered
OC002961,C001102,138.14,2026-03-07,prepaid,delivered
OC002962,C001103,1000.57,2026-07-19,prepaid,delivered
OC002963,C001103,1204.71,2026-07-31,COD,delivered
OC002964,C001104,386.81,2026-04-22,COD,delivered
OC002965,C001104,986.29,2026-05-28,COD,delivered
OC002966,C001105,955.77,2026-05-05,prepaid,delivered
OC002967,C001105,386.85,2026-05-24,COD,delivered
OC002968,C001106,158.22,2025-12-29,COD,delivered
OC002969,C001106,1129.75,2026-01-16,prepaid,delivered
OC002970,C001107,547.09,2025-11-23,COD,delivered
OC002971,C001107,439.99,2025-12-03,prepaid,delivered
OC002972,C001108,1431.59,2026-02-03,prepaid,delivered
OC002973,C001109,844.28,2026-05-13,prepaid,delivered
OC002974,C001109,431.18,2026-06-19,prepaid,delivered
OC002975,C001109,755.58,2026-07-01,prepaid,delivered
OC002976,C001110,1234.61,2026-06-30,COD,delivered
OC002977,C001110,900.6,2026-07-25,prepaid,delivered
OC002978,C001111,594.33,2025-10-02,prepaid,delivered
OC002979,C001111,400.47,2025-10-20,prepaid,delivered
OC002980,C001112,623.48,2026-02-10,prepaid,delivered
OC002981,C001112,1131.8,2026-05-22,prepaid,delivered
OC002982,C001112,969.37,2026-05-31,prepaid,delivered
OC002983,C001113,1852.1,2026-07-13,prepaid,delivered
OC002984,C001113,515.64,2026-08-06,prepaid,delivered
OC002985,C001113,412.72,2026-08-12,COD,delivered
OC002986,C001114,827.93,2026-06-13,prepaid,delivered
OC002987,C001114,822.51,2026-06-28,prepaid,delivered
OC002988,C001114,577.45,2026-07-18,prepaid,delivered
OC002989,C001114,417.53,2026-08-06,COD,delivered
OC002990,C001114,527.77,2026-08-09,prepaid,delivered
OC002991,C001115,406.69,2026-07-07,COD,refused
OC002992,C001115,1134.8,2026-08-17,prepaid,delivered
OC002993,C001116,453.08,2026-04-10,prepaid,delivered
OC002994,C001116,611.91,2026-04-16,COD,delivered
OC002995,C001116,852.22,2026-05-22,COD,refused
OC002996,C001116,642.0,2026-06-10,COD,delivered
OC002997,C001116,1046.48,2026-08-12,prepaid,delivered
OC002998,C001117,1063.13,2025-10-17,COD,delivered
OC002999,C001118,921.49,2025-12-06,prepaid,delivered
OC003000,C001119,655.39,2026-07-23,COD,delivered
OC003001,C001120,979.61,2026-01-17,prepaid,delivered
OC003002,C001120,1051.27,2026-02-01,prepaid,delivered
OC003003,C001120,382.88,2026-03-01,prepaid,delivered
OC003004,C001120,594.81,2026-04-10,prepaid,delivered
OC003005,C001121,1128.34,2026-07-26,COD,delivered
OC003006,C001123,934.64,2026-05-21,prepaid,delivered
OC003007,C001123,200.7,2026-06-21,COD,delivered
OC003008,C001123,273.33,2026-08-10,prepaid,delivered
OC003009,C001124,606.04,2026-02-12,prepaid,delivered
OC003010,C001124,1353.39,2026-03-15,COD,refused
OC003011,C001124,1216.78,2026-04-28,COD,delivered
OC003012,C001125,987.07,2025-12-01,COD,delivered
OC003013,C001125,900.69,2025-12-22,prepaid,delivered
OC003014,C001125,628.6,2026-01-13,prepaid,delivered
OC003015,C001126,99.0,2026-04-06,COD,delivered
OC003016,C001126,629.93,2026-04-16,COD,delivered
OC003017,C001126,246.57,2026-06-03,COD,refused
OC003018,C001126,1199.74,2026-06-10,COD,delivered
OC003019,C001126,288.65,2026-06-13,prepaid,delivered
OC003020,C001126,548.44,2026-07-19,COD,delivered
OC003021,C001127,758.4,2025-12-09,prepaid,delivered
OC003022,C001127,868.41,2025-12-26,COD,delivered
OC003023,C001128,313.99,2026-05-13,prepaid,delivered
OC003024,C001129,128.14,2026-03-27,prepaid,delivered
OC003025,C001129,919.81,2026-04-10,prepaid,delivered
OC003026,C001129,830.62,2026-04-18,COD,delivered
OC003027,C001130,733.28,2026-02-22,prepaid,delivered
OC003028,C001130,1740.32,2026-03-05,prepaid,delivered
OC003029,C001130,706.96,2026-03-18,prepaid,delivered
OC003030,C001130,1065.77,2026-04-01,prepaid,delivered
OC003031,C001130,402.85,2026-04-04,prepaid,delivered
OC003032,C001131,489.81,2026-04-24,COD,delivered
OC003033,C001131,787.35,2026-05-23,prepaid,delivered
OC003034,C001131,836.52,2026-05-25,COD,delivered
OC003035,C001131,563.58,2026-05-29,COD,delivered
OC003036,C001131,626.97,2026-07-15,prepaid,delivered
OC003037,C001132,1085.39,2025-12-06,COD,delivered
OC003038,C001132,1049.85,2026-01-16,prepaid,delivered
OC003039,C001132,719.38,2026-02-27,prepaid,delivered
OC003040,C001132,544.32,2026-03-07,prepaid,delivered
OC003041,C001133,633.48,2026-01-30,prepaid,delivered
OC003042,C001133,1416.47,2026-02-09,prepaid,delivered
OC003043,C001134,99.0,2025-11-27,COD,delivered
OC003044,C001134,814.88,2025-12-10,prepaid,delivered
OC003045,C001135,740.03,2026-04-24,prepaid,delivered
OC003046,C001135,447.3,2026-04-28,COD,refused
OC003047,C001135,424.58,2026-05-06,prepaid,delivered
OC003048,C001135,453.12,2026-05-14,prepaid,delivered
OC003049,C001136,1234.5,2026-06-22,COD,refused
OC003050,C001136,1249.2,2026-06-28,prepaid,delivered
OC003051,C001136,295.03,2026-07-20,prepaid,delivered
OC003052,C001136,944.18,2026-08-03,COD,delivered
OC003053,C001136,609.86,2026-08-09,prepaid,delivered
OC003054,C001137,317.43,2026-02-06,prepaid,delivered
OC003055,C001137,637.53,2026-02-13,prepaid,delivered
OC003056,C001138,679.16,2025-12-21,COD,delivered
OC003057,C001138,1506.64,2025-12-29,COD,delivered
OC003058,C001138,125.81,2026-01-06,COD,refused
OC003059,C001140,860.28,2026-02-01,prepaid,delivered
OC003060,C001140,879.93,2026-02-07,prepaid,delivered
OC003061,C001140,1088.6,2026-03-04,COD,delivered
OC003062,C001140,957.9,2026-04-14,prepaid,delivered
OC003063,C001141,888.07,2026-06-12,prepaid,delivered
OC003064,C001141,592.23,2026-07-13,COD,delivered
OC003065,C001143,110.51,2026-05-16,prepaid,delivered
OC003066,C001143,1118.6,2026-07-01,COD,delivered
OC003067,C001143,1437.34,2026-08-13,COD,delivered
OC003068,C001144,249.78,2026-07-09,prepaid,delivered
OC003069,C001144,830.1,2026-07-14,prepaid,delivered
OC003070,C001145,1301.21,2026-08-18,prepaid,delivered
OC003071,C001146,338.11,2026-02-07,prepaid,delivered
OC003072,C001146,851.19,2026-02-18,COD,delivered
OC003073,C001147,1121.99,2025-10-29,prepaid,delivered
OC003074,C001147,1082.02,2025-11-02,COD,delivered
OC003075,C001148,1067.73,2026-01-05,prepaid,delivered
OC003076,C001148,1169.42,2026-01-16,prepaid,delivered
OC003077,C001148,691.37,2026-02-19,prepaid,delivered
OC003078,C001148,99.0,2026-02-26,prepaid,delivered
OC003079,C001148,1252.37,2026-03-19,prepaid,delivered
OC003080,C001148,916.07,2026-04-01,prepaid,delivered
OC003081,C001148,487.44,2026-04-14,prepaid,delivered
OC003082,C001148,339.98,2026-05-02,COD,delivered
OC003083,C001149,515.59,2025-09-16,prepaid,delivered
OC003084,C001150,264.81,2025-12-10,prepaid,delivered
OC003085,C001150,1101.48,2026-02-14,COD,delivered
OC003086,C001151,99.0,2026-05-23,prepaid,delivered
OC003087,C001152,516.42,2025-10-19,prepaid,delivered
OC003088,C001152,424.51,2025-11-06,COD,delivered
OC003089,C001152,460.41,2025-12-16,prepaid,delivered
OC003090,C001152,658.31,2025-12-28,prepaid,delivered
OC003091,C001153,751.99,2026-08-24,COD,delivered
OC003092,C001154,802.75,2026-02-09,COD,delivered
OC003093,C001154,947.9,2026-02-26,COD,refused
OC003094,C001154,980.2,2026-04-08,COD,delivered
OC003095,C001154,610.42,2026-05-26,prepaid,delivered
OC003096,C001154,456.61,2026-07-10,prepaid,delivered
OC003097,C001155,1115.56,2025-11-06,COD,delivered
OC003098,C001156,782.15,2026-07-04,prepaid,delivered
OC003099,C001156,1261.94,2026-07-14,prepaid,delivered
OC003100,C001157,1123.97,2026-03-02,COD,delivered
OC003101,C001157,415.77,2026-03-21,prepaid,delivered
OC003102,C001157,185.94,2026-04-02,prepaid,delivered
OC003103,C001157,513.14,2026-05-22,prepaid,delivered
OC003104,C001157,198.49,2026-05-25,COD,delivered
OC003105,C001158,350.69,2026-06-01,COD,delivered
OC003106,C001158,946.3,2026-08-03,prepaid,delivered
OC003107,C001160,109.29,2026-06-25,COD,delivered
OC003108,C001161,99.0,2026-01-08,prepaid,delivered
OC003109,C001161,864.15,2026-01-27,prepaid,delivered
OC003110,C001161,323.01,2026-01-31,prepaid,delivered
OC003111,C001161,837.08,2026-02-12,prepaid,delivered
OC003112,C001162,615.21,2025-12-17,prepaid,delivered
OC003113,C001162,823.8,2026-01-05,prepaid,delivered
OC003114,C001162,586.76,2026-01-22,prepaid,delivered
OC003115,C001162,875.71,2026-01-28,prepaid,delivered
OC003116,C001162,816.15,2026-02-22,prepaid,delivered
OC003117,C001163,698.67,2026-05-08,prepaid,delivered
OC003118,C001163,657.09,2026-05-10,prepaid,delivered
OC003119,C001163,1490.04,2026-05-15,prepaid,delivered
OC003120,C001163,380.41,2026-06-26,prepaid,delivered
OC003121,C001164,99.0,2026-07-05,prepaid,delivered
OC003122,C001164,788.09,2026-08-14,prepaid,delivered
OC003123,C001165,595.42,2025-11-29,prepaid,delivered
OC003124,C001165,1233.29,2025-12-13,prepaid,delivered
OC003125,C001165,99.0,2026-01-22,COD,delivered
OC003126,C001166,695.53,2026-05-08,COD,delivered
OC003127,C001167,659.18,2026-01-03,COD,delivered
OC003128,C001167,843.24,2026-01-05,prepaid,delivered
OC003129,C001167,1517.0,2026-04-02,COD,delivered
OC003130,C001168,1048.06,2026-03-06,prepaid,delivered
OC003131,C001168,99.0,2026-03-10,prepaid,delivered
OC003132,C001168,692.63,2026-05-07,COD,delivered
OC003133,C001170,869.53,2026-05-11,COD,delivered
OC003134,C001170,969.47,2026-06-18,prepaid,delivered
OC003135,C001171,792.82,2026-05-01,prepaid,delivered
OC003136,C001172,99.0,2026-06-09,prepaid,delivered
OC003137,C001172,1282.68,2026-08-25,COD,delivered
OC003138,C001173,1013.2,2025-10-27,prepaid,delivered
OC003139,C001173,779.04,2025-11-12,prepaid,delivered
OC003140,C001174,357.71,2026-07-24,prepaid,delivered
OC003141,C001174,322.26,2026-08-01,COD,delivered
OC003142,C001175,1186.94,2025-10-23,COD,delivered
OC003143,C001175,504.5,2025-10-31,prepaid,delivered
OC003144,C001176,948.6,2026-06-01,prepaid,delivered
OC003145,C001176,1033.9,2026-06-26,prepaid,delivered
OC003146,C001176,101.47,2026-07-12,COD,delivered
OC003147,C001177,1244.17,2026-01-20,prepaid,delivered
OC003148,C001178,659.2,2026-07-13,COD,delivered
OC003149,C001178,867.59,2026-08-04,prepaid,delivered
OC003150,C001179,646.31,2026-04-17,prepaid,delivered
OC003151,C001179,779.72,2026-04-26,prepaid,delivered
OC003152,C001179,937.02,2026-06-21,prepaid,delivered
OC003153,C001180,1112.62,2025-12-21,COD,delivered
OC003154,C001180,489.57,2025-12-23,prepaid,delivered
OC003155,C001180,1221.12,2026-01-02,prepaid,delivered
OC003156,C001180,815.34,2026-01-16,prepaid,delivered
OC003157,C001180,605.03,2026-01-24,prepaid,delivered
OC003158,C001181,315.27,2025-11-09,prepaid,delivered
OC003159,C001181,537.93,2025-11-13,COD,delivered
OC003160,C001181,99.0,2025-12-02,prepaid,delivered
OC003161,C001181,871.86,2025-12-12,prepaid,delivered
OC003162,C001182,1196.46,2026-06-18,prepaid,delivered
OC003163,C001182,1273.53,2026-07-13,COD,refused
OC003164,C001182,612.85,2026-07-23,prepaid,delivered
OC003165,C001182,99.0,2026-08-01,prepaid,delivered
OC003166,C001183,312.74,2026-08-05,COD,delivered
OC003167,C001183,99.0,2026-08-24,COD,delivered
OC003168,C001184,524.58,2026-05-03,prepaid,delivered
OC003169,C001184,99.0,2026-05-26,COD,delivered
OC003170,C001184,1160.74,2026-07-11,prepaid,delivered
OC003171,C001185,987.4,2025-09-11,prepaid,delivered
OC003172,C001185,526.75,2025-11-29,COD,delivered
OC003173,C001188,1520.27,2025-09-27,prepaid,delivered
OC003174,C001188,1051.55,2025-12-20,prepaid,delivered
OC003175,C001188,1211.46,2026-01-10,prepaid,delivered
OC003176,C001188,99.0,2026-03-24,prepaid,delivered
OC003177,C001188,533.96,2026-04-05,prepaid,delivered
OC003178,C001189,99.0,2026-04-07,prepaid,delivered
OC003179,C001189,888.17,2026-05-13,COD,delivered
OC003180,C001189,986.21,2026-05-16,COD,delivered
OC003181,C001190,1020.81,2026-02-07,COD,delivered
OC003182,C001191,99.0,2025-10-28,COD,delivered
OC003183,C001191,593.7,2025-12-28,prepaid,delivered
OC003184,C001191,754.1,2026-01-04,COD,delivered
OC003185,C001192,553.41,2026-03-01,prepaid,delivered
OC003186,C001192,350.56,2026-03-08,prepaid,delivered
OC003187,C001192,732.49,2026-03-15,COD,refused
OC003188,C001192,801.0,2026-03-24,prepaid,delivered
OC003189,C001192,672.88,2026-04-15,prepaid,delivered
OC003190,C001193,1660.79,2026-06-28,prepaid,delivered
OC003191,C001193,1088.78,2026-07-14,COD,refused
OC003192,C001193,449.23,2026-07-27,COD,refused
OC003193,C001193,1566.36,2026-08-02,prepaid,delivered
OC003194,C001194,357.15,2026-03-28,prepaid,delivered
OC003195,C001194,737.73,2026-04-17,prepaid,delivered
OC003196,C001195,188.94,2026-05-05,prepaid,delivered
OC003197,C001195,685.0,2026-05-10,prepaid,delivered
OC003198,C001196,437.97,2026-06-12,prepaid,delivered
OC003199,C001197,277.51,2026-07-10,COD,delivered
OC003200,C001197,992.37,2026-07-29,prepaid,delivered
OC003201,C001199,264.09,2025-10-15,prepaid,delivered
OC003202,C001199,416.22,2025-10-20,prepaid,delivered
OC003203,C001199,331.76,2025-11-03,COD,delivered
OC003204,C001199,127.6,2025-11-15,prepaid,delivered
OC003205,C001200,730.5,2026-05-21,COD,delivered
OC003206,C001200,820.97,2026-08-11,prepaid,delivered
OC003207,C001201,237.48,2025-11-19,COD,delivered
OC003208,C001201,519.54,2025-12-23,prepaid,delivered
OC003209,C001201,1064.63,2026-01-02,prepaid,delivered
OC003210,C001202,885.8,2026-01-25,prepaid,delivered
OC003211,C001203,271.48,2026-07-26,prepaid,delivered
OC003212,C001203,503.95,2026-08-21,prepaid,delivered
OC003213,C001204,1216.19,2026-04-01,prepaid,delivered
OC003214,C001204,512.52,2026-07-22,prepaid,delivered
OC003215,C001204,443.66,2026-08-23,prepaid,delivered
OC003216,C001206,245.99,2026-06-09,prepaid,delivered
OC003217,C001206,135.3,2026-06-13,prepaid,delivered
OC003218,C001206,974.88,2026-06-20,COD,delivered
OC003219,C001207,642.05,2026-01-19,prepaid,delivered
OC003220,C001207,739.38,2026-01-31,prepaid,delivered
OC003221,C001207,135.93,2026-05-15,prepaid,delivered
OC003222,C001208,805.5,2025-12-13,prepaid,delivered
OC003223,C001208,450.58,2026-01-05,COD,refused
OC003224,C001208,863.9,2026-01-12,COD,delivered
OC003225,C001209,161.37,2025-10-07,COD,delivered
OC003226,C001209,944.76,2025-10-27,COD,delivered
OC003227,C001210,1007.93,2026-08-02,COD,delivered
OC003228,C001210,1664.42,2026-08-07,COD,delivered
OC003229,C001213,411.13,2026-07-14,prepaid,delivered
OC003230,C001213,99.0,2026-07-21,COD,refused
OC003231,C001214,865.54,2025-11-30,prepaid,delivered
OC003232,C001214,114.58,2025-12-03,COD,delivered
OC003233,C001214,99.0,2025-12-10,prepaid,delivered
OC003234,C001214,118.56,2026-02-27,prepaid,delivered
OC003235,C001214,365.03,2026-03-07,COD,delivered
OC003236,C001215,99.0,2026-06-08,prepaid,delivered
OC003237,C001215,1072.38,2026-06-20,COD,delivered
OC003238,C001215,609.4,2026-07-15,COD,delivered
OC003239,C001217,663.08,2026-01-18,COD,delivered
OC003240,C001217,1113.45,2026-02-05,COD,delivered
OC003241,C001218,1350.18,2026-02-05,prepaid,delivered
OC003242,C001218,653.58,2026-03-12,COD,delivered
OC003243,C001218,319.52,2026-08-13,prepaid,delivered
OC003244,C001219,166.06,2026-06-17,prepaid,delivered
OC003245,C001220,178.47,2025-12-29,COD,refused
OC003246,C001220,815.55,2026-01-20,prepaid,delivered
OC003247,C001220,742.75,2026-02-07,COD,delivered
OC003248,C001220,975.84,2026-03-01,prepaid,delivered
OC003249,C001220,455.36,2026-05-23,prepaid,delivered
OC003250,C001221,218.06,2026-01-19,prepaid,delivered
OC003251,C001222,543.1,2026-04-14,prepaid,delivered
OC003252,C001222,1142.23,2026-04-22,COD,delivered
OC003253,C001222,989.7,2026-05-17,COD,delivered
OC003254,C001223,244.29,2025-10-11,prepaid,delivered
OC003255,C001223,875.9,2025-10-15,prepaid,delivered
OC003256,C001223,1665.09,2025-12-14,prepaid,delivered
OC003257,C001223,1144.43,2025-12-28,prepaid,delivered
OC003258,C001223,1073.29,2026-02-08,prepaid,delivered
OC003259,C001224,432.01,2026-05-19,prepaid,delivered
OC003260,C001224,340.51,2026-06-12,COD,delivered
OC003261,C001225,772.87,2026-08-06,prepaid,delivered
OC003262,C001225,756.56,2026-08-12,prepaid,delivered
OC003263,C001226,880.38,2025-12-31,prepaid,delivered
OC003264,C001226,575.69,2026-02-21,prepaid,delivered
OC003265,C001226,241.93,2026-04-02,COD,refused
OC003266,C001227,577.73,2026-06-11,COD,delivered
OC003267,C001227,301.63,2026-06-17,prepaid,delivered
OC003268,C001227,1026.85,2026-07-22,prepaid,delivered
OC003269,C001228,1582.32,2025-10-13,COD,delivered
OC003270,C001229,1772.26,2026-07-28,prepaid,delivered
OC003271,C001230,723.52,2026-08-03,prepaid,delivered
OC003272,C001231,905.18,2025-11-05,COD,delivered
OC003273,C001231,920.15,2025-11-22,COD,delivered
OC003274,C001232,1062.02,2025-11-18,prepaid,delivered
OC003275,C001232,711.89,2025-12-08,prepaid,delivered
OC003276,C001233,765.86,2026-04-25,COD,delivered
OC003277,C001233,99.0,2026-05-25,prepaid,delivered
OC003278,C001234,800.89,2026-08-01,prepaid,delivered
OC003279,C001234,1100.19,2026-08-14,prepaid,delivered
OC003280,C001235,678.22,2026-03-13,prepaid,delivered
OC003281,C001235,590.32,2026-05-02,COD,delivered
OC003282,C001235,1169.89,2026-06-01,prepaid,delivered
OC003283,C001236,468.55,2026-04-06,prepaid,delivered
OC003284,C001236,845.63,2026-04-11,COD,delivered
OC003285,C001238,599.72,2026-03-07,prepaid,delivered
OC003286,C001239,934.7,2026-03-07,prepaid,delivered
OC003287,C001239,99.0,2026-05-02,prepaid,delivered
OC003288,C001240,1351.72,2026-07-12,COD,delivered
OC003289,C001240,559.65,2026-07-20,COD,delivered
OC003290,C001241,381.2,2025-10-07,COD,delivered
OC003291,C001241,974.72,2025-10-17,COD,delivered
OC003292,C001241,99.0,2025-11-15,prepaid,delivered
OC003293,C001242,514.57,2026-01-27,prepaid,delivered
OC003294,C001242,457.4,2026-03-29,prepaid,delivered
OC003295,C001244,727.67,2026-01-03,prepaid,delivered
OC003296,C001245,492.61,2026-06-20,prepaid,delivered
OC003297,C001245,653.8,2026-07-15,prepaid,delivered
OC003298,C001245,881.27,2026-07-26,prepaid,delivered
OC003299,C001246,526.22,2026-03-23,COD,delivered
OC003300,C001247,269.3,2026-07-24,prepaid,delivered
OC003301,C001247,690.66,2026-08-05,COD,delivered
OC003302,C001247,732.96,2026-08-22,prepaid,delivered
OC003303,C001249,1519.35,2025-10-29,prepaid,delivered
OC003304,C001250,494.98,2026-07-03,COD,delivered
OC003305,C001250,168.14,2026-07-18,COD,delivered
OC003306,C001250,528.38,2026-08-16,COD,delivered
OC003307,C001251,437.3,2026-03-26,prepaid,delivered
OC003308,C001251,814.43,2026-04-07,prepaid,delivered
OC003309,C001252,1196.89,2026-05-01,prepaid,delivered
OC003310,C001252,490.14,2026-05-21,prepaid,delivered
OC003311,C001252,949.24,2026-06-13,prepaid,delivered
OC003312,C001252,524.63,2026-07-19,prepaid,delivered
OC003313,C001253,435.07,2025-12-28,prepaid,delivered
OC003314,C001255,847.74,2026-02-08,prepaid,delivered
OC003315,C001255,246.03,2026-03-19,prepaid,delivered
OC003316,C001255,617.26,2026-06-27,prepaid,delivered
OC003317,C001256,632.67,2026-03-14,prepaid,delivered
OC003318,C001257,1060.54,2026-04-10,prepaid,delivered
OC003319,C001257,701.31,2026-04-21,COD,delivered
OC003320,C001257,543.42,2026-05-05,COD,delivered
OC003321,C001257,896.94,2026-05-12,prepaid,delivered
OC003322,C001258,99.0,2026-08-13,prepaid,delivered
OC003323,C001258,884.59,2026-08-21,prepaid,delivered
OC003324,C001259,675.76,2026-02-03,prepaid,delivered
OC003325,C001259,731.39,2026-02-15,prepaid,delivered
OC003326,C001260,1043.29,2026-08-09,prepaid,delivered
OC003327,C001261,991.9,2026-02-24,prepaid,delivered
OC003328,C001261,99.0,2026-03-09,prepaid,delivered
OC003329,C001261,846.45,2026-03-13,prepaid,delivered
OC003330,C001262,762.55,2026-01-23,COD,delivered
OC003331,C001264,625.54,2026-02-17,prepaid,delivered
OC003332,C001264,728.64,2026-02-19,COD,delivered
OC003333,C001265,552.6,2026-07-10,COD,delivered
OC003334,C001266,185.02,2025-12-12,COD,delivered
OC003335,C001266,519.91,2026-01-01,prepaid,delivered
OC003336,C001266,885.95,2026-01-12,COD,delivered
OC003337,C001267,1245.13,2026-07-21,prepaid,delivered
OC003338,C001267,726.08,2026-07-29,COD,delivered
OC003339,C001268,113.59,2025-09-20,prepaid,delivered
OC003340,C001269,770.24,2026-07-07,prepaid,delivered
OC003341,C001269,99.0,2026-08-01,prepaid,delivered
OC003342,C001270,191.28,2026-04-01,prepaid,delivered
OC003343,C001270,949.08,2026-04-06,COD,delivered
OC003344,C001270,487.94,2026-06-07,prepaid,delivered
OC003345,C001270,1083.41,2026-06-12,prepaid,delivered
OC003346,C001271,99.0,2026-01-29,prepaid,delivered
OC003347,C001271,240.99,2026-02-16,prepaid,delivered
OC003348,C001271,277.06,2026-03-10,prepaid,delivered
OC003349,C001271,1123.19,2026-03-27,prepaid,delivered
OC003350,C001272,818.18,2025-11-11,prepaid,delivered
OC003351,C001272,387.77,2025-12-06,COD,delivered
OC003352,C001272,413.79,2025-12-27,prepaid,delivered
OC003353,C001272,587.68,2026-01-13,COD,refused
OC003354,C001273,612.17,2026-08-07,prepaid,delivered
OC003355,C001274,974.74,2026-04-05,COD,delivered
OC003356,C001274,894.58,2026-05-06,prepaid,delivered
OC003357,C001275,750.0,2026-01-23,prepaid,delivered
OC003358,C001276,648.52,2026-02-27,prepaid,delivered
OC003359,C001276,851.61,2026-03-17,COD,delivered
OC003360,C001277,654.9,2025-10-21,COD,delivered
OC003361,C001277,1218.69,2025-10-31,prepaid,delivered
OC003362,C001277,1309.33,2025-12-09,COD,delivered
OC003363,C001278,1049.21,2026-07-07,prepaid,delivered
OC003364,C001278,589.96,2026-07-22,prepaid,delivered
OC003365,C001278,326.53,2026-08-04,COD,delivered
OC003366,C001279,980.62,2025-10-07,COD,delivered
OC003367,C001279,1026.67,2025-10-11,prepaid,delivered
OC003368,C001280,1245.57,2026-08-15,prepaid,delivered
OC003369,C001281,1111.27,2025-10-25,COD,delivered
OC003370,C001281,459.34,2025-10-29,prepaid,delivered
OC003371,C001281,853.56,2025-11-14,prepaid,delivered
OC003372,C001283,607.83,2026-03-06,COD,delivered
OC003373,C001283,963.81,2026-03-24,prepaid,delivered
OC003374,C001285,1242.86,2026-05-06,COD,refused
OC003375,C001285,790.02,2026-05-19,prepaid,delivered
OC003376,C001285,99.0,2026-06-24,COD,delivered
OC003377,C001285,277.05,2026-07-03,COD,delivered
OC003378,C001286,189.22,2026-08-15,COD,delivered
OC003379,C001286,1033.14,2026-08-23,prepaid,delivered
OC003380,C001287,358.42,2026-05-05,prepaid,delivered
OC003381,C001287,99.0,2026-05-16,COD,delivered
OC003382,C001287,472.34,2026-05-31,COD,delivered
OC003383,C001287,137.46,2026-06-10,prepaid,delivered
OC003384,C001287,229.16,2026-07-02,COD,delivered
OC003385,C001288,906.18,2025-10-05,COD,delivered
OC003386,C001288,1061.15,2025-10-16,prepaid,delivered
OC003387,C001288,489.64,2025-11-23,prepaid,delivered
OC003388,C001289,99.0,2025-10-27,prepaid,delivered
OC003389,C001290,1113.36,2026-04-11,COD,delivered
OC003390,C001290,99.0,2026-04-21,COD,delivered
OC003391,C001290,622.1,2026-06-22,COD,delivered
OC003392,C001290,757.95,2026-07-13,prepaid,delivered
OC003393,C001290,845.58,2026-07-27,prepaid,delivered
OC003394,C001291,1050.12,2025-10-30,COD,delivered
OC003395,C001291,687.42,2025-11-30,prepaid,delivered
OC003396,C001291,1072.51,2025-12-17,prepaid,delivered
OC003397,C001291,759.66,2026-01-22,COD,delivered
OC003398,C001291,327.73,2026-02-18,prepaid,delivered
OC003399,C001292,419.53,2025-11-17,COD,delivered
OC003400,C001293,848.4,2026-02-27,COD,delivered
OC003401,C001293,683.04,2026-03-08,COD,delivered
OC003402,C001293,424.83,2026-03-28,prepaid,delivered
OC003403,C001293,866.67,2026-05-21,COD,delivered
OC003404,C001294,399.95,2026-08-26,COD,delivered
OC003405,C001295,682.66,2026-04-11,prepaid,delivered
OC003406,C001295,550.77,2026-06-12,COD,delivered
OC003407,C001295,331.2,2026-06-17,COD,delivered
OC003408,C001296,262.75,2025-12-24,prepaid,delivered
OC003409,C001296,1003.08,2026-02-01,prepaid,delivered
OC003410,C001296,302.56,2026-04-11,COD,delivered
OC003411,C001296,685.38,2026-05-06,COD,refused
OC003412,C001296,228.41,2026-05-18,COD,delivered
OC003413,C001296,958.45,2026-07-05,prepaid,delivered
OC003414,C001296,1574.01,2026-07-31,prepaid,delivered
OC003415,C001296,823.72,2026-08-14,prepaid,delivered
OC003416,C001297,309.89,2025-10-05,COD,delivered
OC003417,C001297,710.82,2025-10-18,prepaid,delivered
OC003418,C001298,238.2,2026-07-19,COD,delivered
OC003419,C001298,968.45,2026-08-16,COD,refused
OC003420,C001299,208.38,2026-06-15,prepaid,delivered
OC003421,C001299,1291.26,2026-07-23,COD,delivered
OC003422,C001299,99.0,2026-07-28,COD,refused
OC003423,C001299,1080.57,2026-08-04,COD,delivered
OC003424,C001300,1629.75,2025-10-30,COD,delivered
OC003425,C001300,1038.14,2025-11-20,COD,delivered
OC003426,C001300,691.16,2025-12-04,prepaid,delivered
OC003427,C001301,272.59,2026-07-11,prepaid,delivered
OC003428,C001301,689.61,2026-07-19,prepaid,delivered
OC003429,C001302,589.46,2025-12-19,COD,delivered
OC003430,C001302,540.73,2026-01-30,prepaid,delivered
OC003431,C001302,99.0,2026-02-06,COD,delivered
OC003432,C001303,541.99,2025-09-29,prepaid,delivered
OC003433,C001303,248.74,2025-10-03,COD,delivered
OC003434,C001303,793.7,2025-10-27,COD,delivered
OC003435,C001303,1038.59,2025-11-13,COD,delivered
OC003436,C001304,182.73,2026-03-19,prepaid,delivered
OC003437,C001304,792.4,2026-03-27,prepaid,delivered
OC003438,C001304,346.81,2026-03-29,prepaid,delivered
OC003439,C001304,576.23,2026-04-13,prepaid,delivered
OC003440,C001304,595.85,2026-05-30,prepaid,delivered
OC003441,C001305,1124.97,2025-11-08,prepaid,delivered
OC003442,C001305,99.0,2025-12-24,prepaid,delivered
OC003443,C001307,424.73,2026-07-25,prepaid,delivered
OC003444,C001308,1030.81,2025-12-19,prepaid,delivered
OC003445,C001308,188.32,2026-01-27,COD,delivered
OC003446,C001308,113.48,2026-01-30,prepaid,delivered
OC003447,C001308,1026.02,2026-03-02,prepaid,delivered
OC003448,C001309,1453.29,2026-01-12,COD,delivered
OC003449,C001309,715.57,2026-02-25,prepaid,delivered
OC003450,C001309,779.18,2026-03-16,prepaid,delivered
OC003451,C001309,728.26,2026-05-14,prepaid,delivered
OC003452,C001309,326.73,2026-05-27,COD,delivered
OC003453,C001309,871.2,2026-07-15,prepaid,delivered
OC003454,C001310,352.28,2026-01-24,prepaid,delivered
OC003455,C001311,131.59,2026-01-20,prepaid,delivered
OC003456,C001311,945.28,2026-01-24,prepaid,delivered
OC003457,C001311,832.86,2026-03-10,COD,refused
OC003458,C001312,539.67,2025-12-22,prepaid,delivered
OC003459,C001312,691.61,2026-01-22,prepaid,delivered
OC003460,C001313,393.91,2026-03-08,COD,delivered
OC003461,C001313,182.19,2026-03-28,COD,delivered
OC003462,C001313,806.06,2026-04-03,prepaid,delivered
OC003463,C001314,399.74,2026-03-10,COD,delivered
OC003464,C001314,1328.15,2026-03-17,COD,delivered
OC003465,C001315,1275.15,2026-05-21,COD,delivered
OC003466,C001315,513.16,2026-05-28,prepaid,delivered
OC003467,C001315,607.71,2026-07-16,prepaid,delivered
OC003468,C001315,956.55,2026-07-24,prepaid,delivered
OC003469,C001316,389.65,2026-07-19,COD,delivered
OC003470,C001316,951.52,2026-08-08,prepaid,delivered
OC003471,C001316,801.01,2026-08-19,prepaid,delivered
OC003472,C001317,267.86,2026-04-15,prepaid,delivered
OC003473,C001317,486.62,2026-05-19,prepaid,delivered
OC003474,C001318,303.2,2026-01-14,prepaid,delivered
OC003475,C001318,1762.68,2026-02-03,prepaid,delivered
OC003476,C001318,477.3,2026-02-09,prepaid,delivered
OC003477,C001319,99.0,2026-02-01,prepaid,delivered
OC003478,C001319,1205.11,2026-04-05,prepaid,delivered
OC003479,C001319,592.37,2026-04-20,prepaid,delivered
OC003480,C001320,1097.86,2025-12-21,prepaid,delivered
OC003481,C001320,443.55,2025-12-29,prepaid,delivered
OC003482,C001320,950.08,2026-02-12,COD,delivered
OC003483,C001320,401.67,2026-02-23,prepaid,delivered
OC003484,C001320,950.27,2026-02-25,prepaid,delivered
OC003485,C001320,1005.96,2026-03-02,prepaid,delivered
OC003486,C001321,1109.09,2026-08-19,prepaid,delivered
OC003487,C001321,1339.64,2026-08-24,prepaid,delivered
OC003488,C001322,495.8,2026-03-11,prepaid,delivered
OC003489,C001322,99.0,2026-03-29,prepaid,delivered
OC003490,C001322,700.74,2026-05-21,prepaid,delivered
OC003491,C001322,834.32,2026-07-02,prepaid,delivered
OC003492,C001323,442.45,2026-06-03,prepaid,delivered
OC003493,C001323,673.64,2026-06-06,prepaid,delivered
OC003494,C001323,142.02,2026-07-21,COD,delivered
OC003495,C001323,390.86,2026-08-22,prepaid,delivered
OC003496,C001325,409.46,2025-11-05,prepaid,delivered
OC003497,C001325,99.0,2025-11-09,prepaid,delivered
OC003498,C001325,1238.02,2026-01-18,prepaid,delivered
OC003499,C001325,99.0,2026-02-17,COD,delivered
OC003500,C001326,1633.74,2025-12-17,prepaid,delivered
OC003501,C001326,685.98,2026-02-03,prepaid,delivered
OC003502,C001326,1089.24,2026-02-21,prepaid,delivered
OC003503,C001326,1086.54,2026-03-12,COD,delivered
OC003504,C001326,983.0,2026-04-04,prepaid,delivered
OC003505,C001327,875.57,2026-04-19,prepaid,delivered
OC003506,C001327,1022.47,2026-05-19,COD,delivered
OC003507,C001327,495.45,2026-06-06,COD,refused
OC003508,C001327,1127.35,2026-06-20,prepaid,delivered
OC003509,C001327,766.62,2026-07-17,prepaid,delivered
OC003510,C001327,99.0,2026-07-21,prepaid,delivered
OC003511,C001328,354.45,2025-10-05,prepaid,delivered
OC003512,C001328,722.44,2025-10-28,COD,delivered
OC003513,C001328,551.47,2025-11-05,COD,delivered
OC003514,C001329,812.89,2026-03-25,prepaid,delivered
OC003515,C001329,530.56,2026-04-09,COD,delivered
OC003516,C001329,345.2,2026-06-17,prepaid,delivered
OC003517,C001330,1358.17,2026-04-15,prepaid,delivered
OC003518,C001330,667.32,2026-04-22,COD,refused
OC003519,C001330,614.19,2026-07-26,prepaid,delivered
OC003520,C001330,607.01,2026-08-14,prepaid,delivered
OC003521,C001332,99.0,2026-05-12,prepaid,delivered
OC003522,C001333,1057.43,2026-07-07,prepaid,delivered
OC003523,C001333,559.07,2026-08-01,prepaid,delivered
OC003524,C001333,1196.17,2026-08-13,prepaid,delivered
OC003525,C001334,1070.65,2026-02-11,prepaid,delivered
OC003526,C001334,1133.56,2026-02-28,COD,delivered
OC003527,C001334,1152.01,2026-03-19,prepaid,delivered
OC003528,C001335,544.16,2026-05-20,prepaid,delivered
OC003529,C001337,344.9,2026-04-25,prepaid,delivered
OC003530,C001337,764.6,2026-06-13,prepaid,delivered
OC003531,C001337,434.3,2026-06-26,prepaid,delivered
OC003532,C001337,527.5,2026-07-02,COD,delivered
OC003533,C001338,99.0,2025-11-12,COD,delivered
OC003534,C001338,1075.51,2025-12-09,COD,delivered
OC003535,C001338,1115.22,2026-01-17,prepaid,delivered
OC003536,C001339,99.0,2026-05-30,prepaid,delivered
OC003537,C001339,1356.66,2026-06-18,prepaid,delivered
OC003538,C001340,1075.45,2026-02-11,COD,delivered
OC003539,C001344,1126.5,2026-06-26,prepaid,delivered
OC003540,C001344,266.54,2026-08-07,prepaid,delivered
OC003541,C001345,200.96,2025-11-17,prepaid,delivered
OC003542,C001345,655.32,2025-11-30,COD,delivered
OC003543,C001347,708.87,2026-03-21,COD,delivered
OC003544,C001347,572.47,2026-04-01,COD,delivered
OC003545,C001347,620.37,2026-04-19,prepaid,delivered
OC003546,C001347,648.97,2026-06-10,prepaid,delivered
OC003547,C001348,1339.38,2026-03-18,prepaid,delivered
OC003548,C001348,2048.31,2026-05-12,prepaid,delivered
OC003549,C001348,116.15,2026-05-17,prepaid,delivered
OC003550,C001349,646.44,2025-11-28,prepaid,delivered
OC003551,C001350,696.09,2026-05-24,prepaid,delivered
OC003552,C001350,706.85,2026-06-05,prepaid,delivered
OC003553,C001351,132.02,2026-02-15,prepaid,delivered
OC003554,C001352,618.44,2026-02-06,COD,delivered
OC003555,C001352,1331.15,2026-02-20,COD,delivered
OC003556,C001352,99.0,2026-02-27,prepaid,delivered
OC003557,C001352,1029.28,2026-03-08,prepaid,delivered
OC003558,C001352,99.0,2026-03-19,COD,delivered
OC003559,C001353,1469.36,2025-11-09,prepaid,delivered
OC003560,C001353,839.45,2025-11-16,prepaid,delivered
OC003561,C001353,918.32,2026-02-18,prepaid,delivered
OC003562,C001353,850.64,2026-02-24,prepaid,delivered
OC003563,C001353,410.44,2026-03-02,prepaid,delivered
OC003564,C001353,186.38,2026-04-13,COD,delivered
OC003565,C001353,568.79,2026-04-26,COD,delivered
OC003566,C001354,656.77,2025-12-27,COD,delivered
OC003567,C001354,1223.09,2025-12-31,prepaid,delivered
OC003568,C001354,320.44,2026-01-04,prepaid,delivered
OC003569,C001355,495.31,2025-10-14,COD,delivered
OC003570,C001355,1032.94,2025-11-06,prepaid,delivered
OC003571,C001355,722.38,2025-12-03,COD,delivered
OC003572,C001356,497.58,2026-03-21,prepaid,delivered
OC003573,C001356,172.83,2026-03-29,COD,refused
OC003574,C001356,456.93,2026-08-15,COD,delivered
OC003575,C001357,404.33,2026-03-26,prepaid,delivered
OC003576,C001357,913.36,2026-03-29,prepaid,delivered
OC003577,C001359,765.35,2025-11-10,prepaid,delivered
OC003578,C001359,867.05,2025-12-09,prepaid,delivered
OC003579,C001360,608.18,2025-10-05,prepaid,delivered
OC003580,C001360,1552.07,2025-11-03,prepaid,delivered
OC003581,C001361,473.12,2026-04-27,COD,delivered
OC003582,C001361,99.0,2026-05-13,COD,delivered
OC003583,C001361,1288.38,2026-05-30,prepaid,delivered
OC003584,C001361,791.12,2026-06-28,COD,delivered
OC003585,C001362,363.79,2026-03-14,COD,delivered
OC003586,C001362,774.37,2026-03-31,prepaid,delivered
OC003587,C001362,736.41,2026-05-18,COD,delivered
OC003588,C001362,947.64,2026-05-25,prepaid,delivered
OC003589,C001363,1010.13,2026-04-02,prepaid,delivered
OC003590,C001363,492.58,2026-04-20,COD,delivered
OC003591,C001364,696.6,2025-10-25,COD,delivered
OC003592,C001364,334.77,2025-11-21,prepaid,delivered
OC003593,C001364,706.0,2026-01-09,COD,delivered
OC003594,C001364,708.48,2026-01-15,prepaid,delivered
OC003595,C001364,1262.54,2026-03-25,COD,delivered
OC003596,C001364,150.95,2026-05-01,COD,delivered
OC003597,C001365,1852.72,2026-02-13,COD,delivered
OC003598,C001365,886.22,2026-04-13,COD,delivered
OC003599,C001366,528.0,2025-10-05,prepaid,delivered
OC003600,C001366,974.47,2025-10-24,COD,delivered
OC003601,C001367,294.14,2026-02-12,prepaid,delivered
OC003602,C001369,1433.57,2025-10-01,prepaid,delivered
OC003603,C001369,1268.3,2025-12-16,prepaid,delivered
OC003604,C001369,147.77,2026-01-02,prepaid,delivered
OC003605,C001369,1258.51,2026-02-07,prepaid,delivered
OC003606,C001370,1062.01,2026-07-29,prepaid,delivered
OC003607,C001371,194.02,2025-11-12,COD,delivered
OC003608,C001371,312.68,2025-12-18,COD,delivered
OC003609,C001371,1219.2,2025-12-28,prepaid,delivered
OC003610,C001372,605.03,2025-12-23,prepaid,delivered
OC003611,C001372,912.76,2026-01-02,prepaid,delivered
OC003612,C001373,927.44,2026-04-01,COD,delivered
OC003613,C001373,826.31,2026-05-03,COD,delivered
OC003614,C001373,514.89,2026-05-20,prepaid,delivered
OC003615,C001373,680.45,2026-06-07,COD,delivered
OC003616,C001373,838.4,2026-06-17,COD,delivered
OC003617,C001373,650.8,2026-07-03,prepaid,delivered
OC003618,C001373,962.26,2026-07-20,prepaid,delivered
OC003619,C001375,1034.46,2026-01-12,COD,refused
OC003620,C001375,766.01,2026-02-19,prepaid,delivered
OC003621,C001375,660.9,2026-03-06,prepaid,delivered
OC003622,C001376,313.29,2026-08-26,prepaid,delivered
OC003623,C001377,747.92,2025-11-01,prepaid,delivered
OC003624,C001377,1135.21,2025-12-08,COD,delivered
OC003625,C001378,473.4,2025-10-02,COD,delivered
OC003626,C001379,516.24,2025-12-21,COD,delivered
OC003627,C001379,1223.24,2026-01-06,prepaid,delivered
OC003628,C001379,1103.39,2026-01-27,COD,refused
OC003629,C001380,127.23,2026-04-04,prepaid,delivered
OC003630,C001380,792.03,2026-05-08,prepaid,delivered
OC003631,C001380,578.27,2026-06-14,prepaid,delivered
OC003632,C001380,646.5,2026-07-25,prepaid,delivered
OC003633,C001381,323.99,2026-01-11,prepaid,delivered
OC003634,C001381,655.32,2026-02-07,COD,delivered
OC003635,C001381,772.44,2026-07-20,prepaid,delivered
OC003636,C001382,1196.34,2026-05-30,prepaid,delivered
OC003637,C001382,99.0,2026-06-20,prepaid,delivered
OC003638,C001383,790.64,2025-12-29,COD,delivered
OC003639,C001383,884.64,2026-01-08,COD,delivered
OC003640,C001383,1211.62,2026-02-18,prepaid,delivered
OC003641,C001383,684.39,2026-03-19,COD,refused
OC003642,C001383,237.29,2026-03-31,prepaid,delivered
OC003643,C001384,582.74,2026-02-05,COD,delivered
OC003644,C001384,1192.04,2026-03-03,COD,delivered
OC003645,C001384,443.61,2026-03-30,COD,delivered
OC003646,C001384,569.15,2026-04-05,COD,delivered
OC003647,C001385,1501.47,2026-07-10,prepaid,delivered
OC003648,C001385,99.0,2026-08-22,prepaid,delivered
OC003649,C001388,830.44,2025-12-03,prepaid,delivered
OC003650,C001388,510.3,2025-12-22,COD,delivered
OC003651,C001388,973.77,2026-01-18,prepaid,delivered
OC003652,C001388,386.91,2026-04-27,prepaid,delivered
OC003653,C001388,1073.18,2026-06-25,prepaid,delivered
OC003654,C001389,99.0,2026-08-23,prepaid,delivered
OC003655,C001390,993.66,2025-12-20,prepaid,delivered
OC003656,C001390,675.05,2026-01-19,prepaid,delivered
OC003657,C001392,992.59,2026-08-21,prepaid,delivered
OC003658,C001394,216.48,2025-09-30,COD,delivered
OC003659,C001394,921.3,2025-10-04,prepaid,delivered
OC003660,C001394,1037.19,2025-10-14,prepaid,delivered
OC003661,C001396,687.92,2026-06-13,COD,delivered
OC003662,C001397,544.03,2026-08-16,prepaid,delivered
OC003663,C001398,665.24,2026-07-30,prepaid,delivered
OC003664,C001398,99.0,2026-08-04,prepaid,delivered
OC003665,C001398,1543.83,2026-08-11,prepaid,delivered
OC003666,C001400,99.0,2026-03-17,COD,delivered
OC003667,C001400,437.81,2026-03-19,prepaid,delivered
OC003668,C001401,384.76,2025-09-19,prepaid,delivered
OC003669,C001401,246.08,2025-10-08,prepaid,delivered
OC003670,C001402,602.68,2025-12-20,prepaid,delivered
OC003671,C001402,386.55,2026-01-10,prepaid,delivered
OC003672,C001402,1118.81,2026-03-08,prepaid,delivered
OC003673,C001402,1333.09,2026-04-23,prepaid,delivered
OC003674,C001404,896.25,2025-12-23,COD,delivered
OC003675,C001404,323.33,2026-01-05,prepaid,delivered
OC003676,C001404,817.28,2026-01-22,prepaid,delivered
OC003677,C001405,1562.9,2026-08-01,COD,delivered
OC003678,C001406,312.3,2026-03-22,prepaid,delivered
OC003679,C001406,754.55,2026-04-16,prepaid,delivered
OC003680,C001406,685.98,2026-04-20,prepaid,delivered
OC003681,C001406,876.47,2026-04-26,prepaid,delivered
OC003682,C001406,266.87,2026-05-23,prepaid,delivered
OC003683,C001407,238.51,2026-02-05,COD,delivered
OC003684,C001408,683.26,2026-04-14,prepaid,delivered
OC003685,C001408,926.16,2026-05-13,COD,refused
OC003686,C001409,643.7,2025-11-03,prepaid,delivered
OC003687,C001409,414.18,2025-11-05,prepaid,delivered
OC003688,C001409,679.24,2025-11-26,COD,delivered
OC003689,C001409,522.46,2026-01-22,prepaid,delivered
OC003690,C001410,470.4,2026-05-03,prepaid,delivered
OC003691,C001410,304.65,2026-05-31,COD,delivered
OC003692,C001410,657.1,2026-06-11,COD,delivered
OC003693,C001410,744.78,2026-07-19,COD,delivered
OC003694,C001410,740.18,2026-08-10,COD,delivered
OC003695,C001410,665.71,2026-08-15,COD,refused
OC003696,C001412,516.79,2026-02-07,COD,delivered
OC003697,C001412,200.29,2026-02-10,prepaid,delivered
OC003698,C001412,943.97,2026-02-23,prepaid,delivered
OC003699,C001412,936.92,2026-02-28,prepaid,delivered
OC003700,C001412,1036.35,2026-03-10,prepaid,delivered
OC003701,C001412,635.33,2026-03-15,prepaid,delivered
OC003702,C001413,662.92,2026-08-11,prepaid,delivered
OC003703,C001415,872.71,2026-05-27,COD,delivered
OC003704,C001415,753.85,2026-06-15,prepaid,delivered
OC003705,C001415,1103.32,2026-07-09,COD,delivered
OC003706,C001416,99.0,2026-05-11,prepaid,delivered
OC003707,C001416,1122.14,2026-06-28,prepaid,delivered
OC003708,C001417,340.06,2026-06-15,prepaid,delivered
OC003709,C001417,99.0,2026-06-18,prepaid,delivered
OC003710,C001417,781.36,2026-06-20,COD,delivered
OC003711,C001418,272.16,2025-12-09,COD,delivered
OC003712,C001418,788.75,2025-12-28,COD,delivered
OC003713,C001419,504.8,2026-04-25,prepaid,delivered
OC003714,C001419,485.15,2026-05-04,COD,refused
OC003715,C001419,436.92,2026-06-04,prepaid,delivered
OC003716,C001419,276.49,2026-06-11,prepaid,delivered
OC003717,C001420,1165.91,2026-02-08,COD,delivered
OC003718,C001420,99.0,2026-03-05,prepaid,delivered
OC003719,C001420,801.24,2026-03-21,COD,delivered
OC003720,C001422,347.03,2026-07-23,COD,refused
OC003721,C001422,338.1,2026-08-12,prepaid,delivered
OC003722,C001423,359.29,2025-11-28,prepaid,delivered
OC003723,C001423,929.48,2025-11-30,COD,delivered
OC003724,C001423,1147.55,2025-12-10,prepaid,delivered
OC003725,C001424,1552.09,2025-11-14,COD,delivered
OC003726,C001424,830.65,2025-11-17,COD,delivered
OC003727,C001424,511.99,2025-12-11,COD,delivered
OC003728,C001425,1518.98,2026-06-05,prepaid,delivered
OC003729,C001425,300.56,2026-07-10,prepaid,delivered
OC003730,C001425,385.06,2026-07-13,COD,delivered
OC003731,C001425,558.75,2026-08-04,prepaid,delivered
OC003732,C001426,505.44,2026-08-06,COD,delivered
OC003733,C001427,688.79,2026-03-30,COD,delivered
OC003734,C001427,1115.26,2026-04-18,prepaid,delivered
OC003735,C001427,454.88,2026-05-04,COD,delivered
OC003736,C001428,584.71,2025-12-20,prepaid,delivered
OC003737,C001428,962.5,2026-01-16,prepaid,delivered
OC003738,C001428,99.0,2026-01-21,prepaid,delivered
OC003739,C001428,198.24,2026-01-24,COD,delivered
OC003740,C001428,670.38,2026-02-07,prepaid,delivered
OC003741,C001428,437.62,2026-03-10,prepaid,delivered
OC003742,C001429,990.22,2026-07-17,COD,delivered
OC003743,C001429,573.73,2026-08-09,COD,delivered
OC003744,C001430,926.64,2026-01-26,prepaid,delivered
OC003745,C001430,576.74,2026-04-26,prepaid,delivered
OC003746,C001430,688.91,2026-05-01,prepaid,delivered
OC003747,C001431,699.86,2026-07-07,COD,delivered
OC003748,C001431,1071.88,2026-07-17,COD,delivered
OC003749,C001432,944.84,2025-12-16,COD,delivered
OC003750,C001432,105.57,2026-01-01,prepaid,delivered
OC003751,C001432,446.11,2026-01-26,prepaid,delivered
OC003752,C001433,284.11,2025-12-22,COD,delivered
OC003753,C001434,888.32,2026-01-30,prepaid,delivered
OC003754,C001434,99.0,2026-02-17,COD,delivered
OC003755,C001435,976.03,2025-10-14,prepaid,delivered
OC003756,C001435,276.91,2025-10-22,prepaid,delivered
OC003757,C001436,1075.16,2026-04-03,prepaid,delivered
OC003758,C001436,458.66,2026-05-22,prepaid,delivered
OC003759,C001436,857.94,2026-07-21,COD,delivered
OC003760,C001437,99.0,2026-02-09,prepaid,delivered
OC003761,C001438,295.23,2025-11-25,prepaid,delivered
OC003762,C001438,478.74,2025-11-30,prepaid,delivered
OC003763,C001438,554.38,2025-12-24,prepaid,delivered
OC003764,C001439,832.45,2025-10-17,prepaid,delivered
OC003765,C001439,317.89,2025-10-27,prepaid,delivered
OC003766,C001439,786.04,2026-01-24,prepaid,delivered
OC003767,C001441,507.07,2026-04-22,prepaid,delivered
OC003768,C001441,437.62,2026-04-26,prepaid,delivered
OC003769,C001441,734.02,2026-05-23,COD,delivered
OC003770,C001441,479.09,2026-06-15,COD,delivered
OC003771,C001441,922.13,2026-06-24,prepaid,delivered
OC003772,C001442,808.14,2026-06-27,prepaid,delivered
OC003773,C001442,778.6,2026-06-29,prepaid,delivered
OC003774,C001442,757.6,2026-07-21,COD,delivered
OC003775,C001442,336.46,2026-07-25,prepaid,delivered
OC003776,C001442,830.42,2026-08-06,COD,delivered
OC003777,C001443,859.58,2026-02-06,COD,delivered
OC003778,C001443,672.66,2026-03-05,prepaid,delivered
OC003779,C001443,99.0,2026-03-13,prepaid,delivered
OC003780,C001445,811.5,2026-02-27,prepaid,delivered
OC003781,C001445,413.77,2026-04-20,prepaid,delivered
OC003782,C001445,143.25,2026-04-30,prepaid,delivered
OC003783,C001445,833.88,2026-05-14,COD,delivered
OC003784,C001445,399.06,2026-07-03,COD,delivered
OC003785,C001445,1185.76,2026-08-06,prepaid,delivered
OC003786,C001445,1027.63,2026-08-14,prepaid,delivered
OC003787,C001446,619.89,2026-01-14,prepaid,delivered
OC003788,C001446,831.23,2026-02-07,COD,delivered
OC003789,C001447,859.12,2026-08-01,COD,delivered
OC003790,C001448,631.52,2026-08-02,prepaid,delivered
OC003791,C001449,495.91,2025-12-28,COD,delivered
OC003792,C001449,426.04,2026-01-01,COD,delivered
OC003793,C001449,335.26,2026-02-08,COD,delivered
OC003794,C001450,831.98,2026-05-30,prepaid,delivered
OC003795,C001450,1142.81,2026-06-02,COD,delivered
OC003796,C001450,482.7,2026-07-28,prepaid,delivered
OC003797,C001450,99.0,2026-08-09,prepaid,delivered
OC003798,C001451,1042.99,2025-11-17,prepaid,delivered
OC003799,C001451,620.09,2025-11-27,prepaid,delivered
OC003800,C001451,99.0,2025-12-06,prepaid,delivered
OC003801,C001452,533.63,2026-07-01,prepaid,delivered
OC003802,C001453,613.37,2026-07-26,COD,delivered
OC003803,C001453,498.64,2026-08-07,prepaid,delivered
OC003804,C001454,481.73,2026-01-20,prepaid,delivered
OC003805,C001454,568.5,2026-04-02,COD,delivered
OC003806,C001454,1018.81,2026-05-13,prepaid,delivered
OC003807,C001455,988.16,2026-06-11,prepaid,delivered
OC003808,C001455,1011.89,2026-06-30,prepaid,delivered
OC003809,C001456,1487.6,2026-03-01,prepaid,delivered
OC003810,C001456,99.0,2026-03-30,prepaid,delivered
OC003811,C001456,1421.83,2026-04-05,COD,delivered
OC003812,C001456,1040.9,2026-04-20,COD,delivered
OC003813,C001456,153.89,2026-04-23,COD,delivered
OC003814,C001457,1133.87,2026-04-19,COD,delivered
OC003815,C001457,981.67,2026-04-26,prepaid,delivered
OC003816,C001457,994.53,2026-07-26,COD,delivered
OC003817,C001457,579.24,2026-08-02,COD,delivered
OC003818,C001458,1295.27,2026-07-25,prepaid,delivered
OC003819,C001459,99.0,2026-02-18,COD,delivered
OC003820,C001459,664.92,2026-03-09,prepaid,delivered
OC003821,C001459,501.86,2026-03-15,prepaid,delivered
OC003822,C001460,934.14,2026-08-27,prepaid,delivered
OC003823,C001461,99.0,2025-10-24,COD,refused
OC003824,C001461,1439.55,2025-10-30,prepaid,delivered
OC003825,C001461,1103.0,2025-12-02,COD,delivered
OC003826,C001462,457.45,2026-06-20,prepaid,delivered
OC003827,C001462,99.0,2026-07-17,COD,delivered
OC003828,C001463,804.18,2026-03-01,prepaid,delivered
OC003829,C001463,381.66,2026-03-06,prepaid,delivered
OC003830,C001463,1155.84,2026-04-20,prepaid,delivered
OC003831,C001463,948.55,2026-04-22,prepaid,delivered
OC003832,C001464,1022.81,2026-03-23,prepaid,delivered
OC003833,C001464,728.99,2026-03-28,COD,delivered
OC003834,C001464,492.96,2026-04-04,prepaid,delivered
OC003835,C001464,1086.93,2026-04-15,prepaid,delivered
OC003836,C001464,266.87,2026-05-31,prepaid,delivered
OC003837,C001465,99.0,2026-03-23,prepaid,delivered
OC003838,C001465,201.04,2026-05-24,prepaid,delivered
OC003839,C001466,939.1,2026-03-06,prepaid,delivered
OC003840,C001466,1394.44,2026-03-10,prepaid,delivered
OC003841,C001467,931.75,2025-09-27,COD,delivered
OC003842,C001468,235.41,2026-05-13,prepaid,delivered
OC003843,C001468,644.13,2026-05-25,prepaid,delivered
OC003844,C001468,621.46,2026-06-30,COD,delivered
OC003845,C001468,204.94,2026-08-19,prepaid,delivered
OC003846,C001469,667.54,2026-05-17,prepaid,delivered
OC003847,C001469,496.87,2026-07-26,COD,delivered
OC003848,C001470,749.25,2026-08-18,prepaid,delivered
OC003849,C001471,1150.76,2026-04-27,COD,delivered
OC003850,C001471,724.45,2026-06-06,prepaid,delivered
OC003851,C001472,99.0,2026-03-16,COD,delivered
OC003852,C001472,1109.93,2026-03-29,prepaid,delivered
OC003853,C001472,1327.28,2026-04-13,COD,delivered
OC003854,C001472,472.58,2026-05-25,prepaid,delivered
OC003855,C001473,573.32,2025-09-12,prepaid,delivered
OC003856,C001475,424.04,2026-02-24,COD,delivered
OC003857,C001475,781.93,2026-03-20,prepaid,delivered
OC003858,C001475,587.32,2026-03-29,COD,delivered
OC003859,C001475,959.48,2026-04-01,prepaid,delivered
OC003860,C001475,502.58,2026-04-07,COD,delivered
OC003861,C001475,1406.96,2026-04-25,prepaid,delivered
OC003862,C001476,99.0,2026-03-04,prepaid,delivered
OC003863,C001476,465.21,2026-04-10,prepaid,delivered
OC003864,C001476,209.53,2026-04-27,prepaid,delivered
OC003865,C001476,566.32,2026-05-03,prepaid,delivered
OC003866,C001477,985.66,2026-07-09,prepaid,delivered
OC003867,C001477,580.57,2026-08-02,prepaid,delivered
OC003868,C001478,1074.62,2026-03-15,prepaid,delivered
OC003869,C001478,315.79,2026-05-15,prepaid,delivered
OC003870,C001479,607.64,2026-06-19,prepaid,delivered
OC003871,C001479,242.89,2026-06-29,prepaid,delivered
OC003872,C001479,500.77,2026-07-08,COD,delivered
OC003873,C001479,862.54,2026-07-16,prepaid,delivered
OC003874,C001480,376.9,2026-04-12,prepaid,delivered
OC003875,C001480,329.47,2026-05-12,prepaid,delivered
OC003876,C001480,1361.32,2026-05-15,prepaid,delivered
OC003877,C001480,239.73,2026-05-22,COD,refused
OC003878,C001480,845.76,2026-08-09,prepaid,delivered
OC003879,C001481,817.9,2026-02-20,COD,delivered
OC003880,C001481,697.46,2026-03-31,COD,delivered
OC003881,C001481,183.57,2026-06-01,COD,delivered
OC003882,C001481,496.47,2026-07-24,prepaid,delivered
OC003883,C001481,1050.1,2026-08-23,prepaid,delivered
OC003884,C001482,709.72,2026-05-22,COD,delivered
OC003885,C001482,430.73,2026-06-30,COD,delivered
OC003886,C001483,549.48,2026-02-25,prepaid,delivered
OC003887,C001484,245.88,2026-01-29,prepaid,delivered
OC003888,C001484,662.55,2026-02-09,prepaid,delivered
OC003889,C001485,439.68,2026-04-01,COD,delivered
OC003890,C001485,846.77,2026-04-15,COD,delivered
OC003891,C001486,167.77,2025-10-28,prepaid,delivered
OC003892,C001486,709.2,2025-12-22,COD,delivered
OC003893,C001486,1149.89,2025-12-31,prepaid,delivered
OC003894,C001487,135.88,2026-02-03,COD,delivered
OC003895,C001487,406.39,2026-06-26,COD,delivered
OC003896,C001487,662.57,2026-07-13,COD,delivered
OC003897,C001487,220.93,2026-08-20,prepaid,delivered
OC003898,C001488,636.27,2026-03-24,prepaid,delivered
OC003899,C001488,1424.11,2026-04-09,COD,delivered
OC003900,C001488,99.0,2026-07-01,prepaid,delivered
OC003901,C001489,795.96,2025-11-23,prepaid,delivered
OC003902,C001489,1473.13,2026-01-02,prepaid,delivered
OC003903,C001489,466.85,2026-01-05,COD,refused
OC003904,C001490,138.52,2025-11-25,prepaid,delivered
OC003905,C001491,1327.78,2026-08-16,COD,refused
OC003906,C001492,1543.04,2026-04-29,COD,delivered
OC003907,C001494,890.62,2025-10-19,prepaid,delivered
OC003908,C001494,1262.97,2025-11-03,COD,delivered
OC003909,C001494,560.8,2026-01-13,COD,delivered
OC003910,C001494,99.0,2026-02-20,prepaid,delivered
OC003911,C001495,834.73,2026-01-04,COD,delivered
OC003912,C001495,1527.3,2026-01-12,COD,delivered
OC003913,C001495,1245.6,2026-01-14,COD,delivered
OC003914,C001496,693.06,2025-12-12,COD,delivered
OC003915,C001496,815.87,2026-02-23,COD,delivered
OC003916,C001496,99.0,2026-03-10,prepaid,delivered
OC003917,C001496,925.51,2026-04-09,prepaid,delivered
OC003918,C001498,886.26,2026-02-24,prepaid,delivered
OC003919,C001498,630.42,2026-05-29,prepaid,delivered
OC003920,C001498,556.86,2026-06-28,COD,delivered
OC003921,C001498,981.55,2026-07-28,prepaid,delivered
OC003922,C001500,99.0,2026-07-31,COD,refused
OC003923,C001500,526.9,2026-08-09,prepaid,delivered
OC003924,C001500,735.11,2026-08-16,prepaid,delivered
