user_id,order_id,order_value,order_date,delivery_pincode
U000001,O000001,945.97,2026-04-20,613332
U000002,O000002,948.63,2026-04-21,687203
U000002,O000003,951.19,2026-04-22,687203
U000003,O000004,950.57,2026-04-22,573210
U000004,O000005,946.92,2026-04-22,799767
U000004,O000006,936.22,2026-04-23,799767
U000005,O000007,941.12,2026-04-21,681151
U000006,O000008,938.56,2026-04-20,858190
U000007,O000009,937.95,2026-04-20,345398
U000007,O000010,955.32,2026-04-21,345398
U000008,O000011,954.39,2026-04-20,303990
U000009,O000012,943.6,2026-04-20,535683
U000010,O000013,946.11,2026-04-21,316371
U000011,O000014,961.38,2026-04-20,272864
U000011,O000015,939.11,2026-04-20,272864
U000012,O000016,942.39,2026-04-20,734083
U000012,O000017,948.23,2026-04-20,734083
U000013,O000018,957.76,2026-04-22,720059
U000014,O000019,2097.86,2026-02-03,555124
U000014,O000020,2096.57,2026-02-03,555124
U000015,O000021,2099.81,2026-02-02,329561
U000016,O000022,2077.62,2026-02-02,211004
U000016,O000023,2084.71,2026-02-02,211004
U000017,O000024,2084.92,2026-02-03,557154
U000018,O000025,2083.77,2026-02-05,473042
U000019,O000026,2095.12,2026-02-03,727077
U000020,O000027,2079.77,2026-02-03,797711
U000020,O000028,2083.1,2026-02-04,797711
U000021,O000029,2102.58,2026-02-02,508308
U000022,O000030,2094.07,2026-02-02,684072
U000023,O000031,2081.17,2026-02-02,757868
U000024,O000032,2102.74,2026-02-03,395718
U000025,O000033,2078.38,2026-02-02,854716
U000026,O000034,1804.88,2025-10-31,608541
U000027,O000035,1802.32,2025-10-31,842531
U000028,O000036,1789.52,2025-11-01,237440
U000029,O000037,1812.8,2025-11-01,572706
U000029,O000038,1815.94,2025-11-02,572706
U000030,O000039,1800.61,2025-11-02,246753
U000031,O000040,1808.05,2025-10-31,690607
U000031,O000041,1813.53,2025-10-31,690607
U000032,O000042,1809.32,2025-10-31,636617
U000033,O000043,1793.52,2025-11-02,255756
U000033,O000044,1809.87,2025-11-03,255756
U000034,O000045,1801.74,2025-10-31,842359
U000034,O000046,1789.09,2025-11-01,842359
U000035,O000047,1790.83,2025-11-02,143330
U000035,O000048,1804.61,2025-11-03,143330
U000036,O000049,1800.44,2025-11-02,126608
U000037,O000050,1810.07,2025-11-02,673767
U000037,O000051,1795.81,2025-11-03,673767
U000038,O000052,1811.01,2025-11-01,506280
U000038,O000053,1795.98,2025-11-01,506280
U000039,O000054,1797.33,2025-11-01,363083
U000040,O000055,1788.56,2025-11-01,893755
U000041,O000056,1359.88,2026-02-02,371588
U000041,O000057,1365.88,2026-02-02,371588
U000042,O000058,1364.73,2026-02-04,685800
U000042,O000059,1355.11,2026-02-05,685800
U000043,O000060,1365.75,2026-02-03,713534
U000044,O000061,1359.46,2026-02-03,295923
U000045,O000062,1372.98,2026-02-04,210395
U000045,O000063,1360.89,2026-02-04,210395
U000046,O000064,1379.25,2026-02-03,883695
U000047,O000065,1379.99,2026-02-02,447987
U000047,O000066,1359.47,2026-02-03,447987
U000048,O000067,1370.9,2026-02-04,525583
U000049,O000068,1356.05,2026-02-04,671705
U000050,O000069,1372.36,2026-02-02,771782
U000050,O000070,1360.91,2026-02-02,771782
U000051,O000071,1371.38,2026-02-03,785061
U000051,O000072,1377.43,2026-02-04,785061
U000052,O000073,1361.65,2026-02-04,532944
U000052,O000074,1354.17,2026-02-05,532944
U000053,O000075,1367.03,2026-02-05,318467
U000053,O000076,1377.63,2026-02-05,318467
U000054,O000077,1367.13,2026-02-03,379649
U000054,O000078,1375.5,2026-02-04,379649
U000055,O000079,810.64,2026-01-17,364499
U000056,O000080,785.13,2026-01-16,669807
U000057,O000081,809.65,2026-01-17,432324
U000058,O000082,801.66,2026-01-17,438466
U000059,O000083,788.84,2026-01-17,270536
U000060,O000084,809.18,2026-01-17,709426
U000061,O000085,797.83,2026-01-18,829625
U000061,O000086,803.8,2026-01-19,829625
U000062,O000087,784.07,2026-01-18,604837
U000063,O000088,1455.52,2025-10-02,727397
U000064,O000089,1465.12,2025-10-02,892780
U000064,O000090,1449.97,2025-10-03,892780
U000065,O000091,1446.43,2025-10-03,443755
U000065,O000092,1440.87,2025-10-03,443755
U000066,O000093,1455.13,2025-10-03,172780
U000066,O000094,1446.82,2025-10-04,172780
U000067,O000095,1440.82,2025-10-01,141356
U000067,O000096,1460.67,2025-10-01,141356
U000068,O000097,1463.43,2025-10-02,686467
U000069,O000098,1460.94,2025-10-01,188096
U000070,O000099,1460.01,2025-10-01,440020
U000070,O000100,1467.21,2025-10-01,440020
U000071,O000101,1465.44,2025-10-01,456676
U000072,O000102,1458.66,2025-10-02,323528
U000073,O000103,1444.87,2025-10-01,608117
U000073,O000104,1447.02,2025-10-02,608117
U000074,O000105,1466.26,2025-10-02,839977
U000075,O000106,1446.55,2025-10-01,693834
U000076,O000107,1449.27,2025-10-03,107214
U000076,O000108,1457.92,2025-10-03,107214
U000077,O000109,1983.05,2026-07-26,462890
U000078,O000110,2001.56,2026-07-25,601711
U000078,O000111,2000.37,2026-07-25,601711
U000079,O000112,1987.29,2026-07-26,817291
U000080,O000113,1989.65,2026-07-26,656409
U000081,O000114,1979.57,2026-07-25,683424
U000081,O000115,1984.34,2026-07-25,683424
U000082,O000116,1989.38,2026-07-25,537805
U000083,O000117,2003.8,2025-12-23,685135
U000083,O000118,2011.25,2025-12-23,685135
U000084,O000119,2017.89,2025-12-22,141182
U000084,O000120,2020.61,2025-12-22,141182
U000085,O000121,2014.2,2025-12-22,594759
U000086,O000122,2005.38,2025-12-24,241165
U000086,O000123,2000.22,2025-12-24,241165
U000087,O000124,2027.63,2025-12-24,162631
U000088,O000125,2025.02,2025-12-22,835416
U000089,O000126,2010.36,2025-12-22,449208
U000090,O000127,2007.54,2025-12-23,188784
U000090,O000128,2020.37,2025-12-23,188784
U000091,O000129,2025.41,2025-12-24,884841
U000092,O000130,2013.06,2025-12-24,221182
U000093,O000131,2016.95,2025-12-25,316858
U000094,O000132,223.78,2026-05-10,102678
U000095,O000133,230.19,2026-05-08,271543
U000095,O000134,218.23,2026-05-09,271543
U000096,O000135,228.17,2026-05-09,162626
U000096,O000136,218.68,2026-05-09,162626
U000097,O000137,233.37,2026-05-09,145137
U000098,O000138,221.7,2026-05-09,474316
U000098,O000139,220.87,2026-05-09,474316
U000099,O000140,215.13,2026-05-09,495594
U000100,O000141,237.54,2026-05-10,619627
U000100,O000142,237.38,2026-05-10,619627
U000101,O000143,226.24,2026-05-09,315811
U000102,O000144,213.43,2026-05-10,869509
U000103,O000145,239.86,2026-05-09,774743
U000104,O000146,232.7,2026-05-08,517566
U000105,O000147,213.71,2026-05-09,895779
U000105,O000148,235.55,2026-05-10,895779
U000106,O000149,222.73,2026-05-09,867504
U000107,O000150,461.54,2026-01-21,673553
U000108,O000151,469.17,2026-01-20,392357
U000108,O000152,477.64,2026-01-21,392357
U000109,O000153,458.43,2026-01-21,841076
U000109,O000154,469.8,2026-01-21,841076
U000110,O000155,451.33,2026-01-18,684895
U000110,O000156,473.76,2026-01-18,684895
U000111,O000157,473.3,2026-01-20,827757
U000111,O000158,463.4,2026-01-20,827757
U000112,O000159,741.85,2026-06-25,297392
U000113,O000160,742.03,2026-06-26,224075
U000114,O000161,727.34,2026-06-26,697784
U000115,O000162,723.63,2026-06-24,778636
U000116,O000163,744.72,2026-06-24,857236
U000116,O000164,725.03,2026-06-25,857236
U000117,O000165,1558.61,2026-02-27,659846
U000118,O000166,1561.75,2026-02-25,423552
U000119,O000167,1555.14,2026-02-26,797504
U000119,O000168,1567.89,2026-02-27,797504
U000120,O000169,1546.6,2026-02-25,864926
U000121,O000170,1563.57,2026-02-27,106693
U000121,O000171,1571.51,2026-02-27,106693
U000122,O000172,1567.76,2026-02-25,418603
U000123,O000173,1557.63,2026-02-26,511109
U000123,O000174,1563.04,2026-02-27,511109
U000124,O000175,1562.51,2026-02-26,154809
U000125,O000176,1544.97,2026-02-25,669771
U000125,O000177,1551.94,2026-02-26,669771
U000126,O000178,1546.75,2026-02-26,125658
U000126,O000179,1548.46,2026-02-26,125658
U000127,O000180,1550.84,2026-02-25,461769
U000128,O000181,509.42,2025-09-25,768535
U000129,O000182,512.55,2025-09-25,891348
U000130,O000183,487.39,2025-09-25,562225
U000130,O000184,512.97,2025-09-25,562225
U000131,O000185,506.86,2025-09-23,863876
U000131,O000186,509.53,2025-09-24,863876
U000132,O000187,506.69,2025-09-24,234176
U000132,O000188,515.28,2025-09-24,234176
U000133,O000189,505.7,2025-09-24,277815
U000134,O000190,494.34,2025-09-23,428276
U000134,O000191,498.82,2025-09-23,428276
U000135,O000192,512.68,2025-09-25,742115
U000135,O000193,513.78,2025-09-26,742115
U000136,O000194,488.22,2025-09-24,832404
U000136,O000195,488.52,2025-09-25,832404
U000137,O000196,504.6,2025-09-25,569504
U000137,O000197,488.35,2025-09-26,569504
U000138,O000198,493.01,2025-09-26,522769
U000138,O000199,505.0,2025-09-26,522769
U000139,O000200,498.82,2025-09-26,571133
U000139,O000201,511.62,2025-09-26,571133
U000140,O000202,505.01,2025-09-24,746267
U000141,O000203,515.75,2025-09-23,768598
U000141,O000204,510.25,2025-09-23,768598
U000142,O000205,506.87,2025-09-23,714172
U000142,O000206,503.11,2025-09-24,714172
U000143,O000207,1648.17,2025-10-02,117540
U000143,O000208,1644.29,2025-10-02,117540
U000144,O000209,1651.34,2025-09-29,149071
U000144,O000210,1626.18,2025-09-30,149071
U000145,O000211,1646.28,2025-10-01,331146
U000145,O000212,1642.83,2025-10-02,331146
U000146,O000213,1645.96,2025-10-01,496014
U000147,O000214,1625.36,2025-10-02,360624
U000147,O000215,1629.17,2025-10-02,360624
U000148,O000216,1645.75,2025-09-30,850426
U000148,O000217,1640.41,2025-09-30,850426
U000149,O000218,1633.89,2025-10-02,784958
U000150,O000219,1643.18,2025-10-01,407642
U000150,O000220,1640.88,2025-10-01,407642
U000151,O000221,1632.11,2025-10-01,776652
U000152,O000222,1650.42,2025-10-01,477385
U000152,O000223,1650.29,2025-10-02,477385
U000153,O000224,1632.34,2025-09-30,329126
U000153,O000225,1631.85,2025-10-01,329126
U000154,O000226,1633.15,2025-10-01,831712
U000155,O000227,1643.92,2025-10-01,614951
U000156,O000228,1632.89,2025-09-30,115348
U000157,O000229,1650.86,2025-09-30,639807
U000157,O000230,1624.71,2025-09-30,639807
U000158,O000231,2255.8,2026-04-06,407495
U000159,O000232,2242.16,2026-04-05,688636
U000160,O000233,2243.36,2026-04-07,613711
U000161,O000234,2249.52,2026-04-08,615725
U000161,O000235,2242.65,2026-04-08,615725
U000162,O000236,2256.84,2026-04-07,824948
U000162,O000237,2243.49,2026-04-08,824948
U000163,O000238,2233.8,2026-04-08,514142
U000163,O000239,2258.62,2026-04-08,514142
U000164,O000240,2260.12,2026-04-07,574166
U000164,O000241,2241.96,2026-04-07,574166
U000165,O000242,1494.97,2025-12-02,430852
U000165,O000243,1480.13,2025-12-02,430852
U000166,O000244,1469.52,2025-12-02,797024
U000167,O000245,1486.26,2025-12-01,854601
U000167,O000246,1478.02,2025-12-02,854601
U000168,O000247,2442.41,2025-10-30,143934
U000168,O000248,2423.24,2025-10-31,143934
U000169,O000249,2434.89,2025-10-30,772074
U000170,O000250,2435.73,2025-10-29,326871
U000170,O000251,2440.18,2025-10-30,326871
U000171,O000252,2429.46,2025-10-29,786926
U000172,O000253,2415.4,2025-10-31,152598
U000173,O000254,1234.62,2025-09-13,862630
U000174,O000255,1243.11,2025-09-11,202346
U000175,O000256,1232.24,2025-09-13,786440
U000175,O000257,1217.98,2025-09-13,786440
U000176,O000258,1218.9,2025-09-11,865220
U000177,O000259,1236.01,2025-09-11,101146
U000178,O000260,1238.66,2025-09-12,407141
U000178,O000261,1233.18,2025-09-13,407141
U000179,O000262,1242.15,2025-09-12,820055
U000179,O000263,1230.6,2025-09-13,820055
U000180,O000264,1227.26,2025-09-13,677862
U000180,O000265,1241.39,2025-09-13,677862
U000181,O000266,1217.81,2025-09-11,261223
U000182,O000267,1239.16,2025-09-13,577481
U000183,O000268,1243.12,2025-09-11,789569
U000183,O000269,1242.76,2025-09-12,789569
U000184,O000270,1239.26,2025-09-12,596146
U000184,O000271,1217.39,2025-09-12,596146
U000185,O000272,1225.09,2025-09-12,579103
U000186,O000273,1235.64,2025-09-13,752358
U000186,O000274,1237.22,2025-09-14,752358
U000187,O000275,827.4,2026-01-02,743433
U000187,O000276,844.28,2026-01-03,743433
U000188,O000277,821.02,2026-01-03,392288
U000189,O000278,845.1,2026-01-01,792350
U000190,O000279,845.03,2026-01-02,507533
U000190,O000280,829.33,2026-01-03,507533
U000191,O000281,816.64,2026-01-01,238831
U000191,O000282,836.66,2026-01-02,238831
U000192,O000283,843.09,2026-01-01,516965
U000193,O000284,828.8,2026-01-02,682498
U000194,O000285,842.1,2026-01-03,143115
U000194,O000286,819.96,2026-01-03,143115
U000195,O000287,826.28,2026-01-02,685323
U000195,O000288,819.81,2026-01-02,685323
U000196,O000289,825.37,2026-01-03,232433
U000196,O000290,839.41,2026-01-03,232433
U000197,O000291,826.09,2026-01-03,824950
U000197,O000292,829.5,2026-01-04,824950
U000198,O000293,830.92,2026-01-02,436277
U000199,O000294,821.67,2026-01-02,351908
U000199,O000295,831.57,2026-01-02,351908
U000200,O000296,815.76,2026-01-01,118411
U000200,O000297,817.46,2026-01-01,118411
U000201,O000298,1947.83,2026-01-15,275741
U000202,O000299,1934.62,2026-01-15,818810
U000203,O000300,1928.99,2026-01-17,432049
U000203,O000301,1936.07,2026-01-18,432049
U000204,O000302,1944.43,2026-01-16,440863
U000205,O000303,1943.31,2026-01-16,236536
U000206,O000304,1927.31,2026-01-17,667596
U000206,O000305,1953.98,2026-01-18,667596
U000207,O000306,1949.96,2026-01-18,420737
U000207,O000307,1925.96,2026-01-19,420737
U000208,O000308,1937.84,2026-01-17,551724
U000208,O000309,1947.64,2026-01-18,551724
U000209,O000310,1944.73,2026-01-16,789191
U000210,O000311,1953.1,2026-01-16,469807
U000210,O000312,1928.65,2026-01-17,469807
U000211,O000313,1947.87,2026-01-17,493398
U000212,O000314,1941.04,2026-01-15,749160
U000213,O000315,1943.92,2026-01-18,843438
U000214,O000316,1951.66,2026-01-17,199803
U000215,O000317,1953.92,2026-01-17,236581
U000215,O000318,1945.33,2026-01-18,236581
U000216,O000319,436.58,2025-11-14,356235
U000216,O000320,436.78,2025-11-14,356235
U000217,O000321,411.78,2025-11-15,395369
U000217,O000322,427.75,2025-11-15,395369
U000218,O000323,410.53,2025-11-14,659640
U000219,O000324,426.45,2025-11-17,138750
U000220,O000325,433.98,2025-11-16,665660
U000220,O000326,409.37,2025-11-16,665660
U000221,O000327,417.34,2025-11-15,511506
U000221,O000328,415.33,2025-11-15,511506
U000222,O000329,425.91,2025-11-14,196376
U000222,O000330,414.07,2025-11-15,196376
U000223,O000331,427.24,2025-11-14,627988
U000224,O000332,420.03,2025-11-16,621374
U000224,O000333,411.73,2025-11-17,621374
U000225,O000334,428.75,2025-11-15,759831
U000226,O000335,412.32,2025-11-15,346004
U000226,O000336,426.68,2025-11-15,346004
U000227,O000337,429.65,2025-11-15,450166
U000227,O000338,423.68,2025-11-16,450166
U000228,O000339,414.02,2025-11-14,217374
U000229,O000340,1577.39,2026-01-15,482258
U000229,O000341,1581.28,2026-01-15,482258
U000230,O000342,1573.32,2026-01-16,472957
U000231,O000343,1591.83,2026-01-14,603390
U000231,O000344,1596.3,2026-01-15,603390
U000232,O000345,1586.2,2026-01-14,846473
U000233,O000346,1582.1,2026-01-16,601545
U000233,O000347,1592.84,2026-01-17,601545
U000234,O000348,1580.45,2026-01-14,374038
U000234,O000349,1573.94,2026-01-14,374038
U000235,O000350,1591.61,2026-01-16,779704
U000236,O000351,1589.88,2025-11-09,217242
U000236,O000352,1577.29,2025-11-10,217242
U000237,O000353,1570.35,2025-11-11,207997
U000238,O000354,1599.0,2025-11-10,510849
U000239,O000355,1574.68,2025-11-11,445133
U000239,O000356,1574.72,2025-11-11,445133
U000240,O000357,1589.17,2025-11-10,858682
U000240,O000358,1596.49,2025-11-11,858682
U000241,O000359,1068.53,2026-07-10,654085
U000242,O000360,1062.75,2026-07-10,562966
U000243,O000361,1065.85,2026-07-11,352165
U000243,O000362,1060.62,2026-07-12,352165
U000244,O000363,1060.81,2026-07-08,636010
U000245,O000364,1073.36,2026-07-11,764810
U000246,O000365,1072.52,2026-07-11,691281
U000246,O000366,1059.69,2026-07-11,691281
U000247,O000367,1078.76,2026-07-09,822205
U000248,O000368,1071.08,2026-07-08,506429
U000248,O000369,1064.23,2026-07-09,506429
U000249,O000370,1068.23,2026-07-11,373257
U000249,O000371,1056.87,2026-07-11,373257
U000250,O000372,1072.84,2026-07-10,692430
U000251,O000373,1076.03,2026-07-10,530536
U000251,O000374,1081.23,2026-07-10,530536
U000252,O000375,1065.3,2026-07-11,449209
U000252,O000376,1064.78,2026-07-11,449209
U000253,O000377,1061.8,2026-07-11,363251
U000254,O000378,1606.51,2026-06-13,712135
U000255,O000379,1597.92,2026-06-12,513936
U000255,O000380,1603.68,2026-06-12,513936
U000256,O000381,1598.49,2026-06-12,256628
U000257,O000382,281.33,2026-06-22,696820
U000258,O000383,287.67,2026-06-22,400785
U000258,O000384,281.53,2026-06-22,400785
U000259,O000385,300.33,2026-06-22,190780
U000259,O000386,283.65,2026-06-23,190780
U000260,O000387,275.21,2026-06-23,535134
U000260,O000388,282.68,2026-06-24,535134
U000261,O000389,1927.8,2026-06-29,847729
U000261,O000390,1932.33,2026-06-30,847729
U000262,O000391,1909.36,2026-06-29,572816
U000262,O000392,1911.29,2026-06-29,572816
U000263,O000393,1911.66,2026-06-29,121512
U000263,O000394,1931.97,2026-06-30,121512
U000264,O000395,1934.31,2026-07-01,666445
U000265,O000396,1921.63,2026-06-29,656907
U000265,O000397,1913.32,2026-06-30,656907
U000266,O000398,1933.0,2026-06-29,602124
U000267,O000399,1914.63,2026-07-02,473526
U000267,O000400,1922.12,2026-07-02,473526
U000268,O000401,696.28,2026-03-29,624196
U000269,O000402,687.18,2026-03-29,190373
U000270,O000403,701.08,2026-03-29,707590
U000270,O000404,702.58,2026-03-30,707590
U000271,O000405,706.14,2026-03-28,850485
U000271,O000406,707.85,2026-03-28,850485
U000272,O000407,714.67,2026-03-31,732429
U000272,O000408,708.18,2026-04-01,732429
U000273,O000409,2087.99,2025-12-03,537956
U000274,O000410,2079.55,2025-12-02,223773
U000275,O000411,2085.89,2025-12-01,160240
U000276,O000412,2075.01,2025-12-02,395959
U000277,O000413,2078.88,2025-12-02,477332
U000277,O000414,2087.6,2025-12-02,477332
U000278,O000415,2322.37,2025-09-15,247940
U000278,O000416,2330.01,2025-09-16,247940
U000279,O000417,2327.68,2025-09-16,531847
U000280,O000418,2331.19,2025-09-15,755369
U000281,O000419,2319.77,2025-09-16,538094
U000281,O000420,2340.39,2025-09-17,538094
U000282,O000421,2319.63,2025-09-17,878911
U000282,O000422,2329.21,2025-09-18,878911
U000283,O000423,2325.45,2025-09-16,513036
U000283,O000424,2343.18,2025-09-17,513036
U000284,O000425,2334.3,2025-09-16,631968
U000284,O000426,2338.96,2025-09-17,631968
U000285,O000427,1543.73,2025-12-01,347266
U000285,O000428,1547.84,2025-12-02,347266
U000286,O000429,1569.04,2025-11-29,753292
U000286,O000430,1542.94,2025-11-30,753292
U000287,O000431,1566.74,2025-12-01,869067
U000287,O000432,1557.85,2025-12-02,869067
U000288,O000433,1562.54,2025-11-29,148088
U000289,O000434,1569.84,2025-11-30,657375
U000289,O000435,1562.16,2025-12-01,657375
U000290,O000436,1566.76,2025-11-29,856078
U000291,O000437,1928.29,2025-11-22,456792
U000291,O000438,1930.42,2025-11-23,456792
U000292,O000439,1937.71,2025-11-22,451177
U000292,O000440,1937.46,2025-11-22,451177
U000293,O000441,1933.48,2025-11-22,881234
U000293,O000442,1951.38,2025-11-22,881234
U000294,O000443,1938.07,2025-11-22,694814
U000294,O000444,1940.08,2025-11-22,694814
U000295,O000445,1929.46,2025-11-23,848760
U000296,O000446,1942.66,2025-11-23,233223
U000297,O000447,1930.27,2025-11-22,791330
U000298,O000448,1928.32,2025-11-21,824386
U000298,O000449,1954.45,2025-11-22,824386
U000299,O000450,1944.79,2025-11-22,320048
U000299,O000451,1952.99,2025-11-23,320048
U000300,O000452,1949.85,2025-11-22,812793
U000301,O000453,1940.6,2025-11-21,183295
U000301,O000454,1939.25,2025-11-21,183295
U000302,O000455,1933.91,2025-11-23,752329
U000303,O000456,1937.96,2025-11-22,628474
U000303,O000457,1954.87,2025-11-22,628474
U000304,O000458,1192.18,2026-04-04,198676
U000304,O000459,1174.74,2026-04-05,198676
U000305,O000460,1185.56,2026-04-03,433904
U000306,O000461,1190.78,2026-04-06,569328
U000306,O000462,1193.68,2026-04-07,569328
U000307,O000463,1183.88,2026-04-04,433918
U000308,O000464,1184.43,2026-04-03,559774
U000309,O000465,1175.23,2026-04-06,783481
U000310,O000466,1189.64,2026-04-04,289558
U000310,O000467,1176.97,2026-04-04,289558
U000311,O000468,1170.83,2026-04-04,609486
U000312,O000469,1194.71,2026-04-03,367503
U000313,O000470,1178.17,2026-04-03,767939
U000313,O000471,1177.42,2026-04-04,767939
U000314,O000472,258.52,2026-03-19,437048
U000314,O000473,231.65,2026-03-20,437048
U000315,O000474,235.22,2026-03-19,848482
U000316,O000475,253.85,2026-03-17,733345
U000317,O000476,236.03,2026-03-18,130937
U000318,O000477,260.98,2026-03-18,695189
U000319,O000478,246.13,2026-03-19,230890
U000319,O000479,258.87,2026-03-19,230890
U000320,O000480,233.85,2026-03-17,216848
U000321,O000481,253.46,2026-03-18,218723
U000321,O000482,256.0,2026-03-19,218723
U000322,O000483,259.85,2026-03-19,421648
U000323,O000484,1403.1,2026-03-19,339044
U000324,O000485,1386.35,2026-03-20,482583
U000325,O000486,1380.41,2026-03-19,594382
U000326,O000487,279.72,2026-06-22,800159
U000327,O000488,281.01,2026-06-20,108202
U000328,O000489,269.65,2026-06-19,331066
U000328,O000490,269.47,2026-06-20,331066
U000329,O000491,280.68,2026-06-21,586883
U000330,O000492,285.88,2026-06-22,401000
U000331,O000493,278.2,2026-06-19,549991
U000332,O000494,287.36,2026-06-20,710869
U000332,O000495,287.74,2026-06-20,710869
U000333,O000496,292.81,2026-06-20,885397
U000334,O000497,286.79,2026-06-21,383991
U000335,O000498,275.36,2026-06-21,653635
U000336,O000499,284.07,2026-06-22,102286
U000336,O000500,295.58,2026-06-22,102286
U000337,O000501,275.56,2026-06-20,777458
U000337,O000502,291.91,2026-06-21,777458
U000338,O000503,289.54,2026-06-20,194546
U000339,O000504,274.64,2026-06-22,513682
U000339,O000505,278.94,2026-06-23,513682
U000340,O000506,281.58,2026-06-22,498115
U000341,O000507,1568.56,2026-01-10,349548
U000341,O000508,1589.73,2026-01-11,349548
U000342,O000509,1577.11,2026-01-11,584478
U000342,O000510,1569.32,2026-01-11,584478
U000343,O000511,1584.42,2026-01-10,761678
U000344,O000512,1574.42,2026-01-09,851629
U000344,O000513,1563.71,2026-01-10,851629
U000345,O000514,1570.74,2026-01-09,182527
U000345,O000515,1560.82,2026-01-10,182527
U000346,O000516,1573.19,2026-01-10,726907
U000347,O000517,1581.1,2026-01-11,284418
U000348,O000518,1005.85,2026-07-23,306009
U000349,O000519,996.75,2026-07-22,460727
U000350,O000520,1020.04,2026-07-24,652211
U000350,O000521,1009.91,2026-07-25,652211
U000351,O000522,1000.8,2026-07-24,718100
U000352,O000523,1007.12,2026-07-21,544484
U000352,O000524,1019.76,2026-07-22,544484
U000353,O000525,992.82,2026-07-23,591917
U000353,O000526,1013.6,2026-07-24,591917
U000354,O000527,993.73,2026-07-21,737761
U000355,O000528,1015.09,2026-07-22,449940
U000355,O000529,1016.19,2026-07-23,449940
U000356,O000530,1020.19,2026-07-22,899058
U000357,O000531,1001.55,2026-07-23,744493
U000357,O000532,994.23,2026-07-24,744493
U000358,O000533,1016.38,2026-07-21,297610
U000359,O000534,1016.05,2026-07-22,815658
U000360,O000535,1019.64,2026-07-23,749786
U000360,O000536,1011.89,2026-07-23,749786
U000361,O000537,1015.24,2026-07-22,863330
U000362,O000538,1001.72,2026-07-22,618269
U000363,O000539,194.51,2025-12-06,502282
U000364,O000540,191.54,2025-12-06,714737
U000364,O000541,200.66,2025-12-06,714737
U000365,O000542,178.36,2025-12-04,687487
U000365,O000543,177.21,2025-12-04,687487
U000366,O000544,206.54,2025-12-06,625401
U000366,O000545,198.45,2025-12-07,625401
U000367,O000546,182.15,2025-12-06,596149
U000368,O000547,194.51,2025-12-06,726153
U000369,O000548,192.83,2025-12-05,283466
U000370,O000549,185.58,2025-12-04,176395
U000371,O000550,181.21,2025-12-06,728566
U000372,O000551,192.21,2025-12-04,232187
U000372,O000552,194.37,2025-12-04,232187
U000373,O000553,183.98,2025-12-06,307737
U000373,O000554,185.08,2025-12-07,307737
U000374,O000555,178.62,2025-12-05,112740
U000375,O000556,203.93,2025-12-05,273128
U000376,O000557,181.58,2025-12-04,218260
U000377,O000558,179.7,2026-05-20,354821
U000377,O000559,187.53,2026-05-21,354821
U000378,O000560,183.2,2026-05-20,636299
U000379,O000561,202.48,2026-05-19,488074
U000380,O000562,183.71,2026-05-20,123472
U000380,O000563,190.84,2026-05-20,123472
U000381,O000564,201.48,2026-05-19,790307
U000381,O000565,201.08,2026-05-19,790307
U000382,O000566,195.76,2026-05-20,529135
U000382,O000567,176.36,2026-05-21,529135
U000383,O000568,591.35,2025-12-05,498188
U000383,O000569,575.44,2025-12-05,498188
U000384,O000570,586.07,2025-12-04,760553
U000385,O000571,585.07,2025-12-05,604161
U000386,O000572,579.96,2025-12-04,242996
U000386,O000573,567.24,2025-12-05,242996
U000387,O000574,589.99,2025-12-04,674762
U000387,O000575,576.53,2025-12-04,674762
U000388,O000576,580.13,2025-12-05,797955
U000388,O000577,577.4,2025-12-06,797955
U000389,O000578,583.05,2025-12-04,845316
U000390,O000579,568.85,2025-12-05,481999
U000391,O000580,590.97,2025-12-05,570330
U000391,O000581,587.58,2025-12-05,570330
U000392,O000582,566.05,2025-12-05,774421
U000392,O000583,589.49,2025-12-06,774421
U000393,O000584,590.67,2025-12-06,736719
U000393,O000585,568.73,2025-12-06,736719
U000394,O000586,581.84,2025-12-06,715010
U000395,O000587,589.5,2025-12-06,729522
U000395,O000588,568.61,2025-12-07,729522
U000396,O000589,2172.49,2025-10-21,523057
U000397,O000590,2199.78,2025-10-20,306013
U000398,O000591,2168.43,2025-10-22,655371
U000399,O000592,2213.29,2025-10-21,218400
U000400,O000593,1965.36,2025-10-22,139876
U000400,O000594,2103.08,2025-10-22,139876
U000401,O000595,2094.04,2025-10-24,775420
U000402,O000596,1962.15,2025-10-23,226755
U000402,O000597,2186.36,2025-10-24,226755
U000403,O000598,1952.27,2025-10-25,755475
U000404,O000599,1845.55,2025-10-25,652625
U000404,O000600,2223.51,2025-10-25,652625
U000405,O000601,2457.16,2026-04-07,740749
U000406,O000602,2472.15,2026-04-07,187929
U000407,O000603,2465.18,2026-04-08,157332
U000407,O000604,2455.04,2026-04-08,157332
U000408,O000605,2462.31,2026-04-07,744510
U000409,O000606,2455.69,2026-04-08,480119
U000410,O000607,2341.53,2026-05-30,731299
U000411,O000608,2268.95,2026-05-31,771125
U000412,O000609,2430.84,2026-05-30,257727
U000413,O000610,2234.49,2026-06-01,752155
U000413,O000611,2235.0,2026-06-01,752155
U000414,O000612,2190.73,2026-05-31,326594
U000414,O000613,2013.13,2026-06-01,326594
U000415,O000614,2344.8,2026-06-01,312409
U000416,O000615,2025.8,2026-06-03,524180
U000417,O000616,2313.97,2026-06-01,608973
U000418,O000617,2240.0,2026-06-01,776033
U000419,O000618,2499.89,2026-06-06,686153
U000419,O000619,2285.45,2026-06-07,686153
U000420,O000620,2478.17,2026-05-31,365722
U000421,O000621,2360.78,2026-06-05,886191
U000421,O000622,2223.75,2026-06-06,886191
U000422,O000623,1454.72,2025-12-20,317105
U000423,O000624,1440.25,2025-12-20,716837
U000424,O000625,1454.31,2025-12-20,305333
U000424,O000626,1441.93,2025-12-20,305333
U000425,O000627,1436.92,2025-12-20,379249
U000425,O000628,1452.26,2025-12-21,379249
U000426,O000629,1450.43,2025-12-20,159993
U000427,O000630,1434.73,2025-12-20,390749
U000428,O000631,1456.16,2025-12-21,370148
U000428,O000632,1434.85,2025-12-21,370148
U000429,O000633,1433.59,2025-12-20,472245
U000430,O000634,1436.25,2025-12-21,521567
U000430,O000635,1432.35,2025-12-22,521567
U000431,O000636,1454.92,2025-12-21,505934
U000432,O000637,1439.47,2025-12-20,738996
U000433,O000638,1458.53,2025-12-21,556941
U000433,O000639,1447.33,2025-12-22,556941
U000434,O000640,823.96,2025-12-25,717725
U000434,O000641,802.76,2025-12-25,717725
U000435,O000642,817.1,2025-12-25,296923
U000435,O000643,822.72,2025-12-25,296923
U000436,O000644,812.59,2025-12-25,241023
U000437,O000645,823.41,2025-12-25,397524
U000438,O000646,813.56,2025-12-26,637225
U000438,O000647,819.26,2025-12-27,637225
U000439,O000648,810.92,2025-12-25,333856
U000439,O000649,797.29,2025-12-26,333856
U000440,O000650,825.6,2025-12-26,659120
U000440,O000651,808.29,2025-12-26,659120
U000441,O000652,820.26,2025-12-26,720713
U000441,O000653,816.11,2025-12-26,720713
U000442,O000654,808.86,2025-12-26,755655
U000442,O000655,797.1,2025-12-27,755655
U000443,O000656,822.45,2025-12-26,847568
U000444,O000657,799.81,2025-12-26,235552
U000444,O000658,803.1,2025-12-26,235552
U000445,O000659,812.42,2025-12-26,488814
U000446,O000660,799.89,2025-12-25,254809
U000446,O000661,813.94,2025-12-26,254809
U000447,O000662,255.96,2026-01-27,717196
U000447,O000663,297.83,2026-01-28,717196
U000448,O000664,242.5,2026-01-28,555233
U000449,O000665,243.18,2026-01-27,448028
U000450,O000666,287.1,2026-01-29,605500
U000450,O000667,272.79,2026-01-30,605500
U000451,O000668,271.88,2026-01-30,884975
U000452,O000669,259.65,2026-01-31,675079
U000453,O000670,268.89,2026-01-29,662603
U000453,O000671,274.61,2026-01-30,662603
U000454,O000672,265.32,2026-02-01,124218
U000455,O000673,261.86,2026-02-02,129579
U000456,O000674,251.19,2026-02-02,204606
U000456,O000675,293.37,2026-02-02,204606
U000457,O000676,281.81,2026-02-03,860023
U000457,O000677,251.2,2026-02-03,860023
U000458,O000678,241.51,2026-02-03,874162
U000458,O000679,276.59,2026-02-03,874162
U000459,O000680,2041.91,2026-04-30,439687
U000459,O000681,2022.46,2026-04-30,439687
U000460,O000682,2048.12,2026-04-30,824869
U000461,O000683,2035.88,2026-05-01,635528
U000462,O000684,2023.17,2026-05-01,379306
U000462,O000685,2047.7,2026-05-02,379306
U000463,O000686,2035.76,2026-05-02,877993
U000463,O000687,2041.59,2026-05-03,877993
U000464,O000688,2023.12,2026-05-01,583347
U000464,O000689,2040.6,2026-05-01,583347
U000465,O000690,2044.71,2026-05-01,507207
U000466,O000691,2025.12,2026-05-02,431141
U000466,O000692,2040.79,2026-05-03,431141
U000467,O000693,2045.18,2026-05-02,767582
U000467,O000694,2020.61,2026-05-02,767582
U000468,O000695,2045.09,2026-05-01,677964
U000469,O000696,1581.7,2026-02-04,814051
U000470,O000697,1511.79,2026-02-05,331845
U000470,O000698,1482.86,2026-02-06,331845
U000471,O000699,1604.86,2026-02-06,817886
U000472,O000700,1482.73,2026-02-04,322588
U000472,O000701,1351.22,2026-02-05,322588
U000473,O000702,1601.09,2026-02-05,730797
U000473,O000703,1355.85,2026-02-06,730797
U000474,O000704,1576.81,2026-02-07,322951
U000474,O000705,1319.63,2026-02-07,322951
U000475,O000706,1353.09,2026-02-07,538106
U000476,O000707,1461.15,2026-02-07,781221
U000477,O000708,1291.41,2026-02-07,717860
U000477,O000709,1422.55,2026-02-08,717860
U000478,O000710,1496.37,2026-02-05,727730
U000478,O000711,1363.06,2026-02-06,727730
U000479,O000712,1079.28,2026-04-25,416015
U000479,O000713,1075.58,2026-04-25,416015
U000480,O000714,1075.67,2026-04-25,560464
U000480,O000715,1061.48,2026-04-26,560464
U000481,O000716,1064.43,2026-04-25,744284
U000481,O000717,1067.29,2026-04-26,744284
U000482,O000718,1072.44,2026-04-26,731007
U000482,O000719,1056.36,2026-04-27,731007
U000483,O000720,1068.72,2026-04-26,529727
U000484,O000721,1067.13,2026-04-26,364182
U000485,O000722,1071.99,2026-04-26,589118
U000486,O000723,1061.68,2026-04-25,492044
U000487,O000724,1053.76,2026-04-26,421582
U000487,O000725,1071.77,2026-04-26,421582
U000488,O000726,1051.92,2026-04-27,680994
U000489,O000727,1096.24,2026-03-23,705691
U000489,O000728,1109.18,2026-03-24,705691
U000490,O000729,1105.81,2026-03-24,653507
U000491,O000730,1097.52,2026-03-24,724687
U000491,O000731,1125.61,2026-03-24,724687
U000492,O000732,1120.02,2026-03-23,864932
U000492,O000733,1126.17,2026-03-24,864932
U000493,O000734,1097.49,2026-03-24,455907
U000494,O000735,1123.29,2026-03-24,791173
U000495,O000736,1117.64,2026-03-24,669407
U000496,O000737,156.33,2026-03-01,798465
U000497,O000738,168.58,2026-02-28,779217
U000497,O000739,161.4,2026-02-28,779217
U000498,O000740,146.87,2026-03-01,224345
U000498,O000741,174.32,2026-03-02,224345
U000499,O000742,172.52,2026-03-01,593891
U000499,O000743,157.88,2026-03-02,593891
U000500,O000744,159.77,2026-03-01,243345
U000500,O000745,162.86,2026-03-02,243345
U000501,O000746,180.93,2026-03-02,582954
U000501,O000747,182.02,2026-03-03,582954
U000502,O000748,150.84,2026-03-02,526802
U000502,O000749,166.79,2026-03-03,526802
U000503,O000750,169.99,2026-03-03,810482
U000503,O000751,163.07,2026-03-03,810482
U000504,O000752,167.25,2026-03-03,187405
U000504,O000753,184.58,2026-03-03,187405
U000505,O000754,173.85,2026-03-04,351582
U000506,O000755,181.16,2026-03-07,279978
U000506,O000756,171.79,2026-03-07,279978
U000507,O000757,180.08,2026-03-06,233731
U000507,O000758,161.81,2026-03-06,233731
U000508,O000759,153.77,2026-03-05,468271
U000508,O000760,153.83,2026-03-06,468271
U000509,O000761,177.51,2026-03-11,524201
U000510,O000762,1178.63,2026-02-09,234513
U000510,O000763,1167.43,2026-02-09,234513
U000511,O000764,1188.11,2026-02-08,388628
U000512,O000765,1174.82,2026-02-09,423212
U000512,O000766,1189.67,2026-02-09,423212
U000513,O000767,1182.72,2026-02-09,793260
U000514,O000768,1167.65,2026-02-09,324667
U000514,O000769,1189.13,2026-02-09,324667
U000515,O000770,1192.55,2026-02-09,819858
U000516,O000771,1193.65,2026-02-09,198420
U000516,O000772,1182.21,2026-02-10,198420
U000517,O000773,1180.17,2026-02-10,598934
U000518,O000774,1195.34,2026-02-09,639167
U000518,O000775,1195.31,2026-02-10,639167
U000519,O000776,1169.22,2026-02-10,782757
U000520,O000777,1174.51,2026-02-09,891659
U000520,O000778,1194.18,2026-02-10,891659
U000521,O000779,1167.35,2026-02-09,829275
U000521,O000780,1192.7,2026-02-09,829275
U000522,O000781,1175.71,2026-02-10,874938
U000522,O000782,1179.64,2026-02-11,874938
U000523,O000783,1639.88,2026-06-04,380049
U000523,O000784,1378.03,2026-06-04,380049
U000524,O000785,1630.62,2026-06-04,322779
U000525,O000786,1545.07,2026-06-05,813183
U000526,O000787,1590.13,2026-06-05,349339
U000526,O000788,1440.32,2026-06-05,349339
U000527,O000789,1456.58,2026-06-05,424589
U000528,O000790,1558.16,2026-06-07,552329
U000528,O000791,1369.62,2026-06-07,552329
U000529,O000792,1300.74,2026-06-08,126002
U000530,O000793,1506.26,2026-06-07,461087
U000531,O000794,1577.01,2026-06-06,111594
U000532,O000795,1627.5,2026-06-10,796543
U000532,O000796,1630.62,2026-06-11,796543
U000533,O000797,1432.41,2026-06-08,113522
U000534,O000798,1548.51,2026-06-10,760630
U000535,O000799,1589.33,2026-06-06,735658
U000536,O000800,1604.94,2025-09-04,607376
U000537,O000801,1575.38,2025-09-04,819345
U000537,O000802,1583.11,2025-09-05,819345
U000538,O000803,1598.13,2025-09-04,109601
U000539,O000804,1594.71,2025-09-04,388298
U000540,O000805,1949.02,2025-12-28,243910
U000540,O000806,1953.15,2025-12-28,243910
U000541,O000807,1935.84,2025-12-28,797865
U000541,O000808,1931.28,2025-12-28,797865
U000542,O000809,1938.74,2025-12-28,893036
U000543,O000810,1953.68,2025-12-28,365461
U000544,O000811,1948.97,2025-12-28,307382
U000545,O000812,1949.38,2025-12-27,757628
U000546,O000813,1953.11,2025-12-28,266578
U000546,O000814,1950.3,2025-12-28,266578
U000547,O000815,1932.77,2025-12-29,735559
U000548,O000816,1943.2,2025-12-29,584266
U000549,O000817,1951.05,2025-12-29,361284
U000549,O000818,1949.1,2025-12-29,361284
U000550,O000819,1931.35,2025-12-28,268988
U000550,O000820,1951.6,2025-12-28,268988
U000551,O000821,1944.18,2025-12-28,245029
U000552,O000822,1930.7,2025-12-29,790823
U000553,O000823,1951.7,2025-12-29,516823
U000554,O000824,1946.09,2025-12-28,732152
U000554,O000825,1936.17,2025-12-29,732152
U000555,O000826,377.58,2026-03-12,609939
U000555,O000827,321.88,2026-03-13,609939
U000556,O000828,340.3,2026-03-14,345608
U000557,O000829,346.38,2026-03-13,783943
U000558,O000830,371.04,2026-03-15,664299
U000558,O000831,343.16,2026-03-15,664299
U000559,O000832,320.85,2026-03-14,333635
U000559,O000833,337.55,2026-03-15,333635
U000560,O000834,366.03,2026-03-15,832990
U000560,O000835,358.35,2026-03-16,832990
U000561,O000836,341.5,2026-03-15,379191
U000562,O000837,319.66,2026-03-17,530306
U000563,O000838,320.16,2026-03-19,310648
U000564,O000839,374.89,2026-03-18,641545
U000565,O000840,363.26,2026-03-18,812307
U000565,O000841,321.79,2026-03-19,812307
U000566,O000842,544.98,2026-02-21,293373
U000566,O000843,541.72,2026-02-22,293373
U000567,O000844,529.42,2026-02-22,436135
U000568,O000845,526.92,2026-02-21,647915
U000569,O000846,545.14,2026-02-21,356273
U000569,O000847,541.88,2026-02-22,356273
U000570,O000848,522.69,2026-02-22,319454
U000570,O000849,544.66,2026-02-23,319454
U000571,O000850,535.31,2026-02-22,491333
U000572,O000851,543.53,2026-02-22,141520
U000573,O000852,546.46,2026-02-22,745011
U000574,O000853,536.61,2026-02-22,575889
U000575,O000854,529.04,2026-02-23,332346
U000575,O000855,546.59,2026-02-23,332346
U000576,O000856,528.69,2026-02-23,832089
U000576,O000857,532.51,2026-02-23,832089
U000577,O000858,542.21,2026-02-22,476524
U000577,O000859,524.56,2026-02-22,476524
U000578,O000860,533.78,2026-02-23,858835
U000578,O000861,531.04,2026-02-23,858835
U000579,O000862,527.08,2026-02-23,458434
U000580,O000863,2501.72,2026-03-23,624921
U000581,O000864,2228.16,2026-03-24,221334
U000582,O000865,2386.19,2026-03-24,705725
U000582,O000866,2278.07,2026-03-24,705725
U000583,O000867,2220.78,2026-03-26,659998
U000583,O000868,2516.29,2026-03-27,659998
U000584,O000869,2090.18,2026-03-24,488686
U000584,O000870,2323.76,2026-03-25,488686
U000585,O000871,2563.81,2026-03-25,649000
U000585,O000872,2320.25,2026-03-25,649000
U000586,O000873,2531.37,2026-03-28,512441
U000587,O000874,1248.5,2025-10-29,702100
U000587,O000875,1254.51,2025-10-29,702100
U000588,O000876,1253.57,2025-10-29,394071
U000589,O000877,1237.73,2025-10-29,795194
U000589,O000878,1241.38,2025-10-29,795194
U000590,O000879,1259.21,2025-10-29,224593
U000590,O000880,1264.18,2025-10-29,224593
U000591,O000881,1243.14,2025-10-28,530035
U000591,O000882,1260.51,2025-10-29,530035
U000592,O000883,1249.08,2025-10-29,112182
U000593,O000884,1253.74,2025-10-30,120815
U000594,O000885,1248.39,2025-10-30,331863
U000594,O000886,1240.45,2025-10-30,331863
U000595,O000887,1249.92,2025-10-29,839753
U000596,O000888,1258.61,2025-10-29,218457
U000596,O000889,1264.47,2025-10-30,218457
U000597,O000890,1263.54,2025-10-29,871978
U000598,O000891,1259.2,2025-10-30,421697
U000599,O000892,1237.33,2025-10-29,206548
U000600,O000893,1262.86,2025-10-29,789182
U000600,O000894,1238.93,2025-10-30,789182
U000601,O000895,1566.23,2025-11-25,121507
U000601,O000896,1573.68,2025-11-26,121507
U000602,O000897,1570.85,2025-11-25,829870
U000602,O000898,1558.83,2025-11-26,829870
U000603,O000899,1565.92,2025-11-25,568614
U000603,O000900,1582.49,2025-11-26,568614
U000604,O000901,1584.39,2025-11-25,707131
U000604,O000902,1585.39,2025-11-26,707131
U000605,O000903,1570.1,2025-11-25,815088
U000605,O000904,1586.23,2025-11-26,815088
U000606,O000905,1583.94,2025-11-25,709146
U000606,O000906,1568.57,2025-11-26,709146
U000607,O000907,1580.76,2025-11-25,649683
U000607,O000908,1566.98,2025-11-26,649683
U000608,O000909,1445.07,2026-01-31,431175
U000608,O000910,1647.45,2026-02-01,431175
U000609,O000911,1386.8,2026-02-01,495916
U000609,O000912,1524.81,2026-02-01,495916
U000610,O000913,1463.42,2026-02-01,116153
U000611,O000914,1482.87,2026-02-02,517363
U000612,O000915,1514.19,2026-02-02,870416
U000612,O000916,1413.3,2026-02-03,870416
U000613,O000917,1470.12,2026-02-03,295204
U000614,O000918,1635.65,2026-02-03,191949
U000614,O000919,1673.59,2026-02-04,191949
U000615,O000920,1482.78,2026-02-02,836756
U000615,O000921,1505.03,2026-02-03,836756
U000616,O000922,1689.01,2026-02-06,181823
U000617,O000923,1549.46,2026-02-07,855442
U000617,O000924,1510.89,2026-02-07,855442
U000618,O000925,1518.17,2026-02-09,189107
U000618,O000926,1408.8,2026-02-09,189107
U000619,O000927,1662.27,2026-02-03,740986
U000619,O000928,1464.33,2026-02-04,740986
U000620,O000929,1193.99,2025-10-13,643416
U000620,O000930,1180.02,2025-10-13,643416
U000621,O000931,1182.08,2025-10-13,630926
U000621,O000932,1203.11,2025-10-14,630926
U000622,O000933,1189.75,2025-10-13,193248
U000622,O000934,1193.26,2025-10-14,193248
U000623,O000935,1176.61,2025-10-13,600612
U000624,O000936,1196.21,2025-10-13,862192
U000624,O000937,1180.97,2025-10-14,862192
U000625,O000938,1196.26,2025-10-14,611568
U000625,O000939,1176.99,2025-10-15,611568
U000626,O000940,1181.08,2025-10-13,287238
U000626,O000941,1201.0,2025-10-14,287238
U000627,O000942,1204.88,2025-10-13,526656
U000627,O000943,1193.52,2025-10-14,526656
U000628,O000944,1201.66,2025-10-14,214138
U000629,O000945,1199.0,2025-10-13,683440
U000629,O000946,1190.82,2025-10-14,683440
U000630,O000947,1815.91,2026-06-04,585327
U000631,O000948,1626.3,2026-06-05,840702
U000632,O000949,1828.74,2026-06-06,592369
U000633,O000950,1637.56,2026-06-07,486303
U000634,O000951,1791.14,2026-06-08,275545
U000634,O000952,1810.34,2026-06-08,275545
U000635,O000953,1528.21,2026-06-08,414221
U000636,O000954,1448.68,2026-06-08,676195
U000637,O000955,1437.25,2026-06-08,604875
U000638,O000956,1462.47,2026-06-07,201842
U000639,O000957,1745.03,2026-06-06,665034
U000640,O000958,1641.08,2026-06-08,728919
U000640,O000959,1566.24,2026-06-08,728919
U000641,O000960,1649.26,2026-06-10,776085
U000641,O000961,1655.91,2026-06-11,776085
U000642,O000962,1806.67,2026-06-13,609760
U000643,O000963,1548.36,2026-06-10,387786
U000644,O000964,1790.37,2026-06-19,528045
U000644,O000965,1807.4,2026-06-19,528045
U000645,O000966,1790.53,2026-06-19,117618
U000645,O000967,1800.5,2026-06-19,117618
U000646,O000968,1795.94,2026-06-20,437112
U000646,O000969,1813.58,2026-06-20,437112
U000647,O000970,1793.62,2026-06-20,381495
U000647,O000971,1811.59,2026-06-20,381495
U000648,O000972,1800.78,2026-06-19,830829
U000649,O000973,1803.88,2026-06-19,837787
U000650,O000974,1796.99,2026-06-19,164918
U000650,O000975,1807.11,2026-06-20,164918
U000651,O000976,1796.89,2026-06-19,510325
U000651,O000977,1796.55,2026-06-19,510325
U000652,O000978,1811.89,2026-06-19,426644
U000652,O000979,1806.7,2026-06-20,426644
U000653,O000980,1792.03,2026-06-20,137541
U000653,O000981,1809.43,2026-06-21,137541
U000654,O000982,1802.45,2026-06-20,803134
U000655,O000983,1818.83,2026-06-19,416263
U000656,O000984,1819.03,2026-06-19,177280
U000657,O000985,2227.18,2025-11-23,285142
U000658,O000986,2255.08,2025-11-23,477827
U000659,O000987,2245.99,2025-11-23,282701
U000660,O000988,2250.77,2025-11-24,342139
U000660,O000989,2250.55,2025-11-24,342139
U000661,O000990,846.29,2026-04-11,874443
U000662,O000991,1012.47,2026-04-12,589621
U000663,O000992,875.28,2026-04-13,486459
U000664,O000993,900.81,2026-04-13,744183
U000664,O000994,870.49,2026-04-14,744183
U000665,O000995,926.08,2026-04-15,385727
U000666,O000996,951.95,2026-04-15,410424
U000667,O000997,946.53,2026-04-16,101653
U000667,O000998,903.03,2026-04-16,101653
U000668,O000999,913.04,2026-04-16,630723
U000669,O001000,955.74,2026-04-18,518721
U000669,O001001,903.92,2026-04-18,518721
U000670,O001002,991.39,2026-04-15,356889
U000671,O001003,1018.09,2026-04-18,889802
U000671,O001004,959.54,2026-04-18,889802
U000672,O001005,915.8,2026-04-20,813191
U000673,O001006,1301.76,2025-09-16,403261
U000673,O001007,1316.48,2025-09-17,403261
U000674,O001008,1319.79,2025-09-16,175278
U000674,O001009,1308.0,2025-09-16,175278
U000675,O001010,1305.24,2025-09-16,521702
U000676,O001011,1302.09,2025-09-16,677661
U000677,O001012,1305.68,2025-09-17,670595
U000677,O001013,1326.45,2025-09-17,670595
U000678,O001014,1317.36,2025-09-16,746561
U000679,O001015,1304.59,2025-09-16,740433
U000679,O001016,1320.08,2025-09-16,740433
U000680,O001017,1326.86,2025-09-16,453151
U000680,O001018,1327.99,2025-09-16,453151
U000681,O001019,348.66,2025-09-25,450350
U000682,O001020,339.35,2025-09-25,328154
U000683,O001021,321.59,2025-09-25,502541
U000684,O001022,345.52,2025-09-26,247057
U000685,O001023,371.81,2025-09-27,669196
U000685,O001024,378.39,2025-09-27,669196
U000686,O001025,371.1,2025-09-28,270076
U000686,O001026,379.08,2025-09-29,270076
U000687,O001027,300.59,2025-09-27,568027
U000688,O001028,1146.92,2025-10-02,286203
U000689,O001029,1160.29,2025-10-01,601858
U000689,O001030,1162.3,2025-10-02,601858
U000690,O001031,1137.42,2025-10-02,833242
U000691,O001032,1144.75,2025-10-02,362085
U000691,O001033,1155.87,2025-10-03,362085
U000692,O001034,1142.99,2025-10-03,356072
U000693,O001035,671.84,2026-02-19,165342
U000693,O001036,663.19,2026-02-19,165342
U000694,O001037,652.97,2026-02-20,837010
U000694,O001038,657.02,2026-02-21,837010
U000695,O001039,664.55,2026-02-20,714369
U000695,O001040,663.37,2026-02-21,714369
U000696,O001041,667.49,2026-02-20,599404
U000697,O001042,658.56,2026-02-20,698260
U000697,O001043,662.87,2026-02-21,698260
U000698,O001044,664.5,2026-02-20,877872
U000698,O001045,656.58,2026-02-20,877872
U000699,O001046,654.3,2026-02-20,703585
U000699,O001047,646.25,2026-02-21,703585
U000700,O001048,654.49,2026-02-21,781492
U000700,O001049,658.43,2026-02-21,781492
U000701,O001050,654.28,2026-02-20,760693
U000702,O001051,652.17,2026-02-21,256873
U000703,O001052,646.3,2026-02-20,523709
U000703,O001053,670.89,2026-02-20,523709
U000704,O001054,341.41,2026-02-03,286604
U000705,O001055,411.47,2026-02-03,434069
U000705,O001056,376.51,2026-02-03,434069
U000706,O001057,380.15,2026-02-04,617936
U000706,O001058,341.29,2026-02-04,617936
U000707,O001059,369.88,2026-02-04,461607
U000707,O001060,335.45,2026-02-04,461607
U000708,O001061,400.86,2026-02-04,829789
U000708,O001062,337.65,2026-02-05,829789
U000709,O001063,333.8,2026-02-06,545867
U000709,O001064,385.98,2026-02-06,545867
U000710,O001065,390.19,2026-02-04,293392
U000711,O001066,343.34,2026-02-07,614118
U000711,O001067,422.99,2026-02-08,614118
U000712,O001068,158.56,2026-07-13,354407
U000712,O001069,178.46,2026-07-13,354407
U000713,O001070,154.0,2026-07-13,887462
U000713,O001071,181.07,2026-07-13,887462
U000714,O001072,165.35,2026-07-12,129935
U000714,O001073,169.82,2026-07-13,129935
U000715,O001074,159.25,2026-07-13,847129
U000715,O001075,161.89,2026-07-14,847129
U000716,O001076,157.72,2026-07-13,516321
U000716,O001077,178.81,2026-07-13,516321
U000717,O001078,164.97,2026-07-13,475699
U000717,O001079,154.66,2026-07-13,475699
U000718,O001080,153.44,2026-07-13,311582
U000719,O001081,177.83,2026-07-14,866583
U000719,O001082,174.61,2026-07-14,866583
U000720,O001083,156.7,2026-07-13,642122
U000721,O001084,164.62,2026-07-14,573792
U000721,O001085,159.72,2026-07-14,573792
U000722,O001086,165.32,2026-07-13,620626
U000722,O001087,158.8,2026-07-13,620626
U000723,O001088,158.93,2026-07-14,637412
U000723,O001089,171.42,2026-07-15,637412
U000724,O001090,177.96,2026-07-15,693760
U000725,O001091,166.22,2026-07-14,184280
U000725,O001092,156.97,2026-07-14,184280
U000726,O001093,164.48,2026-07-15,763836
U000727,O001094,1315.12,2026-03-03,729683
U000727,O001095,1392.08,2026-03-04,729683
U000728,O001096,1387.52,2026-03-03,796516
U000728,O001097,1271.58,2026-03-03,796516
U000729,O001098,1243.48,2026-03-04,644071
U000730,O001099,1470.52,2026-03-04,495460
U000730,O001100,1346.46,2026-03-05,495460
U000731,O001101,1460.22,2026-03-04,493406
U000732,O001102,1310.78,2026-03-05,870096
U000733,O001103,1252.15,2026-03-03,793493
U000734,O001104,1417.43,2026-03-07,378019
U000735,O001105,1288.58,2026-03-05,234875
U000736,O001106,1227.11,2026-03-05,489979
U000737,O001107,1252.26,2026-03-06,338890
U000737,O001108,1386.4,2026-03-07,338890
U000738,O001109,1362.91,2026-03-09,720531
U000739,O001110,1311.17,2026-03-07,550394
U000740,O001111,1491.76,2026-03-08,740522
U000741,O001112,1314.5,2026-03-07,455209
U000741,O001113,1300.64,2026-03-07,455209
U000742,O001114,925.88,2026-04-07,575494
U000743,O001115,939.84,2026-04-07,472269
U000744,O001116,938.55,2026-04-08,157216
U000744,O001117,930.87,2026-04-08,157216
U000745,O001118,939.93,2026-04-07,705066
U000746,O001119,157.94,2026-05-06,868483
U000746,O001120,150.97,2026-05-07,868483
U000747,O001121,168.32,2026-05-06,814734
U000747,O001122,166.84,2026-05-07,814734
U000748,O001123,155.35,2026-05-07,317084
U000749,O001124,151.82,2026-05-06,603472
U000749,O001125,160.3,2026-05-06,603472
U000750,O001126,163.37,2026-05-07,772816
U000750,O001127,156.94,2026-05-08,772816
U000751,O001128,144.8,2026-05-07,785011
U000752,O001129,167.13,2026-05-08,222530
U000753,O001130,159.37,2026-05-08,250636
U000753,O001131,157.16,2026-05-08,250636
U000754,O001132,147.74,2026-05-08,471587
U000755,O001133,159.11,2026-05-08,610954
U000755,O001134,163.49,2026-05-09,610954
U000756,O001135,160.57,2026-05-07,288377
U000756,O001136,163.79,2026-05-08,288377
U000757,O001137,161.44,2026-05-08,746790
U000757,O001138,149.25,2026-05-08,746790
U000758,O001139,1372.06,2025-10-12,194995
U000758,O001140,1161.75,2025-10-12,194995
U000759,O001141,1388.87,2025-10-12,706666
U000759,O001142,1098.02,2025-10-12,706666
U000760,O001143,1157.76,2025-10-13,655440
U000761,O001144,1359.55,2025-10-13,631556
U000762,O001145,791.86,2025-11-28,858240
U000762,O001146,812.72,2025-11-29,858240
U000763,O001147,804.85,2025-11-28,656074
U000764,O001148,808.08,2025-11-28,411560
U000765,O001149,808.52,2025-11-29,377949
U000766,O001150,801.55,2025-11-28,818308
U000766,O001151,814.27,2025-11-29,818308
U000767,O001152,797.04,2025-11-28,765855
U000767,O001153,802.82,2025-11-29,765855
U000768,O001154,799.11,2025-11-28,202377
U000769,O001155,793.7,2025-11-28,383357
U000770,O001156,797.97,2025-11-29,485311
U000771,O001157,793.53,2025-11-29,738211
U000771,O001158,810.75,2025-11-29,738211
U000772,O001159,1055.83,2025-11-22,638539
U000773,O001160,1051.74,2025-11-22,551526
U000774,O001161,1017.53,2025-11-22,690376
U000774,O001162,979.33,2025-11-22,690376
U000775,O001163,1119.43,2025-11-23,209438
U000776,O001164,964.97,2025-11-24,358156
U000776,O001165,1145.54,2025-11-25,358156
U000777,O001166,1161.43,2025-11-23,277970
U000777,O001167,1196.67,2025-11-24,277970
U000778,O001168,1150.39,2025-11-24,108844
U000779,O001169,1180.43,2025-11-26,247809
U000780,O001170,962.35,2025-11-28,302353
U000781,O001171,997.86,2025-11-25,329430
U000782,O001172,1195.97,2025-11-29,822298
U000782,O001173,998.13,2025-11-30,822298
U000783,O001174,990.7,2025-11-28,714680
U000784,O001175,2236.47,2026-07-09,691972
U000784,O001176,2248.56,2026-07-10,691972
U000785,O001177,2259.4,2026-07-09,875378
U000786,O001178,2240.67,2026-07-09,630880
U000787,O001179,2233.94,2026-07-09,276995
U000788,O001180,2240.81,2026-07-09,164890
U000788,O001181,2260.98,2026-07-10,164890
U000789,O001182,2243.38,2026-07-10,230753
U000790,O001183,2257.79,2026-07-10,663194
U000791,O001184,2238.05,2026-07-10,374790
U000791,O001185,2248.41,2026-07-11,374790
U000792,O001186,2237.39,2026-07-10,268181
U000792,O001187,2248.75,2026-07-11,268181
U000793,O001188,2257.96,2026-07-11,595377
U000794,O001189,2239.65,2026-07-10,521968
U000795,O001190,2247.61,2026-07-10,384817
U000796,O001191,2235.75,2026-07-11,534435
U000796,O001192,2249.2,2026-07-11,534435
U000797,O001193,2251.66,2026-07-11,358931
U000797,O001194,2260.66,2026-07-11,358931
U000798,O001195,2235.79,2026-07-11,397799
U000799,O001196,811.62,2026-06-13,193032
U000799,O001197,1104.21,2026-07-16,193032
U000799,O001198,467.65,2026-07-18,193032
U000799,O001199,489.93,2026-07-25,193032
U000800,O001200,448.21,2026-06-25,566417
U000800,O001201,939.09,2026-07-15,566417
U000800,O001202,748.89,2026-08-09,566417
U000800,O001203,493.83,2026-08-15,566417
U000801,O001204,459.74,2026-07-21,746503
U000801,O001205,583.32,2026-08-21,746503
U000802,O001206,787.46,2026-06-16,819564
U000802,O001207,1052.7,2026-08-21,819564
U000802,O001208,296.37,2026-08-25,819564
U000803,O001209,66.68,2026-06-19,428206
U000803,O001210,829.63,2026-07-11,428206
U000803,O001211,545.97,2026-07-15,428206
U000804,O001212,364.31,2026-07-26,238744
U000805,O001213,576.32,2026-07-24,462100
U000806,O001214,1298.17,2026-08-02,404165
U000806,O001215,835.27,2026-08-21,404165
U000807,O001216,486.23,2026-08-16,608813
U000808,O001217,101.98,2026-01-19,561390
U000808,O001218,419.18,2026-02-10,561390
U000808,O001219,568.94,2026-02-18,561390
U000809,O001220,541.79,2025-12-02,794304
U000809,O001221,584.35,2025-12-15,794304
U000809,O001222,785.98,2026-02-26,794304
U000809,O001223,49.0,2026-03-30,794304
U000809,O001224,692.58,2026-04-13,794304
U000810,O001225,49.0,2025-12-10,785909
U000810,O001226,623.06,2025-12-29,785909
U000810,O001227,820.62,2026-01-04,785909
U000810,O001228,1157.13,2026-01-23,785909
U000811,O001229,1000.77,2025-11-20,226507
U000811,O001230,79.73,2025-12-15,226507
U000812,O001231,727.43,2025-11-27,841589
U000812,O001232,790.98,2025-12-26,841589
U000812,O001233,1222.86,2026-01-16,841589
U000813,O001234,947.06,2026-01-17,358903
U000813,O001235,1186.83,2026-01-21,358903
U000813,O001236,790.52,2026-01-28,358903
U000813,O001237,1038.96,2026-01-30,358903
U000813,O001238,769.93,2026-02-04,358903
U000813,O001239,213.26,2026-03-07,358903
U000814,O001240,810.68,2026-03-10,868071
U000814,O001241,1030.87,2026-04-20,868071
U000814,O001242,594.14,2026-05-10,868071
U000814,O001243,1788.07,2026-05-17,868071
U000814,O001244,271.64,2026-06-20,868071
U000815,O001245,892.99,2026-04-19,618957
U000815,O001246,361.28,2026-06-08,618957
U000815,O001247,94.06,2026-07-28,618957
U000815,O001248,785.64,2026-08-08,618957
U000816,O001249,201.7,2026-01-23,867809
U000816,O001250,906.01,2026-02-03,867809
U000816,O001251,905.51,2026-03-27,867809
U000816,O001252,906.02,2026-05-29,867809
U000816,O001253,2241.09,2026-07-10,867809
U000817,O001254,511.23,2026-01-08,206450
U000817,O001255,1135.58,2026-01-14,206450
U000817,O001256,413.88,2026-02-03,206450
U000817,O001257,971.84,2026-03-02,206450
U000818,O001258,522.2,2026-03-30,213195
U000818,O001259,49.0,2026-04-03,213195
U000818,O001260,391.27,2026-04-06,213195
U000818,O001261,1364.52,2026-04-13,213195
U000818,O001262,827.11,2026-04-19,213195
U000818,O001263,55.11,2026-05-22,213195
U000819,O001264,329.23,2026-02-15,353161
U000819,O001265,676.19,2026-03-06,353161
U000819,O001266,598.97,2026-03-24,353161
U000819,O001267,200.89,2026-04-08,353161
U000819,O001268,523.98,2026-05-04,353161
U000819,O001269,752.3,2026-05-18,353161
U000819,O001270,1165.27,2026-06-13,353161
U000819,O001271,704.09,2026-07-12,353161
U000819,O001272,779.62,2026-07-19,353161
U000819,O001273,459.91,2026-07-21,353161
U000819,O001274,745.41,2026-08-14,353161
U000820,O001275,964.85,2026-02-20,488351
U000820,O001276,505.43,2026-02-25,488351
U000820,O001277,783.04,2026-03-08,488351
U000820,O001278,451.11,2026-04-26,488351
U000820,O001279,557.8,2026-05-28,488351
U000820,O001280,844.81,2026-06-24,488351
U000820,O001281,932.53,2026-08-05,488351
U000820,O001282,920.69,2026-08-16,488351
U000821,O001283,415.95,2026-06-23,464360
U000821,O001284,432.32,2026-07-07,464360
U000822,O001285,1164.77,2026-06-17,890005
U000822,O001286,1222.19,2026-08-17,890005
U000823,O001287,708.4,2026-06-14,844259
U000824,O001288,420.34,2026-03-11,438708
U000824,O001289,696.47,2026-04-01,438708
U000824,O001290,576.36,2026-04-18,438708
U000824,O001291,1021.53,2026-04-23,438708
U000824,O001292,945.54,2026-04-29,438708
U000824,O001293,1243.15,2026-05-04,438708
U000824,O001294,526.68,2026-05-08,438708
U000824,O001295,781.53,2026-06-22,438708
U000824,O001296,1161.74,2026-07-25,438708
U000825,O001297,509.05,2026-04-27,168466
U000825,O001298,692.39,2026-06-27,168466
U000825,O001299,298.99,2026-06-29,168466
U000826,O001300,789.64,2026-04-10,400780
U000826,O001301,705.04,2026-04-14,400780
U000826,O001302,709.8,2026-05-07,400780
U000826,O001303,899.2,2026-06-02,400780
U000826,O001304,1561.27,2026-07-04,400780
U000827,O001305,393.06,2026-01-25,113846
U000827,O001306,49.0,2026-04-29,113846
U000827,O001307,844.99,2026-06-12,113846
U000828,O001308,670.56,2026-01-05,363542
U000828,O001309,587.11,2026-02-17,363542
U000828,O001310,818.19,2026-06-09,363542
U000828,O001311,261.06,2026-06-23,363542
U000830,O001312,574.79,2026-05-17,756641
U000830,O001313,60.35,2026-05-22,756641
U000830,O001314,152.56,2026-08-09,756641
U000831,O001315,914.2,2026-02-17,265828
U000831,O001316,1295.62,2026-03-26,265828
U000831,O001317,1051.13,2026-04-03,265828
U000831,O001318,49.0,2026-04-09,265828
U000831,O001319,1277.74,2026-04-25,265828
U000832,O001320,694.11,2026-03-30,629080
U000832,O001321,1018.56,2026-04-08,629080
U000832,O001322,697.52,2026-04-25,629080
U000832,O001323,861.25,2026-05-07,629080
U000832,O001324,650.84,2026-06-04,629080
U000832,O001325,669.88,2026-06-09,629080
U000832,O001326,259.5,2026-06-14,629080
U000832,O001327,895.07,2026-06-27,629080
U000832,O001328,1522.04,2026-08-25,629080
U000833,O001329,572.26,2026-06-18,794086
U000833,O001330,420.11,2026-07-30,794086
U000834,O001331,785.59,2025-11-24,560579
U000834,O001332,1040.56,2025-12-11,560579
U000834,O001333,304.83,2026-02-08,560579
U000834,O001334,311.09,2026-02-27,560579
U000834,O001335,731.79,2026-03-16,560579
U000834,O001336,375.8,2026-04-06,560579
U000834,O001337,338.18,2026-04-20,560579
U000834,O001338,275.49,2026-04-23,560579
U000834,O001339,438.25,2026-05-05,560579
U000834,O001340,787.29,2026-05-10,560579
U000834,O001341,1064.23,2026-06-09,560579
U000835,O001342,555.43,2026-03-09,577771
U000835,O001343,604.6,2026-03-15,577771
U000835,O001344,547.24,2026-03-24,577771
U000835,O001345,534.62,2026-04-04,577771
U000835,O001346,49.0,2026-04-11,577771
U000835,O001347,973.86,2026-07-23,577771
U000835,O001348,856.1,2026-07-28,577771
U000836,O001349,666.04,2025-10-09,239407
U000836,O001350,355.83,2025-10-12,239407
U000836,O001351,546.18,2025-10-16,239407
U000836,O001352,1102.52,2026-02-10,239407
U000836,O001353,469.24,2026-02-19,239407
U000836,O001354,911.92,2026-03-22,239407
U000836,O001355,1276.63,2026-04-09,239407
U000836,O001356,930.83,2026-04-24,239407
U000836,O001357,618.78,2026-06-09,239407
U000837,O001358,49.0,2026-03-23,681718
U000837,O001359,844.31,2026-05-16,681718
U000837,O001360,599.95,2026-05-31,681718
U000837,O001361,1220.42,2026-06-14,681718
U000837,O001362,1120.64,2026-07-01,681718
U000837,O001363,362.58,2026-07-21,681718
U000837,O001364,604.33,2026-07-29,681718
U000838,O001365,1029.24,2026-06-27,714141
U000838,O001366,835.4,2026-07-09,714141
U000838,O001367,533.88,2026-08-04,714141
U000839,O001368,1214.79,2026-01-07,771119
U000839,O001369,522.14,2026-01-13,771119
U000839,O001370,1085.54,2026-01-22,771119
U000839,O001371,1089.42,2026-02-19,771119
U000839,O001372,49.0,2026-03-22,771119
U000839,O001373,812.39,2026-04-04,771119
U000839,O001374,768.24,2026-04-11,771119
U000840,O001375,1034.23,2026-05-17,780565
U000840,O001376,743.76,2026-07-09,780565
U000840,O001377,990.31,2026-08-10,780565
U000841,O001378,722.29,2026-03-24,353944
U000841,O001379,1137.68,2026-04-17,353944
U000841,O001380,636.8,2026-05-02,353944
U000841,O001381,529.25,2026-06-14,353944
U000841,O001382,295.16,2026-06-16,353944
U000842,O001383,49.0,2026-03-05,749298
U000842,O001384,380.36,2026-03-11,749298
U000842,O001385,634.19,2026-08-04,749298
U000842,O001386,428.97,2026-08-24,749298
U000843,O001387,759.71,2026-06-13,443891
U000843,O001388,49.0,2026-07-04,443891
U000843,O001389,203.74,2026-07-26,443891
U000844,O001390,255.77,2026-04-09,506751
U000844,O001391,1400.91,2026-04-12,506751
U000844,O001392,1074.27,2026-04-18,506751
U000844,O001393,1208.62,2026-04-21,506751
U000845,O001394,555.61,2026-06-15,833727
U000845,O001395,1163.73,2026-07-15,833727
U000845,O001396,937.24,2026-07-23,833727
U000845,O001397,576.18,2026-07-25,833727
U000845,O001398,830.45,2026-07-29,833727
U000845,O001399,199.55,2026-08-14,833727
U000846,O001400,684.95,2026-02-09,778512
U000846,O001401,1141.32,2026-04-09,778512
U000846,O001402,554.56,2026-05-21,778512
U000847,O001403,677.22,2026-07-03,760752
U000847,O001404,49.0,2026-07-10,760752
U000847,O001405,920.75,2026-08-01,760752
U000848,O001406,853.45,2026-03-22,831562
U000848,O001407,49.0,2026-03-26,831562
U000848,O001408,560.79,2026-04-01,831562
U000848,O001409,779.42,2026-04-26,831562
U000848,O001410,90.39,2026-05-05,831562
U000848,O001411,380.62,2026-05-18,831562
U000848,O001412,929.59,2026-06-21,831562
U000848,O001413,49.0,2026-07-09,831562
U000848,O001414,738.13,2026-08-07,831562
U000849,O001415,771.61,2026-05-31,489100
U000849,O001416,686.0,2026-06-04,489100
U000849,O001417,1408.32,2026-07-05,489100
U000849,O001418,983.1,2026-07-21,489100
U000850,O001419,475.01,2026-06-01,484831
U000850,O001420,1125.83,2026-06-08,484831
U000850,O001421,747.84,2026-07-13,484831
U000850,O001422,1214.51,2026-08-25,484831
U000851,O001423,1124.88,2026-05-21,127294
U000851,O001424,1027.39,2026-06-22,127294
U000851,O001425,753.54,2026-06-25,127294
U000851,O001426,878.66,2026-07-27,127294
U000852,O001427,614.69,2026-02-23,878277
U000852,O001428,625.25,2026-03-29,878277
U000852,O001429,524.11,2026-04-20,878277
U000853,O001430,732.91,2026-04-27,109772
U000853,O001431,1126.19,2026-07-08,109772
U000853,O001432,493.08,2026-08-19,109772
U000854,O001433,1263.74,2026-06-17,206055
U000854,O001434,1331.83,2026-07-03,206055
U000854,O001435,490.86,2026-07-12,206055
U000854,O001436,162.22,2026-07-17,206055
U000854,O001437,332.54,2026-07-27,206055
U000854,O001438,686.13,2026-08-05,206055
U000854,O001439,793.69,2026-08-19,206055
U000855,O001440,250.91,2026-05-13,304898
U000856,O001441,852.96,2026-02-08,744494
U000856,O001442,550.64,2026-06-22,744494
U000856,O001443,230.57,2026-07-29,744494
U000857,O001444,963.42,2026-03-09,594003
U000857,O001445,1504.08,2026-03-14,594003
U000857,O001446,148.27,2026-03-29,594003
U000857,O001447,407.63,2026-05-02,594003
U000857,O001448,492.96,2026-05-21,594003
U000857,O001449,789.52,2026-07-10,594003
U000857,O001450,1710.77,2026-07-29,594003
U000858,O001451,487.65,2026-05-24,280566
U000858,O001452,1028.19,2026-07-15,280566
U000858,O001453,902.91,2026-08-16,280566
U000859,O001454,1182.6,2026-04-19,408314
U000859,O001455,373.23,2026-04-26,408314
U000859,O001456,711.5,2026-06-09,408314
U000859,O001457,1211.38,2026-06-11,408314
U000859,O001458,776.44,2026-06-22,408314
U000859,O001459,718.57,2026-07-19,408314
U000859,O001460,958.19,2026-07-28,408314
U000860,O001461,1565.3,2026-07-29,542884
U000860,O001462,770.22,2026-08-25,542884
U000862,O001463,863.4,2026-05-23,362323
U000862,O001464,120.79,2026-06-09,362323
U000862,O001465,49.0,2026-06-15,362323
U000862,O001466,291.51,2026-07-27,362323
U000862,O001467,983.34,2026-07-31,362323
U000863,O001468,1059.16,2026-03-25,138235
U000863,O001469,617.37,2026-04-02,138235
U000863,O001470,729.68,2026-04-10,138235
U000863,O001471,608.24,2026-04-24,138235
U000863,O001472,902.2,2026-06-15,138235
U000863,O001473,688.43,2026-06-22,138235
U000864,O001474,403.67,2025-11-15,558004
U000864,O001475,694.28,2025-12-09,558004
U000864,O001476,446.16,2025-12-19,558004
U000864,O001477,1098.3,2026-01-05,558004
U000865,O001478,690.33,2026-01-20,855354
U000865,O001479,471.6,2026-01-24,855354
U000865,O001480,1660.81,2026-02-02,855354
U000865,O001481,690.96,2026-03-07,855354
U000865,O001482,349.47,2026-03-29,855354
U000865,O001483,715.06,2026-04-11,855354
U000865,O001484,628.4,2026-04-14,855354
U000865,O001485,407.25,2026-04-19,855354
U000865,O001486,1095.55,2026-05-12,855354
U000865,O001487,949.32,2026-05-20,855354
U000866,O001488,1226.96,2026-03-06,493854
U000866,O001489,779.04,2026-03-23,493854
U000866,O001490,1394.39,2026-04-20,493854
U000866,O001491,779.16,2026-04-24,493854
U000866,O001492,439.43,2026-04-27,493854
U000866,O001493,506.45,2026-06-20,493854
U000866,O001494,909.13,2026-06-28,493854
U000866,O001495,470.52,2026-07-27,493854
U000866,O001496,1391.02,2026-08-15,493854
U000866,O001497,874.53,2026-08-24,493854
U000867,O001498,209.69,2025-11-19,735086
U000867,O001499,114.25,2026-03-11,735086
U000867,O001500,789.78,2026-03-14,735086
U000867,O001501,1118.84,2026-03-30,735086
U000867,O001502,1131.47,2026-05-03,735086
U000867,O001503,684.6,2026-07-02,735086
U000868,O001504,897.61,2026-04-26,554428
U000868,O001505,804.27,2026-05-03,554428
U000868,O001506,689.78,2026-05-12,554428
U000868,O001507,1169.09,2026-05-21,554428
U000868,O001508,1008.68,2026-07-13,554428
U000868,O001509,49.0,2026-07-27,554428
U000868,O001510,555.02,2026-08-20,554428
U000869,O001511,252.13,2026-05-23,739420
U000869,O001512,49.0,2026-06-01,739420
U000869,O001513,801.67,2026-07-17,739420
U000869,O001514,959.57,2026-08-02,739420
U000870,O001515,143.2,2026-06-01,187364
U000870,O001516,596.38,2026-07-24,187364
U000870,O001517,621.46,2026-08-02,187364
U000870,O001518,991.05,2026-08-06,187364
U000870,O001519,720.78,2026-08-09,187364
U000870,O001520,993.06,2026-08-14,187364
U000870,O001521,667.71,2026-08-26,187364
U000871,O001522,646.57,2026-04-12,596594
U000871,O001523,1134.35,2026-05-02,596594
U000871,O001524,351.55,2026-05-21,596594
U000871,O001525,861.36,2026-05-24,596594
U000871,O001526,324.61,2026-06-04,596594
U000871,O001527,957.71,2026-07-04,596594
U000872,O001528,1661.37,2026-01-18,838226
U000872,O001529,676.95,2026-03-12,838226
U000872,O001530,1142.21,2026-04-04,838226
U000872,O001531,1174.81,2026-04-12,838226
U000873,O001532,828.54,2026-01-31,296035
U000873,O001533,868.77,2026-02-23,296035
U000873,O001534,602.34,2026-03-30,296035
U000873,O001535,1085.63,2026-04-11,296035
U000873,O001536,938.96,2026-05-11,296035
U000874,O001537,980.47,2026-06-01,657676
U000874,O001538,1337.8,2026-06-15,657676
U000874,O001539,361.22,2026-06-29,657676
U000874,O001540,444.42,2026-07-16,657676
U000875,O001541,170.76,2026-03-10,116700
U000875,O001542,1631.45,2026-04-02,116700
U000876,O001543,990.06,2026-03-16,535544
U000876,O001544,398.41,2026-05-22,535544
U000876,O001545,587.73,2026-06-10,535544
U000876,O001546,304.56,2026-06-19,535544
U000877,O001547,258.56,2026-03-26,823138
U000877,O001548,764.19,2026-04-28,823138
U000877,O001549,325.11,2026-05-07,823138
U000877,O001550,1258.97,2026-07-31,823138
U000877,O001551,669.94,2026-08-22,823138
U000877,O001552,888.78,2026-08-25,823138
U000878,O001553,755.69,2026-04-09,173168
U000878,O001554,412.64,2026-04-18,173168
U000878,O001555,1057.97,2026-06-02,173168
U000878,O001556,430.6,2026-06-18,173168
U000879,O001557,811.6,2025-10-26,511638
U000879,O001558,125.75,2025-11-27,511638
U000879,O001559,49.0,2025-12-30,511638
U000879,O001560,821.07,2026-01-31,511638
U000880,O001561,486.34,2025-12-08,126092
U000880,O001562,978.0,2026-04-18,126092
U000880,O001563,1478.62,2026-05-23,126092
U000881,O001564,655.51,2026-01-05,210175
U000881,O001565,338.44,2026-02-12,210175
U000881,O001566,1136.52,2026-02-24,210175
U000881,O001567,943.66,2026-05-03,210175
U000882,O001568,730.07,2026-05-24,621781
U000882,O001569,1190.82,2026-06-20,621781
U000882,O001570,489.01,2026-06-24,621781
U000882,O001571,844.67,2026-08-09,621781
U000883,O001572,800.52,2026-06-02,283108
U000883,O001573,699.38,2026-07-22,283108
U000884,O001574,630.02,2026-03-01,530520
U000884,O001575,397.7,2026-03-08,530520
U000885,O001576,1256.08,2026-01-08,124543
U000885,O001577,923.12,2026-01-15,124543
U000885,O001578,273.95,2026-02-04,124543
U000885,O001579,577.91,2026-02-17,124543
U000885,O001580,722.66,2026-02-21,124543
U000885,O001581,911.88,2026-05-18,124543
U000885,O001582,725.79,2026-06-03,124543
U000885,O001583,49.0,2026-06-20,124543
U000885,O001584,216.12,2026-06-25,124543
U000886,O001585,939.97,2026-04-05,791696
U000886,O001586,454.64,2026-05-07,791696
U000886,O001587,579.01,2026-06-07,791696
U000886,O001588,764.23,2026-06-11,791696
U000886,O001589,701.22,2026-07-25,791696
U000886,O001590,1079.82,2026-08-20,791696
U000887,O001591,106.04,2026-02-28,864717
U000887,O001592,481.5,2026-03-09,864717
U000887,O001593,856.72,2026-03-30,864717
U000887,O001594,693.88,2026-04-07,864717
U000887,O001595,931.72,2026-04-12,864717
U000888,O001596,1167.29,2026-07-01,563064
U000888,O001597,354.84,2026-07-19,563064
U000888,O001598,350.07,2026-08-02,563064
U000889,O001599,49.0,2026-03-28,144430
U000889,O001600,1562.92,2026-05-15,144430
U000889,O001601,457.71,2026-06-13,144430
U000889,O001602,1220.7,2026-08-10,144430
U000889,O001603,1324.6,2026-08-14,144430
U000890,O001604,379.0,2026-04-26,507071
U000890,O001605,1219.52,2026-05-07,507071
U000890,O001606,972.11,2026-05-20,507071
U000890,O001607,1163.13,2026-05-27,507071
U000890,O001608,813.02,2026-06-03,507071
U000891,O001609,416.86,2026-07-05,766168
U000891,O001610,131.28,2026-08-12,766168
U000891,O001611,1300.53,2026-08-20,766168
U000891,O001612,1231.28,2026-08-25,766168
U000892,O001613,922.49,2026-02-09,134578
U000892,O001614,922.73,2026-02-15,134578
U000892,O001615,615.85,2026-02-23,134578
U000893,O001616,633.15,2026-04-06,856124
U000893,O001617,813.03,2026-05-13,856124
U000893,O001618,896.39,2026-05-30,856124
U000893,O001619,993.95,2026-07-09,856124
U000894,O001620,859.88,2026-08-21,792214
U000895,O001621,439.46,2026-04-25,752689
U000895,O001622,1215.9,2026-06-17,752689
U000896,O001623,969.27,2026-04-12,669444
U000896,O001624,987.93,2026-05-04,669444
U000896,O001625,1278.6,2026-05-11,669444
U000897,O001626,345.0,2026-04-22,470508
U000897,O001627,525.02,2026-05-03,470508
U000897,O001628,1390.79,2026-06-27,470508
U000897,O001629,540.15,2026-08-22,470508
U000898,O001630,750.58,2026-04-25,370378
U000898,O001631,424.83,2026-05-17,370378
U000898,O001632,1352.37,2026-06-09,370378
U000898,O001633,1082.58,2026-07-22,370378
U000898,O001634,697.18,2026-08-01,370378
U000898,O001635,1224.96,2026-08-05,370378
U000898,O001636,1146.36,2026-08-08,370378
U000899,O001637,440.29,2026-05-22,145901
U000899,O001638,1444.72,2026-06-18,145901
U000899,O001639,269.32,2026-07-29,145901
U000899,O001640,1158.96,2026-08-03,145901
U000899,O001641,578.31,2026-08-17,145901
U000900,O001642,905.44,2026-04-21,691681
U000900,O001643,486.92,2026-05-08,691681
U000901,O001644,858.12,2026-03-05,298309
U000901,O001645,470.62,2026-04-02,298309
U000901,O001646,309.45,2026-06-22,298309
U000902,O001647,343.02,2026-04-26,220104
U000902,O001648,49.0,2026-04-29,220104
U000902,O001649,1053.62,2026-05-12,220104
U000902,O001650,726.8,2026-07-10,220104
U000903,O001651,906.38,2026-03-31,889719
U000903,O001652,406.16,2026-04-12,889719
U000903,O001653,375.9,2026-06-01,889719
U000903,O001654,293.67,2026-06-23,889719
U000903,O001655,724.67,2026-08-14,889719
U000904,O001656,708.32,2026-03-15,150640
U000904,O001657,408.8,2026-04-27,150640
U000904,O001658,441.61,2026-05-14,150640
U000905,O001659,380.32,2026-04-28,144036
U000905,O001660,1053.24,2026-05-15,144036
U000905,O001661,668.87,2026-06-06,144036
U000905,O001662,819.5,2026-06-25,144036
U000905,O001663,399.28,2026-08-09,144036
U000905,O001664,745.31,2026-08-23,144036
U000906,O001665,124.69,2026-06-04,742105
U000906,O001666,1093.03,2026-06-11,742105
U000906,O001667,962.54,2026-06-22,742105
U000906,O001668,593.78,2026-08-12,742105
U000907,O001669,893.37,2026-04-22,653027
U000907,O001670,806.02,2026-07-18,653027
U000907,O001671,681.99,2026-08-17,653027
U000908,O001672,808.39,2026-04-11,708974
U000908,O001673,821.68,2026-05-02,708974
U000908,O001674,578.54,2026-06-04,708974
U000908,O001675,49.0,2026-07-19,708974
U000908,O001676,663.53,2026-08-05,708974
U000909,O001677,49.0,2025-12-15,193328
U000909,O001678,228.38,2025-12-20,193328
U000909,O001679,1175.07,2026-01-20,193328
U000909,O001680,813.32,2026-01-24,193328
U000909,O001681,596.44,2026-02-01,193328
U000909,O001682,1048.52,2026-03-21,193328
U000910,O001683,161.61,2025-12-01,620119
U000910,O001684,1142.83,2025-12-18,620119
U000910,O001685,651.85,2026-01-09,620119
U000910,O001686,485.87,2026-01-23,620119
U000910,O001687,663.79,2026-02-28,620119
U000910,O001688,983.78,2026-05-03,620119
U000910,O001689,525.81,2026-05-14,620119
U000910,O001690,995.52,2026-07-15,620119
U000910,O001691,946.15,2026-07-18,620119
U000911,O001692,1019.98,2026-01-14,427497
U000911,O001693,53.48,2026-01-24,427497
U000911,O001694,1080.12,2026-02-04,427497
U000911,O001695,1384.25,2026-04-03,427497
U000911,O001696,658.22,2026-04-10,427497
U000911,O001697,632.47,2026-05-22,427497
U000911,O001698,728.02,2026-05-25,427497
U000912,O001699,1164.75,2026-07-14,364155
U000913,O001700,1054.32,2026-07-16,361687
U000913,O001701,792.0,2026-08-01,361687
U000914,O001702,657.79,2025-12-28,331859
U000914,O001703,626.26,2026-01-10,331859
U000915,O001704,576.32,2026-02-03,878586
U000915,O001705,399.14,2026-03-17,878586
U000915,O001706,49.0,2026-04-09,878586
U000915,O001707,746.01,2026-06-17,878586
U000915,O001708,785.28,2026-07-02,878586
U000915,O001709,399.21,2026-07-07,878586
U000915,O001710,1130.4,2026-07-20,878586
U000915,O001711,708.52,2026-08-08,878586
U000916,O001712,67.52,2026-04-12,319164
U000916,O001713,1058.02,2026-05-27,319164
U000916,O001714,506.78,2026-08-15,319164
U000916,O001715,758.72,2026-08-24,319164
U000917,O001716,263.84,2026-05-07,353615
U000917,O001717,1264.37,2026-05-31,353615
U000917,O001718,983.29,2026-06-03,353615
U000917,O001719,793.29,2026-06-28,353615
U000917,O001720,455.03,2026-08-21,353615
U000918,O001721,844.6,2026-05-02,672700
U000918,O001722,222.55,2026-05-18,672700
U000918,O001723,1067.66,2026-05-30,672700
U000918,O001724,1256.99,2026-07-10,672700
U000918,O001725,599.98,2026-08-24,672700
U000919,O001726,576.79,2026-02-11,665829
U000919,O001727,1011.86,2026-02-17,665829
U000919,O001728,1224.12,2026-02-20,665829
U000919,O001729,1258.27,2026-03-04,665829
U000919,O001730,49.0,2026-03-08,665829
U000920,O001731,377.65,2026-06-18,352971
U000920,O001732,681.61,2026-07-19,352971
U000920,O001733,241.33,2026-07-21,352971
U000920,O001734,659.15,2026-08-10,352971
U000921,O001735,863.7,2026-04-22,106169
U000921,O001736,662.63,2026-05-03,106169
U000921,O001737,791.59,2026-06-29,106169
U000921,O001738,84.13,2026-07-24,106169
U000921,O001739,105.49,2026-08-05,106169
U000922,O001740,1084.57,2026-02-11,420134
U000922,O001741,49.0,2026-02-17,420134
U000922,O001742,617.89,2026-03-06,420134
U000922,O001743,1633.67,2026-03-20,420134
U000922,O001744,816.74,2026-07-28,420134
U000922,O001745,1059.79,2026-08-20,420134
U000923,O001746,555.29,2026-04-22,603631
U000923,O001747,812.05,2026-06-03,603631
U000923,O001748,650.15,2026-06-13,603631
U000924,O001749,230.96,2026-01-30,828630
U000924,O001750,865.88,2026-03-17,828630
U000924,O001751,1296.77,2026-06-05,828630
U000924,O001752,1166.32,2026-06-12,828630
U000924,O001753,618.22,2026-08-09,828630
U000924,O001754,645.9,2026-08-13,828630
U000925,O001755,1101.43,2026-02-20,183472
U000925,O001756,1158.16,2026-03-03,183472
U000925,O001757,487.38,2026-03-13,183472
U000925,O001758,485.75,2026-03-21,183472
U000925,O001759,1042.65,2026-03-23,183472
U000925,O001760,906.02,2026-04-28,183472
U000925,O001761,986.26,2026-05-04,183472
U000925,O001762,978.84,2026-06-10,183472
U000925,O001763,1172.98,2026-07-18,183472
U000926,O001764,49.0,2026-07-10,697539
U000926,O001765,49.0,2026-07-14,697539
U000926,O001766,742.71,2026-07-26,697539
U000927,O001767,646.09,2026-08-25,881566
U000928,O001768,638.03,2026-07-12,648021
U000929,O001769,980.29,2026-05-29,662151
U000929,O001770,49.0,2026-06-26,662151
U000930,O001771,773.54,2026-03-21,557711
U000930,O001772,856.97,2026-04-10,557711
U000930,O001773,496.41,2026-04-20,557711
U000930,O001774,422.11,2026-05-09,557711
U000930,O001775,536.29,2026-06-05,557711
U000930,O001776,371.03,2026-06-08,557711
U000930,O001777,1148.41,2026-06-10,557711
U000932,O001778,636.16,2026-06-13,465693
U000932,O001779,1077.99,2026-08-15,465693
U000933,O001780,673.78,2026-08-02,392610
U000933,O001781,1492.68,2026-08-16,392610
U000935,O001782,452.94,2026-08-16,733782
U000936,O001783,573.57,2026-05-01,113385
U000936,O001784,948.88,2026-06-20,113385
U000936,O001785,244.47,2026-07-08,113385
U000937,O001786,850.56,2026-08-08,794130
U000938,O001787,339.18,2026-07-10,500439
U000938,O001788,49.0,2026-07-24,500439
U000939,O001789,747.61,2026-06-10,678048
U000939,O001790,1121.44,2026-07-11,678048
U000939,O001791,410.61,2026-08-19,678048
U000940,O001792,1092.34,2026-01-05,601279
U000940,O001793,403.11,2026-01-25,601279
U000940,O001794,1095.47,2026-02-07,601279
U000940,O001795,159.42,2026-05-11,601279
U000941,O001796,708.35,2026-01-25,726948
U000941,O001797,792.28,2026-04-20,726948
U000941,O001798,195.93,2026-04-24,726948
U000941,O001799,453.46,2026-05-01,726948
U000942,O001800,1332.22,2026-07-12,480068
U000942,O001801,293.96,2026-07-22,480068
U000942,O001802,606.39,2026-08-03,480068
U000942,O001803,886.54,2026-08-21,480068
U000943,O001804,56.94,2025-11-19,323610
U000943,O001805,773.9,2025-12-08,323610
U000943,O001806,623.98,2026-01-08,323610
U000943,O001807,557.02,2026-02-20,323610
U000943,O001808,49.0,2026-03-09,323610
U000943,O001809,1313.37,2026-03-12,323610
U000943,O001810,130.42,2026-03-19,323610
U000943,O001811,593.34,2026-03-22,323610
U000944,O001812,60.75,2026-03-25,838588
U000944,O001813,884.87,2026-04-11,838588
U000944,O001814,775.88,2026-05-05,838588
U000944,O001815,435.21,2026-08-14,838588
U000944,O001816,870.35,2026-08-22,838588
U000945,O001817,707.66,2026-04-07,510166
U000945,O001818,947.4,2026-04-26,510166
U000945,O001819,617.01,2026-05-05,510166
U000945,O001820,421.73,2026-06-01,510166
U000945,O001821,266.32,2026-07-20,510166
U000946,O001822,440.25,2026-02-22,654886
U000946,O001823,1228.52,2026-03-09,654886
U000946,O001824,49.0,2026-04-15,654886
U000946,O001825,1103.01,2026-05-25,654886
U000947,O001826,89.49,2026-06-19,735669
U000947,O001827,713.03,2026-06-22,735669
U000947,O001828,785.56,2026-06-25,735669
U000947,O001829,624.23,2026-07-05,735669
U000948,O001830,624.35,2026-06-08,404236
U000948,O001831,1068.66,2026-07-18,404236
U000948,O001832,119.53,2026-08-05,404236
U000949,O001833,695.16,2026-02-25,586212
U000949,O001834,972.09,2026-03-28,586212
U000949,O001835,1177.0,2026-04-03,586212
U000949,O001836,49.0,2026-05-28,586212
U000949,O001837,827.86,2026-06-12,586212
U000949,O001838,839.07,2026-06-15,586212
U000949,O001839,505.11,2026-06-17,586212
U000950,O001840,1186.95,2026-02-28,783744
U000950,O001841,1028.22,2026-04-18,783744
U000950,O001842,275.08,2026-05-04,783744
U000950,O001843,220.69,2026-06-06,783744
U000950,O001844,515.89,2026-07-21,783744
U000951,O001845,245.82,2026-02-19,318846
U000951,O001846,960.18,2026-03-15,318846
U000951,O001847,98.77,2026-03-26,318846
U000951,O001848,546.41,2026-04-28,318846
U000951,O001849,800.08,2026-05-18,318846
U000952,O001850,1134.99,2026-03-11,188294
U000952,O001851,1069.66,2026-05-01,188294
U000953,O001852,49.0,2026-05-01,868450
U000953,O001853,670.05,2026-05-08,868450
U000953,O001854,415.0,2026-06-17,868450
U000953,O001855,1277.77,2026-06-20,868450
U000953,O001856,675.88,2026-08-07,868450
U000955,O001857,881.92,2026-05-07,804287
U000955,O001858,253.14,2026-05-13,804287
U000955,O001859,295.16,2026-07-06,804287
U000955,O001860,440.24,2026-08-05,804287
U000956,O001861,1008.84,2026-06-04,734249
U000956,O001862,49.0,2026-06-07,734249
U000956,O001863,863.46,2026-06-18,734249
U000956,O001864,91.06,2026-07-01,734249
U000957,O001865,1145.08,2026-07-11,570755
U000957,O001866,1146.96,2026-08-08,570755
U000957,O001867,1279.4,2026-08-15,570755
U000958,O001868,1305.44,2025-11-11,741644
U000958,O001869,454.66,2025-12-14,741644
U000958,O001870,256.7,2025-12-30,741644
U000958,O001871,49.0,2026-01-08,741644
U000959,O001872,1024.56,2026-02-03,826155
U000959,O001873,240.69,2026-03-07,826155
U000960,O001874,1365.73,2026-02-04,770134
U000960,O001875,989.89,2026-03-07,770134
U000960,O001876,717.51,2026-03-22,770134
U000960,O001877,597.66,2026-03-31,770134
U000960,O001878,656.09,2026-04-17,770134
U000960,O001879,898.99,2026-06-04,770134
U000961,O001880,354.24,2026-04-01,841148
U000961,O001881,643.63,2026-05-08,841148
U000962,O001882,420.56,2026-04-06,693213
U000962,O001883,351.79,2026-04-15,693213
U000962,O001884,1382.01,2026-04-19,693213
U000962,O001885,579.68,2026-05-14,693213
U000962,O001886,863.15,2026-06-13,693213
U000963,O001887,881.01,2025-12-12,151106
U000963,O001888,164.56,2025-12-29,151106
U000963,O001889,977.17,2026-01-31,151106
U000963,O001890,1497.01,2026-02-16,151106
U000964,O001891,393.34,2026-05-01,844828
U000964,O001892,694.46,2026-05-21,844828
U000964,O001893,424.11,2026-07-27,844828
U000965,O001894,928.25,2025-12-13,692570
U000965,O001895,1087.27,2025-12-18,692570
U000965,O001896,265.94,2025-12-28,692570
U000965,O001897,369.84,2026-01-18,692570
U000965,O001898,159.57,2026-02-08,692570
U000965,O001899,171.02,2026-03-26,692570
U000965,O001900,919.55,2026-05-06,692570
U000966,O001901,598.02,2026-03-13,292486
U000966,O001902,1125.95,2026-03-18,292486
U000966,O001903,49.0,2026-04-06,292486
U000966,O001904,867.07,2026-04-14,292486
U000966,O001905,1038.8,2026-05-31,292486
U000966,O001906,544.24,2026-07-21,292486
U000966,O001907,1336.36,2026-08-16,292486
U000966,O001908,304.88,2026-08-22,292486
U000967,O001909,913.91,2025-11-09,426016
U000967,O001910,1108.55,2025-11-17,426016
U000967,O001911,1535.38,2025-12-03,426016
U000967,O001912,1448.39,2025-12-19,426016
U000967,O001913,855.85,2026-01-20,426016
U000967,O001914,49.0,2026-01-27,426016
U000967,O001915,701.35,2026-03-21,426016
U000967,O001916,294.44,2026-04-17,426016
U000967,O001917,734.27,2026-05-12,426016
U000968,O001918,848.84,2026-02-15,354320
U000968,O001919,855.66,2026-04-05,354320
U000968,O001920,1138.59,2026-04-23,354320
U000968,O001921,449.73,2026-05-10,354320
U000968,O001922,379.98,2026-05-17,354320
U000969,O001923,674.59,2026-02-12,879605
U000969,O001924,582.09,2026-02-26,879605
U000969,O001925,1238.47,2026-07-25,879605
U000969,O001926,268.85,2026-08-16,879605
U000970,O001927,424.51,2026-01-26,685246
U000970,O001928,1258.64,2026-02-17,685246
U000970,O001929,865.86,2026-03-26,685246
U000970,O001930,242.3,2026-05-08,685246
U000970,O001931,722.92,2026-06-07,685246
U000970,O001932,411.74,2026-07-03,685246
U000970,O001933,911.53,2026-07-10,685246
U000971,O001934,1423.72,2026-03-11,692144
U000971,O001935,612.78,2026-03-21,692144
U000971,O001936,264.15,2026-03-29,692144
U000971,O001937,386.1,2026-04-06,692144
U000971,O001938,706.25,2026-04-22,692144
U000972,O001939,1060.91,2026-05-24,392137
U000972,O001940,739.32,2026-06-24,392137
U000972,O001941,678.87,2026-07-22,392137
U000972,O001942,373.04,2026-08-02,392137
U000973,O001943,456.17,2026-05-14,519733
U000973,O001944,320.23,2026-05-18,519733
U000973,O001945,1273.89,2026-06-04,519733
U000973,O001946,566.95,2026-06-06,519733
U000973,O001947,896.62,2026-06-29,519733
U000974,O001948,1002.72,2025-10-16,286299
U000974,O001949,944.99,2025-12-06,286299
U000974,O001950,293.33,2026-05-08,286299
U000975,O001951,602.37,2026-01-10,834569
U000975,O001952,1233.96,2026-01-19,834569
U000975,O001953,951.9,2026-01-22,834569
U000976,O001954,899.95,2025-12-30,281443
U000976,O001955,140.28,2026-03-08,281443
U000976,O001956,847.06,2026-05-15,281443
U000976,O001957,49.0,2026-05-23,281443
U000977,O001958,950.2,2026-05-04,424188
U000977,O001959,1054.09,2026-05-29,424188
U000977,O001960,1481.66,2026-06-01,424188
U000978,O001961,497.7,2025-11-22,196635
U000978,O001962,217.6,2025-12-19,196635
U000978,O001963,849.4,2026-01-21,196635
U000978,O001964,1081.04,2026-02-07,196635
U000978,O001965,889.48,2026-02-13,196635
U000978,O001966,909.23,2026-02-16,196635
U000978,O001967,1232.35,2026-03-20,196635
U000978,O001968,307.9,2026-05-07,196635
U000978,O001969,1924.78,2026-05-21,196635
U000978,O001970,49.0,2026-05-28,196635
U000979,O001971,915.52,2025-12-08,850980
U000979,O001972,801.27,2026-01-19,850980
U000979,O001973,1028.14,2026-04-22,850980
U000979,O001974,493.43,2026-05-10,850980
U000979,O001975,621.41,2026-08-12,850980
U000980,O001976,629.29,2026-05-25,297755
U000980,O001977,80.55,2026-06-03,297755
U000980,O001978,597.53,2026-06-08,297755
U000981,O001979,603.4,2026-04-05,261690
U000981,O001980,517.55,2026-04-18,261690
U000981,O001981,772.57,2026-04-26,261690
U000981,O001982,534.8,2026-06-08,261690
U000981,O001983,329.32,2026-07-30,261690
U000981,O001984,687.42,2026-08-05,261690
U000981,O001985,360.63,2026-08-16,261690
U000982,O001986,49.0,2025-10-30,811502
U000982,O001987,542.48,2025-12-14,811502
U000982,O001988,225.66,2025-12-18,811502
U000982,O001989,49.0,2026-01-21,811502
U000982,O001990,1151.79,2026-02-13,811502
U000982,O001991,972.68,2026-04-06,811502
U000983,O001992,680.44,2026-04-15,451093
U000983,O001993,137.92,2026-05-21,451093
U000983,O001994,1198.76,2026-06-09,451093
U000984,O001995,675.2,2026-04-12,317237
U000984,O001996,559.52,2026-05-05,317237
U000984,O001997,1773.87,2026-06-02,317237
U000984,O001998,49.0,2026-06-10,317237
U000984,O001999,1045.52,2026-07-09,317237
U000984,O002000,183.39,2026-07-15,317237
U000984,O002001,816.34,2026-07-25,317237
U000985,O002002,559.99,2026-06-15,283222
U000985,O002003,301.58,2026-07-27,283222
U000985,O002004,746.47,2026-08-09,283222
U000986,O002005,362.04,2026-02-25,756228
U000986,O002006,818.47,2026-03-06,756228
U000986,O002007,850.09,2026-04-02,756228
U000986,O002008,643.28,2026-05-08,756228
U000986,O002009,226.45,2026-05-21,756228
U000986,O002010,1031.65,2026-05-25,756228
U000986,O002011,689.07,2026-05-28,756228
U000986,O002012,437.52,2026-06-08,756228
U000986,O002013,406.84,2026-08-09,756228
U000987,O002014,1168.66,2026-06-18,808143
U000987,O002015,553.87,2026-06-24,808143
U000987,O002016,460.25,2026-06-27,808143
U000987,O002017,256.0,2026-07-17,808143
U000987,O002018,708.51,2026-08-12,808143
U000988,O002019,1054.69,2026-05-01,852816
U000988,O002020,519.99,2026-05-15,852816
U000988,O002021,1202.86,2026-06-21,852816
U000989,O002022,412.47,2026-05-04,247357
U000989,O002023,998.0,2026-05-17,247357
U000989,O002024,736.7,2026-05-19,247357
U000989,O002025,800.9,2026-07-28,247357
U000989,O002026,1331.25,2026-08-07,247357
U000989,O002027,1094.18,2026-08-18,247357
U000990,O002028,458.41,2026-02-18,529757
U000990,O002029,608.18,2026-03-07,529757
U000990,O002030,1098.63,2026-03-16,529757
U000990,O002031,513.4,2026-05-26,529757
U000990,O002032,956.19,2026-06-02,529757
U000990,O002033,623.8,2026-06-06,529757
U000990,O002034,829.62,2026-06-10,529757
U000990,O002035,240.92,2026-06-16,529757
U000991,O002036,49.0,2026-02-25,740051
U000991,O002037,78.57,2026-04-22,740051
U000991,O002038,591.94,2026-06-20,740051
U000991,O002039,937.57,2026-07-21,740051
U000991,O002040,499.09,2026-07-31,740051
U000991,O002041,502.9,2026-08-13,740051
U000992,O002042,1463.77,2026-02-07,556816
U000992,O002043,1023.96,2026-04-08,556816
U000992,O002044,886.69,2026-04-22,556816
U000992,O002045,902.55,2026-04-27,556816
U000992,O002046,288.76,2026-05-21,556816
U000993,O002047,661.15,2026-02-13,299154
U000993,O002048,49.0,2026-05-13,299154
U000993,O002049,355.85,2026-05-17,299154
U000993,O002050,534.56,2026-05-20,299154
U000993,O002051,1455.08,2026-05-28,299154
U000993,O002052,894.41,2026-06-23,299154
U000993,O002053,81.08,2026-07-06,299154
U000993,O002054,662.55,2026-08-21,299154
U000994,O002055,1230.32,2026-04-03,661301
U000994,O002056,519.54,2026-04-21,661301
U000994,O002057,920.7,2026-05-05,661301
U000994,O002058,535.43,2026-06-18,661301
U000994,O002059,1161.56,2026-07-05,661301
U000994,O002060,776.17,2026-07-16,661301
U000994,O002061,879.69,2026-08-06,661301
U000995,O002062,723.59,2026-05-21,562565
U000995,O002063,878.75,2026-06-23,562565
U000995,O002064,314.91,2026-06-27,562565
U000995,O002065,617.36,2026-07-23,562565
U000996,O002066,220.06,2025-11-19,360945
U000996,O002067,583.1,2026-01-13,360945
U000996,O002068,705.7,2026-02-04,360945
U000996,O002069,69.46,2026-03-11,360945
U000996,O002070,841.42,2026-06-01,360945
U000997,O002071,597.63,2025-12-01,782394
U000997,O002072,793.61,2026-01-16,782394
U000997,O002073,600.59,2026-02-06,782394
U000998,O002074,677.36,2025-11-12,753200
U000998,O002075,1187.59,2025-12-02,753200
U000998,O002076,49.0,2025-12-13,753200
U000998,O002077,1003.88,2025-12-16,753200
U000998,O002078,662.22,2025-12-26,753200
U000998,O002079,867.84,2026-01-29,753200
U000999,O002080,1359.79,2026-03-04,671888
U000999,O002081,1128.24,2026-04-04,671888
U000999,O002082,182.74,2026-04-09,671888
U001000,O002083,928.96,2026-05-25,608914
U001000,O002084,246.93,2026-05-30,608914
U001000,O002085,837.74,2026-06-07,608914
U001000,O002086,550.54,2026-06-10,608914
U001000,O002087,497.09,2026-08-02,608914
U001001,O002088,627.03,2026-03-07,472031
U001001,O002089,712.43,2026-04-17,472031
U001001,O002090,738.73,2026-04-28,472031
U001001,O002091,498.46,2026-05-13,472031
U001001,O002092,49.0,2026-08-14,472031
U001002,O002093,836.38,2025-11-26,446523
U001002,O002094,872.91,2025-12-12,446523
U001002,O002095,888.02,2025-12-20,446523
U001002,O002096,655.73,2025-12-29,446523
U001002,O002097,341.34,2026-01-10,446523
U001002,O002098,49.0,2026-03-04,446523
U001002,O002099,550.07,2026-03-16,446523
U001002,O002100,205.03,2026-03-31,446523
U001002,O002101,743.76,2026-04-23,446523
U001003,O002102,512.34,2025-12-03,763634
U001003,O002103,128.74,2025-12-12,763634
U001003,O002104,906.61,2026-01-10,763634
U001003,O002105,1089.2,2026-02-25,763634
U001004,O002106,1057.18,2026-05-16,682559
U001004,O002107,1431.85,2026-07-07,682559
U001004,O002108,1612.66,2026-07-17,682559
U001005,O002109,452.94,2026-04-11,487516
U001005,O002110,319.07,2026-04-14,487516
U001005,O002111,429.2,2026-05-22,487516
U001005,O002112,1060.16,2026-05-31,487516
U001006,O002113,880.49,2026-05-20,238887
U001006,O002114,1248.21,2026-05-28,238887
U001006,O002115,978.08,2026-06-06,238887
U001006,O002116,813.5,2026-06-09,238887
U001007,O002117,304.85,2026-02-26,426545
U001007,O002118,271.66,2026-03-16,426545
U001007,O002119,1464.57,2026-04-07,426545
U001007,O002120,1102.98,2026-04-14,426545
U001007,O002121,198.03,2026-07-09,426545
U001007,O002122,773.88,2026-07-12,426545
U001008,O002123,1075.17,2026-06-19,192416
U001008,O002124,300.93,2026-06-25,192416
U001009,O002125,1114.66,2026-01-07,783309
U001009,O002126,653.74,2026-02-07,783309
U001009,O002127,801.04,2026-02-09,783309
U001009,O002128,961.06,2026-02-19,783309
U001009,O002129,244.93,2026-03-18,783309
U001009,O002130,1166.01,2026-04-11,783309
U001010,O002131,201.76,2026-02-26,263300
U001010,O002132,333.49,2026-02-28,263300
U001010,O002133,1242.18,2026-03-09,263300
U001010,O002134,1168.08,2026-03-11,263300
U001010,O002135,753.72,2026-05-31,263300
U001010,O002136,355.32,2026-06-23,263300
U001010,O002137,712.01,2026-07-15,263300
U001010,O002138,75.4,2026-07-29,263300
U001011,O002139,1301.37,2026-06-17,597179
U001011,O002140,475.22,2026-08-10,597179
U001011,O002141,1105.86,2026-08-21,597179
U001012,O002142,1404.48,2026-02-23,274165
U001012,O002143,699.87,2026-03-21,274165
U001012,O002144,1534.42,2026-03-28,274165
U001012,O002145,294.1,2026-05-17,274165
U001012,O002146,678.44,2026-05-24,274165
U001012,O002147,307.08,2026-06-17,274165
U001012,O002148,778.45,2026-07-09,274165
U001012,O002149,338.37,2026-07-30,274165
U001012,O002150,1141.55,2026-08-08,274165
U001013,O002151,890.07,2026-02-01,328672
U001013,O002152,49.0,2026-03-05,328672
U001013,O002153,1023.57,2026-05-06,328672
U001013,O002154,550.33,2026-05-09,328672
U001013,O002155,637.77,2026-06-16,328672
U001013,O002156,1189.48,2026-07-19,328672
U001013,O002157,230.06,2026-08-02,328672
U001014,O002158,238.67,2026-01-02,571325
U001014,O002159,49.0,2026-01-07,571325
U001014,O002160,49.0,2026-03-04,571325
U001014,O002161,157.82,2026-04-02,571325
U001014,O002162,489.65,2026-04-18,571325
U001014,O002163,771.1,2026-06-01,571325
U001014,O002164,860.19,2026-08-13,571325
U001014,O002165,752.43,2026-08-19,571325
U001015,O002166,785.03,2025-12-22,318430
U001015,O002167,1110.79,2026-01-03,318430
U001015,O002168,373.51,2026-02-15,318430
U001015,O002169,731.26,2026-03-10,318430
U001016,O002170,1180.99,2026-05-19,277921
U001016,O002171,826.86,2026-05-23,277921
U001016,O002172,1138.06,2026-06-11,277921
U001016,O002173,873.4,2026-07-21,277921
U001016,O002174,923.83,2026-07-31,277921
U001016,O002175,374.59,2026-08-03,277921
U001016,O002176,1753.42,2026-08-18,277921
U001017,O002177,912.7,2026-07-12,507005
U001017,O002178,464.04,2026-07-16,507005
U001017,O002179,1037.71,2026-07-22,507005
U001017,O002180,194.13,2026-08-07,507005
U001017,O002181,1311.72,2026-08-11,507005
U001018,O002182,162.38,2025-11-30,333096
U001018,O002183,902.13,2025-12-27,333096
U001018,O002184,1260.16,2026-01-19,333096
U001018,O002185,921.69,2026-02-09,333096
U001018,O002186,463.0,2026-02-17,333096
U001018,O002187,793.99,2026-03-06,333096
U001018,O002188,493.13,2026-03-12,333096
U001018,O002189,480.73,2026-03-26,333096
U001019,O002190,770.11,2026-03-09,244273
U001019,O002191,165.31,2026-04-06,244273
U001020,O002192,49.0,2026-07-04,889779
U001020,O002193,747.84,2026-07-17,889779
U001021,O002194,384.26,2026-04-27,814308
U001021,O002195,740.83,2026-04-29,814308
U001021,O002196,254.59,2026-05-29,814308
U001021,O002197,1408.07,2026-06-17,814308
U001021,O002198,744.16,2026-07-02,814308
U001021,O002199,902.97,2026-08-06,814308
U001021,O002200,142.47,2026-08-17,814308
U001022,O002201,473.55,2026-02-09,721388
U001022,O002202,89.08,2026-02-18,721388
U001022,O002203,49.0,2026-05-26,721388
U001022,O002204,461.03,2026-06-02,721388
U001022,O002205,1131.16,2026-07-07,721388
U001022,O002206,1180.41,2026-07-23,721388
U001023,O002207,813.18,2026-03-26,303396
U001023,O002208,299.58,2026-04-25,303396
U001023,O002209,586.53,2026-05-01,303396
U001023,O002210,1247.24,2026-07-17,303396
U001023,O002211,232.5,2026-08-04,303396
U001024,O002212,974.83,2026-01-29,619333
U001024,O002213,1286.62,2026-02-17,619333
U001024,O002214,487.42,2026-02-22,619333
U001025,O002215,72.86,2026-08-14,557368
U001025,O002216,343.51,2026-08-21,557368
U001026,O002217,675.26,2026-07-03,458066
U001026,O002218,581.01,2026-07-28,458066
U001027,O002219,1224.79,2026-01-15,453270
U001027,O002220,1127.35,2026-02-28,453270
U001027,O002221,941.65,2026-05-08,453270
U001027,O002222,1621.46,2026-05-11,453270
U001027,O002223,108.22,2026-06-09,453270
U001027,O002224,310.65,2026-07-09,453270
U001028,O002225,1102.85,2026-02-20,773544
U001028,O002226,923.88,2026-05-26,773544
U001028,O002227,775.02,2026-06-06,773544
U001028,O002228,1004.05,2026-07-17,773544
U001029,O002229,1121.76,2026-05-02,352313
U001029,O002230,366.68,2026-05-17,352313
U001030,O002231,444.69,2026-04-21,680645
U001030,O002232,96.72,2026-07-10,680645
U001030,O002233,237.21,2026-07-13,680645
U001031,O002234,474.01,2026-03-21,653839
U001031,O002235,869.28,2026-04-22,653839
U001031,O002236,246.24,2026-07-05,653839
U001031,O002237,1191.91,2026-07-25,653839
U001031,O002238,281.46,2026-08-21,653839
U001032,O002239,711.64,2025-12-10,346321
U001032,O002240,674.12,2025-12-19,346321
U001033,O002241,729.15,2026-04-26,562662
U001033,O002242,851.52,2026-05-13,562662
U001033,O002243,851.13,2026-06-15,562662
U001033,O002244,889.22,2026-06-20,562662
U001033,O002245,1074.93,2026-07-22,562662
U001033,O002246,844.57,2026-08-04,562662
U001033,O002247,943.29,2026-08-09,562662
U001033,O002248,729.09,2026-08-24,562662
U001034,O002249,774.92,2026-03-11,155962
U001034,O002250,1105.05,2026-03-31,155962
U001034,O002251,636.74,2026-04-20,155962
U001034,O002252,627.42,2026-05-09,155962
U001034,O002253,657.47,2026-06-08,155962
U001034,O002254,49.0,2026-07-02,155962
U001034,O002255,49.0,2026-08-12,155962
U001034,O002256,898.75,2026-08-19,155962
U001035,O002257,1127.91,2026-06-09,888109
U001035,O002258,516.86,2026-08-13,888109
U001035,O002259,636.26,2026-08-21,888109
U001036,O002260,301.94,2026-06-30,187316
U001036,O002261,627.4,2026-07-20,187316
U001036,O002262,1271.54,2026-08-02,187316
U001037,O002263,110.35,2026-04-13,277708
U001037,O002264,615.03,2026-04-15,277708
U001037,O002265,1301.69,2026-08-07,277708
U001038,O002266,815.36,2026-05-07,788220
U001038,O002267,474.92,2026-05-20,788220
U001038,O002268,131.54,2026-05-22,788220
U001038,O002269,493.15,2026-07-06,788220
U001038,O002270,274.48,2026-07-18,788220
U001039,O002271,384.06,2025-11-14,137337
U001039,O002272,331.77,2025-11-25,137337
U001039,O002273,503.0,2026-01-04,137337
U001039,O002274,343.51,2026-01-09,137337
U001040,O002275,827.85,2026-06-02,626722
U001040,O002276,1327.95,2026-06-08,626722
U001040,O002277,727.45,2026-08-17,626722
U001041,O002278,895.24,2026-06-15,209313
U001041,O002279,352.77,2026-06-22,209313
U001041,O002280,1278.35,2026-07-03,209313
U001041,O002281,706.53,2026-08-08,209313
U001042,O002282,646.34,2026-02-21,277469
U001042,O002283,864.84,2026-02-24,277469
U001042,O002284,922.92,2026-03-03,277469
U001042,O002285,646.34,2026-03-09,277469
U001042,O002286,1225.91,2026-04-16,277469
U001042,O002287,473.8,2026-04-28,277469
U001042,O002288,547.84,2026-05-25,277469
U001042,O002289,567.61,2026-08-04,277469
U001043,O002290,1136.34,2025-12-28,696205
U001043,O002291,514.82,2026-01-05,696205
U001044,O002292,410.4,2026-04-04,878961
U001044,O002293,621.84,2026-04-10,878961
U001044,O002294,697.18,2026-04-21,878961
U001044,O002295,613.76,2026-04-26,878961
U001044,O002296,827.81,2026-05-08,878961
U001044,O002297,1361.45,2026-07-03,878961
U001044,O002298,143.91,2026-07-25,878961
U001044,O002299,763.1,2026-07-31,878961
U001045,O002300,997.56,2026-03-26,306972
U001045,O002301,366.92,2026-05-30,306972
U001045,O002302,818.96,2026-06-15,306972
U001045,O002303,659.31,2026-07-01,306972
U001045,O002304,979.33,2026-07-20,306972
U001045,O002305,598.82,2026-08-12,306972
U001046,O002306,1257.38,2025-11-19,552143
U001046,O002307,984.22,2026-01-01,552143
U001047,O002308,653.4,2025-11-17,591001
U001047,O002309,1365.92,2025-11-25,591001
U001047,O002310,346.34,2026-02-20,591001
U001047,O002311,49.0,2026-04-20,591001
U001047,O002312,294.48,2026-05-11,591001
U001048,O002313,1039.17,2026-01-16,755196
U001048,O002314,49.0,2026-04-20,755196
U001048,O002315,1045.7,2026-05-18,755196
U001049,O002316,1041.37,2026-02-05,104441
U001049,O002317,552.25,2026-02-09,104441
U001049,O002318,568.42,2026-03-21,104441
U001049,O002319,843.72,2026-04-06,104441
U001049,O002320,825.79,2026-04-12,104441
U001049,O002321,1435.24,2026-05-10,104441
U001050,O002322,49.0,2026-06-04,840566
U001050,O002323,777.33,2026-06-08,840566
U001050,O002324,553.17,2026-07-12,840566
U001050,O002325,418.07,2026-08-02,840566
U001050,O002326,239.93,2026-08-25,840566
U001051,O002327,838.65,2026-01-11,505407
U001051,O002328,921.26,2026-02-01,505407
U001051,O002329,480.72,2026-02-08,505407
U001051,O002330,1469.38,2026-02-12,505407
U001051,O002331,390.15,2026-02-28,505407
U001051,O002332,49.0,2026-03-11,505407
U001051,O002333,1000.44,2026-05-19,505407
U001051,O002334,49.0,2026-07-24,505407
U001052,O002335,711.38,2026-05-14,437993
U001052,O002336,660.01,2026-06-09,437993
U001052,O002337,61.75,2026-06-25,437993
U001052,O002338,413.97,2026-06-29,437993
U001052,O002339,456.04,2026-07-18,437993
U001052,O002340,747.28,2026-08-26,437993
U001053,O002341,430.32,2026-04-25,586157
U001053,O002342,1339.42,2026-07-21,586157
U001053,O002343,1020.85,2026-07-31,586157
U001054,O002344,53.65,2026-05-17,247006
U001054,O002345,819.86,2026-05-29,247006
U001054,O002346,980.28,2026-07-18,247006
U001054,O002347,1825.86,2026-07-23,247006
U001054,O002348,658.26,2026-07-25,247006
U001054,O002349,857.32,2026-08-19,247006
U001054,O002350,884.11,2026-08-23,247006
U001055,O002351,777.94,2026-01-01,472678
U001055,O002352,634.71,2026-01-08,472678
U001055,O002353,1347.93,2026-01-17,472678
U001055,O002354,662.81,2026-02-12,472678
U001055,O002355,601.65,2026-03-02,472678
U001055,O002356,583.99,2026-03-08,472678
U001055,O002357,555.35,2026-04-15,472678
U001055,O002358,554.52,2026-05-01,472678
U001055,O002359,719.87,2026-05-04,472678
U001056,O002360,617.55,2025-12-01,418882
U001056,O002361,1004.13,2026-01-16,418882
U001057,O002362,938.2,2026-02-06,443363
U001057,O002363,464.04,2026-03-13,443363
U001058,O002364,582.3,2026-04-29,598483
U001058,O002365,1242.63,2026-06-21,598483
U001058,O002366,1158.41,2026-06-28,598483
U001058,O002367,389.05,2026-07-12,598483
U001058,O002368,1351.86,2026-08-07,598483
U001058,O002369,550.93,2026-08-15,598483
U001058,O002370,602.92,2026-08-19,598483
U001058,O002371,49.0,2026-08-25,598483
U001059,O002372,602.78,2026-05-10,407765
U001059,O002373,700.92,2026-06-11,407765
U001059,O002374,655.67,2026-07-10,407765
U001060,O002375,544.7,2026-04-24,601168
U001060,O002376,49.0,2026-05-11,601168
U001060,O002377,494.02,2026-08-06,601168
U001061,O002378,1158.47,2026-02-08,585496
U001061,O002379,660.81,2026-02-19,585496
U001061,O002380,542.82,2026-02-27,585496
U001061,O002381,411.58,2026-04-07,585496
U001061,O002382,461.05,2026-04-25,585496
U001061,O002383,504.93,2026-05-07,585496
U001061,O002384,168.33,2026-07-19,585496
U001062,O002385,675.52,2025-10-11,334322
U001062,O002386,660.87,2025-10-14,334322
U001062,O002387,256.82,2025-11-08,334322
U001062,O002388,636.03,2025-11-24,334322
U001063,O002389,1074.6,2026-05-04,199104
U001063,O002390,704.35,2026-07-10,199104
U001063,O002391,924.43,2026-07-27,199104
U001063,O002392,49.0,2026-08-07,199104
U001063,O002393,941.84,2026-08-17,199104
U001064,O002394,49.0,2026-05-01,405672
U001064,O002395,729.57,2026-05-12,405672
U001065,O002396,1038.78,2026-05-04,368682
U001065,O002397,758.6,2026-05-07,368682
U001066,O002398,1442.66,2025-10-17,774520
U001066,O002399,507.29,2025-11-21,774520
U001067,O002400,49.0,2026-01-20,510220
U001067,O002401,1037.91,2026-01-26,510220
U001068,O002402,1447.53,2026-04-30,586424
U001068,O002403,867.88,2026-05-20,586424
U001069,O002404,74.79,2026-06-20,579656
U001069,O002405,228.22,2026-07-06,579656
U001069,O002406,1281.31,2026-08-15,579656
U001070,O002407,668.71,2026-05-09,391986
U001070,O002408,765.72,2026-05-29,391986
U001070,O002409,1578.49,2026-06-15,391986
U001071,O002410,1122.81,2025-11-09,630936
U001071,O002411,779.52,2025-12-03,630936
U001071,O002412,397.15,2026-01-05,630936
U001071,O002413,604.92,2026-01-23,630936
U001072,O002414,676.07,2026-05-14,680585
U001072,O002415,897.42,2026-05-26,680585
U001072,O002416,251.5,2026-06-16,680585
U001073,O002417,1071.76,2026-05-25,465126
U001073,O002418,1163.75,2026-06-03,465126
U001073,O002419,1089.24,2026-06-28,465126
U001073,O002420,516.95,2026-07-03,465126
U001074,O002421,774.28,2026-03-24,841287
U001074,O002422,1182.64,2026-03-31,841287
U001074,O002423,89.13,2026-04-22,841287
U001074,O002424,306.14,2026-04-27,841287
U001074,O002425,382.99,2026-05-05,841287
U001074,O002426,310.35,2026-05-21,841287
U001074,O002427,981.37,2026-06-03,841287
U001074,O002428,447.99,2026-06-17,841287
U001074,O002429,992.78,2026-06-21,841287
U001074,O002430,717.74,2026-07-03,841287
U001075,O002431,49.0,2026-02-16,272748
U001075,O002432,394.99,2026-03-20,272748
U001075,O002433,1114.52,2026-05-02,272748
U001075,O002434,1379.77,2026-05-13,272748
U001075,O002435,539.28,2026-06-14,272748
U001076,O002436,49.0,2025-12-04,682119
U001076,O002437,666.86,2025-12-11,682119
U001076,O002438,238.51,2025-12-31,682119
U001076,O002439,361.95,2026-01-17,682119
U001076,O002440,458.81,2026-01-23,682119
U001076,O002441,827.16,2026-03-03,682119
U001076,O002442,535.95,2026-04-16,682119
U001077,O002443,813.79,2025-12-12,475049
U001077,O002444,49.0,2025-12-17,475049
U001077,O002445,1516.83,2025-12-22,475049
U001077,O002446,762.85,2026-01-19,475049
U001078,O002447,770.48,2026-06-30,808340
U001078,O002448,537.5,2026-07-09,808340
U001078,O002449,453.27,2026-07-23,808340
U001080,O002450,894.92,2026-02-07,183555
U001080,O002451,1128.77,2026-03-07,183555
U001080,O002452,649.93,2026-03-12,183555
U001080,O002453,1038.75,2026-03-15,183555
U001080,O002454,916.36,2026-03-29,183555
U001080,O002455,1050.47,2026-04-15,183555
U001080,O002456,276.62,2026-04-18,183555
U001081,O002457,49.0,2026-05-02,856210
U001081,O002458,1247.88,2026-05-20,856210
U001081,O002459,265.58,2026-06-18,856210
U001081,O002460,339.76,2026-07-21,856210
U001081,O002461,246.89,2026-07-27,856210
U001082,O002462,513.48,2025-12-22,315010
U001082,O002463,94.82,2026-02-07,315010
U001082,O002464,824.34,2026-04-03,315010
U001082,O002465,68.53,2026-04-10,315010
U001082,O002466,615.0,2026-04-15,315010
U001082,O002467,1171.58,2026-04-27,315010
U001082,O002468,780.18,2026-05-19,315010
U001082,O002469,572.33,2026-06-12,315010
U001083,O002470,79.4,2026-05-24,783845
U001083,O002471,964.82,2026-05-27,783845
U001083,O002472,1175.44,2026-07-01,783845
U001083,O002473,1439.74,2026-08-06,783845
U001084,O002474,982.87,2026-03-25,110741
U001084,O002475,1091.67,2026-05-11,110741
U001084,O002476,955.09,2026-05-14,110741
U001084,O002477,879.96,2026-05-25,110741
U001084,O002478,779.79,2026-06-21,110741
U001084,O002479,667.62,2026-06-24,110741
U001085,O002480,1045.58,2026-01-02,697670
U001085,O002481,695.31,2026-01-10,697670
U001085,O002482,701.55,2026-01-16,697670
U001085,O002483,1348.87,2026-03-20,697670
U001085,O002484,205.39,2026-03-26,697670
U001085,O002485,970.2,2026-04-01,697670
U001085,O002486,1286.75,2026-05-02,697670
U001086,O002487,915.71,2026-02-09,103158
U001086,O002488,680.32,2026-03-10,103158
U001086,O002489,895.63,2026-05-24,103158
U001086,O002490,328.83,2026-06-23,103158
U001086,O002491,463.73,2026-07-04,103158
U001086,O002492,1243.43,2026-07-08,103158
U001086,O002493,558.33,2026-07-14,103158
U001087,O002494,1089.05,2025-10-27,596571
U001087,O002495,655.79,2025-11-19,596571
U001087,O002496,1136.19,2026-01-05,596571
U001087,O002497,1179.95,2026-04-14,596571
U001087,O002498,263.64,2026-07-31,596571
U001088,O002499,1017.72,2026-04-22,218585
U001088,O002500,848.08,2026-04-29,218585
U001088,O002501,933.73,2026-05-08,218585
U001088,O002502,864.22,2026-05-12,218585
U001088,O002503,607.57,2026-06-08,218585
U001088,O002504,1049.13,2026-07-12,218585
U001089,O002505,313.54,2026-04-27,340325
U001089,O002506,1040.99,2026-05-05,340325
U001089,O002507,208.33,2026-07-30,340325
U001090,O002508,229.22,2026-02-25,284179
U001090,O002509,1428.22,2026-03-03,284179
U001090,O002510,473.44,2026-06-20,284179
U001090,O002511,1032.65,2026-06-24,284179
U001090,O002512,783.79,2026-06-28,284179
U001091,O002513,306.19,2026-02-12,115668
U001092,O002514,1276.78,2025-11-27,728170
U001092,O002515,495.05,2025-12-03,728170
U001093,O002516,842.5,2026-05-04,628334
U001093,O002517,1204.61,2026-05-12,628334
U001093,O002518,1138.43,2026-05-21,628334
U001093,O002519,870.13,2026-06-05,628334
U001093,O002520,854.55,2026-06-15,628334
U001093,O002521,1035.11,2026-07-01,628334
U001093,O002522,909.29,2026-07-20,628334
U001093,O002523,211.87,2026-08-02,628334
U001094,O002524,1399.43,2026-06-12,403328
U001094,O002525,543.71,2026-07-06,403328
U001094,O002526,635.56,2026-07-25,403328
U001094,O002527,150.25,2026-08-03,403328
U001095,O002528,923.45,2026-02-21,712929
U001095,O002529,49.0,2026-02-25,712929
U001095,O002530,206.06,2026-06-12,712929
U001095,O002531,1083.02,2026-07-06,712929
U001095,O002532,196.79,2026-07-11,712929
U001095,O002533,992.64,2026-08-13,712929
U001096,O002534,191.44,2025-11-24,556272
U001096,O002535,201.08,2025-11-26,556272
U001096,O002536,582.36,2025-12-27,556272
U001096,O002537,808.33,2026-01-02,556272
U001096,O002538,506.41,2026-02-12,556272
U001096,O002539,749.46,2026-03-11,556272
U001097,O002540,1082.11,2026-03-20,366779
U001097,O002541,684.5,2026-05-21,366779
U001097,O002542,456.66,2026-05-25,366779
U001097,O002543,937.01,2026-07-07,366779
U001098,O002544,1655.35,2026-04-09,809901
U001098,O002545,1173.7,2026-05-07,809901
U001098,O002546,989.13,2026-05-10,809901
U001098,O002547,744.72,2026-06-08,809901
U001098,O002548,710.48,2026-07-23,809901
U001099,O002549,578.57,2026-05-12,298623
U001099,O002550,862.69,2026-05-30,298623
U001099,O002551,315.25,2026-06-06,298623
U001099,O002552,266.37,2026-07-30,298623
U001100,O002553,843.09,2026-01-22,725173
U001100,O002554,933.87,2026-02-07,725173
U001100,O002555,551.91,2026-02-12,725173
U001100,O002556,800.28,2026-03-18,725173
U001101,O002557,375.21,2026-03-12,373998
U001101,O002558,720.15,2026-04-01,373998
U001101,O002559,954.21,2026-04-16,373998
U001101,O002560,49.0,2026-06-04,373998
U001101,O002561,372.83,2026-06-23,373998
U001101,O002562,564.35,2026-08-11,373998
U001102,O002563,1166.71,2026-03-28,759097
U001102,O002564,679.25,2026-04-08,759097
U001102,O002565,645.47,2026-04-30,759097
U001102,O002566,399.64,2026-05-22,759097
U001102,O002567,49.0,2026-08-16,759097
U001103,O002568,557.95,2025-12-08,671738
U001103,O002569,865.93,2026-01-31,671738
U001103,O002570,324.12,2026-02-12,671738
U001103,O002571,1163.02,2026-04-15,671738
U001103,O002572,688.48,2026-04-20,671738
U001103,O002573,168.6,2026-04-24,671738
U001103,O002574,972.09,2026-05-02,671738
U001104,O002575,620.46,2026-03-26,368374
U001104,O002576,49.0,2026-05-06,368374
U001105,O002577,737.19,2026-01-05,521092
U001105,O002578,818.4,2026-01-10,521092
U001105,O002579,857.19,2026-01-17,521092
U001105,O002580,1635.2,2026-02-06,521092
U001105,O002581,605.61,2026-04-22,521092
U001106,O002582,486.3,2026-01-17,834619
U001106,O002583,760.36,2026-03-05,834619
U001107,O002584,359.05,2026-01-10,783341
U001107,O002585,890.15,2026-01-19,783341
U001108,O002586,472.22,2026-03-19,452588
U001108,O002587,650.39,2026-04-07,452588
U001108,O002588,49.0,2026-04-12,452588
U001108,O002589,251.98,2026-05-21,452588
U001108,O002590,543.25,2026-07-03,452588
U001109,O002591,292.89,2025-12-30,829534
U001109,O002592,807.14,2026-01-13,829534
U001109,O002593,370.59,2026-01-18,829534
U001109,O002594,492.7,2026-05-06,829534
U001109,O002595,1230.11,2026-05-30,829534
U001109,O002596,191.23,2026-08-01,829534
U001109,O002597,784.56,2026-08-14,829534
U001111,O002598,934.96,2026-05-27,545852
U001111,O002599,1265.67,2026-06-03,545852
U001112,O002600,626.45,2026-03-22,681972
U001112,O002601,775.29,2026-06-24,681972
U001112,O002602,855.67,2026-08-11,681972
U001112,O002603,700.28,2026-08-15,681972
U001112,O002604,142.94,2026-08-26,681972
U001113,O002605,1213.35,2026-05-26,766586
U001113,O002606,1311.57,2026-07-11,766586
U001113,O002607,846.15,2026-08-14,766586
U001113,O002608,1123.51,2026-08-21,766586
U001115,O002609,779.25,2026-05-08,624105
U001115,O002610,49.0,2026-05-22,624105
U001115,O002611,319.23,2026-06-05,624105
U001115,O002612,495.72,2026-06-25,624105
U001115,O002613,1156.35,2026-07-16,624105
U001116,O002614,825.06,2025-12-19,858479
U001116,O002615,1412.98,2026-01-08,858479
U001116,O002616,417.24,2026-01-17,858479
U001116,O002617,908.6,2026-01-24,858479
U001116,O002618,307.56,2026-02-11,858479
U001116,O002619,367.88,2026-03-11,858479
U001117,O002620,477.82,2026-06-07,604906
U001117,O002621,708.75,2026-06-30,604906
U001118,O002622,762.13,2026-01-15,777477
U001118,O002623,859.26,2026-01-19,777477
U001119,O002624,1215.23,2026-07-07,334807
U001119,O002625,705.8,2026-08-05,334807
U001119,O002626,992.4,2026-08-17,334807
U001120,O002627,915.37,2026-03-27,382961
U001120,O002628,363.2,2026-04-07,382961
U001120,O002629,753.12,2026-04-22,382961
U001120,O002630,694.13,2026-05-29,382961
U001122,O002631,49.0,2026-01-19,436592
U001123,O002632,525.12,2025-11-21,627559
U001123,O002633,49.69,2025-11-27,627559
U001123,O002634,391.03,2026-02-11,627559
U001123,O002635,1055.82,2026-03-07,627559
U001123,O002636,1317.48,2026-04-10,627559
U001123,O002637,734.16,2026-05-03,627559
U001123,O002638,49.0,2026-05-25,627559
U001123,O002639,788.6,2026-05-28,627559
U001123,O002640,734.57,2026-07-01,627559
U001123,O002641,530.36,2026-07-22,627559
U001124,O002642,950.78,2026-08-07,354340
U001124,O002643,589.18,2026-08-14,354340
U001125,O002644,1055.66,2026-02-10,591664
U001125,O002645,251.3,2026-04-28,591664
U001126,O002646,893.33,2026-06-11,611899
U001127,O002647,1124.48,2025-12-23,366403
U001127,O002648,270.52,2025-12-28,366403
U001127,O002649,732.43,2026-01-21,366403
U001127,O002650,684.04,2026-02-09,366403
U001127,O002651,138.3,2026-04-27,366403
U001127,O002652,1369.35,2026-05-11,366403
U001127,O002653,464.22,2026-06-05,366403
U001127,O002654,147.76,2026-06-16,366403
U001128,O002655,525.54,2026-08-07,580623
U001128,O002656,590.51,2026-08-11,580623
U001128,O002657,694.29,2026-08-15,580623
U001129,O002658,716.25,2026-02-13,266224
U001129,O002659,1273.03,2026-02-22,266224
U001129,O002660,522.13,2026-04-11,266224
U001129,O002661,476.77,2026-04-19,266224
U001129,O002662,530.04,2026-05-31,266224
U001129,O002663,1123.21,2026-07-18,266224
U001129,O002664,1019.22,2026-08-09,266224
U001130,O002665,229.33,2026-04-21,130252
U001130,O002666,747.86,2026-05-10,130252
U001130,O002667,365.01,2026-05-29,130252
U001130,O002668,49.0,2026-06-04,130252
U001130,O002669,430.28,2026-06-25,130252
U001130,O002670,347.43,2026-07-19,130252
U001130,O002671,1261.67,2026-07-22,130252
U001131,O002672,179.36,2026-06-08,486464
U001131,O002673,49.0,2026-06-30,486464
U001132,O002674,884.02,2026-08-10,528296
U001132,O002675,790.6,2026-08-20,528296
U001133,O002676,1652.69,2025-10-31,259729
U001133,O002677,1030.89,2025-11-13,259729
U001133,O002678,289.65,2025-12-26,259729
U001133,O002679,724.93,2026-01-01,259729
U001133,O002680,629.88,2026-01-22,259729
U001133,O002681,859.73,2026-03-16,259729
U001133,O002682,816.39,2026-04-23,259729
U001133,O002683,497.2,2026-05-01,259729
U001134,O002684,277.59,2026-04-02,827415
U001134,O002685,597.22,2026-05-02,827415
U001134,O002686,140.88,2026-05-22,827415
U001135,O002687,1181.03,2025-12-25,777772
U001135,O002688,481.21,2026-01-05,777772
U001135,O002689,429.96,2026-01-21,777772
U001135,O002690,373.8,2026-01-30,777772
U001135,O002691,539.65,2026-02-10,777772
U001135,O002692,49.0,2026-03-05,777772
U001135,O002693,400.37,2026-04-10,777772
U001136,O002694,554.89,2026-05-11,244811
U001136,O002695,352.49,2026-06-23,244811
U001136,O002696,844.41,2026-07-02,244811
U001136,O002697,1087.24,2026-07-11,244811
U001137,O002698,1145.27,2026-07-25,730046
U001137,O002699,262.76,2026-07-27,730046
U001137,O002700,943.93,2026-08-10,730046
U001137,O002701,49.0,2026-08-14,730046
U001138,O002702,1347.52,2026-07-13,468756
U001138,O002703,866.33,2026-08-11,468756
U001138,O002704,457.94,2026-08-24,468756
U001139,O002705,1064.17,2026-05-10,227923
U001139,O002706,731.83,2026-06-24,227923
U001139,O002707,1003.53,2026-07-23,227923
U001140,O002708,627.93,2026-02-24,423989
U001140,O002709,1248.59,2026-03-04,423989
U001140,O002710,306.22,2026-05-13,423989
U001140,O002711,519.49,2026-06-05,423989
U001140,O002712,770.07,2026-08-18,423989
U001141,O002713,313.89,2026-02-25,693458
U001141,O002714,49.0,2026-03-07,693458
U001141,O002715,914.79,2026-03-12,693458
U001141,O002716,1190.19,2026-03-14,693458
U001141,O002717,626.64,2026-04-06,693458
U001143,O002718,278.47,2026-06-13,320495
U001143,O002719,871.13,2026-06-29,320495
U001143,O002720,568.2,2026-07-10,320495
U001144,O002721,1369.94,2026-07-10,542431
U001144,O002722,1154.59,2026-07-30,542431
U001145,O002723,335.0,2026-07-04,120096
U001145,O002724,368.36,2026-08-19,120096
U001146,O002725,58.1,2026-03-06,594878
U001146,O002726,655.4,2026-04-14,594878
U001146,O002727,1276.72,2026-04-20,594878
U001146,O002728,637.19,2026-04-29,594878
U001146,O002729,1441.36,2026-05-19,594878
U001146,O002730,490.26,2026-08-21,594878
U001147,O002731,915.53,2026-03-09,126907
U001147,O002732,1240.41,2026-05-13,126907
U001147,O002733,94.99,2026-05-19,126907
U001147,O002734,167.72,2026-08-15,126907
U001148,O002735,49.0,2025-12-31,111819
U001148,O002736,1136.84,2026-03-03,111819
U001148,O002737,109.41,2026-03-13,111819
U001148,O002738,448.38,2026-05-14,111819
U001148,O002739,778.7,2026-07-15,111819
U001149,O002740,224.89,2026-07-15,401878
U001149,O002741,541.07,2026-08-08,401878
U001150,O002742,446.31,2026-03-18,100943
U001150,O002743,281.57,2026-04-05,100943
U001150,O002744,308.1,2026-06-17,100943
U001150,O002745,541.52,2026-07-07,100943
U001150,O002746,631.7,2026-07-25,100943
U001151,O002747,49.0,2025-10-30,429312
U001151,O002748,420.95,2025-11-15,429312
U001151,O002749,318.38,2025-11-21,429312
U001151,O002750,786.09,2025-12-05,429312
U001151,O002751,1006.62,2025-12-21,429312
U001151,O002752,1499.7,2026-03-01,429312
U001151,O002753,1155.99,2026-03-04,429312
U001151,O002754,1235.21,2026-03-19,429312
U001151,O002755,1103.03,2026-04-15,429312
U001151,O002756,638.25,2026-04-27,429312
U001152,O002757,355.64,2026-01-22,519988
U001152,O002758,632.06,2026-01-30,519988
U001152,O002759,1354.7,2026-02-16,519988
U001152,O002760,507.07,2026-02-18,519988
U001152,O002761,1139.59,2026-03-12,519988
U001153,O002762,150.44,2026-08-04,361668
U001153,O002763,1086.91,2026-08-09,361668
U001154,O002764,981.26,2025-11-16,132903
U001154,O002765,913.28,2025-12-25,132903
U001154,O002766,766.16,2025-12-28,132903
U001155,O002767,147.19,2026-01-08,849443
U001155,O002768,955.04,2026-01-31,849443
U001155,O002769,803.51,2026-02-13,849443
U001155,O002770,901.83,2026-03-11,849443
U001155,O002771,950.62,2026-03-24,849443
U001155,O002772,401.62,2026-04-07,849443
U001155,O002773,435.38,2026-04-16,849443
U001156,O002774,612.14,2026-07-05,180594
U001156,O002775,442.13,2026-08-10,180594
U001157,O002776,876.21,2026-03-14,137920
U001158,O002777,332.41,2026-06-19,646825
U001158,O002778,310.89,2026-07-03,646825
U001159,O002779,862.65,2026-02-03,110721
U001159,O002780,1507.23,2026-04-18,110721
U001159,O002781,792.21,2026-05-28,110721
U001159,O002782,528.53,2026-06-02,110721
U001159,O002783,737.17,2026-06-21,110721
U001160,O002784,1460.11,2026-05-31,152532
U001160,O002785,1109.22,2026-06-22,152532
U001160,O002786,1167.0,2026-07-28,152532
U001160,O002787,410.41,2026-08-13,152532
U001161,O002788,789.77,2026-06-12,868536
U001161,O002789,900.72,2026-06-18,868536
U001161,O002790,1164.14,2026-07-01,868536
U001161,O002791,827.92,2026-07-04,868536
U001161,O002792,122.58,2026-07-13,868536
U001161,O002793,974.75,2026-07-16,868536
U001161,O002794,894.47,2026-07-19,868536
U001161,O002795,569.88,2026-08-04,868536
U001162,O002796,1059.47,2026-06-15,435442
U001163,O002797,715.08,2026-02-09,333788
U001164,O002798,325.42,2026-04-10,669149
U001164,O002799,226.46,2026-06-23,669149
U001164,O002800,1497.55,2026-07-04,669149
U001165,O002801,517.82,2025-12-09,547196
U001165,O002802,1533.89,2025-12-17,547196
U001166,O002803,296.84,2025-10-24,259164
U001166,O002804,1128.88,2025-11-20,259164
U001166,O002805,1104.89,2025-11-23,259164
U001166,O002806,49.0,2026-01-13,259164
U001166,O002807,581.8,2026-01-22,259164
U001166,O002808,590.16,2026-02-09,259164
U001166,O002809,1049.27,2026-03-18,259164
U001166,O002810,799.75,2026-03-23,259164
U001166,O002811,695.14,2026-04-30,259164
U001166,O002812,65.19,2026-05-08,259164
U001166,O002813,703.44,2026-05-23,259164
U001166,O002814,409.07,2026-07-02,259164
U001167,O002815,990.21,2026-07-12,758300
U001167,O002816,843.9,2026-08-02,758300
U001168,O002817,500.55,2026-03-10,509643
U001168,O002818,727.35,2026-03-17,509643
U001168,O002819,49.0,2026-03-23,509643
U001168,O002820,1384.41,2026-04-17,509643
U001169,O002821,909.58,2026-04-24,623914
U001169,O002822,540.04,2026-05-03,623914
U001169,O002823,401.93,2026-06-30,623914
U001170,O002824,1089.49,2026-04-09,195419
U001170,O002825,819.52,2026-05-09,195419
U001170,O002826,734.81,2026-05-25,195419
U001170,O002827,285.54,2026-06-04,195419
U001170,O002828,1042.69,2026-06-07,195419
U001170,O002829,859.22,2026-06-14,195419
U001170,O002830,880.2,2026-07-28,195419
U001170,O002831,595.3,2026-08-08,195419
U001171,O002832,393.17,2026-05-25,238271
U001171,O002833,458.46,2026-06-24,238271
U001171,O002834,520.82,2026-06-26,238271
U001172,O002835,214.08,2025-12-22,106511
U001172,O002836,1109.14,2025-12-24,106511
U001172,O002837,623.82,2026-01-04,106511
U001172,O002838,931.74,2026-01-09,106511
U001172,O002839,1264.81,2026-02-01,106511
U001172,O002840,835.34,2026-02-04,106511
U001172,O002841,302.97,2026-02-12,106511
U001172,O002842,49.0,2026-03-04,106511
U001172,O002843,846.7,2026-05-19,106511
U001173,O002844,681.9,2026-06-02,338104
U001173,O002845,206.76,2026-06-15,338104
U001173,O002846,621.69,2026-07-12,338104
U001174,O002847,283.09,2026-01-02,792066
U001174,O002848,950.57,2026-01-30,792066
U001174,O002849,668.04,2026-02-08,792066
U001174,O002850,1455.37,2026-03-01,792066
U001175,O002851,634.3,2026-01-19,419869
U001175,O002852,49.0,2026-02-07,419869
U001175,O002853,737.85,2026-02-24,419869
U001175,O002854,818.98,2026-03-14,419869
U001175,O002855,755.8,2026-03-26,419869
U001176,O002856,1170.87,2026-02-14,121098
U001177,O002857,754.7,2025-10-29,674617
U001178,O002858,254.07,2026-02-22,532153
U001178,O002859,1178.76,2026-02-27,532153
U001178,O002860,461.24,2026-06-02,532153
U001178,O002861,49.0,2026-06-30,532153
U001178,O002862,764.24,2026-07-03,532153
U001178,O002863,1244.85,2026-07-13,532153
U001178,O002864,258.73,2026-07-17,532153
U001179,O002865,1028.22,2026-08-14,619971
U001179,O002866,117.36,2026-08-21,619971
U001180,O002867,1446.34,2026-01-15,871080
U001180,O002868,204.54,2026-02-14,871080
U001180,O002869,1084.23,2026-03-03,871080
U001180,O002870,636.54,2026-03-10,871080
U001180,O002871,787.03,2026-03-19,871080
U001180,O002872,833.96,2026-03-29,871080
U001180,O002873,341.6,2026-04-02,871080
U001181,O002874,143.64,2025-12-31,135226
U001181,O002875,507.06,2026-01-10,135226
U001182,O002876,715.02,2026-03-22,605241
U001182,O002877,1136.72,2026-04-06,605241
U001182,O002878,639.21,2026-04-25,605241
U001182,O002879,1124.06,2026-05-07,605241
U001183,O002880,902.34,2026-01-11,314348
U001183,O002881,1496.36,2026-02-27,314348
U001183,O002882,765.23,2026-03-05,314348
U001183,O002883,275.0,2026-05-19,314348
U001183,O002884,1098.26,2026-06-03,314348
U001183,O002885,53.99,2026-08-11,314348
U001184,O002886,1190.81,2026-02-05,609191
U001184,O002887,67.76,2026-03-01,609191
U001184,O002888,171.65,2026-03-23,609191
U001185,O002889,1008.56,2025-12-01,170642
U001185,O002890,650.75,2026-01-03,170642
U001186,O002891,941.03,2026-04-10,100201
U001186,O002892,1090.29,2026-05-14,100201
U001186,O002893,700.3,2026-07-18,100201
U001186,O002894,974.34,2026-07-22,100201
U001186,O002895,49.0,2026-07-28,100201
U001187,O002896,1496.55,2026-04-01,365698
U001187,O002897,857.17,2026-04-16,365698
U001187,O002898,381.15,2026-05-21,365698
U001187,O002899,716.37,2026-05-28,365698
U001187,O002900,915.11,2026-07-15,365698
U001187,O002901,822.56,2026-07-20,365698
U001188,O002902,586.04,2026-01-01,818645
U001189,O002903,956.07,2026-01-28,244390
U001189,O002904,323.18,2026-02-04,244390
U001189,O002905,480.8,2026-04-06,244390
U001189,O002906,571.54,2026-04-20,244390
U001189,O002907,65.75,2026-05-02,244390
U001189,O002908,676.51,2026-06-07,244390
U001189,O002909,878.61,2026-07-28,244390
U001189,O002910,891.6,2026-08-20,244390
U001190,O002911,355.48,2026-06-11,397521
U001190,O002912,799.78,2026-06-28,397521
U001190,O002913,859.69,2026-07-17,397521
U001191,O002914,655.68,2026-07-11,144729
U001191,O002915,583.4,2026-08-07,144729
U001191,O002916,682.59,2026-08-10,144729
U001191,O002917,534.12,2026-08-22,144729
U001192,O002918,1580.81,2026-03-27,823800
U001192,O002919,557.56,2026-03-30,823800
U001192,O002920,700.79,2026-04-25,823800
U001192,O002921,1313.15,2026-05-08,823800
U001192,O002922,1250.87,2026-05-18,823800
U001192,O002923,1108.01,2026-07-10,823800
U001192,O002924,836.49,2026-07-23,823800
U001193,O002925,1300.11,2026-01-10,373287
U001193,O002926,1628.4,2026-01-14,373287
U001193,O002927,941.39,2026-02-01,373287
U001193,O002928,1004.67,2026-02-06,373287
U001193,O002929,1030.38,2026-02-17,373287
U001193,O002930,563.48,2026-02-28,373287
U001193,O002931,913.82,2026-03-25,373287
U001193,O002932,366.23,2026-06-03,373287
U001193,O002933,1394.78,2026-07-05,373287
U001194,O002934,1319.46,2026-05-05,736035
U001194,O002935,828.09,2026-05-26,736035
U001195,O002936,998.14,2026-01-08,369357
U001195,O002937,737.41,2026-01-10,369357
U001195,O002938,634.92,2026-02-16,369357
U001195,O002939,351.52,2026-04-27,369357
U001195,O002940,242.66,2026-05-18,369357
U001195,O002941,734.99,2026-05-20,369357
U001195,O002942,793.22,2026-07-03,369357
U001196,O002943,412.77,2026-04-22,392801
U001196,O002944,352.46,2026-04-29,392801
U001196,O002945,1125.51,2026-05-28,392801
U001196,O002946,395.25,2026-06-03,392801
U001196,O002947,854.19,2026-06-19,392801
U001196,O002948,361.51,2026-06-28,392801
U001196,O002949,1053.29,2026-08-23,392801
U001197,O002950,373.54,2026-03-14,648299
U001197,O002951,117.98,2026-03-19,648299
U001197,O002952,1447.44,2026-04-22,648299
U001197,O002953,713.92,2026-05-01,648299
U001197,O002954,1135.96,2026-05-13,648299
U001197,O002955,471.53,2026-07-11,648299
U001197,O002956,506.3,2026-07-31,648299
U001198,O002957,681.63,2025-12-09,668869
U001198,O002958,413.04,2026-03-29,668869
U001198,O002959,562.17,2026-04-03,668869
U001198,O002960,524.17,2026-05-06,668869
U001198,O002961,956.51,2026-05-09,668869
U001198,O002962,107.03,2026-05-17,668869
U001199,O002963,549.63,2026-05-21,821768
U001199,O002964,1331.78,2026-06-04,821768
U001199,O002965,455.3,2026-06-21,821768
U001200,O002966,1595.34,2026-02-04,758984
U001200,O002967,324.42,2026-03-08,758984
U001200,O002968,777.96,2026-03-22,758984
U001200,O002969,1121.2,2026-04-07,758984
U001200,O002970,1226.25,2026-04-11,758984
U001200,O002971,642.06,2026-05-07,758984
U001200,O002972,284.15,2026-06-23,758984
U001200,O002973,693.47,2026-06-25,758984
U001201,O002974,479.1,2026-05-11,756776
U001201,O002975,261.14,2026-05-24,756776
U001201,O002976,1616.76,2026-05-26,756776
U001201,O002977,1446.98,2026-06-24,756776
U001201,O002978,540.21,2026-07-08,756776
U001201,O002979,751.67,2026-07-11,756776
U001201,O002980,1093.54,2026-07-29,756776
U001201,O002981,750.35,2026-08-03,756776
U001202,O002982,777.2,2025-11-20,590526
U001202,O002983,1085.84,2025-11-29,590526
U001202,O002984,517.4,2025-12-08,590526
U001202,O002985,1213.77,2025-12-27,590526
U001203,O002986,1016.66,2026-05-11,741494
U001203,O002987,252.49,2026-05-16,741494
U001203,O002988,1406.81,2026-05-21,741494
U001204,O002989,274.3,2026-02-19,717542
U001204,O002990,472.12,2026-03-03,717542
U001204,O002991,556.87,2026-03-23,717542
U001204,O002992,545.47,2026-04-16,717542
U001204,O002993,49.0,2026-04-29,717542
U001204,O002994,298.62,2026-05-27,717542
U001204,O002995,567.46,2026-06-22,717542
U001204,O002996,636.86,2026-07-27,717542
U001205,O002997,823.32,2026-05-19,840212
U001205,O002998,390.22,2026-05-26,840212
U001205,O002999,545.48,2026-06-12,840212
U001205,O003000,668.89,2026-07-07,840212
U001206,O003001,517.56,2026-06-05,440982
U001206,O003002,745.38,2026-06-11,440982
U001206,O003003,774.34,2026-07-16,440982
U001206,O003004,462.32,2026-08-18,440982
U001207,O003005,453.54,2026-03-01,305131
U001207,O003006,880.59,2026-04-11,305131
U001207,O003007,1095.09,2026-04-19,305131
U001207,O003008,410.85,2026-04-29,305131
U001207,O003009,560.28,2026-05-09,305131
U001207,O003010,1052.37,2026-05-17,305131
U001207,O003011,661.46,2026-05-22,305131
U001208,O003012,625.96,2026-01-01,802340
U001209,O003013,1184.85,2026-01-31,283821
U001209,O003014,1178.39,2026-02-09,283821
U001209,O003015,562.27,2026-02-17,283821
U001209,O003016,484.97,2026-03-10,283821
U001209,O003017,1149.22,2026-04-06,283821
U001209,O003018,771.11,2026-04-15,283821
U001209,O003019,605.62,2026-04-20,283821
U001209,O003020,539.21,2026-04-30,283821
U001209,O003021,1071.9,2026-07-31,283821
U001210,O003022,49.0,2026-02-22,131629
U001210,O003023,286.21,2026-03-03,131629
U001210,O003024,1536.21,2026-03-21,131629
U001210,O003025,1028.89,2026-03-31,131629
U001210,O003026,694.67,2026-06-15,131629
U001210,O003027,562.92,2026-06-27,131629
U001210,O003028,49.0,2026-07-14,131629
U001210,O003029,1460.45,2026-07-29,131629
U001211,O003030,371.65,2026-04-14,130218
U001211,O003031,529.28,2026-04-22,130218
U001211,O003032,1147.56,2026-04-27,130218
U001211,O003033,1209.77,2026-07-13,130218
U001211,O003034,631.33,2026-08-17,130218
U001212,O003035,1139.39,2025-12-31,589244
U001212,O003036,1523.12,2026-01-07,589244
U001213,O003037,124.64,2026-01-05,674414
U001213,O003038,1089.16,2026-01-20,674414
U001213,O003039,330.31,2026-01-29,674414
U001213,O003040,49.0,2026-02-05,674414
U001213,O003041,804.19,2026-03-03,674414
U001214,O003042,995.05,2026-06-29,512213
U001214,O003043,417.65,2026-07-24,512213
U001215,O003044,896.58,2026-04-23,374511
U001215,O003045,608.37,2026-05-04,374511
U001215,O003046,1221.04,2026-05-14,374511
U001215,O003047,755.06,2026-05-18,374511
U001215,O003048,479.77,2026-07-31,374511
U001216,O003049,903.88,2025-10-31,188180
U001216,O003050,310.28,2025-11-27,188180
U001216,O003051,387.26,2026-01-01,188180
U001216,O003052,524.12,2026-01-04,188180
U001216,O003053,461.83,2026-03-16,188180
U001216,O003054,1061.06,2026-04-05,188180
U001216,O003055,569.28,2026-04-20,188180
U001217,O003056,1156.34,2026-01-25,669913
U001217,O003057,228.18,2026-02-05,669913
U001217,O003058,962.88,2026-02-28,669913
U001217,O003059,644.29,2026-03-14,669913
U001217,O003060,474.35,2026-04-13,669913
U001217,O003061,551.83,2026-04-16,669913
U001217,O003062,569.33,2026-04-27,669913
U001217,O003063,562.77,2026-06-04,669913
U001218,O003064,981.26,2026-01-05,894401
U001218,O003065,1699.37,2026-01-13,894401
U001218,O003066,860.91,2026-01-30,894401
U001218,O003067,1228.4,2026-02-03,894401
U001218,O003068,1083.2,2026-02-25,894401
U001218,O003069,965.42,2026-03-24,894401
U001218,O003070,1098.91,2026-03-30,894401
U001219,O003071,1172.76,2026-02-11,682967
U001219,O003072,1126.15,2026-03-10,682967
U001219,O003073,596.78,2026-03-19,682967
U001219,O003074,1207.43,2026-06-28,682967
U001220,O003075,896.57,2026-01-02,401714
U001220,O003076,49.0,2026-01-22,401714
U001220,O003077,134.59,2026-01-25,401714
U001220,O003078,1058.21,2026-02-06,401714
U001220,O003079,49.0,2026-03-27,401714
U001220,O003080,900.47,2026-04-12,401714
U001220,O003081,704.44,2026-05-14,401714
U001220,O003082,930.9,2026-05-18,401714
U001221,O003083,435.64,2025-12-22,661034
U001222,O003084,49.0,2026-05-23,880851
U001222,O003085,629.0,2026-05-26,880851
U001222,O003086,68.23,2026-06-20,880851
U001222,O003087,372.84,2026-08-12,880851
U001223,O003088,1365.02,2026-05-22,801766
U001223,O003089,603.62,2026-06-17,801766
U001224,O003090,646.8,2026-02-01,598540
U001224,O003091,171.64,2026-04-30,598540
U001224,O003092,1557.2,2026-06-06,598540
U001225,O003093,512.09,2026-02-01,324315
U001225,O003094,613.69,2026-02-06,324315
U001225,O003095,228.9,2026-02-21,324315
U001225,O003096,49.0,2026-03-29,324315
U001225,O003097,1231.27,2026-04-04,324315
U001225,O003098,49.0,2026-04-13,324315
U001225,O003099,1396.38,2026-05-03,324315
U001225,O003100,1065.05,2026-05-09,324315
U001226,O003101,868.69,2026-02-18,844085
U001226,O003102,972.7,2026-02-23,844085
U001226,O003103,1085.0,2026-03-19,844085
U001226,O003104,1006.99,2026-04-05,844085
U001226,O003105,699.31,2026-04-29,844085
U001226,O003106,124.51,2026-05-20,844085
U001227,O003107,609.89,2026-01-29,451684
U001227,O003108,72.74,2026-02-04,451684
U001227,O003109,882.89,2026-02-12,451684
U001227,O003110,542.65,2026-02-14,451684
U001227,O003111,395.03,2026-02-20,451684
U001227,O003112,395.85,2026-06-08,451684
U001228,O003113,542.56,2026-03-20,503877
U001228,O003114,921.16,2026-04-04,503877
U001228,O003115,325.36,2026-04-27,503877
U001228,O003116,802.9,2026-06-17,503877
U001228,O003117,562.21,2026-07-17,503877
U001228,O003118,481.97,2026-07-22,503877
U001229,O003119,1426.7,2026-03-31,577181
U001229,O003120,537.56,2026-04-10,577181
U001230,O003121,64.52,2026-02-26,269373
U001230,O003122,500.15,2026-04-21,269373
U001230,O003123,798.72,2026-05-19,269373
U001231,O003124,763.09,2026-04-08,275032
U001232,O003125,823.6,2026-02-02,553924
U001232,O003126,408.17,2026-02-09,553924
U001232,O003127,49.0,2026-02-20,553924
U001232,O003128,1009.83,2026-03-02,553924
U001232,O003129,771.65,2026-03-13,553924
U001232,O003130,1224.83,2026-03-20,553924
U001232,O003131,1074.44,2026-04-20,553924
U001232,O003132,667.75,2026-05-01,553924
U001233,O003133,1019.84,2026-05-09,443097
U001233,O003134,1273.72,2026-05-12,443097
U001233,O003135,813.9,2026-06-02,443097
U001233,O003136,1119.36,2026-06-14,443097
U001233,O003137,667.57,2026-07-08,443097
U001233,O003138,927.31,2026-08-07,443097
U001233,O003139,1134.55,2026-08-22,443097
U001234,O003140,49.0,2026-03-05,477633
U001235,O003141,68.25,2026-04-01,323642
U001235,O003142,1024.68,2026-05-29,323642
U001235,O003143,832.77,2026-06-17,323642
U001235,O003144,49.0,2026-07-09,323642
U001235,O003145,542.76,2026-07-23,323642
U001235,O003146,299.47,2026-08-06,323642
U001236,O003147,331.12,2026-04-13,496965
U001236,O003148,497.52,2026-04-20,496965
U001236,O003149,628.19,2026-04-30,496965
U001236,O003150,594.18,2026-06-08,496965
U001236,O003151,846.3,2026-06-25,496965
U001236,O003152,838.45,2026-07-13,496965
U001236,O003153,896.81,2026-08-02,496965
U001237,O003154,796.05,2025-11-26,677171
U001237,O003155,862.76,2025-12-18,677171
U001237,O003156,816.1,2026-01-08,677171
U001237,O003157,49.0,2026-02-05,677171
U001237,O003158,987.46,2026-02-21,677171
U001237,O003159,870.42,2026-02-27,677171
U001238,O003160,1180.77,2026-03-24,815438
U001238,O003161,703.52,2026-03-26,815438
U001238,O003162,973.78,2026-04-20,815438
U001238,O003163,531.52,2026-05-01,815438
U001238,O003164,260.43,2026-06-01,815438
U001238,O003165,974.97,2026-06-04,815438
U001238,O003166,1056.02,2026-06-19,815438
U001239,O003167,457.1,2026-03-18,361611
U001240,O003168,49.0,2025-10-18,200802
U001240,O003169,1175.06,2025-11-04,200802
U001240,O003170,512.35,2025-11-26,200802
U001240,O003171,538.4,2026-01-20,200802
U001240,O003172,513.52,2026-02-05,200802
U001240,O003173,664.7,2026-02-24,200802
U001240,O003174,1406.5,2026-03-18,200802
U001240,O003175,900.8,2026-03-25,200802
U001240,O003176,697.09,2026-04-03,200802
U001240,O003177,249.41,2026-04-12,200802
U001240,O003178,354.45,2026-04-15,200802
U001241,O003179,530.78,2025-10-23,809975
U001241,O003180,1448.43,2025-10-30,809975
U001241,O003181,359.65,2025-11-09,809975
U001241,O003182,1676.49,2025-11-11,809975
U001241,O003183,874.85,2026-02-04,809975
U001241,O003184,1711.97,2026-02-28,809975
U001241,O003185,302.56,2026-05-07,809975
U001241,O003186,251.83,2026-06-22,809975
U001241,O003187,398.05,2026-07-01,809975
U001241,O003188,708.94,2026-07-21,809975
U001242,O003189,1377.42,2025-12-29,343764
U001242,O003190,458.74,2026-01-13,343764
U001242,O003191,222.18,2026-01-23,343764
U001242,O003192,355.45,2026-01-30,343764
U001242,O003193,1038.16,2026-02-16,343764
U001242,O003194,681.0,2026-03-02,343764
U001243,O003195,784.1,2026-04-03,284614
U001243,O003196,223.19,2026-04-24,284614
U001244,O003197,706.45,2026-04-03,799858
U001244,O003198,535.4,2026-04-12,799858
U001244,O003199,916.58,2026-04-24,799858
U001244,O003200,540.29,2026-05-02,799858
U001244,O003201,697.3,2026-06-01,799858
U001244,O003202,928.85,2026-06-21,799858
U001244,O003203,938.37,2026-06-27,799858
U001244,O003204,488.71,2026-07-11,799858
U001244,O003205,415.87,2026-07-21,799858
U001244,O003206,937.01,2026-08-12,799858
U001245,O003207,653.1,2026-06-30,158133
U001245,O003208,527.74,2026-07-06,158133
U001245,O003209,1022.54,2026-08-04,158133
U001246,O003210,1051.59,2026-04-28,873914
U001246,O003211,892.24,2026-05-14,873914
U001247,O003212,49.0,2025-11-15,244883
U001247,O003213,1133.26,2025-12-09,244883
U001247,O003214,552.89,2025-12-21,244883
U001247,O003215,981.01,2026-01-19,244883
U001247,O003216,114.01,2026-01-31,244883
U001247,O003217,432.62,2026-02-12,244883
U001247,O003218,737.81,2026-02-27,244883
U001247,O003219,1422.44,2026-05-12,244883
U001247,O003220,1766.76,2026-05-15,244883
U001247,O003221,738.86,2026-07-19,244883
U001248,O003222,583.67,2026-01-19,101978
U001248,O003223,547.06,2026-01-23,101978
U001248,O003224,744.64,2026-02-15,101978
U001248,O003225,1648.64,2026-03-31,101978
U001248,O003226,412.84,2026-05-22,101978
U001249,O003227,1383.68,2026-03-06,431306
U001250,O003228,198.34,2026-01-22,812773
U001250,O003229,477.99,2026-02-15,812773
U001250,O003230,691.03,2026-03-03,812773
U001250,O003231,676.82,2026-04-16,812773
U001250,O003232,1078.36,2026-05-17,812773
U001250,O003233,1129.45,2026-05-28,812773
U001250,O003234,1007.61,2026-06-02,812773
U001251,O003235,489.04,2025-12-24,371363
U001251,O003236,1283.61,2026-01-18,371363
U001251,O003237,1236.16,2026-02-14,371363
U001251,O003238,875.13,2026-03-08,371363
U001251,O003239,830.22,2026-03-16,371363
U001251,O003240,1597.57,2026-03-20,371363
U001251,O003241,49.0,2026-05-06,371363
U001251,O003242,1092.11,2026-05-22,371363
U001251,O003243,1726.26,2026-05-25,371363
U001252,O003244,71.43,2026-01-23,728826
U001252,O003245,327.05,2026-02-09,728826
U001252,O003246,1006.56,2026-02-23,728826
U001252,O003247,534.44,2026-04-04,728826
U001252,O003248,884.32,2026-06-12,728826
U001252,O003249,91.07,2026-06-22,728826
U001252,O003250,704.87,2026-08-07,728826
U001252,O003251,662.85,2026-08-19,728826
U001253,O003252,78.69,2026-03-31,392151
U001253,O003253,966.38,2026-04-04,392151
U001253,O003254,49.0,2026-04-20,392151
U001253,O003255,944.71,2026-05-24,392151
U001254,O003256,837.17,2026-02-10,426496
U001256,O003257,1197.39,2025-10-18,451658
U001257,O003258,49.0,2025-11-30,678731
U001257,O003259,333.12,2026-01-02,678731
U001258,O003260,889.62,2026-01-31,345817
U001258,O003261,978.43,2026-02-08,345817
U001258,O003262,580.75,2026-02-14,345817
U001259,O003263,49.0,2025-11-23,263434
U001259,O003264,936.93,2025-12-04,263434
U001259,O003265,739.73,2026-01-24,263434
U001259,O003266,438.99,2026-02-02,263434
U001259,O003267,455.53,2026-04-08,263434
U001259,O003268,488.8,2026-05-28,263434
U001259,O003269,1241.23,2026-06-17,263434
U001260,O003270,1167.1,2025-11-08,659411
U001260,O003271,389.98,2025-11-20,659411
U001260,O003272,808.89,2025-11-26,659411
U001260,O003273,677.09,2025-12-04,659411
U001260,O003274,403.05,2025-12-30,659411
U001261,O003275,653.6,2026-04-25,759330
U001261,O003276,1174.83,2026-06-05,759330
U001261,O003277,314.08,2026-06-10,759330
U001261,O003278,825.78,2026-06-21,759330
U001261,O003279,556.42,2026-06-29,759330
U001261,O003280,717.21,2026-08-02,759330
U001261,O003281,974.74,2026-08-23,759330
U001263,O003282,880.06,2026-06-05,314458
U001263,O003283,658.26,2026-06-20,314458
U001263,O003284,755.86,2026-07-15,314458
U001263,O003285,726.01,2026-07-24,314458
U001264,O003286,1395.87,2026-05-13,664948
U001264,O003287,734.11,2026-05-29,664948
U001264,O003288,50.49,2026-06-11,664948
U001264,O003289,49.0,2026-07-02,664948
U001264,O003290,251.66,2026-07-24,664948
U001265,O003291,696.51,2026-07-08,278200
U001266,O003292,624.76,2026-01-16,228247
U001266,O003293,558.93,2026-01-24,228247
U001266,O003294,816.75,2026-02-01,228247
U001266,O003295,1251.04,2026-02-03,228247
U001266,O003296,326.05,2026-02-19,228247
U001266,O003297,610.77,2026-03-22,228247
U001267,O003298,874.69,2026-06-19,463218
U001267,O003299,860.48,2026-06-24,463218
U001267,O003300,733.48,2026-07-29,463218
U001267,O003301,786.24,2026-08-21,463218
U001268,O003302,570.04,2026-03-24,871420
U001268,O003303,673.38,2026-04-05,871420
U001268,O003304,1049.17,2026-04-26,871420
U001268,O003305,1670.48,2026-05-06,871420
U001268,O003306,635.51,2026-07-04,871420
U001269,O003307,983.02,2026-02-22,276417
U001269,O003308,666.96,2026-02-27,276417
U001269,O003309,1007.99,2026-04-03,276417
U001269,O003310,1486.77,2026-04-17,276417
U001269,O003311,684.34,2026-04-29,276417
U001269,O003312,1130.09,2026-05-31,276417
U001269,O003313,1118.91,2026-06-19,276417
U001269,O003314,49.0,2026-08-21,276417
U001270,O003315,443.31,2026-07-16,593782
U001270,O003316,898.2,2026-07-25,593782
U001270,O003317,461.36,2026-07-30,593782
U001270,O003318,1491.71,2026-08-16,593782
U001271,O003319,729.28,2026-01-31,101360
U001271,O003320,789.57,2026-02-11,101360
U001271,O003321,49.0,2026-03-12,101360
U001271,O003322,328.71,2026-03-26,101360
U001271,O003323,1197.37,2026-04-06,101360
U001272,O003324,980.91,2026-08-07,898069
U001273,O003325,1288.17,2025-12-02,352928
U001273,O003326,1413.31,2025-12-21,352928
U001273,O003327,1609.01,2026-01-13,352928
U001273,O003328,591.44,2026-03-31,352928
U001273,O003329,514.42,2026-04-19,352928
U001273,O003330,1369.58,2026-06-06,352928
U001274,O003331,713.94,2026-07-05,306165
U001274,O003332,1280.03,2026-07-27,306165
U001275,O003333,191.91,2025-11-14,152924
U001275,O003334,396.13,2025-11-30,152924
U001276,O003335,965.46,2026-02-04,830591
U001276,O003336,849.78,2026-03-25,830591
U001276,O003337,1060.48,2026-05-14,830591
U001276,O003338,1038.34,2026-05-19,830591
U001276,O003339,563.14,2026-05-27,830591
U001276,O003340,912.67,2026-05-31,830591
U001277,O003341,882.64,2026-05-10,825018
U001277,O003342,447.94,2026-06-03,825018
U001277,O003343,929.62,2026-06-06,825018
U001277,O003344,656.05,2026-07-29,825018
U001278,O003345,626.37,2025-11-12,344225
U001278,O003346,953.21,2025-11-30,344225
U001278,O003347,727.71,2026-05-15,344225
U001278,O003348,391.69,2026-05-24,344225
U001278,O003349,1273.76,2026-05-26,344225
U001278,O003350,341.33,2026-05-29,344225
U001278,O003351,49.0,2026-05-31,344225
U001278,O003352,905.45,2026-07-01,344225
U001278,O003353,49.0,2026-07-12,344225
U001278,O003354,130.4,2026-07-19,344225
U001278,O003355,502.51,2026-08-09,344225
U001278,O003356,208.5,2026-08-16,344225
U001279,O003357,712.06,2026-05-28,601897
U001279,O003358,926.47,2026-06-21,601897
U001279,O003359,650.4,2026-07-30,601897
U001279,O003360,608.21,2026-08-10,601897
U001280,O003361,1167.35,2026-02-12,497185
U001280,O003362,227.61,2026-03-17,497185
U001280,O003363,239.33,2026-04-03,497185
U001280,O003364,570.78,2026-04-30,497185
U001280,O003365,553.11,2026-06-20,497185
U001280,O003366,1079.26,2026-06-29,497185
U001280,O003367,577.62,2026-07-28,497185
U001280,O003368,661.86,2026-08-10,497185
U001281,O003369,1392.13,2026-05-08,531124
U001281,O003370,1467.44,2026-05-21,531124
U001281,O003371,558.69,2026-07-16,531124
U001281,O003372,476.48,2026-07-23,531124
U001281,O003373,575.17,2026-07-28,531124
U001281,O003374,1191.54,2026-08-08,531124
U001282,O003375,884.43,2026-06-10,122543
U001282,O003376,493.55,2026-06-17,122543
U001282,O003377,1549.82,2026-07-06,122543
U001282,O003378,1390.28,2026-07-22,122543
U001282,O003379,748.74,2026-08-13,122543
U001283,O003380,351.75,2026-08-05,695421
U001284,O003381,669.26,2026-04-17,769545
U001285,O003382,670.76,2026-05-16,217472
U001285,O003383,383.69,2026-07-13,217472
U001286,O003384,1204.34,2025-12-01,342499
U001286,O003385,946.67,2025-12-04,342499
U001286,O003386,488.4,2025-12-29,342499
U001286,O003387,269.71,2026-01-10,342499
U001286,O003388,405.57,2026-01-28,342499
U001286,O003389,575.62,2026-02-03,342499
U001286,O003390,943.95,2026-02-06,342499
U001286,O003391,684.03,2026-02-11,342499
U001286,O003392,1017.97,2026-04-27,342499
U001287,O003393,1239.65,2025-12-20,567511
U001287,O003394,1161.65,2026-01-03,567511
U001287,O003395,89.75,2026-03-01,567511
U001287,O003396,556.2,2026-03-20,567511
U001287,O003397,1177.24,2026-03-25,567511
U001287,O003398,643.89,2026-03-29,567511
U001287,O003399,489.94,2026-04-10,567511
U001287,O003400,410.04,2026-05-14,567511
U001288,O003401,341.78,2026-06-05,145898
U001288,O003402,1170.61,2026-06-20,145898
U001288,O003403,466.51,2026-07-10,145898
U001288,O003404,443.94,2026-07-16,145898
U001288,O003405,1293.5,2026-07-25,145898
U001288,O003406,49.0,2026-08-08,145898
U001288,O003407,687.69,2026-08-17,145898
U001289,O003408,688.71,2026-08-26,438131
U001290,O003409,1245.73,2026-08-02,686652
U001291,O003410,1097.72,2026-01-20,161970
U001291,O003411,801.89,2026-01-24,161970
U001291,O003412,894.14,2026-02-07,161970
U001291,O003413,360.36,2026-02-12,161970
U001292,O003414,682.4,2026-03-05,252276
U001293,O003415,563.8,2026-05-15,555535
U001293,O003416,1140.7,2026-05-22,555535
U001293,O003417,896.8,2026-06-14,555535
U001293,O003418,1129.17,2026-06-23,555535
U001293,O003419,358.64,2026-06-26,555535
U001293,O003420,1086.13,2026-07-05,555535
U001293,O003421,981.73,2026-07-22,555535
U001295,O003422,603.05,2025-12-04,525805
U001295,O003423,1159.65,2025-12-27,525805
U001295,O003424,787.86,2026-01-04,525805
U001295,O003425,1368.79,2026-02-16,525805
U001295,O003426,979.72,2026-03-28,525805
U001295,O003427,330.31,2026-05-10,525805
U001296,O003428,613.95,2026-03-26,123858
U001296,O003429,1316.91,2026-04-29,123858
U001296,O003430,500.05,2026-06-03,123858
U001297,O003431,917.21,2026-06-10,170967
U001297,O003432,947.34,2026-07-20,170967
U001297,O003433,1282.24,2026-08-20,170967
U001297,O003434,1112.66,2026-08-22,170967
U001297,O003435,136.43,2026-08-25,170967
U001298,O003436,395.3,2026-06-02,584974
U001298,O003437,580.12,2026-06-21,584974
U001298,O003438,409.29,2026-07-30,584974
U001298,O003439,348.95,2026-08-08,584974
U001299,O003440,601.07,2026-07-14,151623
U001299,O003441,833.29,2026-08-10,151623
U001300,O003442,580.19,2026-06-07,129429
U001300,O003443,205.72,2026-07-19,129429
U001300,O003444,766.1,2026-08-05,129429
U001300,O003445,705.01,2026-08-20,129429
U001301,O003446,1001.48,2025-12-03,110619
U001302,O003447,751.8,2026-06-08,425761
U001302,O003448,991.93,2026-07-19,425761
U001303,O003449,1256.77,2026-03-06,167980
U001303,O003450,1022.26,2026-04-03,167980
U001303,O003451,1153.6,2026-04-10,167980
U001303,O003452,651.39,2026-04-29,167980
U001303,O003453,1283.47,2026-05-21,167980
U001303,O003454,309.1,2026-06-28,167980
U001303,O003455,1395.36,2026-08-26,167980
U001304,O003456,1116.02,2026-02-15,855030
U001304,O003457,292.45,2026-02-20,855030
U001304,O003458,545.55,2026-03-07,855030
U001304,O003459,1106.09,2026-03-31,855030
U001304,O003460,777.36,2026-04-20,855030
U001304,O003461,723.88,2026-04-23,855030
U001304,O003462,676.87,2026-05-16,855030
U001305,O003463,1151.12,2025-12-19,373710
U001305,O003464,729.55,2025-12-25,373710
U001305,O003465,1177.43,2026-03-05,373710
U001305,O003466,163.8,2026-04-17,373710
U001305,O003467,572.07,2026-06-18,373710
U001305,O003468,757.72,2026-06-25,373710
U001305,O003469,49.0,2026-07-04,373710
U001306,O003470,49.0,2026-01-20,452282
U001306,O003471,1085.67,2026-04-01,452282
U001306,O003472,988.45,2026-04-04,452282
U001307,O003473,827.82,2026-01-30,111114
U001308,O003474,300.04,2026-04-11,476194
U001308,O003475,1577.44,2026-06-21,476194
U001308,O003476,49.0,2026-06-27,476194
U001309,O003477,500.06,2026-07-31,577613
U001310,O003478,612.12,2026-04-05,794048
U001312,O003479,572.01,2026-02-08,754656
U001312,O003480,425.34,2026-02-22,754656
U001312,O003481,495.37,2026-03-07,754656
U001312,O003482,1005.38,2026-04-11,754656
U001312,O003483,1169.68,2026-04-20,754656
U001312,O003484,458.41,2026-05-14,754656
U001312,O003485,1785.45,2026-06-05,754656
U001312,O003486,1383.59,2026-06-24,754656
U001313,O003487,907.63,2025-12-25,665056
U001314,O003488,1168.26,2026-05-03,543935
U001314,O003489,49.0,2026-05-14,543935
U001314,O003490,766.66,2026-07-15,543935
U001314,O003491,1123.98,2026-07-27,543935
U001314,O003492,49.0,2026-08-07,543935
U001314,O003493,480.34,2026-08-24,543935
U001315,O003494,1009.14,2025-12-03,438640
U001315,O003495,1013.26,2026-01-28,438640
U001315,O003496,615.16,2026-03-04,438640
U001316,O003497,916.88,2026-03-27,323999
U001316,O003498,820.3,2026-04-03,323999
U001316,O003499,1007.04,2026-05-02,323999
U001316,O003500,819.69,2026-05-05,323999
U001316,O003501,996.98,2026-05-17,323999
U001316,O003502,910.12,2026-07-14,323999
U001316,O003503,49.0,2026-07-19,323999
U001318,O003504,624.12,2026-01-17,805319
U001318,O003505,1039.83,2026-02-07,805319
U001318,O003506,1298.18,2026-02-25,805319
U001319,O003507,586.15,2026-01-18,506964
U001319,O003508,903.61,2026-02-07,506964
U001319,O003509,1161.56,2026-02-18,506964
U001320,O003510,1489.24,2026-05-05,307905
U001320,O003511,988.51,2026-05-24,307905
U001320,O003512,1301.98,2026-05-27,307905
U001320,O003513,1012.75,2026-06-12,307905
U001321,O003514,1338.96,2026-06-05,563472
U001321,O003515,957.88,2026-06-14,563472
U001321,O003516,731.97,2026-06-20,563472
U001323,O003517,828.37,2026-03-21,316666
U001323,O003518,829.9,2026-04-28,316666
U001323,O003519,932.23,2026-05-01,316666
U001323,O003520,1183.69,2026-06-15,316666
U001323,O003521,690.29,2026-07-10,316666
U001323,O003522,417.02,2026-08-10,316666
U001323,O003523,1583.94,2026-08-13,316666
U001323,O003524,830.8,2026-08-15,316666
U001324,O003525,365.95,2026-08-07,599734
U001324,O003526,631.05,2026-08-25,599734
U001325,O003527,985.89,2026-06-27,400358
U001325,O003528,379.44,2026-08-23,400358
U001326,O003529,321.12,2026-07-09,734179
U001329,O003530,1081.27,2026-03-20,190640
U001329,O003531,1015.63,2026-03-28,190640
U001330,O003532,267.84,2025-09-17,830481
U001330,O003533,229.03,2025-09-23,830481
U001330,O003534,484.81,2025-10-01,830481
U001330,O003535,886.58,2025-10-03,830481
U001330,O003536,773.21,2025-10-30,830481
U001331,O003537,303.39,2026-08-08,630400
U001331,O003538,347.43,2026-08-19,630400
U001332,O003539,736.12,2025-12-02,419528
U001332,O003540,421.05,2025-12-26,419528
U001332,O003541,1155.26,2026-02-10,419528
U001332,O003542,116.5,2026-02-20,419528
U001332,O003543,794.05,2026-03-11,419528
U001332,O003544,876.14,2026-03-22,419528
U001334,O003545,491.61,2026-01-21,170157
U001335,O003546,1629.31,2026-05-20,879929
U001335,O003547,551.58,2026-07-05,879929
U001336,O003548,1156.1,2025-09-27,314608
U001336,O003549,227.91,2025-10-16,314608
U001336,O003550,566.61,2026-01-21,314608
U001336,O003551,1054.1,2026-01-25,314608
U001337,O003552,811.73,2026-03-24,237948
U001337,O003553,627.67,2026-04-04,237948
U001337,O003554,740.12,2026-07-08,237948
U001337,O003555,614.42,2026-07-29,237948
U001337,O003556,991.27,2026-08-17,237948
U001338,O003557,308.27,2025-11-05,629608
U001338,O003558,498.23,2025-12-15,629608
U001338,O003559,92.04,2025-12-28,629608
U001338,O003560,772.84,2026-02-17,629608
U001338,O003561,285.62,2026-02-23,629608
U001338,O003562,643.32,2026-03-27,629608
U001339,O003563,1051.13,2025-12-13,321245
U001339,O003564,433.87,2026-01-06,321245
U001339,O003565,828.1,2026-02-20,321245
U001339,O003566,376.72,2026-03-08,321245
U001339,O003567,600.46,2026-04-04,321245
U001339,O003568,1164.48,2026-05-29,321245
U001339,O003569,525.37,2026-06-11,321245
U001341,O003570,1539.08,2025-10-19,795033
U001341,O003571,938.92,2025-11-10,795033
U001341,O003572,714.65,2025-11-13,795033
U001341,O003573,1374.44,2025-12-11,795033
U001341,O003574,181.31,2025-12-30,795033
U001342,O003575,687.06,2026-08-09,342356
U001342,O003576,1392.07,2026-08-18,342356
U001342,O003577,1269.02,2026-08-25,342356
U001343,O003578,510.39,2025-12-09,759431
U001344,O003579,1065.97,2025-11-18,118845
U001344,O003580,49.0,2025-12-07,118845
U001344,O003581,468.41,2026-01-08,118845
U001346,O003582,639.9,2025-10-05,569702
U001346,O003583,683.75,2025-10-26,569702
U001346,O003584,882.03,2025-11-14,569702
U001346,O003585,709.7,2026-01-16,569702
U001346,O003586,261.52,2026-01-22,569702
U001347,O003587,49.0,2026-05-31,136887
U001347,O003588,570.73,2026-07-20,136887
U001347,O003589,807.52,2026-08-22,136887
U001348,O003590,1114.29,2026-07-11,185969
U001348,O003591,999.28,2026-07-20,185969
U001348,O003592,768.56,2026-07-23,185969
U001348,O003593,934.84,2026-08-04,185969
U001348,O003594,824.41,2026-08-13,185969
U001348,O003595,298.2,2026-08-19,185969
U001349,O003596,354.29,2025-09-04,320810
U001349,O003597,1154.25,2025-10-16,320810
U001349,O003598,1022.67,2025-11-01,320810
U001349,O003599,49.0,2025-12-04,320810
U001349,O003600,760.66,2025-12-14,320810
U001349,O003601,290.5,2025-12-26,320810
U001350,O003602,822.45,2026-06-23,570993
U001350,O003603,1437.57,2026-07-23,570993
U001352,O003604,920.47,2025-11-20,238158
U001352,O003605,655.95,2026-01-11,238158
U001352,O003606,609.84,2026-01-22,238158
U001352,O003607,224.56,2026-02-06,238158
U001352,O003608,1307.33,2026-03-01,238158
U001352,O003609,902.58,2026-03-21,238158
U001352,O003610,528.45,2026-03-26,238158
U001354,O003611,1023.09,2026-01-11,338132
U001354,O003612,1733.43,2026-05-10,338132
U001354,O003613,167.91,2026-05-31,338132
U001354,O003614,549.43,2026-06-12,338132
U001355,O003615,826.43,2025-12-24,687375
U001355,O003616,625.12,2026-01-22,687375
U001355,O003617,1019.97,2026-01-30,687375
U001355,O003618,849.51,2026-02-27,687375
U001355,O003619,923.49,2026-04-21,687375
U001356,O003620,799.84,2025-12-31,336591
U001356,O003621,49.0,2026-03-09,336591
U001356,O003622,626.28,2026-05-02,336591
U001356,O003623,617.66,2026-05-15,336591
U001356,O003624,1023.86,2026-05-25,336591
U001356,O003625,792.28,2026-08-17,336591
U001357,O003626,1024.53,2026-02-15,696751
U001357,O003627,1030.07,2026-02-25,696751
U001357,O003628,675.63,2026-03-20,696751
U001358,O003629,1087.47,2026-01-27,249394
U001358,O003630,793.55,2026-02-27,249394
U001359,O003631,1166.0,2026-05-26,220073
U001359,O003632,449.16,2026-06-18,220073
U001359,O003633,683.63,2026-08-13,220073
U001360,O003634,468.72,2026-04-11,476743
U001360,O003635,818.06,2026-06-12,476743
U001360,O003636,480.03,2026-06-20,476743
U001360,O003637,495.97,2026-06-23,476743
U001360,O003638,814.91,2026-08-01,476743
U001360,O003639,1077.49,2026-08-08,476743
U001362,O003640,763.05,2025-12-23,663022
U001362,O003641,777.98,2026-03-21,663022
U001362,O003642,381.74,2026-04-08,663022
U001363,O003643,1259.77,2026-07-14,266283
U001363,O003644,966.13,2026-08-07,266283
U001364,O003645,1583.84,2026-04-16,552231
U001364,O003646,1011.45,2026-04-26,552231
U001364,O003647,251.1,2026-05-05,552231
U001366,O003648,761.01,2026-07-23,852456
U001366,O003649,79.39,2026-08-09,852456
U001367,O003650,304.99,2026-01-23,147971
U001367,O003651,996.53,2026-03-06,147971
U001367,O003652,49.0,2026-04-02,147971
U001367,O003653,1125.67,2026-04-20,147971
U001367,O003654,1458.06,2026-05-15,147971
U001367,O003655,594.74,2026-05-31,147971
U001367,O003656,1119.28,2026-06-08,147971
U001369,O003657,364.73,2026-05-23,134656
U001369,O003658,502.01,2026-05-29,134656
U001369,O003659,293.6,2026-06-13,134656
U001369,O003660,570.44,2026-06-26,134656
U001370,O003661,784.75,2026-08-03,398348
U001371,O003662,955.42,2026-01-01,897053
U001372,O003663,1379.05,2026-06-21,559874
U001373,O003664,168.4,2025-09-15,283693
U001373,O003665,403.07,2025-10-04,283693
U001373,O003666,1077.18,2025-12-30,283693
U001374,O003667,772.5,2026-05-20,501538
U001375,O003668,1192.18,2026-04-18,536704
U001375,O003669,910.99,2026-04-28,536704
U001375,O003670,411.82,2026-05-21,536704
U001375,O003671,864.54,2026-07-04,536704
U001376,O003672,764.74,2026-05-27,890065
U001376,O003673,1353.75,2026-06-10,890065
U001377,O003674,661.6,2025-11-03,629044
U001377,O003675,620.78,2025-12-18,629044
U001377,O003676,525.49,2025-12-22,629044
U001377,O003677,1119.25,2026-01-17,629044
U001378,O003678,945.31,2026-08-23,765494
U001379,O003679,1155.11,2026-05-27,462242
U001379,O003680,787.49,2026-06-05,462242
U001379,O003681,633.27,2026-07-26,462242
U001379,O003682,695.2,2026-07-30,462242
U001379,O003683,308.79,2026-08-24,462242
U001380,O003684,1108.79,2026-05-05,792704
U001380,O003685,784.48,2026-06-26,792704
U001380,O003686,958.76,2026-07-10,792704
U001381,O003687,426.22,2026-01-27,278505
U001382,O003688,903.72,2026-02-02,220682
U001382,O003689,453.57,2026-02-10,220682
U001382,O003690,1346.82,2026-02-14,220682
U001382,O003691,391.83,2026-03-09,220682
U001382,O003692,800.88,2026-04-28,220682
U001383,O003693,49.0,2025-12-09,852224
U001383,O003694,1178.44,2025-12-18,852224
U001383,O003695,1035.42,2026-01-04,852224
U001383,O003696,580.15,2026-03-16,852224
U001383,O003697,1374.09,2026-04-08,852224
U001383,O003698,1087.94,2026-05-10,852224
U001384,O003699,794.44,2026-04-13,180419
U001384,O003700,1136.52,2026-06-01,180419
U001384,O003701,676.75,2026-06-14,180419
U001384,O003702,277.29,2026-08-20,180419
U001386,O003703,1045.83,2026-03-14,669673
U001386,O003704,728.05,2026-03-29,669673
U001386,O003705,762.66,2026-04-01,669673
U001387,O003706,1208.67,2025-11-17,557933
U001387,O003707,652.63,2025-11-19,557933
U001387,O003708,1039.32,2025-11-29,557933
U001387,O003709,959.3,2026-02-12,557933
U001387,O003710,798.38,2026-03-09,557933
U001387,O003711,643.09,2026-04-17,557933
U001388,O003712,137.18,2026-05-04,717427
U001388,O003713,49.0,2026-05-11,717427
U001388,O003714,848.58,2026-05-13,717427
U001388,O003715,347.7,2026-06-25,717427
U001389,O003716,644.67,2026-06-10,107647
U001389,O003717,549.03,2026-06-30,107647
U001390,O003718,672.71,2025-09-26,659493
U001390,O003719,637.93,2025-10-17,659493
U001390,O003720,440.34,2025-11-01,659493
U001390,O003721,540.72,2025-12-16,659493
U001390,O003722,272.09,2026-05-06,659493
U001391,O003723,83.84,2026-03-22,561428
U001392,O003724,868.92,2026-08-04,633456
U001393,O003725,754.72,2026-01-21,766504
U001393,O003726,918.63,2026-02-22,766504
U001393,O003727,1008.33,2026-06-18,766504
U001393,O003728,833.66,2026-06-28,766504
U001393,O003729,887.99,2026-07-11,766504
U001393,O003730,765.8,2026-08-15,766504
U001394,O003731,609.96,2025-12-06,812581
U001395,O003732,1010.39,2026-08-15,358359
U001396,O003733,905.79,2026-06-15,519174
U001396,O003734,1173.42,2026-06-25,519174
U001396,O003735,234.13,2026-07-18,519174
U001396,O003736,951.74,2026-07-24,519174
U001396,O003737,580.37,2026-08-24,519174
U001397,O003738,63.01,2026-01-14,623206
U001397,O003739,1227.77,2026-01-29,623206
U001397,O003740,840.23,2026-03-17,623206
U001399,O003741,639.81,2026-05-07,552671
U001399,O003742,894.89,2026-05-11,552671
U001399,O003743,1006.92,2026-07-24,552671
U001399,O003744,733.95,2026-08-25,552671
U001400,O003745,974.25,2025-11-15,225835
U001400,O003746,1053.44,2025-12-14,225835
U001400,O003747,153.52,2026-01-09,225835
U001400,O003748,906.56,2026-01-15,225835
U001400,O003749,201.98,2026-01-20,225835
U001400,O003750,505.33,2026-01-30,225835
U001400,O003751,1077.44,2026-02-18,225835
U001402,O003752,671.91,2025-10-09,554432
U001402,O003753,585.16,2025-10-15,554432
U001403,O003754,1447.63,2025-10-23,883386
U001403,O003755,398.28,2025-11-08,883386
U001403,O003756,639.81,2025-11-25,883386
U001403,O003757,434.73,2026-01-02,883386
U001403,O003758,58.71,2026-03-07,883386
U001403,O003759,49.0,2026-04-08,883386
U001404,O003760,1256.84,2026-08-08,432708
U001405,O003761,587.39,2026-02-24,542995
U001406,O003762,584.56,2026-07-10,565382
U001407,O003763,970.44,2026-02-05,837982
U001407,O003764,426.53,2026-04-15,837982
U001407,O003765,516.04,2026-04-20,837982
U001407,O003766,272.94,2026-05-12,837982
U001407,O003767,308.89,2026-06-06,837982
U001410,O003768,690.58,2026-08-02,527842
U001410,O003769,590.17,2026-08-08,527842
U001411,O003770,708.94,2026-03-26,107669
U001412,O003771,305.34,2026-04-13,591771
U001412,O003772,641.86,2026-05-07,591771
U001412,O003773,838.96,2026-05-24,591771
U001412,O003774,620.37,2026-05-29,591771
U001414,O003775,773.93,2026-02-22,367175
U001414,O003776,587.1,2026-03-01,367175
U001415,O003777,1120.31,2026-08-07,406423
U001415,O003778,802.71,2026-08-13,406423
U001416,O003779,608.61,2026-02-20,628223
U001416,O003780,1026.99,2026-03-06,628223
U001416,O003781,334.62,2026-03-21,628223
U001416,O003782,950.23,2026-07-01,628223
U001417,O003783,610.69,2026-07-05,710077
U001417,O003784,84.44,2026-08-10,710077
U001417,O003785,625.3,2026-08-18,710077
U001418,O003786,648.09,2026-06-12,864515
U001418,O003787,690.12,2026-06-19,864515
U001418,O003788,1217.32,2026-07-17,864515
U001418,O003789,901.42,2026-07-27,864515
U001419,O003790,407.65,2026-01-11,334712
U001420,O003791,643.01,2026-06-28,365517
U001420,O003792,1208.53,2026-07-31,365517
U001420,O003793,746.18,2026-08-13,365517
U001420,O003794,145.29,2026-08-18,365517
U001421,O003795,655.39,2026-07-24,762218
U001423,O003796,612.45,2025-12-19,649344
U001423,O003797,797.25,2026-01-14,649344
U001423,O003798,768.04,2026-01-17,649344
U001423,O003799,685.93,2026-01-21,649344
U001424,O003800,554.47,2025-12-29,211707
U001424,O003801,904.92,2026-01-02,211707
U001424,O003802,1200.26,2026-01-29,211707
U001424,O003803,224.31,2026-02-01,211707
U001424,O003804,287.41,2026-02-06,211707
U001425,O003805,967.34,2026-06-19,372105
U001425,O003806,865.13,2026-07-22,372105
U001426,O003807,223.05,2026-07-09,819021
U001426,O003808,1521.81,2026-07-23,819021
U001426,O003809,1317.12,2026-07-29,819021
U001426,O003810,273.73,2026-08-13,819021
U001427,O003811,49.0,2026-03-06,295558
U001427,O003812,1514.21,2026-04-16,295558
U001427,O003813,1496.84,2026-04-19,295558
U001427,O003814,978.9,2026-05-04,295558
U001427,O003815,560.99,2026-06-03,295558
U001427,O003816,1186.58,2026-06-15,295558
U001428,O003817,762.2,2026-03-25,444634
U001428,O003818,747.68,2026-04-25,444634
U001428,O003819,408.39,2026-06-01,444634
U001429,O003820,1124.87,2026-04-22,386271
U001430,O003821,570.59,2026-08-07,382383
U001430,O003822,666.73,2026-08-13,382383
U001431,O003823,1250.93,2025-09-25,321830
U001431,O003824,90.73,2025-11-14,321830
U001431,O003825,487.44,2026-01-06,321830
U001433,O003826,963.45,2026-03-08,757599
U001434,O003827,792.88,2026-03-13,583900
U001434,O003828,578.6,2026-03-29,583900
U001434,O003829,1497.74,2026-05-27,583900
U001434,O003830,980.8,2026-06-08,583900
U001434,O003831,545.08,2026-07-20,583900
U001434,O003832,571.13,2026-08-09,583900
U001435,O003833,532.98,2026-07-31,555138
U001435,O003834,459.46,2026-08-14,555138
U001435,O003835,1167.43,2026-08-21,555138
U001435,O003836,1022.66,2026-08-24,555138
U001436,O003837,608.63,2026-01-22,863109
U001436,O003838,631.53,2026-03-04,863109
U001436,O003839,673.56,2026-05-07,863109
U001436,O003840,49.0,2026-05-13,863109
U001436,O003841,856.68,2026-05-16,863109
U001436,O003842,664.32,2026-05-20,863109
U001437,O003843,1344.12,2026-04-06,276546
U001437,O003844,768.23,2026-04-24,276546
U001437,O003845,686.06,2026-06-08,276546
U001437,O003846,324.4,2026-06-25,276546
U001437,O003847,1070.47,2026-06-29,276546
U001438,O003848,798.91,2025-10-25,502983
U001438,O003849,1054.63,2026-01-10,502983
U001438,O003850,119.51,2026-06-28,502983
U001438,O003851,330.29,2026-08-18,502983
U001439,O003852,949.05,2026-06-25,381673
U001439,O003853,960.89,2026-07-08,381673
U001439,O003854,903.62,2026-07-31,381673
U001439,O003855,1060.51,2026-08-03,381673
U001439,O003856,535.42,2026-08-15,381673
U001440,O003857,480.87,2026-05-18,605413
U001441,O003858,694.6,2025-11-19,104340
U001441,O003859,257.31,2025-11-24,104340
U001441,O003860,853.38,2025-12-06,104340
U001442,O003861,303.56,2026-02-02,114987
U001442,O003862,273.58,2026-02-06,114987
U001442,O003863,1037.0,2026-02-18,114987
U001442,O003864,691.92,2026-02-23,114987
U001442,O003865,1149.27,2026-03-18,114987
U001443,O003866,439.42,2025-10-14,564373
U001443,O003867,49.0,2025-10-25,564373
U001443,O003868,530.16,2026-02-09,564373
U001443,O003869,859.06,2026-02-11,564373
U001444,O003870,708.05,2026-06-28,578153
U001444,O003871,1056.68,2026-07-29,578153
U001444,O003872,73.22,2026-08-03,578153
U001444,O003873,862.84,2026-08-19,578153
U001445,O003874,586.97,2026-08-18,227055
U001446,O003875,530.94,2026-04-01,558238
U001446,O003876,913.74,2026-05-02,558238
U001447,O003877,49.0,2026-01-08,373463
U001447,O003878,258.26,2026-01-16,373463
U001447,O003879,672.1,2026-01-31,373463
U001448,O003880,505.68,2025-10-16,758399
U001448,O003881,446.62,2025-11-06,758399
U001449,O003882,790.11,2026-08-16,786714
U001451,O003883,942.7,2025-11-25,359861
U001451,O003884,1071.57,2025-11-30,359861
U001451,O003885,789.98,2025-12-29,359861
U001451,O003886,471.42,2026-04-11,359861
U001451,O003887,1086.47,2026-07-13,359861
U001451,O003888,852.3,2026-07-23,359861
U001452,O003889,1318.27,2026-04-01,284061
U001452,O003890,541.98,2026-05-09,284061
U001452,O003891,823.62,2026-05-13,284061
U001452,O003892,1269.58,2026-05-15,284061
U001453,O003893,1265.51,2025-12-05,468201
U001453,O003894,464.03,2025-12-13,468201
U001453,O003895,832.42,2025-12-22,468201
U001453,O003896,49.0,2026-01-02,468201
U001453,O003897,1188.72,2026-02-01,468201
U001453,O003898,699.1,2026-02-05,468201
U001454,O003899,273.03,2026-05-08,491665
U001454,O003900,1374.66,2026-06-09,491665
U001454,O003901,423.94,2026-07-16,491665
U001454,O003902,49.0,2026-08-25,491665
U001455,O003903,366.72,2026-08-25,440024
U001456,O003904,387.27,2025-10-15,575463
U001456,O003905,748.53,2025-10-22,575463
U001456,O003906,912.77,2025-11-05,575463
U001456,O003907,471.09,2025-11-20,575463
U001457,O003908,556.12,2025-09-13,462643
U001458,O003909,494.97,2025-10-07,415113
U001458,O003910,1047.52,2025-12-25,415113
U001459,O003911,709.24,2026-06-05,146901
U001459,O003912,1045.1,2026-06-22,146901
U001459,O003913,367.97,2026-06-27,146901
U001459,O003914,1317.02,2026-07-08,146901
U001459,O003915,132.05,2026-07-15,146901
U001460,O003916,851.55,2025-11-13,358280
U001460,O003917,633.42,2025-11-25,358280
U001460,O003918,649.31,2025-12-23,358280
U001461,O003919,617.38,2026-07-05,266061
U001464,O003920,49.0,2025-12-15,854288
U001464,O003921,496.92,2026-01-04,854288
U001464,O003922,808.67,2026-01-16,854288
U001464,O003923,1336.32,2026-03-11,854288
U001464,O003924,933.53,2026-04-02,854288
U001464,O003925,525.9,2026-04-24,854288
U001464,O003926,103.16,2026-05-02,854288
U001465,O003927,1218.08,2026-02-24,688254
U001465,O003928,1170.58,2026-03-07,688254
U001465,O003929,167.4,2026-04-13,688254
U001465,O003930,1251.02,2026-05-20,688254
U001465,O003931,717.5,2026-06-05,688254
U001465,O003932,937.88,2026-06-10,688254
U001465,O003933,733.89,2026-07-22,688254
U001467,O003934,657.71,2026-04-25,546645
U001467,O003935,902.32,2026-06-18,546645
U001467,O003936,532.88,2026-06-25,546645
U001467,O003937,716.81,2026-08-02,546645
U001468,O003938,224.42,2026-04-23,355958
U001469,O003939,876.7,2026-05-29,294495
U001469,O003940,1028.06,2026-06-08,294495
U001469,O003941,512.9,2026-07-15,294495
U001469,O003942,184.2,2026-07-26,294495
U001469,O003943,579.37,2026-07-31,294495
U001470,O003944,1263.45,2026-06-17,629872
U001470,O003945,649.7,2026-07-28,629872
U001471,O003946,1612.1,2026-04-24,456665
U001471,O003947,406.49,2026-05-04,456665
U001471,O003948,1188.57,2026-05-14,456665
U001471,O003949,416.87,2026-06-08,456665
U001471,O003950,823.29,2026-06-13,456665
U001472,O003951,1128.41,2025-11-08,743340
U001472,O003952,246.0,2025-11-24,743340
U001472,O003953,684.25,2025-12-24,743340
U001472,O003954,626.47,2026-01-18,743340
U001472,O003955,413.25,2026-01-24,743340
U001472,O003956,1015.1,2026-02-07,743340
U001472,O003957,1555.04,2026-02-15,743340
U001472,O003958,1102.59,2026-02-28,743340
U001474,O003959,827.22,2026-07-23,630010
U001474,O003960,741.25,2026-08-22,630010
U001475,O003961,519.42,2026-06-15,200556
U001475,O003962,1042.86,2026-07-18,200556
U001476,O003963,1309.86,2026-08-10,612591
U001477,O003964,49.0,2026-03-26,143370
U001477,O003965,1100.91,2026-04-03,143370
U001477,O003966,803.61,2026-04-29,143370
U001477,O003967,701.9,2026-08-12,143370
U001479,O003968,672.72,2026-01-19,246771
U001479,O003969,137.31,2026-02-28,246771
U001479,O003970,455.57,2026-03-19,246771
U001479,O003971,603.71,2026-04-10,246771
U001479,O003972,805.79,2026-04-19,246771
U001479,O003973,725.48,2026-04-24,246771
U001479,O003974,900.76,2026-05-02,246771
U001479,O003975,688.47,2026-06-10,246771
U001481,O003976,1268.68,2025-11-07,686666
U001481,O003977,767.05,2025-12-02,686666
U001481,O003978,1239.93,2025-12-13,686666
U001481,O003979,1684.68,2026-01-27,686666
U001481,O003980,1280.68,2026-05-09,686666
U001481,O003981,503.88,2026-05-14,686666
U001481,O003982,537.39,2026-06-23,686666
U001481,O003983,654.61,2026-07-06,686666
U001482,O003984,1281.47,2026-05-25,552681
U001482,O003985,436.2,2026-06-19,552681
U001483,O003986,49.0,2025-10-29,397546
U001483,O003987,90.56,2026-02-19,397546
U001484,O003988,925.14,2026-06-22,589510
U001484,O003989,640.66,2026-07-16,589510
U001484,O003990,998.86,2026-07-29,589510
U001484,O003991,791.51,2026-08-08,589510
U001485,O003992,281.23,2026-04-19,598702
U001485,O003993,971.19,2026-05-04,598702
U001485,O003994,881.88,2026-05-11,598702
U001485,O003995,673.53,2026-05-17,598702
U001485,O003996,937.94,2026-06-10,598702
U001485,O003997,454.72,2026-07-21,598702
U001485,O003998,741.23,2026-07-26,598702
U001486,O003999,709.59,2025-12-28,237106
U001486,O004000,238.04,2026-01-26,237106
U001487,O004001,186.77,2025-10-04,369195
U001487,O004002,115.88,2025-10-16,369195
U001487,O004003,775.18,2025-11-28,369195
U001487,O004004,652.81,2026-01-07,369195
U001487,O004005,237.2,2026-02-15,369195
U001487,O004006,506.15,2026-02-27,369195
U001488,O004007,757.37,2026-03-15,468243
U001490,O004008,130.09,2026-06-05,386795
U001490,O004009,615.02,2026-07-12,386795
U001490,O004010,860.0,2026-07-29,386795
U001492,O004011,766.34,2026-02-11,745156
U001494,O004012,1270.8,2026-06-08,175052
U001494,O004013,848.56,2026-06-22,175052
U001495,O004014,691.04,2025-12-08,454819
U001495,O004015,944.96,2025-12-20,454819
U001495,O004016,965.62,2025-12-27,454819
U001495,O004017,496.07,2026-01-22,454819
U001496,O004018,992.1,2026-07-01,249459
U001496,O004019,551.49,2026-08-10,249459
U001497,O004020,364.55,2026-07-26,745011
U001498,O004021,483.95,2025-12-25,846759
U001498,O004022,300.47,2026-01-24,846759
U001498,O004023,211.05,2026-02-24,846759
U001498,O004024,481.12,2026-03-09,846759
U001498,O004025,199.46,2026-03-19,846759
U001500,O004026,1322.44,2026-01-08,282006
U001500,O004027,798.69,2026-02-25,282006
U001500,O004028,219.01,2026-04-09,282006
U001501,O004029,1299.71,2026-05-28,792931
U001501,O004030,723.44,2026-07-18,792931
U001502,O004031,208.87,2025-12-14,588999
U001502,O004032,220.32,2025-12-16,588999
U001502,O004033,879.08,2025-12-23,588999
U001502,O004034,643.89,2026-01-21,588999
U001502,O004035,565.79,2026-01-27,588999
U001502,O004036,1200.78,2026-02-20,588999
U001502,O004037,1066.33,2026-03-01,588999
U001502,O004038,645.43,2026-03-05,588999
U001503,O004039,388.68,2026-08-05,191967
U001503,O004040,789.54,2026-08-15,191967
U001504,O004041,361.51,2026-02-21,197691
U001504,O004042,1088.2,2026-02-26,197691
U001504,O004043,196.69,2026-03-24,197691
U001504,O004044,1124.73,2026-04-14,197691
U001504,O004045,1265.61,2026-06-08,197691
U001504,O004046,412.86,2026-07-02,197691
U001506,O004047,1018.35,2025-12-12,762095
U001506,O004048,593.65,2026-01-05,762095
U001506,O004049,664.53,2026-01-27,762095
U001507,O004050,975.3,2026-02-20,182886
U001507,O004051,919.1,2026-02-28,182886
U001507,O004052,962.76,2026-03-10,182886
U001507,O004053,411.06,2026-05-25,182886
U001507,O004054,824.82,2026-06-28,182886
U001508,O004055,1043.31,2025-10-07,574385
U001508,O004056,344.06,2025-12-04,574385
U001508,O004057,315.69,2026-02-04,574385
U001508,O004058,856.75,2026-03-04,574385
U001508,O004059,286.16,2026-04-09,574385
U001508,O004060,271.73,2026-05-30,574385
U001509,O004061,386.27,2025-12-04,515351
U001510,O004062,222.81,2026-06-13,308978
U001511,O004063,542.91,2026-06-30,644996
U001511,O004064,1177.69,2026-07-25,644996
U001511,O004065,1220.44,2026-08-11,644996
U001512,O004066,1100.33,2026-04-10,334325
U001512,O004067,387.33,2026-05-16,334325
U001512,O004068,1068.77,2026-05-26,334325
U001512,O004069,1040.56,2026-06-09,334325
U001512,O004070,1029.2,2026-06-17,334325
U001512,O004071,716.62,2026-07-15,334325
U001512,O004072,414.08,2026-07-21,334325
U001513,O004073,1417.81,2026-03-02,868435
U001513,O004074,798.2,2026-03-28,868435
U001513,O004075,597.93,2026-06-07,868435
U001513,O004076,49.0,2026-06-12,868435
U001514,O004077,666.75,2026-05-02,802048
U001514,O004078,947.42,2026-05-08,802048
U001514,O004079,1494.27,2026-05-14,802048
U001514,O004080,749.41,2026-05-19,802048
U001514,O004081,613.31,2026-06-21,802048
U001514,O004082,368.68,2026-06-24,802048
U001514,O004083,748.08,2026-08-24,802048
U001515,O004084,294.34,2026-05-31,236480
U001515,O004085,421.21,2026-06-12,236480
U001515,O004086,484.25,2026-07-09,236480
U001515,O004087,407.38,2026-07-27,236480
U001515,O004088,998.52,2026-08-04,236480
U001517,O004089,762.53,2026-01-20,619467
U001517,O004090,1095.14,2026-02-03,619467
U001517,O004091,883.68,2026-02-17,619467
U001517,O004092,437.27,2026-04-12,619467
U001517,O004093,268.67,2026-04-18,619467
U001518,O004094,939.64,2026-07-30,777288
U001518,O004095,770.27,2026-08-10,777288
U001518,O004096,1008.02,2026-08-23,777288
U001519,O004097,1302.46,2026-01-04,100367
U001519,O004098,49.0,2026-02-15,100367
U001519,O004099,430.58,2026-02-26,100367
U001520,O004100,1514.75,2026-06-15,578631
U001520,O004101,611.29,2026-07-02,578631
U001520,O004102,759.35,2026-07-24,578631
U001520,O004103,566.36,2026-07-27,578631
U001521,O004104,229.01,2025-12-11,622488
U001521,O004105,716.92,2026-01-02,622488
U001521,O004106,958.59,2026-01-08,622488
U001521,O004107,766.38,2026-01-15,622488
U001522,O004108,1107.18,2025-10-14,516253
U001522,O004109,181.58,2025-12-18,516253
U001522,O004110,454.02,2026-01-01,516253
U001522,O004111,369.93,2026-02-20,516253
U001522,O004112,232.27,2026-03-16,516253
U001522,O004113,639.94,2026-04-02,516253
U001524,O004114,49.0,2026-06-21,862240
U001524,O004115,900.44,2026-07-11,862240
U001524,O004116,287.56,2026-08-20,862240
U001525,O004117,494.75,2026-07-26,158510
U001525,O004118,668.83,2026-07-30,158510
U001525,O004119,919.83,2026-08-26,158510
U001526,O004120,189.17,2026-07-08,767117
U001527,O004121,266.72,2025-12-03,136330
U001527,O004122,1281.9,2025-12-06,136330
U001527,O004123,1452.3,2026-01-19,136330
U001528,O004124,49.0,2026-07-27,770662
U001528,O004125,698.46,2026-08-21,770662
U001528,O004126,1137.05,2026-08-25,770662
U001529,O004127,707.61,2026-08-19,146366
U001530,O004128,486.87,2025-09-25,642274
U001530,O004129,372.29,2025-10-05,642274
U001530,O004130,342.47,2025-11-04,642274
U001530,O004131,258.39,2025-11-25,642274
U001530,O004132,1164.6,2025-12-03,642274
U001530,O004133,626.05,2025-12-29,642274
U001530,O004134,1374.28,2026-01-09,642274
U001530,O004135,441.5,2026-04-11,642274
U001531,O004136,1348.75,2026-03-10,869895
U001531,O004137,492.07,2026-04-05,869895
U001531,O004138,1019.63,2026-04-14,869895
U001531,O004139,702.45,2026-05-28,869895
U001531,O004140,911.21,2026-06-09,869895
U001532,O004141,392.63,2025-11-20,112977
U001532,O004142,378.85,2025-12-08,112977
U001532,O004143,713.91,2025-12-13,112977
U001532,O004144,763.8,2025-12-27,112977
U001534,O004145,845.59,2026-03-20,839906
U001534,O004146,805.59,2026-06-03,839906
U001534,O004147,186.46,2026-07-01,839906
U001536,O004148,300.57,2025-12-16,472289
U001536,O004149,143.21,2025-12-31,472289
U001536,O004150,741.25,2026-01-05,472289
U001537,O004151,568.61,2026-04-16,810702
U001537,O004152,886.32,2026-08-15,810702
U001538,O004153,660.12,2026-06-04,289899
U001540,O004154,804.85,2026-02-05,330692
U001540,O004155,969.63,2026-04-02,330692
U001540,O004156,417.56,2026-06-29,330692
U001542,O004157,490.22,2026-07-06,558317
U001543,O004158,382.5,2025-09-26,285479
U001543,O004159,666.77,2025-10-14,285479
U001543,O004160,49.0,2025-11-11,285479
U001544,O004161,730.55,2025-11-24,741460
U001544,O004162,417.72,2025-12-11,741460
U001545,O004163,582.9,2026-02-23,828889
U001547,O004164,373.45,2026-08-21,304349
U001548,O004165,680.0,2026-07-03,268276
U001548,O004166,508.92,2026-08-13,268276
U001548,O004167,1099.56,2026-08-24,268276
U001549,O004168,1159.07,2026-06-20,584855
U001549,O004169,1247.01,2026-08-16,584855
U001550,O004170,71.76,2025-09-29,587729
U001550,O004171,533.85,2025-11-02,587729
U001550,O004172,350.97,2025-12-28,587729
U001551,O004173,78.84,2025-12-11,270098
U001552,O004174,786.69,2026-04-12,526996
U001552,O004175,412.03,2026-05-22,526996
U001552,O004176,353.34,2026-06-25,526996
U001552,O004177,502.74,2026-07-22,526996
U001553,O004178,500.89,2026-07-24,419589
U001553,O004179,364.05,2026-07-31,419589
U001554,O004180,749.76,2026-05-22,330506
U001555,O004181,190.94,2026-01-07,480087
U001557,O004182,650.46,2026-04-12,555003
U001557,O004183,1333.95,2026-04-16,555003
U001557,O004184,951.55,2026-04-24,555003
U001558,O004185,634.15,2025-11-28,392208
U001559,O004186,851.72,2026-02-11,780870
U001560,O004187,1202.99,2026-05-31,563108
U001560,O004188,338.19,2026-06-02,563108
U001561,O004189,389.52,2026-07-27,878243
U001562,O004190,506.14,2026-01-15,351771
U001562,O004191,1138.8,2026-02-03,351771
U001565,O004192,625.64,2025-09-23,346302
U001565,O004193,900.6,2025-09-27,346302
U001565,O004194,750.82,2026-01-02,346302
U001565,O004195,800.03,2026-03-25,346302
U001566,O004196,704.87,2026-05-07,187549
U001566,O004197,93.88,2026-05-23,187549
U001567,O004198,573.07,2026-04-17,328675
U001567,O004199,915.72,2026-05-13,328675
U001567,O004200,816.67,2026-07-07,328675
U001567,O004201,467.46,2026-08-04,328675
U001568,O004202,878.45,2026-07-06,677214
U001568,O004203,1016.13,2026-08-02,677214
U001569,O004204,444.49,2026-02-14,597714
U001569,O004205,1187.93,2026-04-16,597714
U001570,O004206,493.09,2026-05-19,200813
U001570,O004207,427.43,2026-06-07,200813
U001570,O004208,845.99,2026-07-15,200813
U001571,O004209,593.13,2026-01-13,510495
U001571,O004210,1071.29,2026-04-03,510495
U001572,O004211,723.57,2025-11-25,715555
U001572,O004212,491.48,2025-12-11,715555
U001572,O004213,540.29,2026-02-09,715555
U001573,O004214,151.24,2025-12-05,698195
U001573,O004215,200.9,2025-12-17,698195
U001574,O004216,855.41,2026-06-25,713726
U001574,O004217,326.91,2026-07-22,713726
U001575,O004218,659.68,2026-02-26,595145
U001575,O004219,381.85,2026-03-01,595145
U001576,O004220,1405.61,2026-07-16,484227
U001577,O004221,1184.19,2026-01-01,535963
U001577,O004222,178.9,2026-01-18,535963
U001577,O004223,751.01,2026-01-20,535963
U001578,O004224,402.09,2026-07-04,395015
U001578,O004225,532.33,2026-07-26,395015
U001579,O004226,626.66,2025-10-26,164810
U001579,O004227,49.0,2025-10-29,164810
U001579,O004228,1026.42,2026-01-05,164810
U001580,O004229,1025.46,2026-08-10,286628
U001581,O004230,1268.21,2026-06-18,629654
U001582,O004231,1058.91,2026-04-01,839769
U001582,O004232,49.0,2026-04-05,839769
U001582,O004233,934.09,2026-06-11,839769
U001582,O004234,766.46,2026-06-30,839769
U001583,O004235,601.23,2025-10-06,103515
U001583,O004236,929.16,2026-02-08,103515
U001584,O004237,451.75,2025-12-31,809285
U001584,O004238,315.43,2026-01-10,809285
U001585,O004239,566.51,2026-06-26,292053
U001586,O004240,723.33,2026-03-19,565487
U001587,O004241,620.79,2026-03-28,100654
U001587,O004242,437.73,2026-04-30,100654
U001587,O004243,730.6,2026-05-13,100654
U001588,O004244,646.29,2026-03-27,307405
U001588,O004245,551.5,2026-03-30,307405
U001589,O004246,436.6,2026-06-30,658987
U001590,O004247,828.54,2025-12-18,614893
U001590,O004248,394.77,2025-12-29,614893
U001591,O004249,431.36,2026-02-27,837461
U001591,O004250,674.86,2026-04-13,837461
U001591,O004251,792.0,2026-06-24,837461
U001593,O004252,749.21,2026-01-12,343600
U001593,O004253,287.23,2026-01-22,343600
U001594,O004254,639.37,2025-12-17,370803
U001594,O004255,491.88,2026-01-02,370803
U001595,O004256,109.07,2026-04-27,294786
U001595,O004257,679.63,2026-05-03,294786
U001595,O004258,769.55,2026-05-21,294786
U001595,O004259,428.31,2026-06-09,294786
U001595,O004260,724.48,2026-07-03,294786
U001596,O004261,662.81,2025-09-16,787086
U001596,O004262,752.82,2025-09-28,787086
U001596,O004263,826.8,2025-11-01,787086
U001597,O004264,49.0,2026-05-23,574412
U001597,O004265,717.33,2026-06-26,574412
U001598,O004266,875.75,2025-12-03,633278
U001598,O004267,473.57,2026-01-02,633278
U001598,O004268,49.0,2026-02-27,633278
U001598,O004269,739.9,2026-05-15,633278
U001599,O004270,704.78,2026-05-28,610320
U001599,O004271,312.68,2026-06-04,610320
U001599,O004272,124.47,2026-06-07,610320
U001599,O004273,988.65,2026-08-14,610320
U001599,O004274,665.25,2026-08-17,610320
U001599,O004275,712.99,2026-08-24,610320
U001600,O004276,633.23,2026-08-18,300400
U001601,O004277,626.42,2026-03-16,700976
U001601,O004278,250.43,2026-04-02,700976
U001601,O004279,1042.39,2026-04-12,700976
U001601,O004280,878.94,2026-05-09,700976
U001601,O004281,926.74,2026-08-18,700976
U001602,O004282,386.56,2026-03-03,109236
U001602,O004283,354.52,2026-06-08,109236
U001603,O004284,597.33,2025-12-01,875696
U001603,O004285,680.9,2025-12-04,875696
U001603,O004286,1091.39,2026-01-06,875696
U001603,O004287,630.15,2026-03-22,875696
U001605,O004288,113.3,2026-02-05,666860
U001605,O004289,952.14,2026-03-10,666860
U001606,O004290,420.89,2026-07-15,611800
U001606,O004291,941.16,2026-07-31,611800
U001606,O004292,763.17,2026-08-24,611800
U001607,O004293,340.26,2025-10-18,381523
U001607,O004294,49.0,2026-02-22,381523
U001607,O004295,1131.42,2026-04-06,381523
U001608,O004296,498.7,2026-06-01,546422
U001608,O004297,332.59,2026-08-22,546422
U001609,O004298,394.51,2026-03-30,269884
U001609,O004299,939.84,2026-03-31,269884
U001610,O004300,439.63,2025-11-16,547183
U001610,O004301,942.84,2025-12-12,547183
U001610,O004302,758.76,2025-12-22,547183
U001610,O004303,998.79,2025-12-29,547183
U001610,O004304,362.19,2026-01-22,547183
U001610,O004305,295.4,2026-02-05,547183
U001612,O004306,282.88,2025-12-23,633597
U001612,O004307,49.0,2026-01-29,633597
U001613,O004308,1330.7,2026-08-04,114905
U001614,O004309,706.54,2026-01-21,840613
U001614,O004310,541.48,2026-01-25,840613
U001615,O004311,703.6,2025-12-15,412566
U001615,O004312,877.44,2025-12-19,412566
U001616,O004313,537.96,2026-02-04,266401
U001617,O004314,842.56,2026-08-18,469239
U001619,O004315,535.07,2026-04-18,364777
U001619,O004316,585.25,2026-06-23,364777
U001619,O004317,991.36,2026-08-06,364777
U001620,O004318,1039.19,2026-04-22,894558
U001620,O004319,626.19,2026-06-13,894558
U001621,O004320,618.72,2026-08-16,694510
U001622,O004321,1036.35,2026-01-07,837096
U001625,O004322,369.97,2026-02-18,444257
U001626,O004323,771.43,2025-12-28,461828
U001626,O004324,665.91,2026-03-02,461828
U001626,O004325,590.75,2026-03-29,461828
U001626,O004326,585.32,2026-08-07,461828
U001627,O004327,930.7,2026-03-05,164205
U001628,O004328,264.47,2025-12-05,473576
U001629,O004329,556.0,2026-07-01,506955
U001630,O004330,149.21,2026-01-22,850259
U001630,O004331,863.66,2026-01-28,850259
U001630,O004332,767.36,2026-03-23,850259
U001630,O004333,775.57,2026-04-24,850259
U001630,O004334,671.64,2026-05-08,850259
U001630,O004335,1344.42,2026-06-01,850259
U001630,O004336,442.99,2026-08-19,850259
U001631,O004337,616.75,2026-04-24,231970
U001631,O004338,1248.11,2026-08-08,231970
U001631,O004339,783.36,2026-08-12,231970
U001632,O004340,1049.02,2026-04-01,308759
U001633,O004341,383.78,2025-10-26,570905
U001633,O004342,1581.02,2026-01-02,570905
U001634,O004343,578.97,2026-01-19,190880
U001634,O004344,831.54,2026-03-06,190880
U001635,O004345,565.92,2026-03-15,145130
U001635,O004346,907.7,2026-03-31,145130
U001636,O004347,664.95,2026-07-04,744447
U001638,O004348,406.44,2026-02-27,819609
U001639,O004349,863.49,2026-08-20,360643
U001640,O004350,303.96,2026-04-06,817511
U001640,O004351,538.99,2026-04-28,817511
U001640,O004352,625.44,2026-05-18,817511
U001641,O004353,819.1,2026-01-29,216631
U001641,O004354,751.95,2026-03-15,216631
U001641,O004355,331.12,2026-03-25,216631
U001641,O004356,291.81,2026-05-25,216631
U001642,O004357,287.7,2026-08-25,198981
U001643,O004358,552.28,2026-07-26,802826
U001644,O004359,684.0,2025-10-05,446711
U001644,O004360,472.16,2025-10-13,446711
U001644,O004361,642.98,2025-11-02,446711
U001645,O004362,507.35,2026-02-27,477011
U001645,O004363,450.85,2026-03-03,477011
U001645,O004364,816.09,2026-03-13,477011
U001645,O004365,776.09,2026-04-28,477011
U001645,O004366,1208.86,2026-05-29,477011
U001645,O004367,687.4,2026-06-14,477011
U001645,O004368,1005.5,2026-08-09,477011
U001646,O004369,968.45,2026-03-03,266750
U001646,O004370,459.81,2026-04-05,266750
U001646,O004371,821.71,2026-05-11,266750
U001647,O004372,206.58,2026-06-12,640258
U001647,O004373,722.88,2026-07-06,640258
U001647,O004374,579.93,2026-07-21,640258
U001648,O004375,1221.67,2026-05-02,819883
U001648,O004376,1256.75,2026-05-08,819883
U001648,O004377,866.38,2026-05-24,819883
U001649,O004378,496.74,2026-04-09,248407
U001649,O004379,1078.15,2026-06-11,248407
U001650,O004380,325.09,2026-07-14,541131
U001650,O004381,816.54,2026-07-26,541131
U001650,O004382,275.39,2026-07-31,541131
U001651,O004383,502.06,2026-04-18,548204
U001651,O004384,671.78,2026-05-05,548204
U001651,O004385,456.98,2026-05-17,548204
U001651,O004386,993.25,2026-06-10,548204
U001652,O004387,176.51,2026-04-25,404282
U001652,O004388,539.87,2026-05-30,404282
U001652,O004389,659.48,2026-06-01,404282
U001652,O004390,545.17,2026-08-07,404282
U001653,O004391,920.92,2026-03-21,746327
U001655,O004392,213.23,2025-09-29,398033
U001656,O004393,1281.13,2026-04-20,316524
U001656,O004394,385.45,2026-06-15,316524
U001656,O004395,472.64,2026-07-01,316524
U001656,O004396,680.43,2026-08-11,316524
U001657,O004397,423.89,2026-02-13,616071
U001657,O004398,318.76,2026-03-08,616071
U001658,O004399,362.62,2026-08-20,845433
U001659,O004400,778.64,2026-02-18,620618
U001660,O004401,213.19,2026-06-24,239250
U001660,O004402,1250.58,2026-08-23,239250
U001661,O004403,663.22,2026-07-18,469607
U001662,O004404,499.95,2026-07-06,545209
U001662,O004405,809.61,2026-08-02,545209
U001662,O004406,930.91,2026-08-22,545209
U001663,O004407,592.22,2026-08-21,160577
U001663,O004408,669.65,2026-08-24,160577
U001665,O004409,423.3,2026-06-08,148812
U001665,O004410,678.51,2026-06-23,148812
U001665,O004411,1168.5,2026-08-03,148812
U001666,O004412,652.21,2025-10-20,582404
U001667,O004413,325.15,2025-11-05,249573
U001667,O004414,626.05,2025-11-19,249573
U001667,O004415,466.52,2025-12-08,249573
U001667,O004416,309.09,2025-12-20,249573
U001668,O004417,719.49,2026-07-16,746156
U001668,O004418,1046.88,2026-07-21,746156
U001668,O004419,484.5,2026-08-08,746156
U001668,O004420,1168.79,2026-08-21,746156
U001669,O004421,202.68,2026-07-15,265464
U001669,O004422,223.38,2026-08-09,265464
U001670,O004423,714.51,2026-05-24,662248
U001670,O004424,686.18,2026-07-22,662248
U001670,O004425,848.69,2026-07-31,662248
U001670,O004426,866.9,2026-08-17,662248
U001671,O004427,1021.32,2026-02-22,308623
U001671,O004428,1212.57,2026-04-21,308623
U001672,O004429,681.35,2026-06-17,277359
U001672,O004430,707.44,2026-06-19,277359
U001672,O004431,870.55,2026-08-09,277359
U001673,O004432,1152.69,2025-12-16,195810
U001673,O004433,591.8,2025-12-21,195810
U001673,O004434,543.07,2026-01-24,195810
U001673,O004435,192.44,2026-01-26,195810
U001675,O004436,595.76,2025-10-29,280738
U001676,O004437,435.6,2026-05-15,103155
U001677,O004438,973.15,2025-10-13,774499
U001678,O004439,703.4,2026-01-21,291799
U001679,O004440,537.22,2026-04-29,708136
U001679,O004441,728.36,2026-05-01,708136
U001679,O004442,887.52,2026-05-12,708136
U001680,O004443,478.43,2026-02-26,847905
U001680,O004444,1255.33,2026-04-25,847905
U001680,O004445,663.17,2026-05-04,847905
U001680,O004446,402.51,2026-06-02,847905
U001680,O004447,289.75,2026-06-20,847905
U001680,O004448,529.31,2026-07-14,847905
U001681,O004449,49.0,2026-05-29,406486
U001681,O004450,806.5,2026-06-22,406486
U001681,O004451,465.35,2026-07-14,406486
U001684,O004452,1041.28,2026-03-24,710832
U001684,O004453,519.22,2026-05-08,710832
U001685,O004454,528.15,2026-03-14,897204
U001686,O004455,365.91,2026-07-10,731319
U001687,O004456,891.91,2025-12-20,633404
U001689,O004457,456.65,2026-08-11,743334
U001690,O004458,748.07,2026-07-14,413136
U001691,O004459,619.58,2026-02-10,324236
U001691,O004460,819.99,2026-04-21,324236
U001691,O004461,268.77,2026-05-07,324236
U001694,O004462,738.2,2026-08-13,468857
U001695,O004463,199.05,2026-08-17,588642
U001697,O004464,647.82,2025-11-17,255119
U001697,O004465,556.49,2025-12-19,255119
U001697,O004466,1053.54,2026-03-05,255119
U001699,O004467,469.43,2025-11-29,537733
U001700,O004468,607.91,2026-05-22,329663
U001701,O004469,1255.34,2025-09-10,417102
U001701,O004470,700.91,2025-11-06,417102
U001701,O004471,794.59,2025-11-15,417102
U001701,O004472,933.65,2025-11-24,417102
U001702,O004473,626.18,2026-04-03,147582
U001702,O004474,637.14,2026-04-10,147582
U001703,O004475,672.28,2026-03-28,796228
U001703,O004476,520.71,2026-04-03,796228
U001703,O004477,49.0,2026-04-17,796228
U001703,O004478,338.26,2026-04-30,796228
U001704,O004479,854.53,2026-01-13,229342
U001704,O004480,627.23,2026-01-15,229342
U001704,O004481,674.1,2026-02-07,229342
U001705,O004482,53.81,2026-08-23,177668
U001706,O004483,388.52,2025-09-21,407647
U001706,O004484,272.71,2025-10-26,407647
U001707,O004485,704.77,2026-05-18,473579
U001707,O004486,814.1,2026-05-20,473579
U001707,O004487,1048.39,2026-05-24,473579
U001707,O004488,710.25,2026-06-15,473579
U001707,O004489,543.38,2026-07-10,473579
U001708,O004490,645.51,2025-11-11,482916
U001709,O004491,1244.81,2026-04-15,626344
U001709,O004492,940.08,2026-04-23,626344
U001709,O004493,433.08,2026-06-30,626344
U001709,O004494,391.84,2026-08-09,626344
U001709,O004495,628.26,2026-08-11,626344
U001709,O004496,1340.5,2026-08-26,626344
U001711,O004497,421.07,2026-04-06,891444
U001712,O004498,588.66,2026-06-05,101043
U001712,O004499,622.82,2026-07-17,101043
U001713,O004500,441.34,2026-03-03,685008
U001713,O004501,393.4,2026-03-12,685008
U001713,O004502,382.82,2026-04-04,685008
U001713,O004503,512.35,2026-04-23,685008
U001713,O004504,951.76,2026-06-25,685008
U001714,O004505,706.27,2026-05-26,831923
U001714,O004506,371.81,2026-05-31,831923
U001714,O004507,448.91,2026-06-16,831923
U001715,O004508,989.05,2025-12-25,353995
U001715,O004509,998.22,2026-01-19,353995
U001715,O004510,379.22,2026-02-14,353995
U001716,O004511,927.49,2026-05-31,319582
U001716,O004512,934.91,2026-06-13,319582
U001716,O004513,732.34,2026-08-18,319582
U001716,O004514,291.05,2026-08-22,319582
U001717,O004515,49.0,2026-06-14,109522
U001717,O004516,505.36,2026-08-03,109522
U001718,O004517,802.15,2025-10-07,124525
U001718,O004518,452.99,2026-02-08,124525
U001718,O004519,243.34,2026-02-20,124525
U001719,O004520,574.29,2026-03-13,737296
U001719,O004521,825.11,2026-05-05,737296
U001719,O004522,872.13,2026-05-06,737296
U001719,O004523,850.97,2026-07-26,737296
U001719,O004524,738.45,2026-07-31,737296
U001720,O004525,591.28,2025-10-27,116122
U001721,O004526,1050.64,2026-05-17,533572
U001721,O004527,417.39,2026-06-02,533572
U001722,O004528,417.55,2025-12-01,318064
U001722,O004529,1013.9,2025-12-19,318064
U001723,O004530,480.82,2025-11-28,118471
U001723,O004531,546.98,2025-11-29,118471
U001723,O004532,783.99,2025-12-03,118471
U001723,O004533,113.4,2025-12-06,118471
U001724,O004534,719.14,2026-04-13,746020
U001725,O004535,851.89,2026-07-16,658636
U001726,O004536,481.1,2026-03-22,895813
U001726,O004537,285.01,2026-05-26,895813
U001727,O004538,1107.86,2026-03-23,178290
U001727,O004539,880.25,2026-04-07,178290
U001727,O004540,745.21,2026-05-12,178290
U001728,O004541,696.57,2026-01-21,631972
U001728,O004542,860.18,2026-02-12,631972
U001729,O004543,687.04,2026-03-07,278082
U001729,O004544,422.46,2026-04-10,278082
U001730,O004545,356.18,2026-07-01,457265
U001730,O004546,264.46,2026-07-26,457265
U001731,O004547,299.84,2026-06-12,363187
U001732,O004548,731.03,2026-06-09,708225
U001732,O004549,976.43,2026-06-19,708225
U001733,O004550,543.06,2025-10-16,461519
U001734,O004551,521.28,2026-06-19,456801
U001734,O004552,1025.17,2026-06-29,456801
U001735,O004553,738.21,2026-01-07,168484
U001736,O004554,521.26,2026-03-23,560333
U001736,O004555,458.5,2026-04-17,560333
U001736,O004556,621.17,2026-04-26,560333
U001737,O004557,1256.88,2026-07-15,880845
U001738,O004558,403.14,2026-06-30,178596
U001738,O004559,1540.85,2026-07-15,178596
U001738,O004560,656.0,2026-08-23,178596
U001739,O004561,876.09,2026-07-15,408711
U001739,O004562,766.24,2026-08-17,408711
U001740,O004563,1305.51,2025-11-02,378709
U001740,O004564,854.81,2026-02-11,378709
U001740,O004565,683.54,2026-02-12,378709
U001741,O004566,504.96,2026-04-27,170476
U001742,O004567,641.45,2026-05-15,265745
U001743,O004568,657.18,2025-11-14,221686
U001743,O004569,1066.09,2025-12-22,221686
U001743,O004570,813.92,2026-02-02,221686
U001746,O004571,542.44,2025-12-05,366567
U001746,O004572,540.01,2025-12-10,366567
U001746,O004573,459.41,2025-12-13,366567
U001747,O004574,174.43,2025-09-16,780735
U001748,O004575,756.94,2025-11-12,469137
U001748,O004576,648.42,2026-01-16,469137
U001748,O004577,771.7,2026-01-31,469137
U001748,O004578,768.94,2026-02-21,469137
U001748,O004579,938.41,2026-02-23,469137
U001749,O004580,234.05,2026-07-18,188285
U001749,O004581,492.85,2026-07-31,188285
U001750,O004582,317.62,2026-05-12,275345
U001751,O004583,876.2,2025-11-27,761279
U001751,O004584,1231.43,2025-12-17,761279
U001751,O004585,367.54,2026-03-15,761279
U001751,O004586,241.99,2026-03-20,761279
U001751,O004587,586.14,2026-05-27,761279
U001752,O004588,528.65,2025-11-16,182396
U001752,O004589,594.54,2025-11-26,182396
U001752,O004590,1332.23,2025-12-03,182396
U001752,O004591,932.11,2026-01-01,182396
U001753,O004592,696.93,2025-10-01,778045
U001753,O004593,604.87,2025-12-13,778045
U001754,O004594,1195.08,2026-01-21,571824
U001754,O004595,746.91,2026-01-24,571824
U001756,O004596,102.03,2026-07-05,687201
U001756,O004597,423.38,2026-08-06,687201
U001757,O004598,357.07,2026-01-13,179347
U001758,O004599,942.6,2026-04-10,447767
U001758,O004600,49.0,2026-05-05,447767
U001758,O004601,312.49,2026-06-08,447767
U001758,O004602,611.4,2026-07-14,447767
U001759,O004603,541.32,2026-07-21,353349
U001760,O004604,708.1,2026-02-09,578322
U001760,O004605,842.68,2026-03-28,578322
U001760,O004606,698.98,2026-04-04,578322
U001762,O004607,209.62,2026-06-04,883693
U001763,O004608,1193.51,2025-12-25,644084
U001763,O004609,291.83,2026-03-10,644084
U001764,O004610,748.12,2026-01-01,288121
U001764,O004611,696.39,2026-01-08,288121
U001764,O004612,709.21,2026-02-08,288121
U001764,O004613,684.13,2026-03-12,288121
U001764,O004614,268.04,2026-06-27,288121
U001764,O004615,254.66,2026-07-21,288121
U001765,O004616,655.81,2026-06-12,278590
U001766,O004617,824.82,2026-03-23,835098
U001766,O004618,161.52,2026-05-06,835098
U001767,O004619,119.15,2026-07-11,434123
U001768,O004620,1054.0,2026-05-04,655208
U001769,O004621,761.94,2025-11-15,630037
U001769,O004622,750.29,2025-12-23,630037
U001769,O004623,1087.21,2026-01-08,630037
U001770,O004624,957.47,2026-02-26,887712
U001770,O004625,351.57,2026-04-17,887712
U001771,O004626,729.15,2026-06-24,470023
U001773,O004627,722.32,2026-08-09,326665
U001773,O004628,345.83,2026-08-16,326665
U001773,O004629,867.88,2026-08-19,326665
U001774,O004630,1040.05,2025-10-04,728289
U001774,O004631,49.0,2025-10-19,728289
U001776,O004632,602.24,2025-09-14,655868
U001776,O004633,953.88,2025-10-14,655868
U001777,O004634,699.9,2026-04-29,813975
U001778,O004635,1020.86,2026-08-02,129944
U001778,O004636,557.79,2026-08-14,129944
U001780,O004637,305.15,2025-10-06,751169
U001781,O004638,669.83,2026-04-06,196874
U001782,O004639,1153.42,2026-03-25,140086
U001782,O004640,859.53,2026-05-06,140086
U001783,O004641,788.06,2025-12-01,277272
U001783,O004642,1020.65,2025-12-31,277272
U001784,O004643,841.14,2026-04-15,145476
U001784,O004644,94.52,2026-05-08,145476
U001784,O004645,895.56,2026-05-15,145476
U001785,O004646,373.33,2026-01-12,770264
U001785,O004647,642.59,2026-01-29,770264
U001786,O004648,604.18,2026-08-24,343635
U001787,O004649,794.81,2025-12-29,634420
U001787,O004650,887.64,2026-01-04,634420
U001788,O004651,725.66,2026-05-22,164432
U001788,O004652,705.62,2026-06-07,164432
U001788,O004653,839.57,2026-06-11,164432
U001788,O004654,378.68,2026-08-15,164432
U001789,O004655,405.26,2026-05-28,483564
U001789,O004656,1123.71,2026-07-01,483564
U001789,O004657,801.94,2026-07-04,483564
U001790,O004658,94.63,2025-12-16,397206
U001790,O004659,474.6,2025-12-31,397206
U001790,O004660,886.71,2026-01-30,397206
U001790,O004661,913.8,2026-03-22,397206
U001790,O004662,1385.86,2026-03-24,397206
U001791,O004663,961.51,2026-07-17,154137
U001794,O004664,764.1,2025-09-12,693217
U001794,O004665,1110.54,2025-11-10,693217
U001794,O004666,1043.06,2026-01-18,693217
U001795,O004667,909.38,2026-05-06,347618
U001795,O004668,49.0,2026-05-09,347618
U001796,O004669,315.83,2025-09-23,220094
U001797,O004670,997.04,2026-07-21,761230
U001801,O004671,987.87,2026-05-16,502150
U001802,O004672,697.13,2026-01-08,812500
U001802,O004673,670.6,2026-02-14,812500
U001802,O004674,486.83,2026-07-19,812500
U001802,O004675,897.76,2026-08-06,812500
U001802,O004676,504.51,2026-08-18,812500
U001803,O004677,159.11,2026-03-28,820201
U001803,O004678,420.23,2026-04-20,820201
U001803,O004679,718.21,2026-05-08,820201
U001804,O004680,950.99,2026-01-21,775533
U001804,O004681,1029.66,2026-01-24,775533
U001805,O004682,1061.91,2026-08-02,468719
U001806,O004683,324.11,2026-07-14,249063
U001806,O004684,738.89,2026-08-02,249063
U001807,O004685,617.27,2026-07-28,658072
U001807,O004686,802.96,2026-07-31,658072
U001807,O004687,1021.17,2026-08-12,658072
U001809,O004688,715.23,2026-07-23,822242
U001810,O004689,669.84,2026-02-20,562517
U001810,O004690,928.29,2026-03-12,562517
U001810,O004691,460.87,2026-04-18,562517
U001810,O004692,786.3,2026-07-11,562517
U001810,O004693,344.35,2026-07-20,562517
U001811,O004694,334.54,2026-07-04,304852
U001812,O004695,356.67,2025-10-22,269408
U001813,O004696,760.35,2026-06-22,846521
U001813,O004697,705.44,2026-08-10,846521
U001814,O004698,930.29,2026-01-31,581806
U001814,O004699,520.28,2026-02-21,581806
U001814,O004700,668.73,2026-04-17,581806
U001814,O004701,751.86,2026-05-09,581806
U001815,O004702,666.34,2025-09-29,183530
U001816,O004703,908.45,2026-08-11,399946
U001817,O004704,1140.38,2026-01-09,178200
U001817,O004705,1307.66,2026-04-15,178200
U001818,O004706,1082.03,2026-03-14,595211
U001818,O004707,755.73,2026-05-02,595211
U001818,O004708,819.72,2026-05-11,595211
U001818,O004709,660.75,2026-05-15,595211
U001819,O004710,779.25,2025-11-04,576292
U001819,O004711,720.96,2025-12-15,576292
U001819,O004712,865.35,2026-02-06,576292
U001820,O004713,1055.3,2025-10-26,220513
U001820,O004714,379.66,2025-11-20,220513
U001821,O004715,432.41,2025-09-25,606633
U001822,O004716,348.33,2025-10-29,305329
U001822,O004717,539.89,2025-11-21,305329
U001822,O004718,456.84,2025-12-10,305329
U001822,O004719,983.34,2026-02-02,305329
U001822,O004720,324.92,2026-03-04,305329
U001822,O004721,961.52,2026-03-29,305329
U001822,O004722,887.1,2026-04-29,305329
U001823,O004723,700.88,2026-01-09,568300
U001823,O004724,118.68,2026-01-17,568300
U001824,O004725,438.9,2026-02-14,772670
U001825,O004726,49.0,2025-12-19,339493
U001825,O004727,1054.86,2026-01-30,339493
U001825,O004728,467.8,2026-03-25,339493
U001826,O004729,778.3,2026-05-24,725047
U001827,O004730,382.79,2026-06-02,711041
U001829,O004731,666.69,2026-03-06,273478
U001829,O004732,895.66,2026-04-01,273478
U001829,O004733,886.95,2026-04-16,273478
U001829,O004734,899.99,2026-05-29,273478
U001830,O004735,579.0,2026-02-11,152036
U001830,O004736,49.0,2026-04-11,152036
U001831,O004737,762.72,2026-01-24,747374
U001831,O004738,697.54,2026-02-02,747374
U001831,O004739,948.38,2026-03-04,747374
U001832,O004740,788.37,2026-06-08,349085
U001832,O004741,495.37,2026-06-09,349085
U001832,O004742,1176.91,2026-06-20,349085
U001832,O004743,1113.92,2026-08-05,349085
U001833,O004744,543.86,2025-12-22,192159
U001833,O004745,675.6,2026-01-13,192159
U001833,O004746,141.49,2026-03-04,192159
U001833,O004747,760.2,2026-04-21,192159
U001835,O004748,193.62,2025-12-26,432339
U001835,O004749,428.47,2026-01-04,432339
U001836,O004750,306.33,2026-04-21,692730
U001836,O004751,919.94,2026-06-12,692730
U001836,O004752,808.78,2026-06-26,692730
U001836,O004753,643.17,2026-07-06,692730
U001836,O004754,415.88,2026-08-14,692730
U001837,O004755,864.08,2026-04-07,347649
U001837,O004756,956.44,2026-08-04,347649
U001837,O004757,896.7,2026-08-07,347649
U001838,O004758,631.27,2025-12-08,838560
U001838,O004759,719.18,2025-12-10,838560
U001838,O004760,763.36,2025-12-16,838560
U001839,O004761,590.81,2025-11-27,576754
U001839,O004762,49.0,2025-12-02,576754
U001839,O004763,692.66,2025-12-20,576754
U001840,O004764,608.84,2026-02-04,861387
U001842,O004765,819.02,2026-07-09,772197
U001843,O004766,1005.22,2026-06-23,547371
U001845,O004767,676.49,2026-04-21,430831
U001845,O004768,705.08,2026-07-07,430831
U001845,O004769,437.22,2026-08-11,430831
U001846,O004770,995.95,2026-06-14,201210
U001846,O004771,557.99,2026-06-22,201210
U001846,O004772,799.67,2026-07-17,201210
U001847,O004773,732.34,2026-01-08,728443
U001847,O004774,693.21,2026-02-24,728443
U001847,O004775,655.44,2026-03-15,728443
U001847,O004776,641.15,2026-04-22,728443
U001847,O004777,1089.03,2026-06-21,728443
U001848,O004778,683.79,2026-07-25,198724
U001848,O004779,664.0,2026-08-26,198724
U001849,O004780,652.66,2026-04-07,566475
U001849,O004781,1177.18,2026-04-21,566475
U001849,O004782,382.42,2026-04-26,566475
U001849,O004783,997.2,2026-05-06,566475
U001849,O004784,49.0,2026-06-08,566475
U001849,O004785,909.71,2026-07-09,566475
U001849,O004786,458.58,2026-07-20,566475
U001849,O004787,858.5,2026-07-26,566475
U001850,O004788,634.72,2026-06-24,222940
U001850,O004789,582.15,2026-06-28,222940
U001850,O004790,203.81,2026-07-18,222940
U001852,O004791,49.0,2026-04-14,450402
U001852,O004792,643.6,2026-06-16,450402
U001852,O004793,1154.8,2026-07-06,450402
U001852,O004794,50.0,2026-08-06,450402
U001853,O004795,49.0,2025-10-08,273872
U001853,O004796,833.65,2025-12-02,273872
U001853,O004797,380.34,2025-12-05,273872
U001854,O004798,461.03,2025-10-18,801211
U001854,O004799,754.37,2025-11-13,801211
U001855,O004800,807.36,2026-02-14,833436
U001855,O004801,567.8,2026-03-01,833436
U001855,O004802,358.8,2026-03-04,833436
U001856,O004803,728.08,2026-07-11,157012
U001856,O004804,840.22,2026-07-28,157012
U001857,O004805,772.22,2026-02-11,824816
U001857,O004806,1394.2,2026-03-13,824816
U001860,O004807,500.91,2026-04-18,648301
U001861,O004808,1017.39,2026-01-30,476104
U001861,O004809,534.96,2026-03-09,476104
U001861,O004810,391.31,2026-05-02,476104
U001862,O004811,473.91,2026-03-13,729603
U001863,O004812,176.41,2025-12-24,692994
U001863,O004813,939.16,2026-02-07,692994
U001863,O004814,217.96,2026-05-26,692994
U001864,O004815,588.73,2026-01-01,292764
U001864,O004816,753.43,2026-01-19,292764
U001865,O004817,463.99,2026-07-09,143997
U001867,O004818,794.62,2026-04-26,532346
U001868,O004819,850.87,2025-12-05,271764
U001869,O004820,813.1,2025-12-18,217080
U001869,O004821,1130.57,2025-12-27,217080
U001870,O004822,694.1,2025-11-04,700361
U001870,O004823,241.07,2025-11-17,700361
U001870,O004824,858.11,2025-12-10,700361
U001871,O004825,867.33,2026-06-20,528965
U001871,O004826,477.2,2026-07-13,528965
U001872,O004827,605.2,2025-10-20,357262
U001872,O004828,866.83,2025-10-22,357262
U001872,O004829,706.58,2025-10-26,357262
U001873,O004830,967.44,2026-03-16,810438
U001873,O004831,556.23,2026-04-29,810438
U001873,O004832,337.17,2026-05-21,810438
U001874,O004833,710.97,2026-03-15,367875
U001874,O004834,124.41,2026-03-31,367875
U001874,O004835,1190.55,2026-04-11,367875
U001874,O004836,423.87,2026-05-25,367875
U001875,O004837,666.46,2026-03-19,146231
U001876,O004838,480.69,2026-07-12,744657
U001876,O004839,704.89,2026-08-21,744657
U001878,O004840,1165.29,2026-08-23,839916
U001879,O004841,752.35,2025-12-25,568891
U001879,O004842,805.97,2026-01-21,568891
U001879,O004843,344.11,2026-06-12,568891
U001880,O004844,126.21,2026-07-23,817271
U001882,O004845,595.33,2025-12-31,191008
U001882,O004846,787.58,2026-01-03,191008
U001882,O004847,922.47,2026-03-01,191008
U001882,O004848,750.18,2026-03-07,191008
U001882,O004849,536.03,2026-04-29,191008
U001882,O004850,763.88,2026-06-06,191008
U001883,O004851,399.14,2026-01-01,411174
U001884,O004852,751.04,2026-05-30,580991
U001884,O004853,975.25,2026-06-15,580991
U001884,O004854,299.9,2026-06-18,580991
U001885,O004855,1012.07,2026-06-11,831331
U001885,O004856,670.24,2026-06-15,831331
U001887,O004857,779.0,2025-12-14,594175
U001888,O004858,656.63,2026-02-10,849325
U001889,O004859,278.29,2026-05-10,450846
U001889,O004860,646.47,2026-06-15,450846
U001889,O004861,703.49,2026-07-24,450846
U001889,O004862,66.42,2026-08-15,450846
U001890,O004863,207.14,2026-02-19,774882
U001891,O004864,1161.94,2026-07-24,372780
U001891,O004865,487.65,2026-07-25,372780
U001891,O004866,853.1,2026-08-06,372780
U001892,O004867,982.65,2026-03-30,657229
U001892,O004868,413.19,2026-06-13,657229
U001892,O004869,218.47,2026-07-16,657229
U001893,O004870,466.02,2026-08-09,595646
U001894,O004871,548.33,2026-06-10,476425
U001894,O004872,875.47,2026-07-06,476425
U001897,O004873,885.02,2026-05-19,414953
U001897,O004874,447.33,2026-07-04,414953
U001897,O004875,862.25,2026-07-12,414953
U001899,O004876,521.65,2026-02-07,828824
U001900,O004877,1250.88,2026-02-19,537957
U001900,O004878,1191.28,2026-02-26,537957
U001900,O004879,291.07,2026-04-13,537957
U001900,O004880,382.18,2026-05-19,537957
U001901,O004881,780.9,2026-06-12,221991
U001902,O004882,1024.58,2026-05-12,606773
U001902,O004883,606.4,2026-06-15,606773
U001902,O004884,870.99,2026-06-18,606773
U001903,O004885,1048.62,2025-11-16,711333
U001903,O004886,392.85,2026-06-11,711333
U001903,O004887,797.54,2026-06-20,711333
U001904,O004888,296.39,2026-08-16,836367
U001904,O004889,755.61,2026-08-20,836367
U001905,O004890,659.14,2025-12-23,526877
U001905,O004891,1124.22,2026-02-20,526877
U001905,O004892,376.65,2026-04-04,526877
U001906,O004893,375.26,2025-12-24,384247
U001906,O004894,1050.53,2026-02-18,384247
U001907,O004895,931.58,2026-08-17,448140
U001907,O004896,49.0,2026-08-20,448140
U001908,O004897,841.27,2026-07-10,525012
U001908,O004898,159.42,2026-07-14,525012
U001910,O004899,1056.81,2025-12-17,233767
U001910,O004900,517.17,2026-02-20,233767
U001911,O004901,944.1,2026-07-03,332219
U001911,O004902,335.55,2026-07-31,332219
U001911,O004903,859.77,2026-08-16,332219
U001915,O004904,1016.72,2025-11-09,459607
U001916,O004905,668.65,2025-11-02,702952
U001916,O004906,1312.41,2025-11-22,702952
U001917,O004907,687.62,2025-10-29,197048
U001917,O004908,928.07,2025-11-22,197048
U001917,O004909,623.62,2026-02-02,197048
U001917,O004910,1082.59,2026-03-27,197048
U001918,O004911,401.75,2026-05-22,537074
U001918,O004912,54.87,2026-06-26,537074
U001919,O004913,493.94,2025-11-06,197879
U001919,O004914,528.55,2025-11-19,197879
U001919,O004915,1240.98,2025-12-08,197879
U001919,O004916,656.42,2026-02-05,197879
U001920,O004917,1005.22,2026-04-01,109475
U001920,O004918,750.15,2026-04-06,109475
U001920,O004919,802.95,2026-05-20,109475
U001921,O004920,931.52,2026-01-22,279485
U001921,O004921,1016.14,2026-03-06,279485
U001922,O004922,328.77,2026-01-18,876710
U001923,O004923,939.83,2026-07-27,299650
U001924,O004924,807.54,2026-05-28,550862
U001924,O004925,1057.92,2026-06-18,550862
U001925,O004926,547.64,2026-01-12,485174
U001925,O004927,1341.23,2026-03-07,485174
U001925,O004928,757.85,2026-05-01,485174
U001925,O004929,774.61,2026-05-22,485174
U001925,O004930,638.63,2026-06-06,485174
U001926,O004931,1034.45,2026-06-26,755004
U001928,O004932,955.05,2026-04-26,780988
U001928,O004933,838.2,2026-05-03,780988
U001928,O004934,417.91,2026-06-11,780988
U001928,O004935,717.08,2026-06-16,780988
U001928,O004936,441.65,2026-06-20,780988
U001928,O004937,780.47,2026-07-10,780988
U001929,O004938,1013.49,2026-01-20,658671
U001929,O004939,340.21,2026-01-23,658671
U001931,O004940,611.71,2026-07-19,346491
U001932,O004941,594.73,2025-11-23,466795
U001932,O004942,49.0,2025-12-08,466795
U001932,O004943,662.35,2026-01-11,466795
U001932,O004944,804.1,2026-06-20,466795
U001933,O004945,451.55,2026-04-20,318863
U001933,O004946,742.84,2026-05-27,318863
U001933,O004947,986.42,2026-07-13,318863
U001933,O004948,115.0,2026-08-25,318863
U001934,O004949,854.34,2026-04-28,539557
U001934,O004950,1065.03,2026-05-17,539557
U001934,O004951,791.96,2026-06-27,539557
U001935,O004952,783.85,2025-11-21,516751
U001935,O004953,1001.28,2026-02-26,516751
U001935,O004954,645.86,2026-03-08,516751
U001936,O004955,415.3,2026-07-30,752338
U001937,O004956,618.16,2026-06-30,290567
U001938,O004957,507.14,2026-04-11,467234
U001938,O004958,1040.34,2026-04-30,467234
U001938,O004959,491.07,2026-05-06,467234
U001939,O004960,532.96,2026-07-18,842027
U001939,O004961,634.66,2026-08-01,842027
U001940,O004962,1037.13,2025-11-21,815883
U001940,O004963,402.44,2026-02-15,815883
U001940,O004964,542.48,2026-02-18,815883
U001941,O004965,81.55,2026-02-02,196880
U001941,O004966,897.11,2026-02-16,196880
U001942,O004967,644.75,2026-02-25,306336
U001942,O004968,645.69,2026-03-19,306336
U001942,O004969,699.78,2026-03-22,306336
U001947,O004970,765.9,2025-11-06,821414
U001947,O004971,947.68,2025-11-12,821414
U001947,O004972,540.39,2025-12-14,821414
U001948,O004973,265.88,2026-07-04,678335
U001948,O004974,992.99,2026-07-14,678335
U001949,O004975,960.92,2025-09-23,476008
U001949,O004976,606.97,2025-09-27,476008
U001949,O004977,640.2,2025-12-05,476008
U001950,O004978,683.43,2026-06-10,868620
U001950,O004979,595.94,2026-06-29,868620
U001951,O004980,520.1,2026-05-15,346435
U001952,O004981,214.44,2026-01-26,205389
U001953,O004982,348.79,2026-02-26,671289
U001953,O004983,490.17,2026-03-20,671289
U001953,O004984,554.81,2026-04-11,671289
U001953,O004985,534.09,2026-04-28,671289
U001954,O004986,708.14,2026-08-17,674786
U001955,O004987,648.08,2025-09-08,840920
U001955,O004988,540.77,2025-09-11,840920
U001955,O004989,269.98,2025-09-16,840920
U001955,O004990,57.8,2025-09-22,840920
U001955,O004991,449.26,2025-10-12,840920
U001956,O004992,1125.83,2026-08-19,112221
U001958,O004993,661.43,2026-04-30,688525
U001959,O004994,718.63,2025-12-26,497245
U001959,O004995,262.11,2026-02-21,497245
U001960,O004996,253.16,2026-08-11,225561
U001961,O004997,1099.61,2025-11-16,406149
U001961,O004998,663.16,2025-11-27,406149
U001961,O004999,894.17,2026-01-05,406149
U001961,O005000,377.68,2026-01-10,406149
U001961,O005001,337.03,2026-01-17,406149
U001963,O005002,768.31,2026-08-20,243454
U001963,O005003,49.0,2026-08-22,243454
U001964,O005004,133.09,2026-07-16,831416
U001964,O005005,743.38,2026-08-20,831416
U001965,O005006,637.69,2026-07-26,138038
U001968,O005007,726.62,2025-12-29,618888
U001968,O005008,256.39,2026-01-20,618888
U001968,O005009,643.54,2026-03-01,618888
U001968,O005010,484.74,2026-03-16,618888
U001969,O005011,341.5,2026-02-28,430604
U001969,O005012,529.74,2026-03-29,430604
U001970,O005013,1039.89,2026-08-18,371687
U001971,O005014,332.34,2026-04-29,281459
U001971,O005015,49.0,2026-07-16,281459
U001971,O005016,617.5,2026-08-10,281459
U001972,O005017,489.54,2026-02-18,647784
U001972,O005018,930.9,2026-03-17,647784
U001972,O005019,508.7,2026-04-30,647784
U001972,O005020,759.33,2026-06-09,647784
U001972,O005021,1150.77,2026-06-21,647784
U001972,O005022,713.71,2026-06-27,647784
U001972,O005023,914.24,2026-08-20,647784
U001973,O005024,412.82,2026-01-05,523252
U001973,O005025,675.7,2026-01-16,523252
U001973,O005026,730.52,2026-01-19,523252
U001973,O005027,967.89,2026-03-31,523252
U001974,O005028,760.26,2026-02-18,810008
U001974,O005029,252.54,2026-03-25,810008
U001975,O005030,786.41,2026-03-30,176458
U001977,O005031,858.44,2026-05-09,266750
U001977,O005032,974.63,2026-07-19,266750
U001979,O005033,690.2,2026-02-02,448061
U001979,O005034,431.0,2026-03-13,448061
U001979,O005035,916.05,2026-03-19,448061
U001980,O005036,582.99,2025-11-08,528943
U001980,O005037,644.15,2025-11-26,528943
U001980,O005038,789.01,2025-12-11,528943
U001980,O005039,703.85,2025-12-15,528943
U001981,O005040,532.17,2026-04-23,206958
U001981,O005041,199.45,2026-07-12,206958
U001982,O005042,1013.72,2026-08-25,610497
U001983,O005043,49.0,2026-04-14,394683
U001984,O005044,532.62,2026-04-29,279632
U001984,O005045,383.32,2026-05-12,279632
U001984,O005046,866.0,2026-05-15,279632
U001985,O005047,527.7,2026-05-16,891059
U001986,O005048,245.47,2026-06-20,344818
U001986,O005049,1114.19,2026-07-04,344818
U001986,O005050,701.31,2026-07-05,344818
U001987,O005051,690.1,2025-12-28,662727
U001988,O005052,903.15,2026-03-27,645111
U001988,O005053,544.6,2026-03-30,645111
U001988,O005054,1145.49,2026-04-21,645111
U001988,O005055,613.92,2026-05-02,645111
U001989,O005056,871.89,2026-01-15,436228
U001989,O005057,621.55,2026-02-06,436228
U001989,O005058,677.94,2026-03-14,436228
U001989,O005059,600.91,2026-03-28,436228
U001990,O005060,498.23,2025-11-11,469847
U001990,O005061,1413.51,2026-03-07,469847
U001990,O005062,1102.47,2026-05-03,469847
U001991,O005063,575.72,2026-05-15,326609
U001992,O005064,681.7,2025-11-15,854278
U001994,O005065,648.31,2025-12-14,668449
U001994,O005066,1057.34,2025-12-16,668449
U001995,O005067,435.95,2026-04-28,562528
U001995,O005068,1009.54,2026-05-05,562528
U001995,O005069,986.32,2026-06-07,562528
U001996,O005070,229.8,2026-02-25,201695
U001996,O005071,504.47,2026-03-06,201695
U001996,O005072,186.61,2026-05-13,201695
U001996,O005073,1512.22,2026-06-18,201695
U001997,O005074,788.84,2026-03-09,178993
U001997,O005075,641.4,2026-03-13,178993
U001997,O005076,1068.11,2026-03-14,178993
U001999,O005077,156.47,2026-05-24,343621
U001999,O005078,532.91,2026-06-10,343621
U002000,O005079,979.23,2025-12-13,820621
U002000,O005080,831.84,2026-01-18,820621
U002001,O005081,207.32,2025-10-06,687373
U002002,O005082,153.56,2026-07-07,737071
U002002,O005083,513.79,2026-08-13,737071
U002003,O005084,1665.36,2026-05-25,198809
U002003,O005085,638.98,2026-06-30,198809
U002003,O005086,269.93,2026-08-07,198809
U002004,O005087,112.06,2025-11-24,380182
U002005,O005088,250.47,2026-01-10,693727
U002005,O005089,163.28,2026-01-14,693727
U002005,O005090,912.65,2026-02-27,693727
U002005,O005091,556.88,2026-05-17,693727
U002006,O005092,1292.81,2026-05-07,305417
U002006,O005093,1081.88,2026-05-25,305417
U002006,O005094,723.38,2026-05-28,305417
U002007,O005095,909.02,2026-05-08,405332
U002007,O005096,1408.1,2026-05-11,405332
U002007,O005097,542.35,2026-05-21,405332
U002007,O005098,616.32,2026-07-05,405332
U002008,O005099,658.87,2026-05-28,619919
U002008,O005100,992.62,2026-08-17,619919
U002009,O005101,491.72,2026-03-30,320677
U002009,O005102,486.3,2026-05-04,320677
U002010,O005103,883.6,2025-10-22,565602
U002010,O005104,228.71,2025-10-25,565602
U002010,O005105,474.88,2025-10-28,565602
U002010,O005106,908.05,2025-11-21,565602
U002010,O005107,452.41,2025-11-22,565602
U002012,O005108,429.97,2026-04-23,795264
U002013,O005109,646.7,2026-02-16,274394
U002013,O005110,390.69,2026-03-24,274394
U002013,O005111,926.5,2026-04-24,274394
U002014,O005112,862.81,2026-03-02,165904
U002015,O005113,768.73,2025-09-24,677970
U002016,O005114,692.09,2026-01-26,634218
U002016,O005115,453.03,2026-04-29,634218
U002017,O005116,497.77,2026-05-22,185366
U002017,O005117,985.96,2026-05-28,185366
U002017,O005118,756.87,2026-06-01,185366
U002017,O005119,666.85,2026-07-24,185366
U002019,O005120,883.64,2026-04-02,343532
U002019,O005121,222.19,2026-05-09,343532
U002019,O005122,713.0,2026-05-21,343532
U002020,O005123,1047.15,2026-04-07,347027
U002020,O005124,450.47,2026-04-25,347027
U002020,O005125,869.54,2026-07-24,347027
U002021,O005126,580.97,2026-03-23,722671
U002021,O005127,1279.26,2026-05-03,722671
U002022,O005128,310.82,2026-05-27,859846
U002023,O005129,263.14,2026-04-18,749862
U002023,O005130,757.6,2026-04-30,749862
U002024,O005131,1254.11,2026-01-14,477277
U002024,O005132,207.13,2026-01-30,477277
U002025,O005133,783.46,2026-03-20,294276
U002026,O005134,441.02,2026-07-10,674102
U002027,O005135,1219.36,2026-03-11,358883
U002027,O005136,618.34,2026-03-28,358883
U002028,O005137,290.69,2026-05-27,189129
U002029,O005138,824.34,2025-10-13,676226
U002029,O005139,687.89,2025-10-21,676226
U002029,O005140,610.01,2026-01-01,676226
U002029,O005141,556.81,2026-01-12,676226
U002029,O005142,793.2,2026-02-11,676226
U002030,O005143,959.39,2026-02-14,625202
U002030,O005144,937.22,2026-02-17,625202
U002030,O005145,282.68,2026-03-01,625202
U002030,O005146,495.72,2026-03-03,625202
U002031,O005147,919.95,2026-08-16,853805
U002032,O005148,817.94,2026-01-05,284605
U002032,O005149,692.79,2026-02-09,284605
U002034,O005150,838.46,2025-11-29,156777
U002035,O005151,727.52,2026-06-23,828075
U002036,O005152,297.28,2026-02-27,492751
U002037,O005153,637.54,2026-05-22,451425
U002037,O005154,803.45,2026-06-21,451425
U002037,O005155,971.2,2026-07-09,451425
U002037,O005156,668.97,2026-07-17,451425
U002038,O005157,420.34,2026-07-24,332174
U002039,O005158,515.83,2025-12-08,578721
U002039,O005159,1015.6,2026-02-01,578721
U002039,O005160,495.74,2026-02-16,578721
U002039,O005161,950.0,2026-03-06,578721
U002040,O005162,137.83,2026-07-08,578431
U002040,O005163,989.69,2026-07-28,578431
U002040,O005164,1012.23,2026-08-10,578431
U002042,O005165,543.04,2026-03-06,631438
U002042,O005166,846.41,2026-04-30,631438
U002042,O005167,819.56,2026-05-23,631438
U002043,O005168,394.56,2025-12-30,467387
U002043,O005169,1072.85,2026-01-08,467387
U002043,O005170,500.81,2026-02-01,467387
U002044,O005171,931.72,2026-05-03,200054
U002044,O005172,574.79,2026-05-19,200054
U002045,O005173,767.1,2026-07-11,773023
U002045,O005174,995.76,2026-08-25,773023
U002046,O005175,486.94,2026-04-04,379969
U002046,O005176,377.46,2026-04-28,379969
U002046,O005177,255.03,2026-05-09,379969
U002048,O005178,69.09,2025-12-25,670492
U002049,O005179,127.0,2026-06-02,807929
U002049,O005180,670.94,2026-07-02,807929
U002050,O005181,636.59,2026-01-19,843016
U002050,O005182,1159.73,2026-04-06,843016
U002050,O005183,838.71,2026-04-23,843016
U002050,O005184,868.13,2026-05-01,843016
U002051,O005185,1102.27,2026-01-03,217868
U002051,O005186,597.0,2026-01-04,217868
U002051,O005187,889.08,2026-01-24,217868
U002051,O005188,1110.09,2026-03-22,217868
U002051,O005189,1109.01,2026-04-03,217868
U002052,O005190,334.24,2025-10-26,815476
U002052,O005191,49.0,2025-11-18,815476
U002052,O005192,482.1,2025-11-23,815476
U002052,O005193,595.96,2026-03-21,815476
U002052,O005194,797.81,2026-03-26,815476
U002053,O005195,558.78,2026-03-19,258657
U002054,O005196,447.18,2026-01-31,693242
U002054,O005197,863.8,2026-05-20,693242
U002054,O005198,695.55,2026-05-24,693242
U002054,O005199,444.18,2026-07-02,693242
U002055,O005200,1156.65,2025-11-02,452478
U002055,O005201,474.37,2025-12-04,452478
U002057,O005202,593.31,2026-07-27,110027
U002058,O005203,698.21,2026-06-27,237817
U002058,O005204,1198.59,2026-07-05,237817
U002058,O005205,394.52,2026-07-08,237817
U002061,O005206,1073.63,2026-08-21,424484
U002062,O005207,509.28,2025-12-09,254807
U002062,O005208,408.98,2025-12-21,254807
U002062,O005209,801.09,2025-12-23,254807
U002063,O005210,572.16,2026-08-13,872331
U002064,O005211,200.35,2025-10-21,348763
U002065,O005212,788.68,2026-07-13,422679
U002065,O005213,964.06,2026-07-28,422679
U002065,O005214,724.19,2026-08-19,422679
U002066,O005215,878.43,2025-12-07,245913
U002066,O005216,917.4,2026-03-25,245913
U002066,O005217,541.78,2026-03-28,245913
U002066,O005218,514.63,2026-04-11,245913
U002066,O005219,605.0,2026-04-15,245913
U002066,O005220,927.23,2026-04-23,245913
U002066,O005221,1100.81,2026-05-25,245913
U002066,O005222,852.34,2026-06-09,245913
U002068,O005223,382.08,2025-10-11,621006
U002068,O005224,927.37,2025-11-03,621006
U002068,O005225,495.59,2025-11-27,621006
U002069,O005226,661.39,2026-07-27,857555
U002070,O005227,693.22,2025-10-27,316083
U002070,O005228,1033.81,2025-11-01,316083
U002071,O005229,530.2,2026-04-19,805712
U002071,O005230,775.12,2026-05-08,805712
U002071,O005231,49.0,2026-05-27,805712
U002071,O005232,401.56,2026-05-29,805712
U002071,O005233,442.53,2026-07-30,805712
U002072,O005234,898.78,2025-09-16,330728
U002072,O005235,696.46,2025-11-11,330728
U002072,O005236,428.26,2025-12-09,330728
U002073,O005237,584.01,2026-01-25,623361
U002073,O005238,891.32,2026-03-04,623361
U002073,O005239,975.26,2026-03-10,623361
U002075,O005240,257.52,2026-08-07,820201
U002076,O005241,696.7,2026-03-24,606182
U002076,O005242,197.72,2026-04-16,606182
U002076,O005243,922.53,2026-07-28,606182
U002077,O005244,1013.59,2026-02-10,215540
U002077,O005245,432.25,2026-03-09,215540
U002078,O005246,510.98,2025-09-18,458441
U002078,O005247,683.59,2026-01-02,458441
U002078,O005248,741.89,2026-03-19,458441
U002078,O005249,49.0,2026-04-08,458441
U002078,O005250,313.88,2026-06-12,458441
U002080,O005251,935.7,2026-04-29,782134
U002080,O005252,577.94,2026-05-01,782134
U002080,O005253,929.3,2026-06-25,782134
U002081,O005254,1036.04,2026-06-11,198257
U002081,O005255,654.3,2026-06-16,198257
U002082,O005256,649.14,2026-06-09,309871
U002082,O005257,539.43,2026-07-09,309871
U002082,O005258,786.21,2026-08-14,309871
U002084,O005259,1165.05,2026-06-12,268819
U002084,O005260,983.13,2026-06-27,268819
U002084,O005261,798.92,2026-08-09,268819
U002085,O005262,809.63,2026-03-19,541399
U002086,O005263,1014.76,2026-04-30,461635
U002086,O005264,606.62,2026-05-14,461635
U002086,O005265,1197.01,2026-06-13,461635
U002088,O005266,1240.8,2025-11-16,731087
U002088,O005267,815.58,2025-12-07,731087
U002088,O005268,635.48,2026-01-13,731087
U002090,O005269,498.37,2026-02-02,166448
U002090,O005270,712.28,2026-02-15,166448
U002090,O005271,1198.38,2026-02-24,166448
U002091,O005272,906.72,2026-07-26,119738
U002091,O005273,507.51,2026-08-04,119738
U002092,O005274,739.63,2025-12-21,564793
U002092,O005275,213.3,2026-01-10,564793
U002092,O005276,815.54,2026-02-06,564793
U002092,O005277,668.34,2026-03-03,564793
U002092,O005278,458.51,2026-04-29,564793
U002093,O005279,92.61,2026-08-05,429186
U002093,O005280,633.13,2026-08-10,429186
U002093,O005281,621.91,2026-08-12,429186
U002094,O005282,620.03,2026-07-11,520549
U002094,O005283,975.51,2026-08-14,520549
U002095,O005284,639.74,2026-01-25,153214
U002095,O005285,441.53,2026-02-26,153214
U002095,O005286,614.31,2026-04-02,153214
U002096,O005287,456.38,2026-05-26,647344
U002096,O005288,575.19,2026-06-27,647344
U002097,O005289,311.0,2025-12-11,118392
U002097,O005290,639.57,2026-03-11,118392
U002099,O005291,564.92,2026-05-03,520709
U002099,O005292,698.6,2026-05-29,520709
U002099,O005293,565.59,2026-06-03,520709
U002099,O005294,506.74,2026-07-03,520709
U002099,O005295,61.47,2026-07-11,520709
U002100,O005296,144.03,2026-04-09,730266
U002101,O005297,419.5,2026-03-31,556820
U002101,O005298,893.27,2026-06-02,556820
U002101,O005299,931.4,2026-06-05,556820
U002102,O005300,1151.72,2026-04-12,622078
U002105,O005301,851.46,2026-06-05,440927
U002105,O005302,539.86,2026-06-21,440927
U002105,O005303,986.89,2026-06-23,440927
U002106,O005304,773.15,2025-11-17,883748
U002107,O005305,652.85,2026-07-07,283018
U002108,O005306,252.09,2026-08-01,213256
U002108,O005307,779.16,2026-08-09,213256
U002109,O005308,321.01,2026-02-02,117788
U002109,O005309,283.22,2026-02-10,117788
U002109,O005310,375.48,2026-04-01,117788
U002111,O005311,287.15,2025-10-18,629600
U002111,O005312,384.09,2025-12-01,629600
U002111,O005313,536.99,2025-12-13,629600
U002111,O005314,799.21,2025-12-27,629600
U002111,O005315,659.82,2026-03-09,629600
U002111,O005316,591.24,2026-03-31,629600
U002111,O005317,899.11,2026-04-09,629600
U002111,O005318,654.2,2026-04-18,629600
U002113,O005319,1286.39,2026-03-07,123893
U002113,O005320,454.97,2026-03-16,123893
U002113,O005321,514.42,2026-04-26,123893
U002114,O005322,681.84,2025-12-11,746892
U002114,O005323,410.98,2026-01-12,746892
U002114,O005324,880.06,2026-01-20,746892
U002114,O005325,1035.71,2026-04-08,746892
U002115,O005326,861.69,2026-07-04,612202
U002116,O005327,404.1,2025-11-17,566631
U002116,O005328,923.78,2025-11-30,566631
U002116,O005329,919.59,2025-12-01,566631
U002116,O005330,685.35,2025-12-16,566631
U002116,O005331,338.01,2026-02-02,566631
U002117,O005332,747.67,2026-03-26,672306
U002117,O005333,140.37,2026-05-15,672306
U002117,O005334,617.38,2026-05-27,672306
U002117,O005335,237.67,2026-05-30,672306
U002118,O005336,756.45,2026-04-27,270532
U002119,O005337,827.11,2025-09-10,355336
U002120,O005338,494.18,2026-01-28,825048
U002120,O005339,1139.57,2026-01-29,825048
U002120,O005340,738.89,2026-02-01,825048
U002120,O005341,678.42,2026-02-26,825048
U002121,O005342,699.48,2026-05-30,657552
U002122,O005343,833.15,2026-07-05,679215
U002122,O005344,695.59,2026-07-18,679215
U002122,O005345,598.39,2026-07-19,679215
U002123,O005346,592.37,2026-01-22,572432
U002123,O005347,605.41,2026-02-18,572432
U002126,O005348,1237.44,2026-04-06,847382
U002126,O005349,796.94,2026-05-02,847382
U002126,O005350,172.4,2026-05-16,847382
U002127,O005351,785.6,2026-05-17,365279
U002128,O005352,705.76,2026-03-01,445783
U002128,O005353,840.85,2026-03-08,445783
U002128,O005354,1084.1,2026-04-03,445783
U002128,O005355,1031.58,2026-04-30,445783
U002129,O005356,638.49,2026-01-03,718067
U002129,O005357,1025.62,2026-02-24,718067
U002129,O005358,1127.6,2026-03-08,718067
U002129,O005359,405.82,2026-05-22,718067
U002129,O005360,751.3,2026-05-26,718067
U002130,O005361,774.97,2026-08-24,379451
U002131,O005362,659.41,2026-01-09,753171
U002131,O005363,669.06,2026-01-13,753171
U002132,O005364,699.19,2025-12-11,259985
U002133,O005365,773.14,2026-01-05,898558
U002133,O005366,1106.81,2026-01-08,898558
U002133,O005367,594.06,2026-01-11,898558
U002134,O005368,292.67,2026-07-28,501829
U002135,O005369,438.15,2026-03-26,269612
U002135,O005370,562.44,2026-04-18,269612
U002137,O005371,875.92,2026-01-21,168341
U002137,O005372,632.47,2026-01-29,168341
U002137,O005373,97.53,2026-02-17,168341
U002137,O005374,54.76,2026-03-12,168341
U002138,O005375,808.2,2025-11-06,289630
U002139,O005376,414.32,2026-05-05,153736
U002139,O005377,180.53,2026-05-30,153736
U002139,O005378,371.37,2026-06-10,153736
U002142,O005379,608.55,2026-06-02,633299
U002142,O005380,777.48,2026-08-17,633299
U002143,O005381,1153.0,2026-01-22,870727
U002143,O005382,1173.4,2026-02-28,870727
U002143,O005383,192.61,2026-03-18,870727
U002143,O005384,397.41,2026-04-07,870727
U002144,O005385,516.75,2026-01-31,397299
U002145,O005386,486.28,2026-02-10,570122
U002146,O005387,595.07,2026-02-18,832435
U002146,O005388,95.18,2026-04-13,832435
U002146,O005389,554.99,2026-05-29,832435
U002146,O005390,1189.52,2026-07-26,832435
U002146,O005391,394.17,2026-07-29,832435
U002147,O005392,754.25,2026-05-09,182277
U002148,O005393,1379.61,2026-06-24,643011
U002149,O005394,711.2,2025-10-24,214492
U002149,O005395,853.14,2025-10-29,214492
U002150,O005396,211.07,2026-02-25,823848
U002150,O005397,723.09,2026-04-26,823848
U002150,O005398,959.31,2026-05-15,823848
U002151,O005399,1045.58,2026-05-03,656038
U002151,O005400,738.86,2026-05-21,656038
U002151,O005401,698.08,2026-07-03,656038
U002153,O005402,676.01,2026-01-31,654943
U002153,O005403,872.9,2026-03-02,654943
U002154,O005404,196.4,2026-06-04,216087
U002154,O005405,525.85,2026-07-05,216087
U002154,O005406,635.17,2026-08-24,216087
U002155,O005407,802.3,2026-05-24,169032
U002155,O005408,549.78,2026-05-30,169032
U002155,O005409,260.38,2026-06-26,169032
U002155,O005410,785.51,2026-07-25,169032
U002156,O005411,582.98,2025-11-22,321447
U002157,O005412,498.31,2025-11-07,354006
U002157,O005413,674.05,2025-11-22,354006
U002157,O005414,563.59,2025-12-18,354006
U002157,O005415,1064.92,2026-03-26,354006
U002157,O005416,496.44,2026-04-05,354006
U002158,O005417,1113.83,2026-04-13,797881
U002158,O005418,706.46,2026-05-18,797881
U002158,O005419,1200.5,2026-05-25,797881
U002158,O005420,1129.81,2026-06-09,797881
U002159,O005421,831.36,2025-12-11,111966
U002159,O005422,327.29,2025-12-29,111966
U002159,O005423,1350.58,2026-01-13,111966
U002160,O005424,553.94,2026-08-19,170680
U002160,O005425,764.82,2026-08-20,170680
U002161,O005426,908.62,2026-06-15,113931
U002161,O005427,616.54,2026-07-06,113931
U002161,O005428,1060.73,2026-07-29,113931
U002162,O005429,531.75,2026-01-14,680458
U002163,O005430,341.6,2026-08-11,352707
U002164,O005431,793.74,2026-03-02,695251
U002164,O005432,610.27,2026-04-17,695251
U002164,O005433,675.44,2026-04-26,695251
U002164,O005434,49.0,2026-08-03,695251
U002165,O005435,655.01,2025-12-17,310411
U002165,O005436,253.98,2026-04-04,310411
U002165,O005437,364.24,2026-05-02,310411
U002166,O005438,359.17,2026-04-08,136565
U002166,O005439,568.91,2026-04-29,136565
U002166,O005440,508.84,2026-05-22,136565
U002168,O005441,226.19,2025-11-28,574293
U002168,O005442,557.2,2026-01-09,574293
U002168,O005443,920.49,2026-01-25,574293
U002169,O005444,390.0,2026-06-26,626996
U002170,O005445,422.16,2026-06-15,497747
U002172,O005446,904.86,2026-04-21,263901
U002172,O005447,389.98,2026-04-23,263901
U002172,O005448,1015.83,2026-05-24,263901
U002172,O005449,447.09,2026-07-24,263901
U002173,O005450,764.64,2026-08-14,741478
U002174,O005451,352.79,2026-01-08,483827
U002174,O005452,1111.65,2026-03-02,483827
U002174,O005453,923.38,2026-03-06,483827
U002175,O005454,1309.76,2026-05-28,333071
U002175,O005455,909.01,2026-08-18,333071
U002176,O005456,1044.63,2026-06-07,452634
U002176,O005457,628.65,2026-08-02,452634
U002177,O005458,324.66,2026-01-03,455561
U002180,O005459,648.4,2026-07-01,705094
U002180,O005460,767.87,2026-07-09,705094
U002181,O005461,642.75,2026-04-02,131061
U002182,O005462,1268.25,2026-04-25,405499
U002182,O005463,491.29,2026-05-05,405499
U002182,O005464,594.28,2026-05-07,405499
U002182,O005465,316.17,2026-05-18,405499
U002183,O005466,920.42,2025-10-10,742643
U002184,O005467,120.88,2025-12-07,371860
U002184,O005468,620.57,2026-02-08,371860
U002184,O005469,930.0,2026-02-26,371860
U002184,O005470,816.42,2026-03-05,371860
U002186,O005471,330.0,2025-09-23,780156
U002187,O005472,419.12,2026-07-16,381435
U002187,O005473,342.16,2026-07-25,381435
U002189,O005474,435.4,2026-07-05,704635
U002189,O005475,725.67,2026-07-07,704635
U002189,O005476,1114.68,2026-07-10,704635
U002191,O005477,1095.85,2026-02-24,687911
U002191,O005478,813.14,2026-03-05,687911
U002192,O005479,380.11,2025-11-06,762499
U002192,O005480,1019.15,2026-02-16,762499
U002192,O005481,248.5,2026-03-14,762499
U002192,O005482,734.98,2026-04-27,762499
U002192,O005483,951.99,2026-06-18,762499
U002192,O005484,536.97,2026-06-30,762499
U002193,O005485,207.51,2025-12-13,134995
U002193,O005486,1156.49,2026-01-24,134995
U002193,O005487,468.21,2026-03-27,134995
U002193,O005488,612.16,2026-07-17,134995
U002193,O005489,748.0,2026-08-04,134995
U002193,O005490,797.88,2026-08-08,134995
U002193,O005491,552.37,2026-08-22,134995
U002194,O005492,627.06,2026-01-18,288941
U002195,O005493,1028.22,2026-02-27,858939
U002195,O005494,1087.23,2026-03-28,858939
U002195,O005495,855.89,2026-04-10,858939
U002199,O005496,1025.92,2025-10-23,797953
U002199,O005497,338.77,2025-11-12,797953
U002199,O005498,1076.78,2025-12-05,797953
U002199,O005499,796.07,2025-12-09,797953
U002201,O005500,867.78,2026-04-02,755693
U002201,O005501,1097.78,2026-04-29,755693
U002202,O005502,171.75,2026-01-17,433866
U002202,O005503,659.08,2026-03-22,433866
U002203,O005504,1323.22,2026-06-06,695773
U002204,O005505,671.92,2026-01-20,502406
U002204,O005506,1288.19,2026-01-25,502406
U002204,O005507,96.37,2026-02-02,502406
U002205,O005508,436.36,2025-11-07,354297
U002205,O005509,545.23,2025-11-26,354297
U002205,O005510,1159.72,2026-04-01,354297
U002205,O005511,680.79,2026-05-06,354297
U002206,O005512,800.6,2026-08-09,445855
U002206,O005513,137.94,2026-08-26,445855
U002207,O005514,618.81,2026-08-12,467618
U002207,O005515,925.25,2026-08-20,467618
U002207,O005516,1126.9,2026-08-26,467618
U002209,O005517,600.95,2026-01-22,477495
U002209,O005518,728.47,2026-01-31,477495
U002209,O005519,203.12,2026-04-13,477495
U002210,O005520,1032.33,2026-01-15,315368
U002211,O005521,1338.1,2026-01-11,618206
U002212,O005522,751.58,2026-03-01,336759
U002212,O005523,708.1,2026-05-06,336759
U002212,O005524,666.72,2026-07-01,336759
U002212,O005525,849.43,2026-07-02,336759
U002212,O005526,49.0,2026-07-04,336759
U002212,O005527,1113.3,2026-07-23,336759
U002212,O005528,581.97,2026-08-08,336759
U002213,O005529,851.78,2026-06-19,242679
U002213,O005530,530.06,2026-06-30,242679
U002213,O005531,434.41,2026-07-10,242679
U002213,O005532,680.62,2026-08-10,242679
U002214,O005533,724.91,2026-05-25,350136
U002214,O005534,448.97,2026-05-26,350136
U002214,O005535,923.61,2026-05-27,350136
U002214,O005536,1243.98,2026-07-16,350136
U002215,O005537,705.85,2026-03-14,183824
U002215,O005538,1278.85,2026-04-03,183824
U002215,O005539,506.39,2026-04-23,183824
U002217,O005540,440.89,2025-12-25,810697
U002218,O005541,735.45,2026-02-16,677614
U002218,O005542,166.33,2026-03-27,677614
U002219,O005543,1017.99,2026-03-17,227412
U002220,O005544,976.06,2026-01-01,198642
U002220,O005545,933.3,2026-06-02,198642
U002220,O005546,696.98,2026-07-09,198642
U002222,O005547,1242.5,2026-03-09,271841
U002222,O005548,602.75,2026-04-26,271841
U002222,O005549,433.19,2026-05-09,271841
U002223,O005550,448.55,2025-10-24,209785
U002223,O005551,97.55,2025-10-31,209785
U002223,O005552,639.75,2025-11-21,209785
U002223,O005553,1284.73,2025-12-25,209785
U002223,O005554,921.99,2025-12-28,209785
U002223,O005555,734.09,2026-01-03,209785
U002223,O005556,580.44,2026-02-20,209785
U002224,O005557,362.0,2025-10-05,500492
U002224,O005558,327.97,2025-10-08,500492
U002226,O005559,297.92,2026-07-15,229788
U002226,O005560,689.46,2026-07-19,229788
U002226,O005561,597.39,2026-07-29,229788
U002226,O005562,1013.1,2026-08-01,229788
U002226,O005563,537.88,2026-08-06,229788
U002227,O005564,689.75,2025-10-23,296838
U002227,O005565,106.76,2025-12-03,296838
U002227,O005566,778.62,2025-12-07,296838
U002227,O005567,588.71,2025-12-24,296838
U002228,O005568,469.87,2025-11-15,219686
U002228,O005569,761.83,2025-11-26,219686
U002229,O005570,429.96,2026-08-24,734026
U002230,O005571,383.01,2026-02-18,535926
U002230,O005572,49.0,2026-03-11,535926
U002230,O005573,743.24,2026-05-31,535926
U002230,O005574,796.79,2026-07-11,535926
U002231,O005575,206.16,2025-12-07,588849
U002232,O005576,578.98,2025-10-28,860966
U002232,O005577,441.89,2025-11-14,860966
U002232,O005578,1175.69,2026-01-08,860966
U002232,O005579,680.47,2026-01-09,860966
U002232,O005580,594.62,2026-01-29,860966
U002232,O005581,730.62,2026-01-31,860966
U002233,O005582,793.55,2026-05-25,325655
U002235,O005583,811.69,2026-02-03,587249
U002235,O005584,439.48,2026-02-05,587249
U002236,O005585,572.82,2026-08-18,303178
U002237,O005586,219.46,2025-10-16,460794
U002237,O005587,765.06,2025-11-01,460794
U002237,O005588,1049.04,2026-02-21,460794
U002238,O005589,802.99,2026-02-05,706800
U002238,O005590,424.69,2026-03-07,706800
U002238,O005591,918.64,2026-04-18,706800
U002238,O005592,495.67,2026-06-03,706800
U002238,O005593,923.15,2026-07-08,706800
U002238,O005594,571.74,2026-07-20,706800
U002239,O005595,1155.25,2026-04-21,286846
U002240,O005596,873.28,2026-07-21,838895
U002241,O005597,638.22,2026-03-31,347724
U002241,O005598,588.54,2026-04-15,347724
U002243,O005599,1321.99,2025-10-26,313646
U002243,O005600,684.98,2025-11-28,313646
U002243,O005601,49.0,2026-03-12,313646
U002243,O005602,918.69,2026-04-14,313646
U002244,O005603,638.98,2025-10-10,498793
U002245,O005604,1063.67,2026-03-24,451657
U002245,O005605,738.14,2026-03-29,451657
U002245,O005606,827.89,2026-04-01,451657
U002246,O005607,424.33,2026-04-16,671168
U002246,O005608,350.36,2026-06-26,671168
U002247,O005609,714.06,2026-02-03,763463
U002247,O005610,570.03,2026-02-14,763463
U002248,O005611,502.44,2025-12-20,618080
U002250,O005612,894.3,2025-10-26,126304
U002250,O005613,1549.16,2025-10-29,126304
U002250,O005614,701.73,2025-11-24,126304
U002250,O005615,723.97,2026-01-11,126304
U002250,O005616,273.68,2026-01-17,126304
U002250,O005617,450.34,2026-01-29,126304
U002251,O005618,195.53,2025-10-28,168583
U002251,O005619,765.37,2025-10-29,168583
U002251,O005620,571.73,2025-10-31,168583
U002252,O005621,668.33,2025-12-12,457311
U002252,O005622,891.77,2026-01-09,457311
U002253,O005623,676.96,2026-08-20,775202
U002254,O005624,267.24,2026-03-21,493090
U002254,O005625,639.96,2026-04-09,493090
U002254,O005626,1046.82,2026-05-02,493090
U002255,O005627,689.33,2026-08-15,247249
U002257,O005628,1178.19,2026-01-28,869686
U002257,O005629,397.87,2026-02-02,869686
U002257,O005630,706.13,2026-02-15,869686
U002258,O005631,488.5,2025-12-15,832644
U002258,O005632,381.06,2026-03-14,832644
U002258,O005633,1008.88,2026-04-20,832644
U002258,O005634,887.97,2026-06-11,832644
U002259,O005635,426.31,2026-02-03,724274
U002259,O005636,935.38,2026-02-26,724274
U002259,O005637,551.66,2026-03-11,724274
U002260,O005638,1050.33,2025-12-31,815342
U002260,O005639,692.96,2026-01-20,815342
U002260,O005640,692.75,2026-03-08,815342
U002260,O005641,729.17,2026-04-23,815342
U002260,O005642,822.8,2026-04-26,815342
U002260,O005643,1193.26,2026-05-11,815342
U002261,O005644,1404.99,2025-11-16,199167
U002261,O005645,444.71,2025-12-04,199167
U002261,O005646,418.6,2025-12-17,199167
U002262,O005647,421.41,2026-02-13,689820
U002262,O005648,514.16,2026-02-28,689820
U002262,O005649,493.44,2026-04-02,689820
U002262,O005650,497.62,2026-04-24,689820
U002262,O005651,228.03,2026-05-09,689820
U002263,O005652,803.2,2026-02-28,469156
U002263,O005653,167.21,2026-06-26,469156
U002263,O005654,472.98,2026-07-15,469156
U002263,O005655,206.04,2026-08-16,469156
U002264,O005656,769.45,2026-08-04,479663
U002265,O005657,49.0,2026-01-05,293116
U002265,O005658,621.3,2026-02-05,293116
U002265,O005659,354.49,2026-04-21,293116
U002265,O005660,49.0,2026-04-29,293116
U002265,O005661,49.0,2026-06-19,293116
U002266,O005662,1001.35,2025-11-25,131387
U002267,O005663,961.57,2026-01-09,791500
U002267,O005664,636.59,2026-01-28,791500
U002268,O005665,533.38,2026-04-21,400610
U002268,O005666,1035.65,2026-05-18,400610
U002268,O005667,666.4,2026-05-27,400610
U002269,O005668,620.74,2025-10-08,552324
U002269,O005669,1301.27,2025-11-24,552324
U002269,O005670,651.97,2025-12-30,552324
U002270,O005671,743.25,2026-04-12,198262
U002270,O005672,442.32,2026-04-15,198262
U002270,O005673,638.32,2026-05-24,198262
U002271,O005674,749.23,2026-07-15,733556
U002271,O005675,605.23,2026-07-26,733556
U002272,O005676,447.29,2025-12-27,612696
U002272,O005677,858.23,2026-01-08,612696
U002272,O005678,324.08,2026-01-12,612696
U002273,O005679,797.47,2025-09-28,765134
U002273,O005680,916.33,2025-10-12,765134
U002274,O005681,588.12,2025-09-21,555018
U002274,O005682,995.33,2025-09-27,555018
U002274,O005683,738.0,2025-10-04,555018
U002275,O005684,537.68,2026-05-24,778084
U002276,O005685,601.33,2026-07-27,648184
U002277,O005686,477.87,2025-11-13,322263
U002277,O005687,1246.26,2025-11-19,322263
U002277,O005688,574.06,2025-12-13,322263
U002278,O005689,288.93,2026-03-07,602439
U002278,O005690,890.99,2026-03-22,602439
U002278,O005691,156.13,2026-04-05,602439
U002279,O005692,432.86,2026-03-03,863865
U002279,O005693,827.81,2026-05-30,863865
U002280,O005694,634.51,2026-01-21,662685
U002280,O005695,615.86,2026-02-17,662685
U002280,O005696,933.34,2026-03-02,662685
U002280,O005697,813.14,2026-03-19,662685
U002281,O005698,906.59,2026-02-20,223526
U002281,O005699,1050.12,2026-02-27,223526
U002282,O005700,946.99,2026-06-03,312608
U002282,O005701,1107.59,2026-07-03,312608
U002282,O005702,940.26,2026-08-07,312608
U002283,O005703,559.2,2025-12-29,340260
U002284,O005704,1138.14,2026-06-26,604720
U002285,O005705,982.19,2026-05-31,824565
U002285,O005706,673.97,2026-06-12,824565
U002286,O005707,313.28,2026-06-16,353749
U002286,O005708,1295.35,2026-06-23,353749
U002287,O005709,1191.88,2025-12-14,892755
U002288,O005710,574.88,2026-08-08,640404
U002288,O005711,500.5,2026-08-10,640404
U002289,O005712,744.83,2026-03-14,460229
U002289,O005713,1119.37,2026-04-30,460229
U002289,O005714,611.96,2026-06-05,460229
U002290,O005715,1092.05,2026-07-04,812948
U002290,O005716,639.71,2026-07-12,812948
U002291,O005717,970.91,2026-06-21,744114
U002291,O005718,483.38,2026-07-01,744114
U002292,O005719,928.29,2026-01-22,829973
U002292,O005720,525.36,2026-02-03,829973
U002293,O005721,249.1,2025-09-15,344745
U002293,O005722,943.07,2025-10-05,344745
U002293,O005723,713.2,2025-10-13,344745
U002294,O005724,938.57,2026-08-08,201842
U002295,O005725,567.08,2026-07-10,339789
U002296,O005726,49.0,2025-09-26,481506
U002296,O005727,819.7,2025-10-07,481506
U002299,O005728,788.04,2026-03-01,200614
U002300,O005729,599.96,2026-03-18,538866
U002301,O005730,545.94,2026-02-24,884035
U002301,O005731,146.11,2026-04-10,884035
U002303,O005732,736.84,2026-04-21,590439
U002303,O005733,223.0,2026-07-20,590439
U002303,O005734,945.57,2026-08-18,590439
U002304,O005735,230.49,2026-07-25,731559
U002305,O005736,549.49,2025-12-07,218571
U002305,O005737,310.08,2026-01-15,218571
U002305,O005738,204.15,2026-01-17,218571
U002305,O005739,797.82,2026-01-23,218571
U002305,O005740,426.24,2026-02-20,218571
U002305,O005741,998.37,2026-03-19,218571
U002306,O005742,797.7,2026-08-20,713550
U002307,O005743,1371.96,2026-02-10,272842
U002307,O005744,903.99,2026-02-25,272842
U002307,O005745,796.4,2026-03-30,272842
U002308,O005746,693.54,2026-03-18,431942
U002308,O005747,366.54,2026-03-22,431942
U002308,O005748,964.04,2026-04-15,431942
U002308,O005749,694.2,2026-05-25,431942
U002309,O005750,306.02,2026-06-12,863560
U002309,O005751,947.24,2026-06-14,863560
U002309,O005752,303.1,2026-06-22,863560
U002309,O005753,545.42,2026-06-29,863560
U002309,O005754,743.06,2026-07-15,863560
U002309,O005755,612.86,2026-08-16,863560
U002310,O005756,791.96,2026-05-01,838789
U002310,O005757,980.66,2026-06-03,838789
U002310,O005758,83.64,2026-06-06,838789
U002310,O005759,860.75,2026-06-24,838789
U002310,O005760,622.59,2026-07-23,838789
U002311,O005761,914.14,2026-04-06,550939
U002313,O005762,1050.67,2026-07-13,165078
U002313,O005763,537.43,2026-07-20,165078
U002314,O005764,606.52,2025-09-29,469737
U002314,O005765,619.42,2025-10-23,469737
U002314,O005766,1172.56,2025-12-04,469737
U002314,O005767,380.51,2025-12-25,469737
U002314,O005768,399.19,2026-01-12,469737
U002314,O005769,201.93,2026-01-26,469737
U002316,O005770,1071.52,2026-01-07,824753
U002316,O005771,1061.21,2026-02-25,824753
U002316,O005772,550.35,2026-03-08,824753
U002316,O005773,1100.38,2026-04-11,824753
U002317,O005774,359.22,2026-01-19,804115
U002320,O005775,903.2,2026-02-26,515008
U002320,O005776,309.15,2026-03-09,515008
U002320,O005777,591.4,2026-05-18,515008
U002320,O005778,624.75,2026-07-08,515008
U002321,O005779,606.92,2026-06-26,115118
U002321,O005780,1081.72,2026-08-15,115118
U002321,O005781,699.87,2026-08-26,115118
U002322,O005782,741.94,2025-12-03,182579
U002322,O005783,572.08,2026-01-12,182579
U002322,O005784,358.28,2026-01-20,182579
U002322,O005785,1290.09,2026-01-26,182579
U002322,O005786,495.8,2026-02-19,182579
U002323,O005787,566.56,2026-06-08,404197
U002323,O005788,934.57,2026-06-12,404197
U002324,O005789,457.06,2025-11-18,188711
U002324,O005790,718.2,2025-12-15,188711
U002325,O005791,450.67,2026-03-15,362798
U002325,O005792,788.94,2026-03-30,362798
U002325,O005793,543.11,2026-04-09,362798
U002325,O005794,822.41,2026-07-25,362798
U002325,O005795,448.73,2026-08-02,362798
U002326,O005796,753.54,2026-05-24,176927
U002326,O005797,735.8,2026-06-20,176927
U002326,O005798,253.86,2026-07-05,176927
U002326,O005799,961.12,2026-07-14,176927
U002326,O005800,624.16,2026-08-04,176927
U002327,O005801,199.93,2025-09-27,184308
U002327,O005802,996.27,2026-01-07,184308
U002329,O005803,613.03,2026-03-16,109837
U002329,O005804,246.31,2026-04-30,109837
U002329,O005805,935.47,2026-05-22,109837
U002330,O005806,610.88,2026-07-25,152856
U002330,O005807,575.95,2026-08-10,152856
U002331,O005808,436.17,2026-06-13,333918
U002331,O005809,651.96,2026-06-28,333918
U002332,O005810,555.31,2026-07-16,309224
U002333,O005811,1000.24,2026-02-10,648365
U002333,O005812,725.28,2026-03-14,648365
U002333,O005813,118.8,2026-04-14,648365
U002333,O005814,280.67,2026-05-15,648365
U002334,O005815,747.7,2025-10-02,631695
U002334,O005816,607.17,2025-10-24,631695
U002334,O005817,246.7,2025-12-18,631695
U002336,O005818,554.95,2025-12-03,715191
U002337,O005819,499.84,2025-10-07,895140
U002337,O005820,748.29,2025-10-12,895140
U002338,O005821,667.21,2026-01-31,385436
U002338,O005822,873.27,2026-03-08,385436
U002338,O005823,906.8,2026-03-21,385436
U002339,O005824,999.34,2026-03-08,354006
U002340,O005825,602.54,2026-03-20,719692
U002340,O005826,927.96,2026-04-06,719692
U002340,O005827,935.79,2026-05-07,719692
U002340,O005828,341.81,2026-06-25,719692
U002341,O005829,608.31,2026-07-30,683845
U002341,O005830,49.0,2026-08-10,683845
U002343,O005831,474.34,2026-01-25,643878
U002344,O005832,749.79,2025-11-29,391474
U002344,O005833,680.52,2025-12-26,391474
U002345,O005834,440.2,2026-06-08,676158
U002345,O005835,290.64,2026-06-19,676158
U002345,O005836,854.92,2026-07-06,676158
U002346,O005837,768.36,2026-07-18,563796
U002346,O005838,669.23,2026-07-24,563796
U002347,O005839,605.82,2026-07-27,396727
U002347,O005840,1098.8,2026-08-15,396727
U002348,O005841,561.89,2025-12-16,682044
U002348,O005842,125.2,2025-12-30,682044
U002348,O005843,1026.49,2026-01-15,682044
U002348,O005844,739.63,2026-03-22,682044
U002348,O005845,970.83,2026-04-01,682044
U002348,O005846,125.81,2026-04-22,682044
U002348,O005847,321.6,2026-04-26,682044
U002348,O005848,960.05,2026-05-20,682044
U002348,O005849,267.92,2026-06-02,682044
U002348,O005850,516.44,2026-06-20,682044
U002349,O005851,652.14,2025-10-04,491638
U002349,O005852,929.71,2025-11-18,491638
U002350,O005853,701.58,2025-12-06,168881
U002350,O005854,664.25,2026-01-06,168881
U002351,O005855,361.87,2026-01-14,351941
U002351,O005856,685.42,2026-01-17,351941
U002351,O005857,640.55,2026-01-21,351941
U002351,O005858,552.46,2026-02-16,351941
U002351,O005859,570.26,2026-03-01,351941
U002353,O005860,1159.06,2026-01-06,418827
U002353,O005861,1246.22,2026-01-11,418827
U002355,O005862,632.12,2026-01-02,371245
U002357,O005863,1234.05,2026-08-26,558115
U002358,O005864,459.41,2026-05-29,270458
U002358,O005865,360.95,2026-06-19,270458
U002359,O005866,949.2,2026-04-21,241760
U002360,O005867,614.21,2026-07-04,569208
U002361,O005868,813.89,2026-02-13,543101
U002361,O005869,884.98,2026-03-01,543101
U002361,O005870,671.61,2026-04-27,543101
U002362,O005871,896.37,2026-05-31,685314
U002362,O005872,650.93,2026-06-29,685314
U002362,O005873,808.92,2026-07-01,685314
U002363,O005874,931.51,2025-11-21,228660
U002363,O005875,712.85,2025-12-15,228660
U002364,O005876,934.85,2025-10-22,150625
U002365,O005877,1082.36,2025-10-08,598822
U002365,O005878,610.49,2025-10-14,598822
U002365,O005879,472.55,2025-10-27,598822
U002365,O005880,1358.26,2025-11-28,598822
U002366,O005881,913.21,2026-02-27,711517
U002366,O005882,501.35,2026-03-07,711517
U002366,O005883,999.6,2026-07-13,711517
U002366,O005884,1037.69,2026-07-28,711517
U002367,O005885,231.23,2026-08-07,313594
U002368,O005886,719.89,2026-07-22,844612
U002372,O005887,890.14,2025-10-03,811644
U002372,O005888,956.5,2025-11-26,811644
U002373,O005889,667.9,2026-03-29,146688
U002374,O005890,961.83,2026-05-29,266775
U002374,O005891,737.18,2026-05-30,266775
U002375,O005892,372.71,2025-10-29,291653
U002375,O005893,579.07,2025-12-07,291653
U002375,O005894,381.29,2026-01-30,291653
U002375,O005895,876.97,2026-05-05,291653
U002376,O005896,812.25,2026-07-10,175853
U002376,O005897,49.0,2026-08-14,175853
U002377,O005898,541.37,2026-03-24,609809
U002377,O005899,630.52,2026-04-07,609809
U002378,O005900,645.65,2026-08-25,778972
U002379,O005901,562.97,2026-06-17,335131
U002380,O005902,645.47,2026-06-04,594151
U002380,O005903,1123.58,2026-07-22,594151
U002380,O005904,590.42,2026-08-01,594151
U002381,O005905,349.24,2026-03-17,123296
U002382,O005906,94.3,2026-03-11,518025
U002382,O005907,724.13,2026-03-21,518025
U002383,O005908,477.78,2025-12-29,607344
U002383,O005909,99.05,2026-01-12,607344
U002384,O005910,953.39,2025-12-23,123536
U002384,O005911,874.01,2026-01-03,123536
U002385,O005912,760.52,2026-05-11,284903
U002385,O005913,324.42,2026-07-12,284903
U002385,O005914,893.61,2026-08-01,284903
U002386,O005915,820.54,2025-10-21,492492
U002387,O005916,882.03,2026-06-15,235771
U002388,O005917,1110.9,2025-10-07,537076
U002388,O005918,318.61,2025-11-02,537076
U002388,O005919,445.78,2025-11-22,537076
U002388,O005920,1019.86,2025-12-25,537076
U002388,O005921,509.4,2026-02-05,537076
U002389,O005922,769.26,2025-09-08,505419
U002389,O005923,876.38,2025-09-15,505419
U002389,O005924,563.68,2025-09-17,505419
U002389,O005925,953.63,2025-09-27,505419
U002389,O005926,1200.97,2025-10-23,505419
U002390,O005927,362.64,2026-04-06,577791
U002390,O005928,1313.98,2026-06-13,577791
U002390,O005929,711.5,2026-06-16,577791
U002391,O005930,1212.07,2026-03-24,388835
U002392,O005931,381.97,2026-01-19,549910
U002392,O005932,1015.14,2026-03-30,549910
U002393,O005933,193.34,2025-10-06,363058
U002393,O005934,441.97,2025-10-17,363058
U002393,O005935,1374.49,2025-10-31,363058
U002395,O005936,840.07,2025-10-23,500594
U002397,O005937,796.34,2026-06-09,703435
U002398,O005938,658.46,2026-02-04,195078
U002399,O005939,873.65,2025-10-09,711225
U002399,O005940,77.13,2025-10-22,711225
U002399,O005941,412.9,2025-11-20,711225
U002399,O005942,486.13,2025-12-27,711225
U002400,O005943,494.35,2026-07-18,654226
U002400,O005944,739.3,2026-08-03,654226
U002400,O005945,586.07,2026-08-08,654226
U002401,O005946,948.81,2026-07-28,128011
U002401,O005947,1182.27,2026-08-03,128011
U002401,O005948,745.93,2026-08-12,128011
U002402,O005949,595.19,2026-05-16,489621
U002402,O005950,1043.82,2026-06-26,489621
U002403,O005951,810.79,2025-12-30,838482
U002403,O005952,1145.85,2026-02-09,838482
U002404,O005953,984.06,2026-05-23,786311
U002404,O005954,470.44,2026-06-24,786311
U002405,O005955,569.02,2026-01-08,674818
U002406,O005956,355.91,2025-10-02,164958
U002407,O005957,630.4,2026-08-08,555129
U002408,O005958,586.95,2026-05-19,660539
U002408,O005959,539.43,2026-06-06,660539
U002408,O005960,928.35,2026-07-08,660539
U002410,O005961,650.57,2026-08-26,809294
U002411,O005962,1090.66,2025-11-26,825950
U002412,O005963,630.6,2026-02-26,621011
U002412,O005964,410.04,2026-03-09,621011
U002412,O005965,107.56,2026-04-11,621011
U002413,O005966,49.0,2026-01-27,805055
U002414,O005967,861.46,2026-06-18,677945
U002414,O005968,476.29,2026-06-21,677945
U002415,O005969,467.82,2026-05-21,709429
U002416,O005970,755.23,2026-01-09,290643
U002417,O005971,336.13,2025-11-23,113454
U002417,O005972,322.67,2026-01-27,113454
U002417,O005973,1089.38,2026-02-04,113454
U002418,O005974,828.34,2026-05-07,115187
U002420,O005975,281.38,2026-07-26,794725
U002421,O005976,752.59,2025-11-25,520219
U002421,O005977,861.44,2026-01-29,520219
U002421,O005978,861.89,2026-02-11,520219
U002422,O005979,512.47,2026-04-15,681445
U002422,O005980,802.56,2026-05-05,681445
U002422,O005981,712.66,2026-05-11,681445
U002424,O005982,339.69,2026-01-31,193313
U002424,O005983,400.31,2026-02-21,193313
U002425,O005984,754.21,2025-11-30,399362
U002426,O005985,1047.0,2026-08-25,151762
U002427,O005986,941.52,2026-01-13,841387
U002427,O005987,560.4,2026-01-15,841387
U002427,O005988,307.94,2026-01-21,841387
U002428,O005989,257.18,2025-12-15,520128
U002428,O005990,538.38,2026-01-16,520128
U002428,O005991,526.22,2026-02-15,520128
U002429,O005992,421.78,2026-02-08,177556
U002429,O005993,725.72,2026-02-23,177556
U002429,O005994,715.88,2026-03-13,177556
U002429,O005995,656.37,2026-03-21,177556
U002429,O005996,736.92,2026-04-06,177556
U002430,O005997,352.95,2025-12-12,590744
U002430,O005998,282.67,2026-01-24,590744
U002431,O005999,744.19,2026-06-10,385120
U002432,O006000,651.24,2025-12-21,471476
U002432,O006001,685.07,2026-03-15,471476
U002434,O006002,962.1,2026-08-24,559890
U002435,O006003,893.7,2026-01-16,760284
U002435,O006004,914.55,2026-01-25,760284
U002436,O006005,657.93,2026-01-30,306828
U002436,O006006,527.57,2026-02-05,306828
U002437,O006007,464.87,2026-06-03,533895
U002438,O006008,519.62,2026-06-11,640343
U002438,O006009,655.9,2026-06-29,640343
U002438,O006010,478.19,2026-07-25,640343
U002438,O006011,425.56,2026-08-03,640343
U002439,O006012,755.83,2026-06-02,132176
U002440,O006013,778.73,2026-02-11,850024
U002440,O006014,580.11,2026-05-04,850024
U002441,O006015,632.88,2026-01-31,874186
U002441,O006016,647.93,2026-02-13,874186
U002441,O006017,1004.33,2026-02-27,874186
U002441,O006018,869.86,2026-03-23,874186
U002442,O006019,190.59,2026-02-23,302316
U002442,O006020,1023.82,2026-02-27,302316
U002442,O006021,799.94,2026-03-12,302316
U002444,O006022,776.97,2026-05-26,761307
U002445,O006023,59.74,2026-01-31,202366
U002445,O006024,738.06,2026-02-13,202366
U002445,O006025,601.41,2026-02-24,202366
U002448,O006026,465.64,2026-02-13,457576
U002448,O006027,968.34,2026-02-28,457576
U002448,O006028,1220.42,2026-03-13,457576
U002449,O006029,646.45,2026-06-21,803939
U002449,O006030,876.34,2026-07-17,803939
U002451,O006031,197.96,2026-04-02,438135
U002452,O006032,360.45,2026-07-29,846553
U002452,O006033,368.71,2026-08-22,846553
U002454,O006034,438.71,2026-02-11,519941
U002455,O006035,817.13,2026-06-29,810024
U002455,O006036,960.7,2026-08-14,810024
U002456,O006037,301.42,2025-12-11,121206
U002456,O006038,981.46,2025-12-31,121206
U002457,O006039,593.34,2026-02-07,436160
U002457,O006040,708.44,2026-02-12,436160
U002458,O006041,662.29,2026-07-20,752357
U002458,O006042,863.52,2026-08-01,752357
U002458,O006043,521.8,2026-08-19,752357
U002460,O006044,224.04,2026-02-25,186512
U002460,O006045,292.79,2026-03-15,186512
U002460,O006046,473.36,2026-04-06,186512
U002460,O006047,1072.13,2026-04-19,186512
U002461,O006048,579.69,2026-08-17,175230
U002462,O006049,480.2,2025-10-13,841254
U002462,O006050,54.93,2025-11-25,841254
U002462,O006051,790.2,2025-12-03,841254
U002463,O006052,1326.82,2026-03-28,767028
U002463,O006053,714.43,2026-04-22,767028
U002463,O006054,623.01,2026-05-12,767028
U002463,O006055,49.0,2026-05-30,767028
U002466,O006056,589.64,2026-08-05,703479
U002468,O006057,1048.25,2025-12-13,363807
U002468,O006058,305.24,2026-01-20,363807
U002468,O006059,805.39,2026-01-25,363807
U002468,O006060,247.64,2026-04-23,363807
U002468,O006061,562.89,2026-07-15,363807
U002468,O006062,881.36,2026-07-19,363807
U002469,O006063,1074.01,2026-05-06,285654
U002470,O006064,572.93,2026-06-11,226688
U002470,O006065,530.05,2026-07-09,226688
U002470,O006066,618.35,2026-07-19,226688
U002470,O006067,802.98,2026-08-08,226688
U002472,O006068,670.0,2026-07-10,656021
U002473,O006069,49.0,2026-08-05,607814
U002474,O006070,543.08,2026-07-20,608075
U002474,O006071,673.28,2026-07-25,608075
U002475,O006072,906.28,2025-12-28,781321
U002475,O006073,920.81,2026-03-12,781321
U002477,O006074,424.17,2025-12-15,754573
U002477,O006075,893.16,2026-04-14,754573
U002477,O006076,573.79,2026-04-21,754573
U002477,O006077,829.78,2026-06-04,754573
U002477,O006078,440.15,2026-06-24,754573
U002478,O006079,794.16,2026-04-24,484965
U002478,O006080,49.0,2026-06-04,484965
U002479,O006081,568.33,2026-05-22,545789
U002479,O006082,920.06,2026-05-28,545789
U002479,O006083,207.69,2026-07-06,545789
U002480,O006084,1010.58,2026-06-20,769642
U002482,O006085,732.7,2025-12-04,383043
U002482,O006086,935.19,2026-01-26,383043
U002482,O006087,372.18,2026-03-01,383043
U002483,O006088,945.83,2025-11-04,670346
U002483,O006089,631.11,2025-12-06,670346
U002483,O006090,663.6,2025-12-27,670346
U002484,O006091,614.96,2026-03-22,174113
U002484,O006092,624.67,2026-03-25,174113
U002484,O006093,454.18,2026-04-03,174113
U002484,O006094,299.0,2026-04-09,174113
U002485,O006095,853.39,2026-03-11,360437
U002485,O006096,49.0,2026-03-17,360437
U002485,O006097,558.78,2026-04-19,360437
U002485,O006098,884.87,2026-07-04,360437
U002486,O006099,470.49,2026-03-26,516938
U002486,O006100,713.77,2026-04-25,516938
U002486,O006101,669.89,2026-05-25,516938
U002486,O006102,970.68,2026-06-09,516938
U002486,O006103,1034.77,2026-06-11,516938
U002487,O006104,1027.3,2026-02-06,445658
U002487,O006105,827.61,2026-03-22,445658
U002488,O006106,543.74,2026-02-05,120978
U002488,O006107,913.13,2026-02-23,120978
U002488,O006108,1189.74,2026-03-23,120978
U002489,O006109,710.19,2026-08-25,821756
U002490,O006110,436.61,2026-06-04,162603
U002490,O006111,640.03,2026-07-04,162603
U002490,O006112,827.92,2026-07-31,162603
U002490,O006113,473.29,2026-08-02,162603
U002491,O006114,1027.62,2025-12-14,545476
U002491,O006115,827.32,2025-12-30,545476
U002491,O006116,1094.11,2026-01-05,545476
U002491,O006117,541.81,2026-02-21,545476
U002493,O006118,474.95,2026-05-25,366519
U002493,O006119,294.91,2026-07-11,366519
U002494,O006120,528.64,2026-04-05,803466
U002496,O006121,1003.12,2026-07-28,255431
U002499,O006122,827.73,2026-06-28,160416
U002499,O006123,861.14,2026-08-19,160416
U002500,O006124,960.41,2025-12-11,189856
U002502,O006125,920.19,2026-01-06,215820
U002502,O006126,572.77,2026-02-01,215820
U002502,O006127,346.53,2026-02-14,215820
U002502,O006128,482.67,2026-02-23,215820
U002503,O006129,309.51,2026-04-07,284551
U002503,O006130,426.9,2026-04-09,284551
U002503,O006131,734.5,2026-06-05,284551
U002504,O006132,522.78,2026-05-24,639094
U002504,O006133,570.95,2026-07-24,639094
U002504,O006134,570.89,2026-07-26,639094
U002505,O006135,817.38,2026-03-24,699571
U002505,O006136,375.31,2026-04-10,699571
U002505,O006137,959.22,2026-04-23,699571
U002505,O006138,967.05,2026-04-25,699571
U002506,O006139,744.13,2025-12-20,474033
U002507,O006140,724.68,2025-10-01,649941
U002507,O006141,700.54,2025-10-30,649941
U002508,O006142,1016.81,2026-01-25,318847
U002508,O006143,178.2,2026-02-15,318847
U002508,O006144,1057.45,2026-03-26,318847
U002509,O006145,731.25,2025-11-30,411340
U002509,O006146,667.9,2025-12-28,411340
U002512,O006147,105.71,2026-08-14,128603
U002513,O006148,512.0,2026-04-12,550241
U002513,O006149,366.52,2026-05-27,550241
U002513,O006150,1451.57,2026-06-05,550241
U002513,O006151,383.69,2026-07-03,550241
U002515,O006152,1221.88,2025-10-02,617917
U002515,O006153,49.0,2025-11-02,617917
U002516,O006154,98.57,2026-08-21,522416
U002518,O006155,1071.26,2026-07-20,453837
U002518,O006156,719.01,2026-07-28,453837
U002519,O006157,759.46,2026-03-30,431466
U002519,O006158,123.83,2026-04-03,431466
U002520,O006159,744.64,2026-02-07,587994
U002520,O006160,1184.97,2026-02-12,587994
U002521,O006161,481.16,2025-12-12,646174
U002521,O006162,640.64,2025-12-15,646174
U002522,O006163,525.24,2026-07-16,202565
U002522,O006164,526.99,2026-08-15,202565
U002522,O006165,632.55,2026-08-20,202565
U002523,O006166,734.34,2026-08-02,771448
U002524,O006167,353.13,2026-04-25,496908
U002525,O006168,751.41,2026-03-05,326444
U002525,O006169,293.61,2026-04-20,326444
U002526,O006170,1018.9,2026-05-08,659927
U002526,O006171,526.19,2026-05-31,659927
U002528,O006172,636.2,2025-12-08,790426
U002529,O006173,833.39,2025-12-30,512629
U002529,O006174,720.37,2026-01-04,512629
U002530,O006175,830.32,2026-08-07,332257
U002530,O006176,904.09,2026-08-10,332257
U002531,O006177,670.77,2026-03-23,891261
U002531,O006178,750.91,2026-04-16,891261
U002531,O006179,121.53,2026-05-24,891261
U002532,O006180,279.51,2026-02-08,621163
U002533,O006181,1115.92,2026-06-24,466369
U002533,O006182,520.84,2026-06-30,466369
U002533,O006183,623.57,2026-07-08,466369
U002533,O006184,975.57,2026-07-12,466369
U002533,O006185,543.49,2026-07-27,466369
U002535,O006186,365.39,2026-03-04,108129
U002535,O006187,143.33,2026-05-15,108129
U002535,O006188,271.71,2026-06-07,108129
U002536,O006189,727.32,2026-08-04,170655
U002537,O006190,741.76,2026-06-22,382759
U002537,O006191,52.38,2026-07-17,382759
U002537,O006192,1008.19,2026-07-21,382759
U002538,O006193,1079.19,2026-04-01,366259
U002538,O006194,599.76,2026-06-11,366259
U002538,O006195,610.98,2026-06-24,366259
U002538,O006196,342.69,2026-08-16,366259
U002539,O006197,790.68,2025-10-03,359600
U002539,O006198,322.64,2025-11-05,359600
U002539,O006199,1081.37,2026-01-01,359600
U002540,O006200,555.52,2026-01-07,713935
U002540,O006201,785.91,2026-01-17,713935
U002540,O006202,547.58,2026-01-22,713935
U002540,O006203,1020.87,2026-02-05,713935
U002541,O006204,197.81,2026-01-03,591809
U002542,O006205,274.54,2026-06-08,615737
U002543,O006206,610.52,2026-04-27,295546
U002543,O006207,777.99,2026-07-01,295546
U002543,O006208,594.58,2026-07-07,295546
U002544,O006209,811.65,2026-05-02,768820
U002544,O006210,484.09,2026-05-11,768820
U002544,O006211,740.12,2026-06-20,768820
U002545,O006212,949.93,2026-02-08,137613
U002545,O006213,586.39,2026-03-03,137613
U002547,O006214,726.45,2025-11-22,359546
U002547,O006215,1164.82,2025-11-26,359546
U002548,O006216,810.71,2026-02-09,692974
U002549,O006217,728.06,2026-05-13,677524
U002549,O006218,1037.05,2026-05-28,677524
U002549,O006219,1048.31,2026-05-31,677524
U002550,O006220,614.96,2026-07-22,842648
U002551,O006221,780.29,2026-02-16,313852
U002551,O006222,485.85,2026-02-26,313852
U002551,O006223,608.7,2026-03-18,313852
U002552,O006224,508.55,2026-03-02,333011
U002552,O006225,695.06,2026-03-13,333011
U002553,O006226,108.75,2026-08-03,716139
U002553,O006227,286.79,2026-08-20,716139
U002554,O006228,895.36,2026-06-03,696575
U002555,O006229,822.25,2025-10-26,378175
U002555,O006230,825.92,2025-11-16,378175
U002555,O006231,372.98,2025-12-11,378175
U002557,O006232,171.83,2025-12-11,244535
U002559,O006233,432.2,2025-12-07,547045
U002560,O006234,694.18,2025-12-21,243827
U002560,O006235,908.43,2026-02-24,243827
U002560,O006236,721.34,2026-04-18,243827
U002561,O006237,573.49,2025-11-06,572879
U002563,O006238,873.42,2026-07-28,370099
U002563,O006239,959.1,2026-08-12,370099
U002563,O006240,733.35,2026-08-24,370099
U002564,O006241,1353.33,2026-01-30,761829
U002564,O006242,1426.18,2026-03-15,761829
U002564,O006243,623.14,2026-05-23,761829
U002565,O006244,485.55,2025-10-24,820179
U002565,O006245,449.81,2025-11-09,820179
U002565,O006246,367.74,2025-11-21,820179
U002565,O006247,497.8,2025-12-03,820179
U002565,O006248,1118.67,2025-12-04,820179
U002565,O006249,602.73,2026-02-03,820179
U002566,O006250,988.83,2026-07-30,179111
U002567,O006251,817.15,2025-12-28,602362
U002567,O006252,574.36,2026-01-01,602362
U002569,O006253,170.39,2026-06-05,332715
U002569,O006254,789.84,2026-06-07,332715
U002569,O006255,417.32,2026-07-15,332715
U002569,O006256,1257.42,2026-08-16,332715
U002570,O006257,571.39,2025-12-13,432778
U002570,O006258,49.0,2025-12-18,432778
U002571,O006259,747.52,2026-07-13,249330
U002571,O006260,819.28,2026-07-22,249330
U002572,O006261,702.75,2025-10-18,503241
U002572,O006262,908.04,2025-10-30,503241
U002573,O006263,740.54,2026-04-16,722821
U002574,O006264,1005.04,2026-08-15,651551
U002574,O006265,894.25,2026-08-20,651551
U002575,O006266,996.13,2026-03-16,548073
U002575,O006267,670.6,2026-03-28,548073
U002575,O006268,407.02,2026-05-18,548073
U002576,O006269,904.66,2025-12-28,263564
U002576,O006270,237.13,2026-01-07,263564
U002577,O006271,544.37,2025-10-26,621351
U002577,O006272,172.17,2025-12-08,621351
U002577,O006273,374.78,2026-03-10,621351
U002577,O006274,1027.14,2026-04-09,621351
U002578,O006275,495.79,2026-07-12,695434
U002578,O006276,537.56,2026-07-28,695434
U002579,O006277,791.54,2025-11-15,606119
U002579,O006278,449.88,2026-01-30,606119
U002579,O006279,63.48,2026-04-10,606119
U002579,O006280,925.15,2026-04-24,606119
U002579,O006281,636.74,2026-06-13,606119
U002580,O006282,1125.19,2025-10-30,778107
U002580,O006283,254.67,2025-11-28,778107
U002580,O006284,443.47,2025-12-18,778107
U002580,O006285,1135.92,2026-01-26,778107
U002581,O006286,370.35,2025-10-06,418797
U002581,O006287,1015.15,2025-11-03,418797
U002581,O006288,732.7,2025-12-27,418797
U002582,O006289,490.71,2026-02-04,395080
U002582,O006290,1134.43,2026-05-08,395080
U002582,O006291,648.21,2026-05-31,395080
U002583,O006292,841.58,2026-04-03,625629
U002583,O006293,455.52,2026-04-08,625629
U002583,O006294,792.98,2026-06-16,625629
U002584,O006295,922.2,2026-08-02,581476
U002585,O006296,1009.73,2025-11-14,145825
U002585,O006297,305.18,2026-02-11,145825
U002588,O006298,633.62,2026-06-30,350062
U002588,O006299,536.48,2026-07-17,350062
U002589,O006300,317.92,2026-04-09,346801
U002589,O006301,637.07,2026-04-13,346801
U002590,O006302,359.61,2025-11-04,110307
U002591,O006303,362.66,2026-06-06,327878
U002592,O006304,641.29,2025-09-12,386155
U002592,O006305,601.61,2025-11-21,386155
U002592,O006306,566.14,2026-01-31,386155
U002593,O006307,544.41,2026-03-03,712089
U002593,O006308,561.99,2026-03-19,712089
U002593,O006309,652.94,2026-05-06,712089
U002594,O006310,637.39,2026-05-11,542436
U002594,O006311,644.83,2026-06-03,542436
U002596,O006312,465.58,2025-11-01,644726
U002596,O006313,1032.18,2026-01-01,644726
U002596,O006314,201.46,2026-01-05,644726
U002597,O006315,308.52,2025-11-06,252222
U002598,O006316,605.1,2026-04-03,134887
U002599,O006317,708.09,2026-04-24,195063
U002599,O006318,743.98,2026-05-17,195063
U002600,O006319,406.66,2025-11-22,260562
U002600,O006320,1029.61,2025-11-28,260562
U002601,O006321,315.71,2026-03-31,811717
U002601,O006322,665.42,2026-05-17,811717
U002603,O006323,571.81,2025-11-28,871324
U002603,O006324,1232.08,2025-12-26,871324
U002603,O006325,669.05,2026-01-07,871324
U002604,O006326,699.39,2026-05-26,499444
U002604,O006327,792.21,2026-06-19,499444
U002604,O006328,514.96,2026-06-26,499444
U002605,O006329,802.19,2026-01-28,198331
U002605,O006330,433.27,2026-02-20,198331
U002605,O006331,638.94,2026-03-11,198331
U002607,O006332,468.23,2026-01-27,155084
U002607,O006333,317.04,2026-02-05,155084
U002607,O006334,497.06,2026-02-14,155084
U002607,O006335,574.57,2026-02-18,155084
U002608,O006336,785.84,2025-10-05,816992
U002608,O006337,775.51,2025-10-09,816992
U002608,O006338,321.69,2026-01-28,816992
U002609,O006339,929.14,2026-05-12,368041
U002609,O006340,506.33,2026-05-18,368041
U002609,O006341,177.69,2026-07-24,368041
U002610,O006342,984.84,2026-08-24,848933
U002611,O006343,532.97,2026-06-18,586413
U002611,O006344,163.71,2026-06-20,586413
U002613,O006345,956.5,2026-05-06,843199
U002613,O006346,447.61,2026-06-08,843199
U002613,O006347,701.17,2026-06-11,843199
U002614,O006348,428.68,2025-11-24,247836
U002614,O006349,750.18,2026-02-08,247836
U002615,O006350,647.67,2026-03-14,351676
U002615,O006351,166.29,2026-03-25,351676
U002615,O006352,986.25,2026-04-17,351676
U002616,O006353,855.28,2026-01-21,442649
U002616,O006354,654.21,2026-03-06,442649
U002616,O006355,440.13,2026-04-01,442649
U002617,O006356,78.33,2026-01-26,566383
U002617,O006357,966.85,2026-02-20,566383
U002617,O006358,528.34,2026-03-14,566383
U002618,O006359,676.57,2025-10-06,697841
U002618,O006360,872.65,2025-10-22,697841
U002618,O006361,1074.5,2025-11-12,697841
U002618,O006362,460.44,2025-11-19,697841
U002618,O006363,903.33,2026-01-10,697841
U002619,O006364,910.68,2025-12-17,722620
U002619,O006365,501.68,2026-01-23,722620
U002619,O006366,635.26,2026-02-05,722620
U002619,O006367,1035.2,2026-02-12,722620
U002620,O006368,463.58,2025-10-17,546086
U002620,O006369,904.75,2025-12-26,546086
U002620,O006370,563.58,2026-01-04,546086
U002620,O006371,1002.18,2026-02-22,546086
U002621,O006372,828.07,2026-04-01,176611
U002621,O006373,740.39,2026-04-10,176611
U002622,O006374,1060.22,2026-04-07,236739
U002622,O006375,437.2,2026-04-25,236739
U002622,O006376,1122.57,2026-06-20,236739
U002622,O006377,704.89,2026-06-23,236739
U002623,O006378,61.75,2026-02-12,833133
U002623,O006379,661.62,2026-03-01,833133
U002624,O006380,649.56,2025-11-03,189635
U002624,O006381,285.53,2025-12-21,189635
U002624,O006382,498.75,2026-01-09,189635
U002626,O006383,379.39,2026-02-25,823411
U002626,O006384,593.72,2026-06-13,823411
U002627,O006385,344.93,2025-11-28,155114
U002627,O006386,49.73,2025-12-05,155114
U002628,O006387,936.0,2026-01-12,714867
U002628,O006388,49.0,2026-02-03,714867
U002629,O006389,329.64,2026-08-18,697988
U002631,O006390,940.2,2025-09-22,631887
U002631,O006391,692.78,2025-10-20,631887
U002631,O006392,1062.22,2026-01-05,631887
U002631,O006393,347.75,2026-02-06,631887
U002631,O006394,286.91,2026-03-12,631887
U002631,O006395,839.2,2026-03-18,631887
U002632,O006396,755.79,2026-04-21,223936
U002632,O006397,750.91,2026-06-02,223936
U002632,O006398,230.29,2026-06-13,223936
U002632,O006399,969.36,2026-07-02,223936
U002632,O006400,608.03,2026-07-18,223936
U002632,O006401,715.3,2026-08-13,223936
U002633,O006402,328.61,2026-07-12,654096
U002634,O006403,523.82,2026-07-05,333838
U002636,O006404,1103.0,2025-10-18,396067
U002637,O006405,728.9,2025-10-18,607271
U002637,O006406,1234.37,2025-11-16,607271
U002637,O006407,670.96,2025-12-04,607271
U002637,O006408,1115.68,2025-12-28,607271
U002639,O006409,432.23,2025-12-07,886622
U002639,O006410,695.98,2025-12-24,886622
U002641,O006411,73.6,2025-12-01,533179
U002641,O006412,787.89,2025-12-18,533179
U002642,O006413,1164.96,2026-04-18,645245
U002642,O006414,715.6,2026-04-22,645245
U002642,O006415,910.52,2026-05-29,645245
U002642,O006416,797.36,2026-06-18,645245
U002643,O006417,1097.28,2026-03-27,438521
U002643,O006418,1154.25,2026-04-27,438521
U002643,O006419,1105.37,2026-07-08,438521
U002643,O006420,560.58,2026-07-28,438521
U002643,O006421,633.67,2026-08-06,438521
U002644,O006422,294.17,2026-07-13,587334
U002645,O006423,888.47,2026-03-06,676217
U002645,O006424,1276.04,2026-06-25,676217
U002645,O006425,414.35,2026-07-02,676217
U002647,O006426,810.18,2025-09-30,726051
U002647,O006427,1272.74,2025-10-29,726051
U002647,O006428,532.88,2025-11-22,726051
U002648,O006429,257.72,2026-02-15,298093
U002649,O006430,1004.57,2025-12-03,228931
U002649,O006431,714.66,2026-01-16,228931
U002650,O006432,812.0,2026-04-03,703699
U002650,O006433,561.47,2026-04-09,703699
U002650,O006434,1008.04,2026-04-22,703699
U002652,O006435,613.53,2025-11-19,868276
U002652,O006436,532.41,2025-12-19,868276
U002652,O006437,547.11,2025-12-31,868276
U002653,O006438,695.4,2026-02-15,690089
U002654,O006439,696.08,2026-07-05,217118
U002655,O006440,649.18,2026-04-20,519728
U002655,O006441,531.62,2026-05-02,519728
U002655,O006442,624.45,2026-07-21,519728
U002656,O006443,391.04,2026-07-29,742598
U002657,O006444,280.86,2026-04-06,726471
U002657,O006445,774.28,2026-04-09,726471
U002658,O006446,444.81,2026-05-03,177662
U002658,O006447,363.22,2026-06-10,177662
U002659,O006448,401.83,2025-11-11,264639
U002660,O006449,769.57,2026-05-31,860284
U002661,O006450,808.08,2026-07-16,288539
U002661,O006451,680.24,2026-08-12,288539
U002666,O006452,750.9,2026-06-18,216199
U002667,O006453,506.93,2026-06-16,487692
U002667,O006454,502.22,2026-07-15,487692
U002668,O006455,980.76,2026-03-30,266625
U002669,O006456,850.88,2026-05-02,162527
U002669,O006457,262.16,2026-06-29,162527
U002671,O006458,948.88,2025-11-03,405240
U002671,O006459,539.68,2025-12-14,405240
U002672,O006460,701.34,2026-05-24,509747
U002672,O006461,502.41,2026-07-04,509747
U002672,O006462,449.98,2026-07-15,509747
U002673,O006463,682.17,2025-12-07,777503
U002673,O006464,673.67,2026-02-28,777503
U002675,O006465,852.7,2026-01-27,270470
U002675,O006466,655.08,2026-02-19,270470
U002676,O006467,426.16,2026-02-12,463973
U002676,O006468,770.79,2026-02-16,463973
U002678,O006469,1132.71,2025-12-15,669915
U002678,O006470,710.24,2026-01-17,669915
U002678,O006471,365.57,2026-01-30,669915
U002679,O006472,1206.33,2026-04-01,549533
U002680,O006473,190.1,2025-11-25,331346
U002680,O006474,625.4,2025-12-30,331346
U002680,O006475,349.84,2026-01-06,331346
U002681,O006476,416.9,2026-04-27,674494
U002681,O006477,442.98,2026-05-22,674494
U002681,O006478,788.99,2026-06-26,674494
U002681,O006479,759.87,2026-07-25,674494
U002682,O006480,1014.13,2025-12-16,138330
U002682,O006481,812.73,2025-12-18,138330
U002682,O006482,678.21,2026-02-20,138330
U002684,O006483,820.42,2026-03-26,401718
U002684,O006484,840.04,2026-04-13,401718
U002684,O006485,867.99,2026-04-25,401718
U002684,O006486,49.0,2026-06-02,401718
U002684,O006487,631.14,2026-06-19,401718
U002685,O006488,1039.45,2026-05-23,561762
U002685,O006489,595.09,2026-07-07,561762
U002686,O006490,680.73,2025-12-28,360698
U002686,O006491,808.21,2025-12-31,360698
U002686,O006492,381.17,2026-01-21,360698
U002686,O006493,714.16,2026-01-27,360698
U002687,O006494,475.62,2025-10-01,348087
U002687,O006495,777.07,2025-10-12,348087
U002687,O006496,464.46,2025-10-19,348087
U002688,O006497,587.09,2025-10-05,246020
U002688,O006498,270.25,2025-11-01,246020
U002688,O006499,90.89,2025-12-20,246020
U002689,O006500,893.02,2026-03-30,231703
U002689,O006501,199.45,2026-04-06,231703
U002689,O006502,981.74,2026-06-18,231703
U002689,O006503,565.66,2026-06-27,231703
U002689,O006504,852.31,2026-07-10,231703
U002689,O006505,645.61,2026-07-25,231703
U002690,O006506,779.0,2026-07-04,115747
U002690,O006507,779.4,2026-07-15,115747
U002690,O006508,803.49,2026-07-25,115747
U002691,O006509,657.02,2025-12-30,384527
U002691,O006510,1017.72,2026-01-07,384527
U002691,O006511,657.58,2026-01-30,384527
U002693,O006512,503.56,2026-08-16,383373
U002694,O006513,895.83,2025-11-22,701804
U002694,O006514,784.66,2026-05-25,701804
U002694,O006515,449.19,2026-05-30,701804
U002694,O006516,842.89,2026-07-25,701804
U002697,O006517,692.46,2026-02-13,230446
U002698,O006518,1072.73,2025-12-28,334195
U002698,O006519,787.22,2026-01-14,334195
U002698,O006520,425.24,2026-06-07,334195
U002698,O006521,390.15,2026-06-10,334195
U002699,O006522,590.94,2025-09-18,524614
U002699,O006523,450.63,2025-10-09,524614
U002699,O006524,617.99,2025-11-08,524614
U002699,O006525,736.64,2025-12-22,524614
U002699,O006526,811.88,2026-01-15,524614
U002700,O006527,257.02,2026-01-09,218244
U002700,O006528,676.06,2026-01-29,218244
U002700,O006529,684.92,2026-04-10,218244
U002700,O006530,1009.86,2026-04-18,218244
U002702,O006531,903.75,2026-02-18,499671
U002702,O006532,794.8,2026-03-05,499671
U002702,O006533,549.16,2026-04-09,499671
U002703,O006534,872.79,2025-12-17,383212
U002704,O006535,978.75,2025-10-15,131723
U002704,O006536,260.38,2025-10-25,131723
U002705,O006537,164.57,2025-11-23,281733
U002705,O006538,657.39,2025-12-02,281733
U002705,O006539,619.33,2025-12-12,281733
U002706,O006540,768.19,2026-02-21,360256
U002707,O006541,663.48,2025-10-30,768237
U002708,O006542,406.22,2025-10-25,175114
U002708,O006543,364.11,2025-11-22,175114
U002708,O006544,1203.98,2026-02-01,175114
U002710,O006545,941.62,2026-04-21,652943
U002711,O006546,613.94,2026-08-22,183888
U002712,O006547,890.89,2026-07-19,265994
U002713,O006548,429.02,2025-11-19,148204
U002713,O006549,637.4,2025-12-02,148204
U002713,O006550,832.05,2025-12-16,148204
U002713,O006551,889.33,2026-01-21,148204
U002713,O006552,640.09,2026-01-23,148204
U002714,O006553,664.3,2025-11-16,548251
U002714,O006554,598.59,2026-01-13,548251
U002715,O006555,577.68,2026-08-17,671387
U002716,O006556,627.87,2025-11-11,762032
U002716,O006557,385.05,2025-11-21,762032
U002716,O006558,483.29,2025-12-11,762032
U002718,O006559,785.16,2026-04-23,611216
U002718,O006560,991.76,2026-07-01,611216
U002718,O006561,515.83,2026-07-03,611216
U002718,O006562,270.47,2026-07-07,611216
U002719,O006563,943.39,2025-12-22,642391
U002719,O006564,784.27,2026-01-03,642391
U002720,O006565,318.62,2025-11-10,406328
U002720,O006566,397.76,2025-11-12,406328
U002721,O006567,628.75,2026-05-24,405789
U002721,O006568,1048.5,2026-07-03,405789
U002721,O006569,754.22,2026-07-29,405789
U002721,O006570,539.34,2026-08-01,405789
U002722,O006571,698.72,2026-02-06,490646
U002722,O006572,758.34,2026-02-28,490646
U002722,O006573,485.46,2026-03-28,490646
U002722,O006574,839.51,2026-06-07,490646
U002724,O006575,431.55,2026-02-28,481101
U002725,O006576,808.16,2025-12-01,106745
U002725,O006577,577.29,2025-12-12,106745
U002725,O006578,985.16,2026-02-22,106745
U002725,O006579,646.48,2026-05-25,106745
U002725,O006580,1140.65,2026-06-06,106745
U002726,O006581,468.44,2026-07-30,697758
U002727,O006582,654.8,2026-06-09,589051
U002728,O006583,574.87,2026-01-04,285275
U002728,O006584,971.72,2026-01-12,285275
U002728,O006585,1258.78,2026-02-01,285275
U002729,O006586,934.86,2026-04-14,251974
U002729,O006587,743.58,2026-04-16,251974
U002729,O006588,560.39,2026-05-19,251974
U002729,O006589,745.71,2026-06-21,251974
U002729,O006590,435.66,2026-08-14,251974
U002730,O006591,170.32,2025-12-23,684199
U002730,O006592,658.67,2026-01-17,684199
U002730,O006593,1043.6,2026-02-10,684199
U002730,O006594,286.19,2026-02-13,684199
U002731,O006595,920.26,2025-12-31,551204
U002731,O006596,737.74,2026-01-21,551204
U002732,O006597,451.7,2026-07-08,714551
U002732,O006598,140.45,2026-08-10,714551
U002732,O006599,492.54,2026-08-21,714551
U002734,O006600,1039.85,2026-03-05,362634
U002735,O006601,641.39,2026-08-18,775768
U002736,O006602,211.58,2026-03-10,624953
U002737,O006603,256.35,2026-08-18,216046
U002737,O006604,530.32,2026-08-21,216046
U002738,O006605,680.65,2026-07-23,510352
U002739,O006606,1256.59,2025-09-18,391655
U002739,O006607,409.01,2025-09-30,391655
U002740,O006608,88.33,2026-02-16,376223
U002740,O006609,678.64,2026-03-02,376223
U002740,O006610,1233.21,2026-03-25,376223
U002740,O006611,743.36,2026-04-03,376223
U002741,O006612,398.3,2025-12-04,179804
U002742,O006613,571.29,2026-05-06,205475
U002742,O006614,340.16,2026-06-23,205475
U002742,O006615,591.36,2026-06-27,205475
U002742,O006616,241.22,2026-07-04,205475
U002743,O006617,368.72,2026-02-14,407683
U002743,O006618,805.62,2026-04-14,407683
U002743,O006619,231.66,2026-05-11,407683
U002743,O006620,846.18,2026-05-22,407683
U002743,O006621,433.16,2026-08-13,407683
U002743,O006622,756.17,2026-08-16,407683
U002744,O006623,376.06,2026-08-22,403073
U002745,O006624,1049.79,2026-01-17,249334
U002745,O006625,837.86,2026-01-18,249334
U002745,O006626,368.97,2026-01-31,249334
U002746,O006627,1159.4,2026-06-29,145775
U002746,O006628,675.52,2026-07-22,145775
U002746,O006629,697.39,2026-08-18,145775
U002747,O006630,676.91,2026-06-10,224396
U002747,O006631,898.01,2026-06-22,224396
U002749,O006632,797.84,2026-06-20,830043
U002749,O006633,454.91,2026-07-09,830043
U002749,O006634,445.02,2026-08-02,830043
U002751,O006635,1001.5,2026-06-07,333268
U002751,O006636,823.36,2026-06-30,333268
U002753,O006637,49.0,2026-03-05,634682
U002753,O006638,578.55,2026-03-07,634682
U002754,O006639,234.09,2026-07-31,784175
U002755,O006640,902.96,2025-09-28,458167
U002755,O006641,862.37,2025-10-04,458167
U002757,O006642,501.01,2026-07-04,249125
U002757,O006643,773.6,2026-07-13,249125
U002757,O006644,793.07,2026-07-23,249125
U002757,O006645,796.64,2026-08-14,249125
U002759,O006646,314.02,2025-11-11,325073
U002759,O006647,731.36,2026-01-15,325073
U002761,O006648,951.9,2026-04-24,332067
U002762,O006649,1131.01,2025-09-22,776259
U002762,O006650,436.03,2025-09-30,776259
U002763,O006651,762.68,2025-10-14,707841
U002763,O006652,409.35,2025-10-24,707841
U002763,O006653,325.33,2025-11-19,707841
U002765,O006654,326.19,2026-05-03,221831
U002765,O006655,173.37,2026-05-09,221831
U002766,O006656,440.59,2026-02-12,123706
U002766,O006657,836.28,2026-06-07,123706
U002767,O006658,690.12,2025-11-24,343759
U002767,O006659,217.37,2026-01-10,343759
U002767,O006660,811.42,2026-01-19,343759
U002767,O006661,611.81,2026-03-04,343759
U002768,O006662,645.34,2026-05-20,212932
U002769,O006663,1178.95,2025-10-13,889355
U002769,O006664,511.38,2025-11-12,889355
U002769,O006665,49.0,2025-12-08,889355
U002771,O006666,801.91,2026-07-14,713001
U002771,O006667,360.87,2026-07-29,713001
U002772,O006668,452.16,2026-05-07,650507
U002773,O006669,493.12,2026-07-31,756580
U002773,O006670,705.98,2026-08-22,756580
U002774,O006671,549.02,2026-06-11,729645
U002774,O006672,591.84,2026-07-01,729645
U002775,O006673,809.67,2025-11-11,180762
U002775,O006674,326.9,2025-12-21,180762
U002776,O006675,866.93,2026-04-18,647300
U002776,O006676,758.3,2026-05-02,647300
U002776,O006677,744.55,2026-05-12,647300
U002777,O006678,1257.33,2026-02-11,326720
U002777,O006679,49.0,2026-02-19,326720
U002778,O006680,770.02,2026-01-05,605680
U002778,O006681,576.1,2026-02-19,605680
U002778,O006682,665.47,2026-03-12,605680
U002779,O006683,804.03,2026-02-19,418933
U002779,O006684,537.6,2026-04-18,418933
U002779,O006685,987.44,2026-05-16,418933
U002779,O006686,660.52,2026-07-27,418933
U002779,O006687,665.29,2026-08-04,418933
U002780,O006688,187.06,2026-03-22,720130
U002780,O006689,349.01,2026-08-14,720130
U002781,O006690,631.83,2026-02-05,561216
U002781,O006691,598.41,2026-02-26,561216
U002781,O006692,560.76,2026-02-27,561216
U002781,O006693,816.62,2026-03-09,561216
U002782,O006694,49.0,2026-05-06,153314
U002784,O006695,653.06,2026-08-19,731181
U002785,O006696,376.01,2026-01-25,707906
U002785,O006697,121.55,2026-04-06,707906
U002786,O006698,775.29,2026-01-13,668004
U002786,O006699,1099.98,2026-03-05,668004
U002786,O006700,238.09,2026-03-09,668004
U002786,O006701,847.93,2026-05-19,668004
U002787,O006702,866.05,2025-11-08,489039
U002787,O006703,718.71,2026-01-09,489039
U002788,O006704,132.22,2025-10-03,444374
U002788,O006705,107.4,2025-10-28,444374
U002788,O006706,815.41,2025-11-11,444374
U002788,O006707,1012.33,2025-12-17,444374
U002789,O006708,1426.17,2026-07-15,812086
U002789,O006709,1049.56,2026-07-22,812086
U002789,O006710,623.63,2026-08-05,812086
U002790,O006711,704.68,2026-05-12,582474
U002790,O006712,135.4,2026-05-27,582474
U002790,O006713,1040.54,2026-06-12,582474
U002790,O006714,1079.39,2026-06-19,582474
U002790,O006715,1318.84,2026-06-26,582474
U002790,O006716,906.18,2026-07-20,582474
U002792,O006717,638.29,2026-05-03,552137
U002792,O006718,729.97,2026-05-12,552137
U002792,O006719,964.6,2026-06-21,552137
U002792,O006720,423.13,2026-06-24,552137
U002792,O006721,969.16,2026-08-13,552137
U002793,O006722,805.86,2026-07-09,199907
U002793,O006723,570.7,2026-07-26,199907
U002794,O006724,915.78,2026-05-20,455704
U002794,O006725,742.33,2026-05-26,455704
U002794,O006726,741.36,2026-07-07,455704
U002794,O006727,423.62,2026-07-09,455704
U002794,O006728,588.61,2026-07-29,455704
U002795,O006729,124.51,2025-09-24,168352
U002795,O006730,373.73,2025-10-16,168352
U002795,O006731,950.7,2026-02-16,168352
U002795,O006732,415.3,2026-03-23,168352
U002796,O006733,575.92,2026-04-23,400301
U002796,O006734,992.84,2026-06-06,400301
U002799,O006735,547.34,2025-10-26,776079
U002799,O006736,239.68,2025-10-28,776079
U002801,O006737,126.29,2025-10-29,109671
U002801,O006738,340.2,2025-10-31,109671
U002802,O006739,273.87,2026-03-08,452243
U002803,O006740,768.19,2026-05-25,293127
U002804,O006741,391.1,2025-12-11,684145
U002804,O006742,726.66,2026-01-05,684145
U002804,O006743,59.38,2026-01-13,684145
U002804,O006744,413.8,2026-03-10,684145
U002805,O006745,873.01,2026-04-12,592082
U002805,O006746,577.38,2026-04-15,592082
U002805,O006747,402.42,2026-04-29,592082
U002806,O006748,1264.48,2026-08-01,108723
U002806,O006749,307.22,2026-08-23,108723
U002807,O006750,749.73,2025-12-25,471385
U002807,O006751,492.77,2026-02-13,471385
U002807,O006752,769.63,2026-03-09,471385
U002808,O006753,503.88,2025-11-20,154880
U002809,O006754,708.13,2026-03-09,596676
U002809,O006755,611.72,2026-04-02,596676
U002809,O006756,435.63,2026-04-14,596676
U002809,O006757,965.37,2026-07-23,596676
U002810,O006758,653.94,2025-10-19,609413
U002810,O006759,409.17,2025-12-23,609413
U002811,O006760,1120.93,2025-11-14,326046
U002811,O006761,880.5,2026-02-14,326046
U002811,O006762,769.22,2026-03-04,326046
U002812,O006763,393.76,2026-05-27,146020
U002812,O006764,703.2,2026-06-18,146020
U002814,O006765,1019.16,2026-06-26,374789
U002814,O006766,729.75,2026-06-28,374789
U002816,O006767,1235.24,2026-06-27,230870
U002817,O006768,692.64,2026-01-07,603004
U002817,O006769,257.56,2026-02-15,603004
U002817,O006770,666.05,2026-03-03,603004
U002818,O006771,929.03,2026-06-14,131607
U002818,O006772,488.87,2026-08-06,131607
U002819,O006773,341.85,2026-02-16,505510
U002820,O006774,628.39,2025-12-29,165101
U002821,O006775,1062.22,2026-02-10,424271
U002822,O006776,1028.44,2026-02-08,824771
U002822,O006777,1381.8,2026-02-24,824771
U002822,O006778,527.47,2026-03-28,824771
U002823,O006779,643.16,2026-04-17,829538
U002823,O006780,707.53,2026-06-09,829538
U002825,O006781,931.58,2025-11-11,378479
U002825,O006782,837.47,2025-12-14,378479
U002825,O006783,49.0,2026-01-16,378479
U002827,O006784,828.92,2026-08-17,556738
U002828,O006785,626.69,2025-10-26,208407
U002828,O006786,344.44,2025-11-21,208407
U002828,O006787,975.4,2025-11-24,208407
U002828,O006788,781.99,2025-12-07,208407
U002828,O006789,744.79,2026-02-19,208407
U002828,O006790,269.6,2026-03-06,208407
U002830,O006791,130.27,2025-10-24,645681
U002831,O006792,558.02,2026-02-22,495734
U002831,O006793,849.17,2026-03-07,495734
U002832,O006794,413.42,2025-10-27,604908
U002832,O006795,1273.04,2025-10-28,604908
U002833,O006796,779.81,2026-04-09,194780
U002834,O006797,747.55,2026-02-24,824153
U002834,O006798,620.09,2026-06-13,824153
U002835,O006799,769.15,2025-12-13,449542
U002836,O006800,49.0,2025-11-04,247954
U002836,O006801,567.59,2026-01-08,247954
U002837,O006802,740.77,2026-07-20,363290
U002838,O006803,653.9,2026-04-09,481825
U002838,O006804,269.24,2026-04-19,481825
U002840,O006805,93.5,2026-05-08,289717
U002840,O006806,712.47,2026-05-27,289717
U002840,O006807,555.21,2026-06-12,289717
U002840,O006808,889.86,2026-06-19,289717
U002840,O006809,640.56,2026-06-26,289717
U002841,O006810,1011.69,2025-10-07,894080
U002841,O006811,523.97,2025-10-08,894080
U002841,O006812,427.55,2025-10-17,894080
U002842,O006813,1135.39,2026-02-10,455701
U002842,O006814,904.06,2026-03-20,455701
U002843,O006815,855.09,2026-02-20,840461
U002845,O006816,639.61,2025-11-07,371166
U002845,O006817,957.51,2025-11-26,371166
U002845,O006818,778.98,2025-12-12,371166
U002846,O006819,49.0,2026-03-15,568137
U002848,O006820,491.89,2025-10-23,709365
U002848,O006821,418.18,2025-11-24,709365
U002848,O006822,1084.79,2025-12-27,709365
U002848,O006823,640.15,2026-01-17,709365
U002849,O006824,494.37,2026-03-27,541778
U002850,O006825,718.54,2026-06-01,711341
U002850,O006826,664.05,2026-06-08,711341
U002851,O006827,874.18,2026-06-06,625422
U002851,O006828,778.81,2026-06-27,625422
U002851,O006829,777.35,2026-07-09,625422
U002852,O006830,374.79,2025-11-08,282416
U002853,O006831,667.59,2026-07-14,358691
U002853,O006832,266.2,2026-07-29,358691
U002854,O006833,627.84,2026-03-07,242574
U002854,O006834,371.54,2026-05-16,242574
U002854,O006835,828.57,2026-06-12,242574
U002855,O006836,557.43,2025-10-16,376189
U002855,O006837,567.31,2025-11-01,376189
U002855,O006838,308.03,2025-11-06,376189
U002856,O006839,550.0,2026-07-12,306398
U002856,O006840,569.18,2026-08-22,306398
U002857,O006841,213.92,2026-01-15,696071
U002857,O006842,70.68,2026-01-19,696071
U002857,O006843,916.99,2026-02-15,696071
U002859,O006844,683.9,2026-01-28,617081
U002859,O006845,370.36,2026-03-02,617081
U002859,O006846,377.79,2026-03-08,617081
U002859,O006847,631.33,2026-04-06,617081
U002859,O006848,433.36,2026-06-04,617081
U002860,O006849,1073.0,2026-08-25,393500
U002861,O006850,690.05,2025-12-11,706824
U002861,O006851,495.08,2026-01-18,706824
U002861,O006852,603.97,2026-01-30,706824
U002861,O006853,995.21,2026-08-12,706824
U002863,O006854,390.31,2025-10-29,471479
U002863,O006855,1167.94,2026-01-06,471479
U002866,O006856,684.7,2025-12-19,332790
U002866,O006857,425.43,2026-02-14,332790
U002866,O006858,378.25,2026-06-28,332790
U002867,O006859,1099.79,2025-11-25,395534
U002867,O006860,637.88,2025-12-02,395534
U002867,O006861,330.87,2025-12-09,395534
U002867,O006862,764.65,2026-01-04,395534
U002867,O006863,1302.13,2026-01-07,395534
U002867,O006864,588.73,2026-01-09,395534
U002867,O006865,621.53,2026-02-10,395534
U002868,O006866,589.9,2025-11-02,570310
U002868,O006867,372.7,2025-11-20,570310
U002870,O006868,458.59,2026-01-20,171908
U002870,O006869,825.24,2026-02-26,171908
U002870,O006870,640.29,2026-04-26,171908
U002871,O006871,823.13,2025-10-16,117377
U002871,O006872,145.88,2026-01-16,117377
U002871,O006873,649.66,2026-03-01,117377
U002871,O006874,449.99,2026-03-14,117377
U002872,O006875,567.25,2025-12-17,453562
U002872,O006876,175.12,2026-01-05,453562
U002872,O006877,1148.32,2026-01-21,453562
U002873,O006878,810.56,2026-06-10,664022
U002873,O006879,520.8,2026-08-20,664022
U002874,O006880,809.14,2026-07-27,677170
U002875,O006881,514.95,2026-03-19,185492
U002875,O006882,460.04,2026-04-03,185492
U002875,O006883,729.75,2026-04-11,185492
U002877,O006884,457.77,2025-10-27,830193
U002877,O006885,777.78,2025-11-09,830193
U002877,O006886,343.17,2025-12-11,830193
U002878,O006887,646.65,2026-08-01,724746
U002878,O006888,836.75,2026-08-10,724746
U002878,O006889,1252.4,2026-08-14,724746
U002879,O006890,710.25,2026-08-25,477913
U002880,O006891,646.27,2026-04-29,526534
U002880,O006892,990.51,2026-05-10,526534
U002880,O006893,984.19,2026-06-05,526534
U002881,O006894,608.75,2026-08-07,724602
U002883,O006895,321.8,2026-07-02,869244
U002883,O006896,372.69,2026-08-10,869244
U002884,O006897,269.36,2026-07-09,157262
U002884,O006898,538.98,2026-08-19,157262
U002886,O006899,345.7,2025-11-27,384145
U002888,O006900,1157.81,2025-10-09,895007
U002888,O006901,606.55,2025-10-17,895007
U002889,O006902,49.0,2025-11-02,235964
U002889,O006903,915.05,2025-12-05,235964
U002890,O006904,361.55,2025-12-27,324610
U002890,O006905,348.82,2026-01-25,324610
U002890,O006906,993.5,2026-05-13,324610
U002891,O006907,546.15,2026-01-17,781221
U002892,O006908,537.36,2026-02-12,764400
U002894,O006909,450.38,2026-04-25,319499
U002894,O006910,697.57,2026-05-06,319499
U002894,O006911,522.38,2026-05-27,319499
U002895,O006912,72.21,2026-08-09,408394
U002896,O006913,722.99,2026-08-08,459924
U002896,O006914,735.23,2026-08-23,459924
U002898,O006915,533.97,2026-05-25,694846
U002898,O006916,212.14,2026-06-01,694846
U002899,O006917,679.34,2026-02-02,261401
U002899,O006918,388.64,2026-03-03,261401
U002899,O006919,599.93,2026-04-09,261401
U002900,O006920,593.01,2026-04-15,695898
U002900,O006921,617.14,2026-08-01,695898
U002903,O006922,707.32,2026-04-19,860314
U002903,O006923,605.4,2026-08-01,860314
U002905,O006924,786.07,2025-11-05,593863
U002905,O006925,928.19,2025-11-11,593863
U002906,O006926,109.68,2025-12-21,460147
U002907,O006927,886.72,2026-05-18,637868
U002908,O006928,477.02,2026-03-29,531778
U002908,O006929,1151.48,2026-04-06,531778
U002908,O006930,287.52,2026-04-09,531778
U002909,O006931,990.98,2025-09-29,765272
U002910,O006932,1000.17,2026-01-22,861730
U002910,O006933,542.02,2026-02-08,861730
U002910,O006934,335.74,2026-04-29,861730
U002911,O006935,1133.69,2026-05-31,413134
U002911,O006936,508.04,2026-06-20,413134
U002912,O006937,265.7,2026-02-25,825123
U002912,O006938,875.96,2026-03-02,825123
U002912,O006939,315.48,2026-03-29,825123
U002913,O006940,244.23,2026-06-28,484534
U002913,O006941,519.88,2026-08-03,484534
U002914,O006942,934.06,2026-06-27,767711
U002914,O006943,745.63,2026-08-01,767711
U002914,O006944,413.78,2026-08-09,767711
U002915,O006945,713.27,2026-06-29,366549
U002916,O006946,1063.82,2026-07-16,102681
U002916,O006947,906.31,2026-08-15,102681
U002917,O006948,372.65,2025-11-01,609611
U002918,O006949,215.72,2025-11-06,354332
U002919,O006950,817.06,2026-03-31,490114
U002919,O006951,194.18,2026-05-09,490114
U002919,O006952,1022.97,2026-05-24,490114
U002922,O006953,655.43,2026-06-30,684728
U002922,O006954,314.32,2026-07-19,684728
U002922,O006955,654.96,2026-08-06,684728
U002924,O006956,330.37,2025-12-22,618573
U002925,O006957,849.17,2026-02-24,685630
U002926,O006958,495.63,2025-10-02,647576
U002926,O006959,1391.65,2025-10-10,647576
U002926,O006960,1013.28,2025-11-13,647576
U002926,O006961,258.0,2025-11-28,647576
U002927,O006962,501.32,2026-02-17,618573
U002928,O006963,1221.55,2026-01-24,539458
U002928,O006964,650.52,2026-03-19,539458
U002928,O006965,840.57,2026-04-17,539458
U002928,O006966,827.85,2026-05-16,539458
U002928,O006967,804.98,2026-05-18,539458
U002928,O006968,858.81,2026-06-28,539458
U002929,O006969,945.69,2026-05-11,391638
U002929,O006970,928.04,2026-06-26,391638
U002929,O006971,883.1,2026-07-14,391638
U002930,O006972,1455.59,2026-08-11,754207
U002930,O006973,778.01,2026-08-20,754207
U002931,O006974,345.6,2026-01-01,727561
U002932,O006975,587.71,2026-02-09,238335
U002932,O006976,621.37,2026-03-12,238335
U002933,O006977,901.08,2025-12-04,591405
U002933,O006978,537.56,2025-12-22,591405
U002935,O006979,919.85,2026-03-06,509780
U002935,O006980,712.3,2026-03-22,509780
U002935,O006981,517.03,2026-05-01,509780
U002935,O006982,1162.33,2026-06-27,509780
U002935,O006983,771.36,2026-07-09,509780
U002936,O006984,1520.65,2026-01-14,769298
U002936,O006985,287.37,2026-01-31,769298
U002936,O006986,837.8,2026-03-06,769298
U002937,O006987,619.52,2026-05-05,502478
U002937,O006988,49.0,2026-05-12,502478
U002938,O006989,507.37,2026-05-06,782086
U002938,O006990,1329.54,2026-05-10,782086
U002939,O006991,828.42,2025-10-02,254926
U002939,O006992,593.86,2025-10-03,254926
U002939,O006993,773.87,2025-10-29,254926
U002940,O006994,271.14,2026-02-16,148512
U002940,O006995,694.19,2026-03-07,148512
U002940,O006996,324.55,2026-08-13,148512
U002940,O006997,374.84,2026-08-18,148512
U002941,O006998,1036.49,2026-06-24,566576
U002941,O006999,738.37,2026-07-18,566576
U002942,O007000,1165.68,2026-07-11,184780
U002942,O007001,333.32,2026-08-21,184780
U002943,O007002,595.71,2025-10-22,295351
U002943,O007003,761.39,2025-11-10,295351
U002943,O007004,547.36,2025-11-17,295351
U002944,O007005,522.68,2026-07-20,231568
U002945,O007006,809.1,2026-06-01,778218
U002945,O007007,1412.87,2026-06-03,778218
U002945,O007008,840.91,2026-07-19,778218
U002947,O007009,397.16,2025-11-06,356403
U002947,O007010,1002.4,2025-12-20,356403
U002949,O007011,413.86,2026-04-03,627556
U002949,O007012,526.83,2026-05-10,627556
U002950,O007013,612.71,2026-08-10,743834
U002951,O007014,1115.94,2025-10-11,389135
U002951,O007015,1181.84,2025-11-30,389135
U002952,O007016,390.65,2026-08-05,245720
U002953,O007017,390.92,2026-02-12,130922
U002953,O007018,610.92,2026-02-17,130922
U002953,O007019,472.31,2026-02-20,130922
U002954,O007020,385.79,2026-02-28,385111
U002954,O007021,808.66,2026-03-02,385111
U002954,O007022,724.17,2026-03-12,385111
U002955,O007023,833.42,2026-01-22,420031
U002956,O007024,329.17,2026-02-13,167897
U002956,O007025,817.08,2026-03-01,167897
U002956,O007026,703.25,2026-03-13,167897
U002956,O007027,395.3,2026-08-13,167897
U002957,O007028,899.69,2026-04-24,428464
U002957,O007029,635.81,2026-05-15,428464
U002957,O007030,776.7,2026-05-18,428464
U002958,O007031,213.91,2026-04-04,665308
U002958,O007032,248.77,2026-04-21,665308
U002959,O007033,769.57,2025-12-22,419933
U002959,O007034,334.27,2026-01-31,419933
U002959,O007035,696.21,2026-03-01,419933
U002959,O007036,404.75,2026-04-21,419933
U002960,O007037,894.42,2026-02-22,657016
U002960,O007038,947.74,2026-04-03,657016
U002960,O007039,937.98,2026-04-09,657016
U002960,O007040,548.47,2026-04-21,657016
U002961,O007041,947.18,2025-12-27,687285
U002961,O007042,719.85,2026-01-09,687285
U002961,O007043,650.55,2026-01-27,687285
U002962,O007044,673.54,2026-04-24,258650
U002962,O007045,811.44,2026-05-30,258650
U002962,O007046,424.59,2026-07-29,258650
U002963,O007047,1185.35,2026-07-06,584364
U002963,O007048,531.43,2026-08-19,584364
U002964,O007049,821.06,2026-08-08,739858
U002965,O007050,1146.55,2026-04-11,234025
U002966,O007051,154.85,2026-08-19,759224
U002967,O007052,502.75,2026-05-08,328292
U002968,O007053,918.63,2026-06-17,445670
U002969,O007054,710.73,2025-12-19,355283
U002969,O007055,1226.86,2025-12-26,355283
U002969,O007056,607.29,2026-01-08,355283
U002969,O007057,391.57,2026-02-06,355283
U002970,O007058,1036.52,2026-06-28,718194
U002970,O007059,503.86,2026-07-08,718194
U002970,O007060,622.7,2026-07-19,718194
U002970,O007061,198.29,2026-08-04,718194
U002971,O007062,383.63,2026-01-06,457266
U002971,O007063,939.47,2026-01-28,457266
U002972,O007064,984.7,2026-02-08,575725
U002972,O007065,732.79,2026-02-09,575725
U002973,O007066,788.12,2025-10-14,208703
U002973,O007067,140.89,2025-11-24,208703
U002973,O007068,1363.17,2025-11-28,208703
U002973,O007069,745.56,2025-12-09,208703
U002974,O007070,960.87,2026-03-13,216768
U002974,O007071,756.05,2026-03-22,216768
U002974,O007072,426.54,2026-04-12,216768
U002974,O007073,1255.57,2026-05-01,216768
U002975,O007074,792.11,2025-09-13,171340
U002975,O007075,802.05,2025-09-27,171340
U002976,O007076,961.25,2026-05-09,398176
U002977,O007077,1003.65,2026-05-10,640296
U002977,O007078,1084.81,2026-05-23,640296
U002978,O007079,829.07,2025-10-20,889909
U002979,O007080,996.04,2026-02-25,888215
U002979,O007081,439.66,2026-03-01,888215
U002979,O007082,649.33,2026-04-16,888215
U002979,O007083,495.71,2026-06-15,888215
U002980,O007084,794.92,2025-09-27,856275
U002980,O007085,394.06,2025-10-23,856275
U002981,O007086,566.94,2026-05-04,879851
U002982,O007087,682.8,2026-07-28,674857
U002983,O007088,481.31,2025-12-23,291806
U002983,O007089,873.15,2026-01-03,291806
U002983,O007090,408.52,2026-07-29,291806
U002984,O007091,110.01,2026-06-13,598699
U002984,O007092,624.01,2026-06-30,598699
U002984,O007093,661.41,2026-07-15,598699
U002985,O007094,346.87,2025-10-04,391514
U002985,O007095,546.58,2025-10-25,391514
U002985,O007096,532.51,2025-10-28,391514
U002986,O007097,655.4,2025-10-01,507171
U002986,O007098,793.53,2025-11-11,507171
U002987,O007099,280.0,2026-03-09,363774
U002987,O007100,1280.79,2026-03-23,363774
U002987,O007101,821.98,2026-04-24,363774
U002988,O007102,969.62,2026-04-13,219115
U002988,O007103,717.48,2026-04-23,219115
U002989,O007104,374.38,2026-05-10,557948
U002989,O007105,1084.07,2026-05-23,557948
U002989,O007106,891.18,2026-06-26,557948
U002989,O007107,96.5,2026-07-08,557948
U002989,O007108,757.97,2026-08-24,557948
U002990,O007109,71.15,2025-11-20,397222
U002990,O007110,1227.21,2025-11-23,397222
U002990,O007111,923.8,2025-11-29,397222
U002991,O007112,743.22,2026-01-31,260394
U002991,O007113,690.94,2026-03-17,260394
U002991,O007114,91.1,2026-05-11,260394
U002991,O007115,778.65,2026-06-15,260394
U002991,O007116,763.14,2026-07-23,260394
U002992,O007117,694.42,2026-01-26,629082
U002992,O007118,236.77,2026-02-05,629082
U002992,O007119,361.21,2026-02-21,629082
U002992,O007120,859.28,2026-05-08,629082
U002992,O007121,583.77,2026-05-25,629082
U002992,O007122,63.52,2026-07-23,629082
U002992,O007123,717.62,2026-08-11,629082
U002993,O007124,384.51,2026-05-20,844253
U002993,O007125,863.1,2026-05-27,844253
U002994,O007126,1240.69,2026-04-07,542082
U002995,O007127,1487.62,2026-03-23,414420
U002995,O007128,355.17,2026-05-26,414420
U002995,O007129,228.32,2026-06-17,414420
U002996,O007130,479.05,2025-11-04,323346
U002996,O007131,852.03,2025-12-13,323346
U002996,O007132,697.05,2025-12-20,323346
U002996,O007133,393.14,2026-03-03,323346
U002996,O007134,657.76,2026-03-05,323346
U002996,O007135,1041.52,2026-05-05,323346
U002997,O007136,857.23,2026-01-04,140471
U002997,O007137,763.66,2026-01-10,140471
U002998,O007138,876.49,2026-01-02,161421
U002998,O007139,805.26,2026-01-23,161421
U002999,O007140,456.07,2025-12-30,140806
U002999,O007141,842.35,2026-02-13,140806
U002999,O007142,651.36,2026-03-12,140806
U003002,O007143,351.67,2026-03-16,630677
U003002,O007144,364.08,2026-04-28,630677
U003002,O007145,505.64,2026-05-20,630677
U003002,O007146,998.98,2026-06-03,630677
U003002,O007147,652.11,2026-06-11,630677
U003005,O007148,260.58,2026-03-14,358366
U003005,O007149,1197.72,2026-07-04,358366
U003005,O007150,273.15,2026-07-09,358366
U003006,O007151,62.01,2026-02-09,199724
U003008,O007152,506.84,2026-07-22,302349
U003008,O007153,371.41,2026-08-12,302349
U003009,O007154,626.03,2025-12-16,412660
U003010,O007155,147.64,2026-04-06,468796
U003012,O007156,908.75,2026-07-28,777159
U003012,O007157,756.07,2026-08-01,777159
U003012,O007158,902.34,2026-08-12,777159
U003013,O007159,604.85,2026-08-24,189565
U003015,O007160,217.2,2025-11-11,840807
U003015,O007161,554.71,2025-11-17,840807
U003016,O007162,712.11,2026-04-29,576984
U003018,O007163,464.76,2026-05-31,523698
U003018,O007164,442.61,2026-06-21,523698
U003018,O007165,625.62,2026-06-27,523698
U003019,O007166,578.6,2025-10-28,269877
U003019,O007167,611.12,2025-12-11,269877
U003020,O007168,656.16,2026-01-15,357787
U003020,O007169,657.2,2026-01-30,357787
U003020,O007170,482.61,2026-02-06,357787
U003020,O007171,719.75,2026-02-23,357787
U003021,O007172,1295.91,2025-10-29,669147
U003021,O007173,491.97,2025-10-30,669147
U003022,O007174,1264.85,2026-01-13,323711
U003023,O007175,359.4,2026-02-14,371117
U003023,O007176,1086.14,2026-03-22,371117
U003024,O007177,837.73,2025-11-03,710264
U003024,O007178,311.99,2025-11-05,710264
U003025,O007179,724.5,2026-07-13,197002
U003025,O007180,583.65,2026-07-22,197002
U003025,O007181,611.64,2026-08-02,197002
U003026,O007182,587.87,2026-04-28,643351
U003026,O007183,533.2,2026-05-10,643351
U003026,O007184,1071.14,2026-05-26,643351
U003027,O007185,502.48,2026-02-17,680850
U003027,O007186,216.26,2026-03-14,680850
U003027,O007187,449.23,2026-05-24,680850
U003028,O007188,49.0,2026-05-02,396576
U003029,O007189,1462.38,2026-01-27,116287
U003029,O007190,681.71,2026-03-31,116287
U003029,O007191,417.3,2026-04-04,116287
U003029,O007192,999.64,2026-04-06,116287
U003029,O007193,995.38,2026-05-05,116287
U003029,O007194,653.03,2026-07-03,116287
U003030,O007195,987.24,2025-11-29,743559
U003031,O007196,905.79,2026-02-06,437227
U003031,O007197,152.31,2026-03-05,437227
U003031,O007198,784.71,2026-05-22,437227
U003031,O007199,759.49,2026-07-29,437227
U003032,O007200,793.12,2026-02-09,217304
U003032,O007201,863.21,2026-02-27,217304
U003033,O007202,517.31,2026-08-14,500089
U003035,O007203,521.31,2026-01-12,194812
U003035,O007204,823.58,2026-01-27,194812
U003035,O007205,767.66,2026-03-10,194812
U003036,O007206,677.5,2025-12-28,899669
U003036,O007207,805.84,2026-03-12,899669
U003036,O007208,782.86,2026-03-14,899669
U003037,O007209,760.64,2025-10-17,744652
U003037,O007210,480.78,2025-10-27,744652
U003038,O007211,480.57,2026-07-02,634014
U003038,O007212,524.68,2026-08-07,634014
U003039,O007213,429.07,2026-04-18,421067
U003039,O007214,561.92,2026-07-20,421067
U003040,O007215,49.0,2026-02-24,740949
U003040,O007216,682.34,2026-06-10,740949
U003040,O007217,988.8,2026-07-28,740949
U003041,O007218,614.96,2025-11-09,358214
U003041,O007219,528.82,2025-11-19,358214
U003041,O007220,170.26,2025-11-25,358214
U003041,O007221,285.17,2026-01-04,358214
U003041,O007222,666.57,2026-02-01,358214
U003042,O007223,439.21,2026-04-20,784669
U003043,O007224,876.49,2025-11-30,309946
U003043,O007225,811.3,2025-12-03,309946
U003044,O007226,347.98,2026-02-20,553999
U003044,O007227,1261.76,2026-04-12,553999
U003044,O007228,641.29,2026-05-18,553999
U003045,O007229,349.04,2026-01-19,187610
U003046,O007230,1292.54,2025-10-30,814383
U003046,O007231,701.13,2025-12-14,814383
U003046,O007232,1016.09,2026-02-15,814383
U003046,O007233,523.3,2026-02-25,814383
U003048,O007234,769.35,2026-03-12,286596
U003048,O007235,561.56,2026-03-28,286596
U003049,O007236,1230.87,2025-10-14,122018
U003050,O007237,743.6,2026-02-05,748740
U003050,O007238,1080.8,2026-03-11,748740
U003051,O007239,213.21,2025-09-21,505276
U003051,O007240,103.74,2025-10-01,505276
U003051,O007241,750.73,2025-10-07,505276
U003051,O007242,728.63,2026-03-13,505276
U003051,O007243,883.19,2026-05-20,505276
U003052,O007244,865.31,2026-08-10,652474
U003053,O007245,623.26,2026-07-10,160945
U003054,O007246,852.41,2026-05-07,719654
U003054,O007247,1227.18,2026-06-01,719654
U003055,O007248,341.92,2026-04-26,764555
U003055,O007249,424.5,2026-05-04,764555
U003056,O007250,689.11,2025-11-05,725602
U003056,O007251,822.51,2025-11-11,725602
U003056,O007252,117.77,2025-11-18,725602
U003056,O007253,918.02,2026-01-30,725602
U003056,O007254,49.0,2026-03-01,725602
U003057,O007255,635.87,2026-04-20,776357
U003057,O007256,476.49,2026-04-24,776357
U003057,O007257,1329.95,2026-05-25,776357
U003057,O007258,202.91,2026-06-29,776357
U003058,O007259,909.25,2026-08-20,514806
U003058,O007260,991.82,2026-08-25,514806
U003059,O007261,484.85,2025-12-26,204016
U003059,O007262,302.29,2026-01-31,204016
U003059,O007263,846.99,2026-02-17,204016
U003060,O007264,917.55,2026-01-18,870551
U003061,O007265,910.04,2026-05-30,121091
U003061,O007266,785.92,2026-07-03,121091
U003061,O007267,751.04,2026-07-22,121091
U003061,O007268,868.0,2026-08-06,121091
U003061,O007269,368.66,2026-08-13,121091
U003062,O007270,727.89,2025-12-03,244438
U003063,O007271,498.05,2025-09-07,111550
U003063,O007272,503.27,2025-10-21,111550
U003067,O007273,534.4,2025-10-28,574140
U003067,O007274,828.31,2025-11-18,574140
U003067,O007275,608.8,2026-01-30,574140
U003068,O007276,938.78,2025-11-17,465722
U003069,O007277,433.94,2026-03-10,324962
U003069,O007278,1168.42,2026-03-30,324962
U003069,O007279,618.07,2026-04-29,324962
U003069,O007280,595.95,2026-05-02,324962
U003071,O007281,529.53,2026-04-02,230332
U003072,O007282,852.62,2026-07-05,248737
U003072,O007283,786.87,2026-07-09,248737
U003072,O007284,616.78,2026-07-18,248737
U003073,O007285,317.06,2026-08-05,396407
U003076,O007286,699.2,2026-06-22,580651
U003076,O007287,507.1,2026-07-07,580651
U003076,O007288,730.84,2026-07-15,580651
U003077,O007289,780.74,2026-06-23,431290
U003077,O007290,810.67,2026-07-19,431290
U003079,O007291,867.71,2025-12-19,746641
U003079,O007292,848.65,2025-12-31,746641
U003080,O007293,1015.62,2025-10-16,207319
U003080,O007294,750.6,2025-10-20,207319
U003080,O007295,402.4,2025-11-10,207319
U003080,O007296,341.38,2025-12-23,207319
U003080,O007297,588.41,2026-02-24,207319
U003080,O007298,469.25,2026-02-28,207319
U003081,O007299,397.91,2026-04-10,583279
U003081,O007300,1056.97,2026-05-16,583279
U003081,O007301,841.68,2026-06-11,583279
U003081,O007302,830.22,2026-06-17,583279
U003082,O007303,87.73,2026-03-06,786759
U003082,O007304,790.23,2026-04-05,786759
U003083,O007305,501.93,2025-10-30,679650
U003083,O007306,874.76,2026-01-31,679650
U003085,O007307,1159.1,2026-08-01,351295
U003086,O007308,523.89,2026-08-04,392435
U003087,O007309,680.47,2026-03-14,149677
U003087,O007310,885.1,2026-04-29,149677
U003087,O007311,652.26,2026-05-07,149677
U003087,O007312,693.02,2026-06-12,149677
U003089,O007313,440.22,2026-05-30,441458
U003090,O007314,934.32,2026-04-04,528640
U003090,O007315,499.66,2026-04-14,528640
U003091,O007316,1013.08,2026-06-19,771766
U003091,O007317,585.48,2026-07-10,771766
U003091,O007318,681.79,2026-07-14,771766
U003092,O007319,625.39,2026-06-11,596368
U003092,O007320,1368.21,2026-06-20,596368
U003092,O007321,644.09,2026-08-05,596368
U003093,O007322,583.5,2026-04-22,714421
U003093,O007323,575.33,2026-05-12,714421
U003094,O007324,1311.8,2026-07-08,537798
U003094,O007325,334.05,2026-07-18,537798
U003096,O007326,911.15,2025-12-12,796102
U003096,O007327,588.93,2025-12-19,796102
U003098,O007328,852.29,2026-03-17,653558
U003098,O007329,380.77,2026-04-14,653558
U003099,O007330,376.88,2025-11-03,763070
U003099,O007331,586.55,2025-11-09,763070
U003100,O007332,400.83,2026-01-26,489831
U003101,O007333,929.36,2025-12-27,509509
U003103,O007334,1175.58,2025-11-22,671671
U003104,O007335,935.09,2026-04-09,552873
U003104,O007336,813.28,2026-05-19,552873
U003104,O007337,1096.89,2026-06-07,552873
U003105,O007338,1042.09,2026-08-10,854538
U003105,O007339,297.12,2026-08-23,854538
U003106,O007340,1326.18,2026-04-26,540811
U003106,O007341,1019.84,2026-05-05,540811
U003106,O007342,578.6,2026-06-23,540811
U003107,O007343,649.5,2026-02-24,343340
U003107,O007344,615.93,2026-03-20,343340
U003107,O007345,326.14,2026-06-21,343340
U003107,O007346,49.0,2026-07-03,343340
U003107,O007347,580.9,2026-08-03,343340
U003107,O007348,841.15,2026-08-10,343340
U003110,O007349,522.1,2025-09-12,166182
U003112,O007350,614.97,2025-10-28,777106
U003114,O007351,49.0,2026-07-09,525571
U003114,O007352,883.52,2026-07-10,525571
U003114,O007353,529.27,2026-07-23,525571
U003114,O007354,406.82,2026-08-02,525571
U003115,O007355,675.13,2026-05-08,725688
U003115,O007356,710.79,2026-05-16,725688
U003115,O007357,1058.03,2026-05-29,725688
U003116,O007358,379.62,2026-01-29,869112
U003117,O007359,65.97,2026-06-23,130634
U003117,O007360,622.42,2026-07-02,130634
U003117,O007361,518.65,2026-07-13,130634
U003118,O007362,239.62,2026-06-23,174555
U003118,O007363,704.06,2026-08-22,174555
U003119,O007364,501.44,2026-04-30,589282
U003120,O007365,954.65,2026-05-01,229817
U003120,O007366,214.34,2026-05-12,229817
U003120,O007367,652.61,2026-05-24,229817
U003120,O007368,1233.4,2026-06-29,229817
U003121,O007369,326.81,2025-11-11,667897
U003121,O007370,558.43,2025-12-19,667897
U003121,O007371,595.95,2026-03-04,667897
U003123,O007372,160.64,2026-03-29,585927
U003124,O007373,380.96,2025-09-29,490491
U003124,O007374,696.71,2025-10-30,490491
U003124,O007375,369.52,2025-11-08,490491
U003124,O007376,548.12,2025-12-07,490491
U003124,O007377,574.17,2026-01-01,490491
U003125,O007378,375.92,2026-04-10,102272
U003125,O007379,384.61,2026-05-06,102272
U003125,O007380,604.32,2026-05-09,102272
U003126,O007381,735.97,2025-10-03,209648
U003128,O007382,828.23,2025-10-08,763482
U003128,O007383,1027.24,2025-10-16,763482
U003128,O007384,726.94,2025-11-27,763482
U003129,O007385,564.26,2026-05-07,172152
U003130,O007386,693.33,2026-05-23,109995
U003130,O007387,661.27,2026-05-25,109995
U003130,O007388,240.84,2026-06-17,109995
U003130,O007389,818.38,2026-07-29,109995
U003131,O007390,509.65,2026-04-16,849054
U003131,O007391,978.33,2026-05-04,849054
U003132,O007392,872.72,2025-09-29,217566
U003133,O007393,1263.58,2025-09-27,190171
U003135,O007394,765.62,2026-08-05,509069
U003136,O007395,664.28,2026-07-20,857939
U003136,O007396,580.48,2026-08-04,857939
U003137,O007397,731.98,2025-11-20,261039
U003137,O007398,816.03,2025-11-30,261039
U003137,O007399,235.04,2026-02-13,261039
U003137,O007400,690.12,2026-05-15,261039
U003137,O007401,1021.39,2026-07-04,261039
U003138,O007402,384.24,2025-10-22,527600
U003138,O007403,490.3,2025-12-23,527600
U003139,O007404,877.98,2026-04-22,339042
U003139,O007405,329.42,2026-05-14,339042
U003139,O007406,756.16,2026-05-27,339042
U003140,O007407,596.18,2026-02-06,127920
U003140,O007408,711.53,2026-03-02,127920
U003140,O007409,847.56,2026-04-03,127920
U003140,O007410,668.17,2026-05-20,127920
U003141,O007411,344.49,2026-01-09,460716
U003141,O007412,153.86,2026-01-22,460716
U003141,O007413,646.75,2026-03-10,460716
U003142,O007414,657.07,2026-07-28,176737
U003143,O007415,667.19,2025-11-04,856166
U003143,O007416,891.7,2025-12-17,856166
U003143,O007417,600.7,2026-01-18,856166
U003143,O007418,695.24,2026-02-13,856166
U003144,O007419,565.66,2026-02-17,403957
U003144,O007420,503.32,2026-03-25,403957
U003144,O007421,907.82,2026-05-31,403957
U003145,O007422,522.8,2026-05-19,672244
U003146,O007423,676.35,2026-04-21,653751
U003147,O007424,648.46,2026-06-28,428281
U003147,O007425,479.67,2026-07-14,428281
U003147,O007426,680.91,2026-07-22,428281
U003149,O007427,642.22,2026-02-06,287575
U003149,O007428,746.74,2026-02-26,287575
U003149,O007429,576.29,2026-02-28,287575
U003149,O007430,1029.0,2026-03-09,287575
U003150,O007431,425.16,2026-06-01,555621
U003153,O007432,461.25,2026-07-25,386783
U003153,O007433,1061.78,2026-07-31,386783
U003154,O007434,198.33,2026-03-18,800597
U003154,O007435,350.5,2026-06-02,800597
U003154,O007436,896.34,2026-07-25,800597
U003155,O007437,697.41,2026-04-17,312803
U003155,O007438,1124.72,2026-05-12,312803
U003155,O007439,757.54,2026-07-10,312803
U003156,O007440,633.16,2026-08-21,297805
U003157,O007441,849.98,2026-08-22,619295
U003158,O007442,574.84,2026-05-07,282407
U003158,O007443,366.33,2026-05-16,282407
U003158,O007444,748.07,2026-05-24,282407
U003160,O007445,400.14,2026-05-18,745114
U003161,O007446,669.09,2026-01-02,661912
U003161,O007447,547.76,2026-01-07,661912
U003162,O007448,526.83,2026-02-03,678095
U003162,O007449,541.29,2026-03-09,678095
U003162,O007450,348.08,2026-03-25,678095
U003162,O007451,910.49,2026-04-07,678095
U003163,O007452,711.01,2026-02-09,216637
U003164,O007453,640.56,2026-03-01,821969
U003164,O007454,1016.55,2026-03-09,821969
U003164,O007455,557.1,2026-03-14,821969
U003165,O007456,669.82,2025-09-25,593340
U003165,O007457,167.15,2025-10-30,593340
U003165,O007458,381.42,2025-11-19,593340
U003165,O007459,517.84,2026-01-30,593340
U003166,O007460,225.55,2026-07-13,566542
U003166,O007461,270.21,2026-07-18,566542
U003167,O007462,319.39,2026-01-16,695059
U003168,O007463,1191.1,2026-08-18,125388
U003168,O007464,275.58,2026-08-22,125388
U003170,O007465,558.14,2025-12-30,895082
U003171,O007466,210.31,2026-05-29,776700
U003171,O007467,913.78,2026-07-07,776700
U003171,O007468,775.81,2026-07-21,776700
U003172,O007469,592.02,2026-05-17,608712
U003173,O007470,500.19,2026-02-01,330614
U003173,O007471,351.41,2026-03-08,330614
U003173,O007472,222.36,2026-03-30,330614
U003173,O007473,308.71,2026-04-08,330614
U003174,O007474,624.8,2026-05-31,391941
U003174,O007475,793.03,2026-06-10,391941
U003174,O007476,565.38,2026-07-10,391941
U003176,O007477,1018.22,2026-04-26,145102
U003176,O007478,778.31,2026-06-01,145102
U003176,O007479,829.4,2026-06-09,145102
U003177,O007480,576.03,2025-09-17,634846
U003178,O007481,1165.4,2026-04-10,429368
U003178,O007482,97.45,2026-04-13,429368
U003178,O007483,489.38,2026-05-01,429368
U003179,O007484,997.24,2026-02-21,470387
U003179,O007485,848.49,2026-02-24,470387
U003180,O007486,748.56,2026-04-30,291964
U003180,O007487,865.33,2026-05-10,291964
U003180,O007488,714.61,2026-05-20,291964
U003181,O007489,939.39,2026-06-24,214506
U003182,O007490,831.07,2026-07-21,566100
U003183,O007491,812.04,2025-09-30,703216
U003183,O007492,762.11,2025-11-06,703216
U003183,O007493,1090.55,2025-11-17,703216
U003184,O007494,1213.07,2026-03-30,638344
U003184,O007495,349.79,2026-04-11,638344
U003186,O007496,560.35,2026-03-04,894363
U003186,O007497,518.36,2026-03-23,894363
U003186,O007498,733.3,2026-05-10,894363
U003187,O007499,166.56,2026-07-24,413565
U003187,O007500,230.87,2026-08-15,413565
U003188,O007501,1035.89,2025-10-10,534080
U003188,O007502,462.2,2025-11-02,534080
U003188,O007503,894.78,2025-11-05,534080
U003188,O007504,937.25,2025-11-17,534080
U003189,O007505,570.03,2025-10-12,112810
U003189,O007506,546.92,2025-10-24,112810
U003189,O007507,810.13,2025-11-07,112810
U003189,O007508,433.56,2025-11-13,112810
U003192,O007509,877.25,2026-05-09,803482
U003192,O007510,934.03,2026-05-16,803482
U003193,O007511,591.85,2026-08-24,292522
U003194,O007512,722.65,2026-06-14,602460
U003194,O007513,437.26,2026-07-29,602460
U003195,O007514,925.14,2026-06-08,577110
U003195,O007515,1019.32,2026-06-11,577110
U003196,O007516,50.61,2026-03-25,210774
U003196,O007517,708.0,2026-03-28,210774
U003196,O007518,856.98,2026-07-25,210774
U003197,O007519,735.75,2026-07-08,553380
U003197,O007520,584.89,2026-07-23,553380
U003199,O007521,278.49,2026-05-19,270626
U003199,O007522,180.78,2026-05-24,270626
U003199,O007523,649.09,2026-07-12,270626
U003200,O007524,653.64,2026-08-26,435081
U003201,O007525,624.24,2026-01-24,636178
U003201,O007526,704.02,2026-02-17,636178
U003201,O007527,846.79,2026-02-26,636178
U003203,O007528,736.85,2026-02-04,351949
U003203,O007529,780.36,2026-02-28,351949
U003204,O007530,620.12,2026-05-12,207559
U003204,O007531,574.18,2026-05-28,207559
U003204,O007532,1312.42,2026-06-01,207559
U003205,O007533,1040.69,2026-06-26,507772
U003207,O007534,605.69,2025-10-26,535729
U003207,O007535,741.54,2026-06-01,535729
U003207,O007536,836.2,2026-06-05,535729
U003207,O007537,1470.93,2026-06-14,535729
U003208,O007538,905.01,2025-11-25,115071
U003209,O007539,898.34,2025-11-26,284610
U003209,O007540,798.28,2025-12-15,284610
U003209,O007541,255.84,2026-02-18,284610
U003210,O007542,984.87,2026-07-13,749828
U003211,O007543,631.51,2025-12-07,644659
U003211,O007544,453.25,2025-12-12,644659
U003211,O007545,774.15,2025-12-14,644659
U003212,O007546,964.92,2026-08-07,188376
U003213,O007547,1202.12,2026-08-21,339348
U003213,O007548,920.64,2026-08-26,339348
U003216,O007549,360.9,2026-07-09,556690
U003216,O007550,477.79,2026-07-19,556690
U003217,O007551,924.44,2026-04-21,161439
U003217,O007552,844.97,2026-05-23,161439
U003218,O007553,757.78,2026-07-27,652609
U003218,O007554,681.73,2026-07-30,652609
U003218,O007555,978.48,2026-08-25,652609
U003219,O007556,1040.79,2026-07-04,191100
U003219,O007557,472.23,2026-07-31,191100
U003219,O007558,1056.81,2026-08-16,191100
U003219,O007559,887.31,2026-08-18,191100
U003219,O007560,594.46,2026-08-22,191100
U003220,O007561,565.98,2026-03-22,133649
U003221,O007562,809.95,2026-06-13,613770
U003221,O007563,675.86,2026-06-15,613770
U003221,O007564,975.85,2026-06-24,613770
U003221,O007565,424.55,2026-07-07,613770
U003222,O007566,534.86,2025-09-20,754941
U003222,O007567,1048.25,2025-10-17,754941
U003223,O007568,596.82,2026-08-22,421820
U003224,O007569,732.49,2025-10-28,628178
U003224,O007570,504.6,2026-02-10,628178
U003224,O007571,1018.24,2026-02-16,628178
U003224,O007572,255.29,2026-04-04,628178
U003224,O007573,340.07,2026-05-06,628178
U003225,O007574,529.88,2025-12-02,286009
U003225,O007575,64.49,2025-12-10,286009
U003225,O007576,411.57,2025-12-20,286009
U003226,O007577,749.85,2026-03-08,559068
U003226,O007578,745.08,2026-06-20,559068
U003226,O007579,872.41,2026-08-18,559068
U003226,O007580,785.51,2026-08-22,559068
U003227,O007581,315.07,2025-12-11,723948
U003227,O007582,589.66,2026-01-22,723948
U003227,O007583,581.11,2026-03-07,723948
U003227,O007584,448.04,2026-04-21,723948
U003229,O007585,934.15,2026-06-03,803297
U003229,O007586,824.52,2026-07-17,803297
U003230,O007587,713.52,2025-10-27,700734
U003230,O007588,927.0,2025-11-07,700734
U003232,O007589,512.64,2025-11-19,372031
U003234,O007590,253.29,2026-02-02,282797
U003234,O007591,498.62,2026-02-27,282797
U003234,O007592,658.5,2026-04-10,282797
U003235,O007593,1043.64,2026-07-18,457748
U003237,O007594,320.15,2025-11-05,467601
U003238,O007595,566.03,2025-11-15,648182
U003238,O007596,650.18,2025-11-17,648182
U003238,O007597,899.55,2025-11-26,648182
U003239,O007598,168.94,2026-01-01,630621
U003240,O007599,1304.32,2025-10-31,375778
U003240,O007600,719.9,2025-12-07,375778
U003241,O007601,704.97,2025-11-15,522048
U003241,O007602,613.93,2025-12-16,522048
U003241,O007603,513.55,2026-02-05,522048
U003241,O007604,1403.22,2026-02-16,522048
U003241,O007605,984.86,2026-04-13,522048
U003242,O007606,801.79,2026-02-07,724507
U003243,O007607,941.72,2026-05-03,340805
U003243,O007608,911.31,2026-05-13,340805
U003243,O007609,407.23,2026-05-26,340805
U003244,O007610,704.04,2026-08-23,818099
U003245,O007611,1348.15,2026-07-20,249460
U003245,O007612,260.69,2026-07-23,249460
U003247,O007613,268.15,2025-10-31,713085
U003248,O007614,741.56,2025-12-01,665849
U003248,O007615,774.84,2026-01-25,665849
U003248,O007616,434.03,2026-01-31,665849
U003248,O007617,117.55,2026-03-28,665849
U003248,O007618,944.94,2026-06-04,665849
U003248,O007619,309.69,2026-06-07,665849
U003248,O007620,1126.1,2026-06-24,665849
U003249,O007621,626.11,2025-10-13,722254
U003249,O007622,682.33,2025-11-17,722254
U003249,O007623,656.19,2025-11-19,722254
U003250,O007624,632.11,2026-06-01,179900
U003250,O007625,379.29,2026-07-03,179900
U003250,O007626,781.8,2026-08-02,179900
U003251,O007627,159.29,2026-08-01,486556
U003251,O007628,302.67,2026-08-03,486556
U003253,O007629,519.9,2026-08-20,557261
U003255,O007630,1082.8,2026-05-21,782818
U003256,O007631,936.79,2026-07-14,293532
U003256,O007632,563.25,2026-08-08,293532
U003257,O007633,677.89,2026-08-14,491167
U003259,O007634,722.92,2026-05-07,120655
U003259,O007635,61.99,2026-05-08,120655
U003259,O007636,623.76,2026-06-13,120655
U003259,O007637,229.27,2026-06-21,120655
U003261,O007638,652.08,2025-11-29,653705
U003263,O007639,667.45,2026-05-22,803752
U003263,O007640,571.31,2026-06-11,803752
U003264,O007641,561.16,2025-10-31,758156
U003264,O007642,529.18,2025-11-21,758156
U003264,O007643,461.99,2025-11-23,758156
U003265,O007644,459.33,2025-09-10,709748
U003265,O007645,1133.92,2025-09-14,709748
U003265,O007646,869.18,2025-12-28,709748
U003266,O007647,918.88,2025-12-28,188218
U003266,O007648,607.46,2026-02-13,188218
U003267,O007649,438.88,2026-01-28,636023
U003267,O007650,899.55,2026-02-22,636023
U003269,O007651,213.17,2025-12-03,229585
U003269,O007652,49.0,2025-12-28,229585
U003270,O007653,1242.97,2026-08-12,891541
U003270,O007654,439.98,2026-08-14,891541
U003271,O007655,49.0,2026-03-24,526074
U003271,O007656,892.18,2026-04-23,526074
U003272,O007657,1326.66,2026-04-19,154184
U003272,O007658,524.73,2026-07-06,154184
U003273,O007659,248.8,2025-11-24,514786
U003274,O007660,966.95,2026-01-04,751832
U003274,O007661,719.14,2026-01-12,751832
U003274,O007662,201.94,2026-01-25,751832
U003274,O007663,804.86,2026-03-24,751832
U003274,O007664,219.94,2026-04-07,751832
U003275,O007665,778.16,2025-09-07,287240
U003277,O007666,153.81,2025-09-23,656762
U003277,O007667,535.52,2025-10-10,656762
U003278,O007668,515.48,2026-05-17,544236
U003278,O007669,236.23,2026-06-30,544236
U003278,O007670,909.34,2026-07-20,544236
U003280,O007671,493.6,2025-10-09,836727
U003280,O007672,238.2,2025-10-28,836727
U003281,O007673,856.05,2026-04-26,446299
U003282,O007674,492.29,2025-12-27,567737
U003282,O007675,621.34,2026-02-04,567737
U003282,O007676,628.97,2026-02-15,567737
U003282,O007677,686.59,2026-03-06,567737
U003282,O007678,404.74,2026-06-05,567737
U003283,O007679,631.09,2026-07-25,808536
U003283,O007680,746.12,2026-07-28,808536
U003283,O007681,49.0,2026-08-06,808536
U003284,O007682,1335.54,2026-04-29,641575
U003284,O007683,938.16,2026-05-18,641575
U003284,O007684,769.12,2026-05-24,641575
U003284,O007685,663.35,2026-07-10,641575
U003284,O007686,242.12,2026-08-22,641575
U003285,O007687,1034.32,2025-10-28,496272
U003285,O007688,984.97,2026-01-09,496272
U003287,O007689,456.23,2026-02-05,509548
U003290,O007690,443.31,2026-06-11,266628
U003290,O007691,858.4,2026-07-05,266628
U003290,O007692,744.16,2026-07-17,266628
U003291,O007693,352.1,2026-07-07,574101
U003291,O007694,431.42,2026-07-09,574101
U003292,O007695,1089.23,2026-06-28,195090
U003293,O007696,1343.08,2026-06-07,288667
U003293,O007697,538.12,2026-06-22,288667
U003294,O007698,882.57,2026-01-19,615940
U003295,O007699,509.84,2026-03-02,270995
U003295,O007700,767.78,2026-03-15,270995
U003296,O007701,228.92,2026-01-16,292214
U003296,O007702,510.19,2026-06-12,292214
U003297,O007703,873.39,2026-01-20,567386
U003297,O007704,1003.93,2026-01-23,567386
U003297,O007705,430.67,2026-03-10,567386
U003301,O007706,614.05,2026-05-10,580417
U003301,O007707,444.29,2026-06-03,580417
U003302,O007708,278.34,2026-08-10,495959
U003303,O007709,240.52,2026-04-18,617217
U003303,O007710,677.78,2026-04-21,617217
U003303,O007711,823.04,2026-05-01,617217
U003303,O007712,664.94,2026-05-12,617217
U003303,O007713,712.1,2026-05-30,617217
U003305,O007714,743.6,2025-10-03,394831
U003306,O007715,588.25,2026-07-02,134754
U003306,O007716,567.5,2026-07-10,134754
U003306,O007717,639.99,2026-07-11,134754
U003306,O007718,846.82,2026-07-23,134754
U003308,O007719,731.94,2025-12-03,148283
U003308,O007720,1105.7,2025-12-23,148283
U003309,O007721,1012.57,2026-06-24,458381
U003309,O007722,493.36,2026-07-05,458381
U003309,O007723,978.17,2026-07-11,458381
U003310,O007724,415.17,2026-01-06,394143
U003310,O007725,379.47,2026-01-10,394143
U003310,O007726,646.01,2026-01-17,394143
U003310,O007727,673.21,2026-04-07,394143
U003310,O007728,731.81,2026-04-13,394143
U003311,O007729,231.23,2026-04-11,240604
U003311,O007730,738.01,2026-07-07,240604
U003312,O007731,541.91,2025-10-19,599005
U003313,O007732,773.59,2026-01-13,259681
U003313,O007733,708.94,2026-03-07,259681
U003313,O007734,1099.81,2026-04-16,259681
U003313,O007735,417.23,2026-06-04,259681
U003315,O007736,259.4,2025-10-24,342402
U003315,O007737,979.96,2025-11-06,342402
U003315,O007738,379.89,2026-01-13,342402
U003315,O007739,703.97,2026-01-26,342402
U003316,O007740,182.97,2026-01-01,226990
U003316,O007741,980.29,2026-01-23,226990
U003316,O007742,251.23,2026-04-06,226990
U003317,O007743,285.64,2026-01-23,260106
U003317,O007744,434.98,2026-01-31,260106
U003317,O007745,554.1,2026-03-27,260106
U003318,O007746,474.16,2026-04-21,576062
U003318,O007747,572.73,2026-05-15,576062
U003319,O007748,568.92,2026-08-21,791883
U003319,O007749,670.5,2026-08-25,791883
U003320,O007750,1432.98,2025-10-17,206466
U003321,O007751,875.95,2026-05-19,520745
U003323,O007752,1164.53,2026-04-15,522575
U003323,O007753,604.16,2026-04-16,522575
U003323,O007754,671.62,2026-05-07,522575
U003324,O007755,1112.04,2025-12-04,713980
U003324,O007756,629.58,2025-12-19,713980
U003324,O007757,808.02,2026-03-26,713980
U003324,O007758,628.94,2026-05-10,713980
U003324,O007759,1195.31,2026-05-28,713980
U003324,O007760,815.83,2026-06-21,713980
U003325,O007761,565.4,2026-05-28,279800
U003325,O007762,183.17,2026-06-23,279800
U003326,O007763,674.09,2026-06-19,876023
U003326,O007764,463.63,2026-07-16,876023
U003326,O007765,888.99,2026-08-02,876023
U003327,O007766,503.51,2026-06-11,660313
U003327,O007767,467.17,2026-07-03,660313
U003327,O007768,884.1,2026-07-20,660313
U003328,O007769,691.37,2025-12-30,347115
U003328,O007770,686.51,2026-02-09,347115
U003328,O007771,533.46,2026-03-06,347115
U003328,O007772,779.71,2026-03-12,347115
U003329,O007773,663.2,2026-06-26,651098
U003330,O007774,795.35,2026-06-23,553846
U003330,O007775,909.99,2026-07-26,553846
U003330,O007776,1046.47,2026-08-14,553846
U003330,O007777,886.46,2026-08-19,553846
U003332,O007778,640.47,2026-06-08,349028
U003333,O007779,1086.57,2026-02-19,153847
U003333,O007780,632.23,2026-03-04,153847
U003333,O007781,1318.14,2026-04-18,153847
U003333,O007782,889.18,2026-05-25,153847
U003335,O007783,440.75,2026-01-13,243724
U003335,O007784,1315.59,2026-02-12,243724
U003335,O007785,823.21,2026-02-18,243724
U003335,O007786,475.84,2026-03-26,243724
U003336,O007787,53.52,2025-10-22,836897
U003336,O007788,521.08,2025-10-27,836897
U003337,O007789,607.93,2026-05-15,886186
U003337,O007790,570.7,2026-05-19,886186
U003339,O007791,516.98,2026-06-14,240267
U003339,O007792,658.83,2026-06-19,240267
U003340,O007793,527.21,2026-08-14,601466
U003341,O007794,1123.35,2026-08-15,580766
U003342,O007795,986.67,2026-02-05,383874
U003342,O007796,1214.96,2026-02-21,383874
U003343,O007797,444.9,2025-10-25,248427
U003343,O007798,696.19,2025-12-05,248427
U003343,O007799,1101.65,2025-12-10,248427
U003343,O007800,623.07,2026-03-03,248427
U003344,O007801,675.83,2026-05-22,250800
U003345,O007802,404.78,2026-03-31,581061
U003345,O007803,193.67,2026-04-26,581061
U003345,O007804,328.4,2026-07-24,581061
U003345,O007805,741.31,2026-07-25,581061
U003346,O007806,720.84,2025-11-20,494867
U003346,O007807,630.86,2025-11-21,494867
U003346,O007808,590.81,2025-12-03,494867
U003346,O007809,781.79,2025-12-12,494867
U003346,O007810,593.21,2026-01-21,494867
U003346,O007811,1150.78,2026-04-20,494867
U003347,O007812,639.81,2026-03-13,713337
U003349,O007813,895.05,2026-02-18,237187
U003349,O007814,616.95,2026-03-03,237187
U003351,O007815,883.83,2026-07-13,696683
U003353,O007816,402.59,2026-03-16,776144
U003353,O007817,616.15,2026-03-23,776144
U003353,O007818,493.62,2026-04-21,776144
U003353,O007819,681.55,2026-05-09,776144
U003353,O007820,834.55,2026-06-02,776144
U003354,O007821,534.93,2026-01-16,173286
U003354,O007822,837.16,2026-02-03,173286
U003355,O007823,709.39,2025-11-07,755099
U003355,O007824,654.25,2025-12-02,755099
U003356,O007825,421.76,2026-05-27,482055
U003356,O007826,551.14,2026-06-11,482055
U003356,O007827,530.01,2026-07-27,482055
U003357,O007828,851.49,2026-08-02,507579
U003358,O007829,1124.09,2025-11-24,250699
U003358,O007830,49.0,2025-11-25,250699
U003358,O007831,958.23,2025-12-24,250699
U003358,O007832,1002.44,2026-01-07,250699
U003359,O007833,549.87,2026-01-06,654444
U003359,O007834,750.56,2026-04-17,654444
U003359,O007835,990.76,2026-04-23,654444
U003359,O007836,769.65,2026-04-25,654444
U003361,O007837,591.69,2026-07-14,425877
U003361,O007838,663.71,2026-07-29,425877
U003361,O007839,469.34,2026-08-02,425877
U003362,O007840,468.85,2026-01-12,834187
U003364,O007841,835.97,2025-10-11,311572
U003365,O007842,49.0,2026-01-28,471645
U003365,O007843,534.59,2026-03-11,471645
U003366,O007844,379.9,2025-12-02,499626
U003366,O007845,689.08,2026-01-10,499626
U003366,O007846,617.97,2026-03-28,499626
U003367,O007847,277.55,2026-03-17,219363
U003367,O007848,254.16,2026-03-28,219363
U003368,O007849,924.79,2026-03-25,458746
U003368,O007850,208.01,2026-03-31,458746
U003368,O007851,281.51,2026-04-17,458746
U003368,O007852,150.84,2026-04-24,458746
U003369,O007853,406.62,2026-01-12,384609
U003369,O007854,297.4,2026-02-14,384609
U003369,O007855,798.24,2026-03-01,384609
U003371,O007856,286.63,2025-09-22,285001
U003371,O007857,405.7,2025-10-06,285001
U003371,O007858,688.92,2025-11-03,285001
U003372,O007859,687.1,2025-12-29,888749
U003372,O007860,745.87,2026-01-18,888749
U003372,O007861,197.65,2026-01-28,888749
U003374,O007862,631.6,2026-01-21,458575
U003374,O007863,588.76,2026-01-26,458575
U003375,O007864,1456.19,2026-03-14,879529
U003376,O007865,838.6,2026-01-12,328369
U003377,O007866,730.28,2026-05-16,357552
U003377,O007867,636.77,2026-07-02,357552
U003377,O007868,759.47,2026-08-21,357552
U003378,O007869,260.34,2026-07-05,738789
U003378,O007870,629.31,2026-07-11,738789
U003379,O007871,747.15,2026-05-06,872300
U003379,O007872,1041.64,2026-05-07,872300
U003381,O007873,1139.75,2026-02-17,435758
U003381,O007874,581.31,2026-03-14,435758
U003381,O007875,556.46,2026-05-11,435758
U003381,O007876,125.79,2026-06-03,435758
U003383,O007877,377.19,2026-04-05,717467
U003383,O007878,329.29,2026-04-21,717467
U003383,O007879,874.03,2026-05-16,717467
U003383,O007880,767.62,2026-05-31,717467
U003384,O007881,572.75,2025-12-13,591909
U003384,O007882,855.76,2025-12-26,591909
U003384,O007883,647.95,2025-12-27,591909
U003384,O007884,428.64,2026-02-14,591909
U003385,O007885,475.58,2026-02-06,574054
U003385,O007886,924.16,2026-03-14,574054
U003385,O007887,707.15,2026-03-29,574054
U003386,O007888,386.53,2026-06-13,680082
U003386,O007889,895.66,2026-08-06,680082
U003387,O007890,852.21,2026-07-19,845019
U003387,O007891,595.73,2026-07-29,845019
U003387,O007892,379.13,2026-08-12,845019
U003390,O007893,970.45,2026-04-21,622559
U003390,O007894,519.4,2026-04-28,622559
U003390,O007895,791.04,2026-05-07,622559
U003390,O007896,769.32,2026-05-11,622559
U003391,O007897,340.04,2026-05-29,191559
U003391,O007898,708.25,2026-07-05,191559
U003393,O007899,726.39,2026-01-04,820448
U003393,O007900,854.8,2026-01-09,820448
U003393,O007901,952.16,2026-02-22,820448
U003394,O007902,845.04,2026-01-15,669640
U003395,O007903,645.95,2026-06-27,685939
U003395,O007904,424.42,2026-08-15,685939
U003395,O007905,490.51,2026-08-25,685939
U003396,O007906,933.6,2026-05-13,611005
U003396,O007907,1347.14,2026-07-09,611005
U003396,O007908,624.2,2026-07-22,611005
U003398,O007909,494.33,2026-04-24,283123
U003398,O007910,641.89,2026-05-06,283123
U003399,O007911,446.34,2025-11-09,221353
U003400,O007912,919.65,2026-08-20,327934
U003401,O007913,212.08,2026-05-22,189080
U003402,O007914,373.28,2026-06-04,774852
U003402,O007915,640.19,2026-06-14,774852
U003402,O007916,453.83,2026-07-05,774852
U003405,O007917,1081.73,2026-04-24,235314
U003405,O007918,813.36,2026-05-04,235314
U003406,O007919,556.37,2026-06-25,397953
U003406,O007920,992.93,2026-08-05,397953
U003407,O007921,609.84,2026-01-20,184435
U003407,O007922,509.36,2026-02-05,184435
U003409,O007923,542.42,2026-06-29,262638
U003409,O007924,255.78,2026-08-09,262638
U003410,O007925,324.64,2026-07-05,224568
U003411,O007926,877.91,2026-08-22,867139
U003412,O007927,1000.42,2025-11-19,172843
U003413,O007928,1114.94,2025-12-17,559153
U003413,O007929,630.25,2025-12-22,559153
U003413,O007930,975.31,2025-12-28,559153
U003414,O007931,620.04,2025-12-14,307296
U003414,O007932,514.25,2026-01-11,307296
U003414,O007933,843.57,2026-01-31,307296
U003415,O007934,1000.51,2026-05-01,455295
U003416,O007935,255.4,2026-01-23,642607
U003417,O007936,681.26,2026-01-21,897789
U003417,O007937,702.25,2026-03-07,897789
U003417,O007938,489.95,2026-03-17,897789
U003417,O007939,49.0,2026-03-29,897789
U003418,O007940,62.72,2025-10-25,350353
U003419,O007941,679.42,2026-02-17,210172
U003419,O007942,386.02,2026-03-12,210172
U003419,O007943,395.39,2026-05-05,210172
U003420,O007944,925.44,2025-10-28,147767
U003420,O007945,1015.68,2025-11-05,147767
U003420,O007946,971.54,2025-11-08,147767
U003420,O007947,785.68,2025-11-20,147767
U003420,O007948,621.93,2025-12-21,147767
U003421,O007949,449.41,2026-07-13,512974
U003422,O007950,836.57,2026-01-30,676740
U003422,O007951,980.28,2026-04-08,676740
U003424,O007952,257.46,2026-03-25,437724
U003424,O007953,444.66,2026-06-04,437724
U003425,O007954,545.88,2026-08-26,763303
U003426,O007955,710.12,2026-06-13,450541
U003426,O007956,856.11,2026-07-24,450541
U003426,O007957,423.91,2026-07-27,450541
U003427,O007958,808.34,2025-11-14,683493
U003427,O007959,715.11,2025-11-27,683493
U003430,O007960,393.01,2025-11-23,226636
U003430,O007961,330.1,2025-12-21,226636
U003430,O007962,273.52,2025-12-22,226636
U003431,O007963,540.32,2026-01-16,456396
U003431,O007964,501.4,2026-03-01,456396
U003432,O007965,767.68,2026-04-15,531510
U003433,O007966,644.86,2026-02-09,854879
U003433,O007967,123.0,2026-03-11,854879
U003433,O007968,910.59,2026-03-15,854879
U003434,O007969,956.6,2026-08-15,138167
U003435,O007970,596.34,2026-01-21,693433
U003435,O007971,957.39,2026-02-02,693433
U003435,O007972,835.15,2026-03-06,693433
U003435,O007973,895.32,2026-04-05,693433
U003435,O007974,918.79,2026-04-14,693433
U003436,O007975,365.11,2026-07-11,797360
U003437,O007976,1160.93,2026-06-11,449088
U003437,O007977,172.77,2026-06-13,449088
U003437,O007978,854.72,2026-07-09,449088
U003437,O007979,548.15,2026-08-02,449088
U003438,O007980,962.69,2026-07-14,541023
U003438,O007981,437.98,2026-07-24,541023
U003438,O007982,855.4,2026-07-29,541023
U003439,O007983,327.53,2026-03-16,502421
U003439,O007984,1274.27,2026-03-29,502421
U003439,O007985,1000.31,2026-04-16,502421
U003439,O007986,158.34,2026-06-21,502421
U003439,O007987,490.93,2026-06-22,502421
U003440,O007988,450.38,2025-09-18,366000
U003440,O007989,662.42,2026-02-11,366000
U003440,O007990,702.41,2026-02-28,366000
U003442,O007991,749.88,2026-04-22,476550
U003442,O007992,467.32,2026-05-27,476550
U003442,O007993,556.07,2026-06-08,476550
U003443,O007994,195.49,2026-06-06,836112
U003443,O007995,841.94,2026-06-14,836112
U003443,O007996,346.05,2026-06-25,836112
U003443,O007997,756.17,2026-08-03,836112
U003444,O007998,891.76,2025-11-14,403079
U003444,O007999,386.01,2026-01-09,403079
U003445,O008000,1081.54,2026-03-15,210678
U003445,O008001,753.74,2026-05-27,210678
U003445,O008002,468.87,2026-06-06,210678
U003445,O008003,1437.39,2026-07-21,210678
U003445,O008004,427.63,2026-08-05,210678
U003445,O008005,1129.04,2026-08-10,210678
U003445,O008006,1253.7,2026-08-14,210678
U003446,O008007,765.8,2026-03-16,523054
U003446,O008008,58.92,2026-04-16,523054
U003446,O008009,342.15,2026-06-28,523054
U003446,O008010,668.75,2026-07-02,523054
U003446,O008011,603.3,2026-07-18,523054
U003447,O008012,491.41,2026-05-23,836557
U003447,O008013,1148.83,2026-06-18,836557
U003448,O008014,815.89,2025-11-21,506023
U003448,O008015,640.38,2026-01-31,506023
U003448,O008016,609.62,2026-03-21,506023
U003449,O008017,467.4,2026-01-08,606104
U003449,O008018,581.6,2026-03-01,606104
U003449,O008019,850.75,2026-03-20,606104
U003449,O008020,49.0,2026-05-29,606104
U003449,O008021,409.08,2026-06-17,606104
U003450,O008022,271.15,2025-11-26,838337
U003450,O008023,528.52,2025-12-01,838337
U003450,O008024,334.08,2025-12-16,838337
U003451,O008025,745.6,2026-07-28,743061
U003451,O008026,439.41,2026-08-09,743061
U003452,O008027,494.75,2026-07-07,537063
U003452,O008028,882.54,2026-07-25,537063
U003453,O008029,514.32,2025-10-28,141009
U003453,O008030,841.27,2025-10-29,141009
U003454,O008031,451.64,2026-03-03,565972
U003454,O008032,396.57,2026-03-07,565972
U003454,O008033,887.01,2026-05-03,565972
U003456,O008034,55.69,2026-02-14,126264
U003457,O008035,578.76,2026-03-05,711250
U003457,O008036,211.13,2026-03-08,711250
U003458,O008037,540.8,2026-02-11,242459
U003458,O008038,552.16,2026-02-16,242459
U003458,O008039,429.22,2026-04-12,242459
U003459,O008040,667.84,2026-05-08,829643
U003459,O008041,658.11,2026-05-30,829643
U003460,O008042,298.48,2026-06-27,271629
U003460,O008043,696.77,2026-07-05,271629
U003460,O008044,872.5,2026-07-16,271629
U003461,O008045,588.34,2026-03-12,664685
U003461,O008046,446.49,2026-03-18,664685
U003461,O008047,499.89,2026-04-01,664685
U003461,O008048,918.38,2026-04-12,664685
U003461,O008049,749.62,2026-04-19,664685
U003461,O008050,528.38,2026-05-02,664685
U003463,O008051,144.85,2026-08-06,242356
U003464,O008052,1672.92,2026-07-18,263798
U003464,O008053,919.65,2026-08-10,263798
U003465,O008054,637.4,2026-07-01,319871
U003467,O008055,203.25,2025-10-10,260917
U003468,O008056,1466.34,2025-10-25,616260
U003468,O008057,785.94,2025-10-31,616260
U003470,O008058,377.68,2025-10-22,798915
U003472,O008059,641.04,2026-03-31,709532
U003472,O008060,812.48,2026-04-12,709532
U003473,O008061,501.53,2026-01-21,161490
U003474,O008062,363.93,2025-11-12,391164
U003474,O008063,437.53,2025-11-21,391164
U003477,O008064,370.81,2026-05-17,373206
U003478,O008065,361.44,2026-06-23,287454
U003478,O008066,618.48,2026-06-25,287454
U003478,O008067,251.06,2026-07-11,287454
U003479,O008068,742.98,2025-10-22,649023
U003479,O008069,1312.44,2025-10-24,649023
U003479,O008070,734.56,2025-11-09,649023
U003479,O008071,1084.5,2025-11-20,649023
U003480,O008072,655.64,2026-08-24,177027
U003481,O008073,941.86,2026-04-29,732209
U003481,O008074,850.22,2026-05-08,732209
U003482,O008075,362.85,2025-09-26,491319
U003482,O008076,425.64,2025-10-22,491319
U003482,O008077,571.37,2025-11-03,491319
U003482,O008078,98.37,2025-12-07,491319
U003482,O008079,758.62,2026-01-10,491319
U003483,O008080,591.37,2026-08-12,150244
U003484,O008081,886.97,2026-03-09,428282
U003484,O008082,711.26,2026-04-22,428282
U003484,O008083,562.1,2026-06-18,428282
U003486,O008084,732.11,2026-02-18,270146
U003486,O008085,649.68,2026-02-21,270146
U003486,O008086,452.92,2026-03-30,270146
U003487,O008087,585.47,2026-04-27,254249
U003487,O008088,593.96,2026-08-13,254249
U003488,O008089,1002.34,2026-05-31,348315
U003488,O008090,381.63,2026-07-05,348315
U003488,O008091,214.67,2026-07-19,348315
U003489,O008092,533.85,2026-07-04,335405
U003489,O008093,589.72,2026-08-03,335405
U003489,O008094,704.75,2026-08-06,335405
U003490,O008095,456.36,2026-04-03,311134
U003490,O008096,684.63,2026-04-18,311134
U003490,O008097,633.74,2026-04-29,311134
U003490,O008098,526.09,2026-05-06,311134
U003490,O008099,162.13,2026-06-03,311134
U003490,O008100,222.87,2026-06-16,311134
U003491,O008101,644.66,2026-05-28,755990
U003492,O008102,323.18,2025-11-25,716804
U003492,O008103,381.09,2025-12-17,716804
U003493,O008104,325.65,2026-07-06,519946
U003493,O008105,428.17,2026-07-09,519946
U003493,O008106,409.46,2026-08-17,519946
U003494,O008107,192.55,2025-12-11,420077
U003494,O008108,674.81,2025-12-17,420077
U003494,O008109,115.07,2026-02-20,420077
U003494,O008110,453.31,2026-02-23,420077
U003495,O008111,653.03,2025-12-30,590915
U003495,O008112,362.92,2026-07-06,590915
U003496,O008113,79.77,2026-05-24,848505
U003497,O008114,856.8,2026-02-24,480706
U003498,O008115,314.07,2026-05-31,870646
U003498,O008116,1123.92,2026-06-28,870646
U003499,O008117,575.94,2025-11-04,350168
U003499,O008118,256.1,2026-04-07,350168
U003499,O008119,535.69,2026-07-04,350168
U003499,O008120,953.92,2026-07-19,350168
U003500,O008121,851.34,2026-06-04,608682
U003500,O008122,751.61,2026-06-29,608682
U003500,O008123,250.65,2026-07-10,608682
U003501,O008124,249.37,2025-12-09,561051
U003501,O008125,1222.39,2026-01-01,561051
U003501,O008126,696.46,2026-02-24,561051
U003501,O008127,736.79,2026-04-09,561051
U003501,O008128,953.16,2026-04-21,561051
U003502,O008129,624.06,2026-06-21,400115
U003502,O008130,895.69,2026-07-10,400115
U003504,O008131,1228.81,2026-03-21,228591
U003504,O008132,892.67,2026-04-19,228591
U003506,O008133,630.67,2026-06-28,675741
U003507,O008134,350.59,2026-08-13,501196
U003509,O008135,412.1,2026-03-24,173536
U003509,O008136,481.57,2026-03-31,173536
U003509,O008137,630.56,2026-04-21,173536
U003510,O008138,1159.44,2025-09-23,345697
U003510,O008139,701.67,2025-10-02,345697
U003511,O008140,928.77,2026-02-06,790035
U003511,O008141,612.47,2026-02-10,790035
U003511,O008142,743.95,2026-02-17,790035
U003511,O008143,752.97,2026-02-28,790035
U003512,O008144,756.91,2026-05-05,367731
U003514,O008145,417.31,2026-06-28,538999
U003515,O008146,928.89,2025-12-28,157798
U003515,O008147,962.7,2026-01-08,157798
U003515,O008148,220.8,2026-03-03,157798
U003515,O008149,1291.52,2026-05-04,157798
U003515,O008150,510.6,2026-05-20,157798
U003515,O008151,1279.35,2026-06-17,157798
U003516,O008152,838.61,2026-04-05,477499
U003516,O008153,433.46,2026-04-07,477499
U003516,O008154,1477.32,2026-07-21,477499
U003517,O008155,854.28,2025-09-29,574405
U003518,O008156,770.49,2026-05-08,458805
U003518,O008157,1230.41,2026-05-10,458805
U003521,O008158,406.5,2026-08-04,254425
U003522,O008159,817.87,2025-12-05,649242
U003522,O008160,417.87,2026-01-21,649242
U003522,O008161,460.38,2026-03-25,649242
U003524,O008162,982.61,2026-02-07,778914
U003524,O008163,215.35,2026-04-23,778914
U003525,O008164,469.38,2026-05-13,764157
U003525,O008165,121.65,2026-06-16,764157
U003525,O008166,635.67,2026-06-22,764157
U003526,O008167,582.92,2025-10-13,773375
U003526,O008168,1086.49,2025-10-23,773375
U003527,O008169,585.07,2026-08-25,776034
U003528,O008170,323.9,2025-10-31,353212
U003528,O008171,361.72,2025-11-14,353212
U003528,O008172,380.96,2025-11-23,353212
U003529,O008173,388.27,2025-10-19,586816
U003529,O008174,350.64,2025-10-26,586816
U003529,O008175,782.4,2025-11-16,586816
U003529,O008176,974.98,2025-12-23,586816
U003530,O008177,281.45,2026-02-27,336053
U003530,O008178,388.46,2026-03-13,336053
U003530,O008179,759.23,2026-05-04,336053
U003530,O008180,645.01,2026-05-19,336053
U003530,O008181,1345.62,2026-06-11,336053
U003532,O008182,815.79,2026-01-08,515516
U003532,O008183,748.22,2026-01-24,515516
U003533,O008184,456.34,2026-06-23,437500
U003533,O008185,771.5,2026-06-27,437500
U003533,O008186,828.35,2026-08-23,437500
U003534,O008187,965.27,2025-10-27,385753
U003534,O008188,154.83,2025-11-21,385753
U003536,O008189,490.51,2025-10-18,254642
U003537,O008190,66.26,2026-07-28,121983
U003538,O008191,500.27,2026-04-07,740160
U003538,O008192,837.06,2026-04-21,740160
U003539,O008193,621.68,2026-06-17,645411
U003539,O008194,288.34,2026-06-22,645411
U003539,O008195,638.86,2026-07-18,645411
U003539,O008196,1320.12,2026-07-29,645411
U003540,O008197,458.14,2026-05-20,497438
U003540,O008198,926.1,2026-07-17,497438
U003540,O008199,498.13,2026-08-06,497438
U003541,O008200,49.0,2025-10-21,443632
U003541,O008201,551.96,2025-11-07,443632
U003541,O008202,194.02,2025-11-11,443632
U003541,O008203,613.04,2025-12-15,443632
U003542,O008204,580.03,2025-12-30,410215
U003542,O008205,835.02,2026-02-14,410215
U003542,O008206,697.46,2026-02-25,410215
U003542,O008207,764.49,2026-03-23,410215
U003542,O008208,671.42,2026-05-09,410215
U003542,O008209,625.22,2026-08-05,410215
U003545,O008210,49.0,2026-07-23,533564
U003545,O008211,625.73,2026-07-25,533564
U003546,O008212,1136.55,2026-01-03,717245
U003546,O008213,1030.21,2026-03-08,717245
U003547,O008214,918.27,2026-05-26,600189
U003547,O008215,732.44,2026-06-01,600189
U003547,O008216,137.03,2026-06-23,600189
U003548,O008217,459.64,2026-05-08,690419
U003548,O008218,837.61,2026-05-16,690419
U003549,O008219,531.55,2026-04-28,219635
U003549,O008220,614.54,2026-06-19,219635
U003550,O008221,519.17,2026-04-24,631436
U003550,O008222,247.19,2026-05-27,631436
U003550,O008223,766.06,2026-06-18,631436
U003550,O008224,764.3,2026-08-23,631436
U003551,O008225,817.99,2026-08-26,590406
U003552,O008226,587.41,2026-04-28,200777
U003552,O008227,577.3,2026-07-20,200777
U003552,O008228,401.91,2026-07-26,200777
U003553,O008229,826.01,2026-01-23,172751
U003553,O008230,262.29,2026-03-01,172751
U003554,O008231,982.35,2025-12-03,329073
U003554,O008232,502.48,2025-12-24,329073
U003554,O008233,936.66,2026-01-05,329073
U003555,O008234,924.67,2025-12-17,218263
U003555,O008235,960.95,2026-03-29,218263
U003555,O008236,698.39,2026-04-06,218263
U003556,O008237,300.24,2026-01-29,603762
U003556,O008238,836.56,2026-02-14,603762
U003556,O008239,650.25,2026-03-13,603762
U003556,O008240,431.63,2026-03-30,603762
U003556,O008241,465.24,2026-05-02,603762
U003557,O008242,923.23,2026-01-06,651447
U003557,O008243,990.02,2026-01-09,651447
U003559,O008244,615.75,2026-08-06,358084
U003560,O008245,839.57,2025-12-26,260334
U003560,O008246,242.33,2026-01-27,260334
U003560,O008247,733.94,2026-02-05,260334
U003562,O008248,456.05,2025-09-24,561411
U003565,O008249,639.49,2026-08-10,717744
U003567,O008250,352.94,2026-04-30,283034
U003568,O008251,772.3,2025-11-05,539039
U003568,O008252,730.49,2025-11-10,539039
U003568,O008253,205.9,2025-12-16,539039
U003568,O008254,49.0,2025-12-28,539039
U003569,O008255,834.91,2026-07-15,140951
U003570,O008256,838.05,2025-11-25,794755
U003571,O008257,108.89,2026-02-06,551821
U003571,O008258,357.23,2026-03-31,551821
U003571,O008259,854.93,2026-04-18,551821
U003572,O008260,585.03,2026-03-26,149537
U003572,O008261,855.09,2026-07-05,149537
U003572,O008262,834.84,2026-07-22,149537
U003572,O008263,840.5,2026-07-26,149537
U003573,O008264,926.54,2025-09-10,145634
U003573,O008265,886.76,2025-10-05,145634
U003573,O008266,395.2,2025-11-01,145634
U003573,O008267,723.77,2025-12-05,145634
U003573,O008268,1025.43,2025-12-26,145634
U003573,O008269,1259.59,2026-02-08,145634
U003574,O008270,352.22,2026-05-15,585392
U003574,O008271,644.96,2026-06-18,585392
U003575,O008272,842.45,2026-02-22,203288
U003575,O008273,372.31,2026-04-15,203288
U003577,O008274,197.56,2025-10-05,890453
U003577,O008275,528.49,2025-10-21,890453
U003578,O008276,312.02,2025-11-16,675617
U003578,O008277,874.06,2026-01-29,675617
U003578,O008278,300.28,2026-03-04,675617
U003578,O008279,106.29,2026-04-09,675617
U003579,O008280,461.85,2026-06-08,297570
U003579,O008281,707.05,2026-06-26,297570
U003580,O008282,925.15,2026-08-14,470626
U003581,O008283,580.34,2026-04-05,836533
U003582,O008284,310.08,2026-02-01,804916
U003582,O008285,887.93,2026-02-17,804916
U003582,O008286,397.17,2026-04-27,804916
U003584,O008287,706.39,2025-11-15,728456
U003585,O008288,609.85,2026-02-22,372180
U003585,O008289,1095.2,2026-04-26,372180
U003585,O008290,233.91,2026-06-19,372180
U003585,O008291,404.3,2026-06-22,372180
U003585,O008292,584.3,2026-07-02,372180
U003586,O008293,400.31,2025-10-29,686434
U003586,O008294,1042.53,2025-11-14,686434
U003586,O008295,303.66,2025-12-12,686434
U003587,O008296,888.23,2026-01-11,203722
U003587,O008297,49.0,2026-01-31,203722
U003587,O008298,421.46,2026-02-02,203722
U003588,O008299,537.35,2026-03-08,136011
U003590,O008300,380.71,2026-08-11,575034
U003591,O008301,667.67,2026-04-27,866778
U003591,O008302,816.44,2026-07-19,866778
U003592,O008303,914.63,2025-10-01,111196
U003593,O008304,728.44,2026-02-21,862849
U003593,O008305,825.0,2026-03-31,862849
U003593,O008306,530.77,2026-06-28,862849
U003594,O008307,732.04,2026-06-03,711212
U003594,O008308,453.25,2026-08-26,711212
U003595,O008309,551.75,2026-07-17,356033
U003595,O008310,919.3,2026-07-30,356033
U003596,O008311,681.48,2026-03-25,109343
U003596,O008312,791.96,2026-05-25,109343
U003598,O008313,592.56,2026-02-04,581187
U003598,O008314,1032.54,2026-02-07,581187
U003600,O008315,1116.23,2025-10-15,410518
U003600,O008316,528.6,2025-11-01,410518
U003601,O008317,469.65,2026-05-23,752811
U003601,O008318,530.46,2026-05-26,752811
U003601,O008319,475.31,2026-06-03,752811
U003601,O008320,424.06,2026-06-11,752811
U003602,O008321,344.81,2025-11-03,899260
U003603,O008322,452.52,2026-01-26,422070
U003603,O008323,576.44,2026-02-15,422070
U003603,O008324,643.06,2026-02-18,422070
U003603,O008325,390.93,2026-03-13,422070
U003603,O008326,1037.73,2026-04-09,422070
U003604,O008327,1010.18,2026-01-01,765074
U003604,O008328,653.47,2026-01-10,765074
U003606,O008329,402.21,2026-07-12,356230
U003606,O008330,1025.0,2026-08-04,356230
U003608,O008331,363.11,2025-09-07,728428
U003608,O008332,1045.13,2026-02-10,728428
U003608,O008333,49.0,2026-02-20,728428
U003608,O008334,499.74,2026-03-10,728428
U003609,O008335,627.76,2025-10-07,807537
U003609,O008336,901.35,2025-11-12,807537
U003609,O008337,595.48,2025-12-12,807537
U003610,O008338,279.56,2026-07-03,723140
U003610,O008339,862.06,2026-07-31,723140
U003611,O008340,787.62,2026-03-19,378692
U003611,O008341,1084.44,2026-04-06,378692
U003611,O008342,708.16,2026-07-12,378692
U003612,O008343,1107.08,2026-07-17,409766
U003612,O008344,49.97,2026-07-28,409766
U003613,O008345,693.41,2026-01-07,233922
U003613,O008346,822.43,2026-01-12,233922
U003613,O008347,392.39,2026-01-13,233922
U003613,O008348,379.79,2026-03-21,233922
U003613,O008349,1258.99,2026-04-03,233922
U003614,O008350,590.98,2026-05-15,750271
U003614,O008351,257.67,2026-06-22,750271
U003614,O008352,976.43,2026-06-25,750271
U003615,O008353,70.05,2026-03-19,816186
U003615,O008354,313.22,2026-03-23,816186
U003616,O008355,274.3,2026-05-10,344615
U003616,O008356,381.73,2026-06-22,344615
U003616,O008357,636.89,2026-06-30,344615
U003617,O008358,726.86,2026-04-08,132146
U003617,O008359,632.56,2026-07-19,132146
U003618,O008360,850.41,2026-01-04,440287
U003618,O008361,425.14,2026-02-08,440287
U003618,O008362,307.67,2026-02-20,440287
U003619,O008363,610.06,2026-05-26,100720
U003619,O008364,261.8,2026-06-08,100720
U003620,O008365,729.63,2026-07-24,546358
U003621,O008366,347.48,2026-02-13,162618
U003622,O008367,107.5,2026-06-21,541708
U003622,O008368,140.44,2026-07-05,541708
U003622,O008369,403.99,2026-07-08,541708
U003623,O008370,921.16,2026-08-25,812747
U003624,O008371,1407.68,2026-05-17,271382
U003624,O008372,590.72,2026-05-22,271382
U003625,O008373,451.0,2026-03-08,693450
U003625,O008374,881.45,2026-04-24,693450
U003626,O008375,586.01,2025-09-29,393174
U003627,O008376,793.17,2026-07-26,893763
U003627,O008377,150.45,2026-08-20,893763
U003627,O008378,994.98,2026-08-22,893763
U003628,O008379,834.35,2026-04-18,806482
U003629,O008380,909.4,2026-07-22,619059
U003629,O008381,226.83,2026-08-24,619059
U003630,O008382,366.27,2025-11-01,426263
U003630,O008383,86.97,2025-11-19,426263
U003631,O008384,704.97,2026-02-13,307260
U003631,O008385,1002.92,2026-03-14,307260
U003631,O008386,837.79,2026-05-06,307260
U003631,O008387,662.97,2026-06-20,307260
U003633,O008388,306.16,2026-01-21,268771
U003634,O008389,433.49,2026-03-23,671581
U003635,O008390,813.98,2026-08-08,454431
U003636,O008391,399.4,2026-06-16,177354
U003636,O008392,1105.63,2026-06-21,177354
U003636,O008393,594.1,2026-06-27,177354
U003637,O008394,380.4,2026-01-25,636165
U003637,O008395,585.94,2026-07-29,636165
U003637,O008396,131.1,2026-08-03,636165
U003637,O008397,684.35,2026-08-26,636165
U003638,O008398,596.16,2026-02-09,245022
U003639,O008399,1131.82,2026-04-28,344761
U003641,O008400,508.07,2025-12-14,826333
U003641,O008401,966.81,2025-12-21,826333
U003641,O008402,721.22,2026-03-14,826333
U003642,O008403,954.95,2026-06-08,460544
U003642,O008404,968.31,2026-06-18,460544
U003642,O008405,535.04,2026-08-16,460544
U003643,O008406,1046.49,2025-12-28,333552
U003644,O008407,49.0,2026-02-27,289263
U003645,O008408,618.59,2026-07-11,780914
U003645,O008409,587.78,2026-07-15,780914
U003645,O008410,889.68,2026-08-08,780914
U003646,O008411,739.06,2026-07-28,897135
U003646,O008412,501.04,2026-08-23,897135
U003647,O008413,722.2,2026-03-06,206294
U003647,O008414,573.28,2026-03-23,206294
U003647,O008415,858.67,2026-04-09,206294
U003648,O008416,49.0,2025-12-16,867406
U003648,O008417,1030.06,2025-12-20,867406
U003649,O008418,895.08,2026-06-11,726221
U003649,O008419,367.02,2026-06-28,726221
U003650,O008420,453.44,2026-02-15,236616
U003650,O008421,945.61,2026-02-26,236616
U003650,O008422,857.65,2026-03-25,236616
U003651,O008423,203.3,2026-06-03,583934
U003651,O008424,958.66,2026-07-28,583934
U003651,O008425,558.86,2026-08-23,583934
U003651,O008426,506.47,2026-08-25,583934
U003653,O008427,1313.56,2026-03-19,108360
U003654,O008428,343.84,2026-03-22,627431
U003656,O008429,426.17,2026-02-25,194452
U003656,O008430,629.23,2026-03-31,194452
U003656,O008431,729.61,2026-04-09,194452
U003656,O008432,839.31,2026-06-10,194452
U003657,O008433,361.94,2026-08-18,681218
U003658,O008434,967.82,2026-05-05,639036
U003658,O008435,693.31,2026-05-23,639036
U003658,O008436,553.38,2026-06-11,639036
U003659,O008437,625.26,2026-03-08,138921
U003659,O008438,502.3,2026-04-03,138921
U003659,O008439,541.95,2026-04-14,138921
U003660,O008440,426.7,2026-01-26,210672
U003660,O008441,794.47,2026-02-14,210672
U003661,O008442,747.32,2025-10-30,121450
U003661,O008443,550.32,2025-12-01,121450
U003662,O008444,1093.17,2026-06-22,274997
U003662,O008445,392.06,2026-08-10,274997
U003662,O008446,802.27,2026-08-18,274997
U003664,O008447,618.38,2026-01-27,706021
U003665,O008448,682.27,2026-05-15,540006
U003666,O008449,395.45,2026-06-23,497119
U003666,O008450,706.16,2026-08-15,497119
U003667,O008451,399.8,2025-10-30,206720
U003668,O008452,243.23,2026-02-16,884512
U003668,O008453,619.01,2026-03-03,884512
U003669,O008454,881.74,2025-12-10,403455
U003670,O008455,1068.11,2025-12-19,255596
U003670,O008456,1024.79,2026-04-29,255596
U003671,O008457,351.07,2026-06-13,760001
U003672,O008458,1007.45,2026-04-26,522358
U003672,O008459,894.88,2026-05-06,522358
U003672,O008460,644.02,2026-05-29,522358
U003673,O008461,1168.98,2025-11-23,294237
U003673,O008462,480.81,2026-01-22,294237
U003673,O008463,578.79,2026-01-24,294237
U003674,O008464,446.0,2025-12-27,243342
U003674,O008465,644.42,2026-07-11,243342
U003674,O008466,361.49,2026-07-25,243342
U003674,O008467,582.95,2026-08-03,243342
U003675,O008468,876.33,2026-08-23,768396
U003676,O008469,481.08,2026-01-23,677279
U003676,O008470,478.96,2026-02-10,677279
U003676,O008471,916.24,2026-05-06,677279
U003676,O008472,347.69,2026-06-01,677279
U003676,O008473,99.97,2026-06-15,677279
U003677,O008474,319.81,2026-01-27,758838
U003677,O008475,723.45,2026-02-04,758838
U003679,O008476,403.91,2026-04-09,215270
U003679,O008477,676.92,2026-05-26,215270
U003680,O008478,846.0,2026-06-01,824345
U003680,O008479,1118.48,2026-06-27,824345
U003680,O008480,1079.62,2026-07-13,824345
U003681,O008481,784.74,2026-05-05,252951
U003681,O008482,87.36,2026-05-20,252951
U003683,O008483,178.25,2026-07-11,775566
U003683,O008484,905.53,2026-07-15,775566
U003683,O008485,779.61,2026-07-21,775566
U003684,O008486,685.31,2026-04-14,585554
U003684,O008487,341.83,2026-04-26,585554
U003684,O008488,346.57,2026-06-29,585554
U003684,O008489,866.77,2026-07-02,585554
U003685,O008490,609.39,2025-11-07,895808
U003686,O008491,1061.38,2026-03-06,381454
U003686,O008492,730.12,2026-03-09,381454
U003687,O008493,329.07,2025-12-13,228765
U003687,O008494,852.4,2026-01-16,228765
U003687,O008495,705.81,2026-06-18,228765
U003687,O008496,797.66,2026-06-24,228765
U003688,O008497,1109.91,2026-07-09,273526
U003688,O008498,650.65,2026-07-28,273526
U003690,O008499,204.07,2026-04-02,828416
U003691,O008500,685.83,2026-08-22,867463
U003692,O008501,486.48,2025-09-19,755655
U003695,O008502,713.07,2025-10-12,515972
U003695,O008503,1032.01,2025-10-15,515972
U003695,O008504,573.15,2025-10-30,515972
U003695,O008505,481.58,2025-11-09,515972
U003696,O008506,487.6,2026-06-21,642922
U003696,O008507,469.47,2026-07-02,642922
U003696,O008508,916.88,2026-07-07,642922
U003697,O008509,852.13,2026-02-07,325450
U003699,O008510,537.28,2026-07-05,508408
U003699,O008511,994.74,2026-07-18,508408
U003700,O008512,853.9,2026-06-12,507533
U003700,O008513,643.49,2026-06-22,507533
U003700,O008514,417.62,2026-06-26,507533
U003701,O008515,845.52,2026-01-20,455449
U003701,O008516,380.4,2026-01-25,455449
U003701,O008517,87.3,2026-02-14,455449
U003702,O008518,464.67,2025-10-01,465096
U003702,O008519,210.08,2025-11-02,465096
U003702,O008520,925.81,2025-11-13,465096
U003704,O008521,688.46,2025-11-29,158260
U003704,O008522,800.96,2026-01-09,158260
U003704,O008523,228.51,2026-01-26,158260
U003704,O008524,139.85,2026-02-01,158260
U003704,O008525,416.71,2026-02-05,158260
U003705,O008526,943.05,2026-08-06,502465
U003707,O008527,634.46,2025-11-24,249829
U003707,O008528,241.52,2025-11-25,249829
U003708,O008529,1134.19,2026-02-11,869574
U003708,O008530,701.11,2026-03-01,869574
U003708,O008531,1127.94,2026-03-23,869574
U003708,O008532,762.08,2026-04-24,869574
U003709,O008533,413.66,2026-02-14,654795
U003709,O008534,1023.5,2026-04-05,654795
U003709,O008535,1207.77,2026-06-18,654795
U003709,O008536,493.68,2026-06-25,654795
U003709,O008537,690.46,2026-07-01,654795
U003709,O008538,819.37,2026-07-19,654795
U003710,O008539,883.35,2026-02-08,344331
U003710,O008540,818.51,2026-02-27,344331
U003710,O008541,1225.43,2026-03-07,344331
U003710,O008542,752.2,2026-03-28,344331
U003712,O008543,628.5,2026-05-23,799724
U003712,O008544,699.96,2026-06-17,799724
U003713,O008545,772.55,2026-06-23,795307
U003713,O008546,865.94,2026-07-12,795307
U003714,O008547,52.28,2026-06-13,255315
U003714,O008548,801.77,2026-06-18,255315
U003714,O008549,483.52,2026-06-28,255315
U003715,O008550,915.73,2025-10-17,652220
U003715,O008551,452.67,2025-12-14,652220
U003717,O008552,507.42,2026-01-13,184896
U003717,O008553,907.98,2026-02-25,184896
U003717,O008554,818.05,2026-04-10,184896
U003718,O008555,247.68,2026-07-22,248278
U003718,O008556,284.83,2026-07-27,248278
U003719,O008557,867.49,2026-03-25,645363
U003719,O008558,381.66,2026-04-01,645363
U003719,O008559,555.07,2026-05-03,645363
U003720,O008560,527.77,2025-11-25,725530
U003720,O008561,1116.76,2025-11-28,725530
U003720,O008562,183.03,2025-12-03,725530
U003720,O008563,871.74,2025-12-08,725530
U003721,O008564,250.36,2026-03-15,377030
U003721,O008565,557.02,2026-03-30,377030
U003721,O008566,1066.5,2026-04-20,377030
U003722,O008567,278.44,2026-03-11,606868
U003722,O008568,590.38,2026-03-29,606868
U003723,O008569,138.23,2026-04-05,418520
U003724,O008570,766.68,2026-05-22,712303
U003725,O008571,747.3,2025-10-17,666003
U003727,O008572,967.53,2025-12-24,128063
U003727,O008573,515.75,2026-02-04,128063
U003728,O008574,569.08,2026-06-19,472659
U003728,O008575,922.56,2026-07-07,472659
U003728,O008576,51.5,2026-08-10,472659
U003729,O008577,490.74,2026-01-06,839919
U003729,O008578,877.97,2026-01-10,839919
U003729,O008579,749.63,2026-01-22,839919
U003730,O008580,581.51,2026-07-11,490699
U003731,O008581,492.88,2026-06-18,324024
U003732,O008582,351.49,2025-12-20,474400
U003732,O008583,939.0,2025-12-24,474400
U003732,O008584,359.14,2026-02-25,474400
U003733,O008585,259.58,2025-12-15,186720
U003734,O008586,1274.16,2026-08-25,828249
U003736,O008587,728.41,2026-03-31,422237
U003736,O008588,646.62,2026-04-01,422237
U003736,O008589,448.33,2026-04-14,422237
U003736,O008590,556.6,2026-05-01,422237
U003737,O008591,918.21,2026-08-09,218861
U003737,O008592,1106.13,2026-08-20,218861
U003738,O008593,926.52,2026-04-11,705028
U003738,O008594,292.44,2026-04-26,705028
U003738,O008595,666.86,2026-05-22,705028
U003739,O008596,872.72,2026-05-19,540517
U003739,O008597,756.77,2026-05-24,540517
U003739,O008598,855.65,2026-06-13,540517
U003740,O008599,741.24,2026-06-07,660841
U003741,O008600,286.07,2026-02-02,484024
U003741,O008601,593.32,2026-03-24,484024
U003741,O008602,475.87,2026-04-07,484024
U003741,O008603,424.34,2026-04-09,484024
U003741,O008604,958.0,2026-04-13,484024
U003741,O008605,727.9,2026-05-02,484024
U003741,O008606,494.35,2026-06-01,484024
U003741,O008607,986.59,2026-07-04,484024
U003742,O008608,871.67,2026-08-20,368028
U003743,O008609,180.23,2025-09-15,706044
U003743,O008610,719.26,2025-09-22,706044
U003743,O008611,914.68,2025-09-29,706044
U003744,O008612,68.59,2025-12-11,433559
U003744,O008613,518.59,2026-01-09,433559
U003744,O008614,506.16,2026-01-12,433559
U003745,O008615,785.29,2026-03-13,354835
U003746,O008616,1141.84,2026-07-13,582092
U003746,O008617,1252.57,2026-07-27,582092
U003747,O008618,825.82,2026-06-20,290750
U003747,O008619,665.68,2026-07-21,290750
U003747,O008620,441.03,2026-07-27,290750
U003748,O008621,639.39,2026-08-15,182771
U003749,O008622,249.71,2026-07-19,147496
U003749,O008623,422.49,2026-08-18,147496
U003750,O008624,263.24,2025-12-13,415047
U003750,O008625,550.33,2026-01-25,415047
U003751,O008626,810.08,2026-05-04,554629
U003752,O008627,638.35,2026-04-09,448398
U003752,O008628,1176.35,2026-04-16,448398
U003753,O008629,306.55,2026-02-13,615814
U003753,O008630,445.16,2026-03-04,615814
U003754,O008631,985.58,2025-12-28,668708
U003754,O008632,1048.67,2026-01-25,668708
U003754,O008633,834.78,2026-04-17,668708
U003754,O008634,608.8,2026-05-06,668708
U003755,O008635,49.0,2026-07-29,530099
U003755,O008636,547.96,2026-07-31,530099
U003755,O008637,313.51,2026-08-15,530099
U003755,O008638,876.29,2026-08-26,530099
U003756,O008639,404.86,2025-11-17,216276
U003756,O008640,691.75,2026-01-31,216276
U003758,O008641,625.73,2025-10-05,600737
U003758,O008642,950.01,2025-10-30,600737
U003760,O008643,1173.15,2026-05-06,238870
U003760,O008644,482.02,2026-05-20,238870
U003761,O008645,614.18,2025-11-27,299858
U003761,O008646,552.19,2025-12-05,299858
U003762,O008647,745.33,2026-03-02,607329
U003762,O008648,875.19,2026-03-16,607329
U003762,O008649,514.1,2026-03-29,607329
U003762,O008650,1040.65,2026-05-20,607329
U003763,O008651,365.48,2026-05-01,438064
U003766,O008652,579.14,2026-04-12,117628
U003766,O008653,214.11,2026-04-18,117628
U003766,O008654,453.6,2026-04-27,117628
U003766,O008655,334.4,2026-05-02,117628
U003766,O008656,523.87,2026-06-22,117628
U003766,O008657,227.73,2026-06-23,117628
U003766,O008658,560.64,2026-06-28,117628
U003767,O008659,993.66,2026-01-03,210527
U003767,O008660,884.0,2026-01-14,210527
U003768,O008661,639.6,2025-10-14,550138
U003770,O008662,797.08,2025-12-22,756550
U003770,O008663,905.32,2026-01-10,756550
U003770,O008664,923.34,2026-01-12,756550
U003770,O008665,370.81,2026-02-03,756550
U003770,O008666,924.5,2026-02-22,756550
U003770,O008667,171.7,2026-06-04,756550
U003770,O008668,643.94,2026-08-14,756550
U003771,O008669,500.59,2026-04-19,235004
U003771,O008670,897.61,2026-05-06,235004
U003771,O008671,599.95,2026-05-30,235004
U003772,O008672,934.78,2025-11-09,110363
U003773,O008673,919.64,2026-02-27,357514
U003773,O008674,279.41,2026-04-04,357514
U003773,O008675,1212.69,2026-07-08,357514
U003773,O008676,1104.76,2026-07-26,357514
U003773,O008677,647.65,2026-08-06,357514
U003774,O008678,626.47,2026-08-15,444067
U003775,O008679,1070.58,2026-01-06,421507
U003775,O008680,934.83,2026-01-10,421507
U003775,O008681,1651.21,2026-02-08,421507
U003775,O008682,598.63,2026-02-21,421507
U003776,O008683,745.15,2026-03-30,579011
U003776,O008684,180.3,2026-05-04,579011
U003777,O008685,270.32,2026-04-28,183424
U003778,O008686,490.05,2025-11-13,465808
U003778,O008687,568.93,2025-11-22,465808
U003778,O008688,802.55,2025-12-17,465808
U003779,O008689,752.44,2026-06-14,191183
U003779,O008690,703.54,2026-07-07,191183
U003780,O008691,266.31,2025-12-05,540775
U003780,O008692,246.47,2026-02-24,540775
U003780,O008693,701.6,2026-03-20,540775
U003780,O008694,691.12,2026-04-26,540775
U003781,O008695,1118.01,2026-01-27,694060
U003781,O008696,617.33,2026-04-10,694060
U003782,O008697,929.19,2026-07-23,571015
U003782,O008698,968.48,2026-08-06,571015
U003783,O008699,804.71,2026-05-27,569624
U003783,O008700,270.89,2026-08-14,569624
U003784,O008701,749.86,2026-05-27,263782
U003784,O008702,376.47,2026-06-09,263782
U003784,O008703,1290.98,2026-06-17,263782
U003784,O008704,938.45,2026-07-15,263782
U003785,O008705,1436.96,2026-08-13,111804
U003785,O008706,783.12,2026-08-26,111804
U003786,O008707,234.62,2026-04-09,178381
U003786,O008708,614.81,2026-06-02,178381
U003786,O008709,399.98,2026-06-09,178381
U003787,O008710,844.26,2026-02-14,163969
U003788,O008711,505.77,2026-02-27,245465
U003788,O008712,373.59,2026-03-10,245465
U003788,O008713,428.24,2026-05-02,245465
U003789,O008714,49.0,2026-07-16,787858
U003789,O008715,1097.18,2026-08-07,787858
U003789,O008716,811.67,2026-08-10,787858
U003789,O008717,358.62,2026-08-16,787858
U003790,O008718,399.65,2026-07-16,622514
U003791,O008719,788.77,2026-03-20,204274
U003791,O008720,61.22,2026-04-06,204274
U003792,O008721,747.0,2026-03-24,421073
U003792,O008722,675.79,2026-03-26,421073
U003792,O008723,884.86,2026-04-19,421073
U003792,O008724,735.03,2026-05-28,421073
U003792,O008725,925.58,2026-06-14,421073
U003793,O008726,1063.61,2025-12-05,287660
U003793,O008727,749.05,2026-01-12,287660
U003793,O008728,790.32,2026-01-23,287660
U003794,O008729,456.9,2025-11-08,177832
U003794,O008730,622.32,2025-12-30,177832
U003794,O008731,636.13,2026-01-21,177832
U003795,O008732,233.38,2025-12-08,436389
U003795,O008733,969.76,2025-12-29,436389
U003796,O008734,522.71,2026-04-16,763036
U003796,O008735,611.52,2026-05-02,763036
U003798,O008736,770.19,2026-04-29,246599
U003799,O008737,822.67,2025-12-01,771316
U003799,O008738,758.3,2025-12-08,771316
U003799,O008739,881.0,2026-01-19,771316
U003799,O008740,127.74,2026-02-25,771316
U003800,O008741,558.61,2026-04-22,486463
U003801,O008742,824.98,2026-03-14,276372
U003802,O008743,716.04,2026-01-25,723607
U003802,O008744,662.32,2026-02-12,723607
U003802,O008745,1215.12,2026-02-17,723607
U003803,O008746,535.44,2026-05-13,116923
U003803,O008747,665.37,2026-05-30,116923
U003804,O008748,759.93,2026-03-27,705755
U003804,O008749,72.14,2026-04-05,705755
U003804,O008750,986.74,2026-05-12,705755
U003805,O008751,1244.09,2026-08-15,567789
U003806,O008752,809.18,2026-08-03,410017
U003807,O008753,49.0,2026-08-04,694516
U003808,O008754,720.58,2025-11-25,573893
U003809,O008755,798.73,2025-11-15,884826
U003810,O008756,234.89,2026-03-08,653958
U003810,O008757,1000.8,2026-04-18,653958
U003810,O008758,403.15,2026-05-26,653958
U003810,O008759,602.73,2026-05-27,653958
U003810,O008760,1019.54,2026-06-11,653958
U003811,O008761,281.4,2026-06-29,388972
U003811,O008762,672.81,2026-07-17,388972
U003812,O008763,810.28,2026-04-29,300267
U003812,O008764,634.91,2026-05-07,300267
U003812,O008765,1134.94,2026-06-01,300267
U003812,O008766,281.36,2026-06-03,300267
U003813,O008767,801.75,2026-05-01,546757
U003813,O008768,636.88,2026-05-06,546757
U003813,O008769,382.57,2026-07-15,546757
U003813,O008770,370.75,2026-08-16,546757
U003814,O008771,788.04,2025-11-02,199280
U003814,O008772,1012.05,2025-11-28,199280
U003814,O008773,311.27,2025-12-01,199280
U003815,O008774,805.02,2026-07-14,116593
U003815,O008775,968.96,2026-07-22,116593
U003816,O008776,708.05,2026-08-05,345788
U003817,O008777,836.94,2026-03-08,294635
U003817,O008778,590.94,2026-05-14,294635
U003817,O008779,587.48,2026-06-07,294635
U003818,O008780,49.0,2026-03-12,535443
U003818,O008781,1016.7,2026-03-17,535443
U003819,O008782,67.08,2026-02-07,327559
U003820,O008783,491.43,2026-05-01,288505
U003820,O008784,535.56,2026-05-07,288505
U003822,O008785,427.64,2025-12-01,435592
U003822,O008786,267.48,2025-12-06,435592
U003822,O008787,490.46,2025-12-10,435592
U003823,O008788,729.32,2025-11-11,195866
U003824,O008789,555.86,2026-03-25,841116
U003824,O008790,669.63,2026-05-03,841116
U003825,O008791,469.67,2026-06-22,727837
U003826,O008792,722.73,2026-06-03,760881
U003826,O008793,512.31,2026-06-13,760881
U003826,O008794,787.1,2026-06-18,760881
U003826,O008795,900.73,2026-07-04,760881
U003826,O008796,364.55,2026-07-22,760881
U003826,O008797,527.7,2026-08-09,760881
U003828,O008798,316.76,2026-02-28,408975
U003829,O008799,709.19,2026-03-21,537238
U003829,O008800,432.74,2026-03-27,537238
U003829,O008801,453.25,2026-06-19,537238
U003829,O008802,249.97,2026-06-25,537238
U003830,O008803,984.7,2025-12-15,365382
U003830,O008804,136.91,2025-12-23,365382
U003830,O008805,628.54,2026-01-04,365382
U003830,O008806,614.93,2026-02-03,365382
U003832,O008807,610.89,2026-03-10,421126
U003832,O008808,49.0,2026-04-06,421126
U003832,O008809,248.67,2026-06-28,421126
U003833,O008810,926.2,2025-11-13,741682
U003833,O008811,154.5,2025-11-22,741682
U003833,O008812,566.62,2025-11-24,741682
U003834,O008813,494.62,2026-08-23,849965
U003835,O008814,918.41,2026-03-18,370878
U003835,O008815,790.26,2026-03-26,370878
U003836,O008816,721.52,2026-08-13,751163
U003837,O008817,959.6,2025-12-31,435202
U003837,O008818,49.0,2026-01-11,435202
U003838,O008819,625.25,2026-03-22,172700
U003838,O008820,1211.33,2026-05-04,172700
U003838,O008821,866.5,2026-05-23,172700
U003838,O008822,1033.4,2026-06-21,172700
U003840,O008823,406.03,2026-08-20,100569
U003840,O008824,767.43,2026-08-24,100569
U003841,O008825,123.47,2026-02-25,123090
U003841,O008826,1194.72,2026-04-18,123090
U003841,O008827,295.28,2026-04-23,123090
U003841,O008828,380.41,2026-05-18,123090
U003841,O008829,355.01,2026-05-23,123090
U003842,O008830,578.74,2026-02-12,141305
U003842,O008831,553.06,2026-02-28,141305
U003842,O008832,73.54,2026-05-08,141305
U003843,O008833,843.85,2026-04-14,593636
U003843,O008834,651.77,2026-04-28,593636
U003843,O008835,1089.56,2026-06-25,593636
U003843,O008836,544.46,2026-07-26,593636
U003844,O008837,679.19,2026-01-03,299830
U003845,O008838,738.98,2026-03-24,493315
U003846,O008839,180.16,2026-04-13,237403
U003846,O008840,344.8,2026-06-02,237403
U003847,O008841,669.23,2026-07-30,663510
U003848,O008842,623.06,2026-04-03,333348
U003848,O008843,260.5,2026-04-27,333348
U003848,O008844,451.79,2026-05-10,333348
U003849,O008845,109.73,2026-05-16,822038
U003850,O008846,743.62,2026-07-24,660444
U003851,O008847,1375.6,2026-05-22,451151
U003851,O008848,794.26,2026-06-08,451151
U003851,O008849,634.23,2026-06-20,451151
U003851,O008850,49.0,2026-07-26,451151
U003852,O008851,776.51,2026-03-21,603747
U003852,O008852,895.39,2026-03-30,603747
U003853,O008853,925.43,2026-05-01,435827
U003853,O008854,513.89,2026-06-12,435827
U003855,O008855,1357.84,2026-05-13,738873
U003855,O008856,739.0,2026-07-24,738873
U003855,O008857,1064.67,2026-08-03,738873
U003856,O008858,441.62,2026-05-23,290201
U003856,O008859,1012.38,2026-06-02,290201
U003857,O008860,217.54,2026-07-30,789533
U003859,O008861,817.37,2026-01-08,319592
U003860,O008862,453.35,2026-05-10,718278
U003860,O008863,539.66,2026-05-27,718278
U003860,O008864,1169.9,2026-05-29,718278
U003861,O008865,548.13,2026-06-19,329505
U003862,O008866,700.6,2026-08-24,454251
U003863,O008867,759.09,2025-10-20,444074
U003863,O008868,342.2,2025-10-23,444074
U003864,O008869,815.39,2026-04-17,218925
U003864,O008870,509.52,2026-07-03,218925
U003864,O008871,567.82,2026-07-12,218925
U003864,O008872,211.18,2026-07-27,218925
U003864,O008873,767.01,2026-07-29,218925
U003865,O008874,621.32,2026-06-21,255249
U003865,O008875,843.76,2026-06-29,255249
U003866,O008876,381.79,2025-12-26,338518
U003866,O008877,500.09,2026-01-24,338518
U003866,O008878,800.33,2026-02-20,338518
U003866,O008879,755.28,2026-02-28,338518
U003867,O008880,373.85,2025-11-04,873726
U003867,O008881,1324.48,2025-11-19,873726
U003867,O008882,662.97,2025-12-02,873726
U003867,O008883,663.49,2026-01-23,873726
U003868,O008884,606.66,2026-01-11,774407
U003868,O008885,135.74,2026-01-13,774407
U003868,O008886,987.39,2026-03-12,774407
U003869,O008887,201.21,2025-09-29,406965
U003869,O008888,508.57,2025-10-01,406965
U003869,O008889,534.17,2025-10-02,406965
U003869,O008890,297.36,2025-10-11,406965
U003870,O008891,424.25,2026-05-04,124440
U003871,O008892,602.19,2026-03-02,387462
U003871,O008893,634.12,2026-03-15,387462
U003871,O008894,623.41,2026-04-29,387462
U003872,O008895,972.45,2025-12-03,768609
U003872,O008896,912.31,2025-12-16,768609
U003873,O008897,574.73,2025-12-07,113407
U003874,O008898,719.27,2026-02-02,332258
U003875,O008899,928.01,2025-10-20,293602
U003875,O008900,903.26,2025-10-28,293602
U003875,O008901,376.11,2025-11-10,293602
U003876,O008902,776.5,2026-05-07,569225
U003876,O008903,801.93,2026-05-18,569225
U003876,O008904,1030.42,2026-05-22,569225
U003877,O008905,441.67,2026-01-02,881021
U003877,O008906,1264.19,2026-01-17,881021
U003877,O008907,49.0,2026-02-10,881021
U003878,O008908,757.71,2026-03-26,102408
U003878,O008909,685.7,2026-04-16,102408
U003879,O008910,871.19,2026-07-03,386221
U003879,O008911,795.45,2026-07-20,386221
U003879,O008912,473.6,2026-08-03,386221
U003879,O008913,715.94,2026-08-15,386221
U003880,O008914,851.45,2026-03-19,126928
U003880,O008915,709.19,2026-04-20,126928
U003881,O008916,639.05,2026-02-09,594421
U003882,O008917,667.12,2025-11-14,354797
U003882,O008918,1035.88,2025-11-25,354797
U003882,O008919,447.61,2026-01-15,354797
U003882,O008920,443.05,2026-01-30,354797
U003883,O008921,746.34,2026-08-04,325960
U003884,O008922,57.24,2026-07-04,158666
U003885,O008923,880.83,2026-04-27,589508
U003885,O008924,989.34,2026-05-12,589508
U003885,O008925,620.47,2026-06-21,589508
U003886,O008926,50.11,2025-09-23,676122
U003886,O008927,675.73,2025-11-09,676122
U003886,O008928,797.39,2025-11-13,676122
U003886,O008929,1022.32,2025-11-24,676122
U003886,O008930,477.81,2025-12-08,676122
U003887,O008931,429.32,2026-02-12,537146
U003887,O008932,1065.96,2026-02-26,537146
U003888,O008933,473.43,2026-06-29,645653
U003889,O008934,249.17,2026-05-16,823990
U003890,O008935,979.15,2026-01-14,470619
U003890,O008936,921.15,2026-01-26,470619
U003890,O008937,807.97,2026-02-27,470619
U003890,O008938,688.06,2026-03-07,470619
U003891,O008939,100.92,2025-12-29,430790
U003891,O008940,640.43,2025-12-31,430790
U003891,O008941,361.69,2026-02-17,430790
U003892,O008942,599.36,2026-05-16,522646
U003893,O008943,49.0,2026-07-08,324435
U003893,O008944,863.31,2026-08-25,324435
U003894,O008945,924.02,2026-06-18,142679
U003894,O008946,886.04,2026-07-05,142679
U003894,O008947,290.42,2026-08-22,142679
U003896,O008948,610.59,2026-07-14,467205
U003896,O008949,783.82,2026-07-18,467205
U003896,O008950,400.68,2026-07-24,467205
U003896,O008951,1098.27,2026-08-01,467205
U003897,O008952,515.42,2026-03-05,348072
U003897,O008953,833.93,2026-04-12,348072
U003898,O008954,588.95,2026-07-22,668937
U003899,O008955,493.04,2025-12-01,241681
U003899,O008956,706.42,2026-01-05,241681
U003899,O008957,539.19,2026-01-18,241681
U003900,O008958,765.62,2026-05-15,258601
U003900,O008959,420.33,2026-05-17,258601
U003900,O008960,442.86,2026-07-06,258601
U003901,O008961,543.83,2026-01-29,849333
U003901,O008962,896.69,2026-01-31,849333
U003901,O008963,1052.04,2026-02-18,849333
U003902,O008964,678.39,2026-04-07,764689
U003903,O008965,968.19,2025-11-29,527140
U003904,O008966,602.38,2026-05-02,337963
U003905,O008967,492.25,2026-06-09,755366
U003905,O008968,655.36,2026-06-13,755366
U003905,O008969,991.25,2026-07-07,755366
U003906,O008970,1072.8,2026-02-04,486148
U003906,O008971,516.08,2026-02-20,486148
U003906,O008972,574.27,2026-04-22,486148
U003907,O008973,421.83,2026-04-20,657690
U003907,O008974,407.79,2026-06-22,657690
U003908,O008975,1044.27,2026-07-19,155671
U003909,O008976,107.87,2026-05-23,385702
U003909,O008977,675.72,2026-06-08,385702
U003909,O008978,602.24,2026-06-16,385702
U003909,O008979,197.87,2026-08-23,385702
U003910,O008980,616.52,2026-02-24,401065
U003911,O008981,873.35,2025-11-08,223244
U003911,O008982,629.25,2025-12-17,223244
U003911,O008983,536.37,2025-12-23,223244
U003911,O008984,686.43,2026-01-24,223244
U003912,O008985,783.75,2026-06-12,149042
U003913,O008986,409.52,2026-06-02,788805
U003914,O008987,636.96,2025-10-04,753769
U003914,O008988,509.36,2025-11-04,753769
U003914,O008989,730.69,2025-11-12,753769
U003914,O008990,282.67,2026-02-20,753769
U003914,O008991,388.44,2026-03-10,753769
U003914,O008992,280.24,2026-03-21,753769
U003916,O008993,837.22,2026-06-07,449090
U003916,O008994,150.6,2026-07-09,449090
U003917,O008995,450.72,2026-01-23,817805
U003919,O008996,786.96,2026-04-04,342182
U003919,O008997,817.06,2026-04-20,342182
U003920,O008998,758.67,2025-12-23,525012
U003920,O008999,566.3,2026-03-16,525012
U003923,O009000,413.04,2026-02-10,134133
U003925,O009001,601.86,2026-05-02,418361
U003925,O009002,849.51,2026-05-06,418361
U003925,O009003,282.85,2026-05-17,418361
U003926,O009004,1167.35,2025-11-08,601432
U003928,O009005,924.47,2026-05-09,226891
U003928,O009006,610.91,2026-06-08,226891
U003929,O009007,763.68,2026-04-23,245691
U003929,O009008,748.25,2026-06-07,245691
U003929,O009009,388.29,2026-06-30,245691
U003930,O009010,921.17,2026-05-15,557998
U003930,O009011,397.22,2026-07-21,557998
U003932,O009012,795.05,2026-04-21,670690
U003934,O009013,462.24,2026-08-05,207520
U003935,O009014,904.84,2026-07-20,561542
U003936,O009015,706.68,2026-05-13,706086
U003936,O009016,252.53,2026-06-23,706086
U003936,O009017,352.29,2026-07-23,706086
U003936,O009018,153.72,2026-08-18,706086
U003937,O009019,727.46,2026-02-24,351283
U003937,O009020,538.1,2026-03-22,351283
U003937,O009021,535.35,2026-03-23,351283
U003938,O009022,715.64,2026-04-06,421909
U003938,O009023,444.65,2026-04-13,421909
U003938,O009024,476.32,2026-05-27,421909
U003939,O009025,451.95,2025-12-14,403809
U003940,O009026,123.64,2026-05-13,397344
U003940,O009027,780.05,2026-05-20,397344
U003941,O009028,649.72,2025-12-30,769091
U003941,O009029,468.65,2026-01-06,769091
U003942,O009030,729.11,2026-08-13,393128
U003943,O009031,766.55,2026-05-24,817261
U003944,O009032,278.66,2025-11-07,266698
U003944,O009033,984.93,2026-02-09,266698
U003945,O009034,554.42,2026-06-06,463795
U003945,O009035,751.45,2026-07-05,463795
U003945,O009036,726.45,2026-07-20,463795
U003946,O009037,937.07,2026-05-09,192710
U003947,O009038,527.25,2026-05-19,539763
U003947,O009039,560.27,2026-07-12,539763
U003947,O009040,489.74,2026-08-08,539763
U003948,O009041,139.47,2026-01-26,680706
U003948,O009042,714.24,2026-02-14,680706
U003948,O009043,717.64,2026-02-27,680706
U003948,O009044,49.0,2026-03-02,680706
U003948,O009045,1012.52,2026-03-06,680706
U003948,O009046,920.31,2026-04-23,680706
U003948,O009047,248.65,2026-04-27,680706
U003948,O009048,447.36,2026-06-26,680706
U003949,O009049,1084.56,2026-06-04,782708
U003951,O009050,621.55,2026-06-14,161393
U003952,O009051,664.67,2026-01-18,694197
U003952,O009052,912.26,2026-01-27,694197
U003953,O009053,1026.95,2026-05-10,124480
U003953,O009054,924.51,2026-05-28,124480
U003953,O009055,778.26,2026-06-23,124480
U003954,O009056,857.93,2026-05-26,471974
U003954,O009057,908.07,2026-06-27,471974
U003954,O009058,677.0,2026-07-12,471974
U003955,O009059,185.44,2026-05-14,398185
U003955,O009060,1000.04,2026-05-27,398185
U003955,O009061,272.49,2026-08-17,398185
U003956,O009062,473.53,2026-04-26,868659
U003959,O009063,589.55,2026-02-22,287560
U003960,O009064,433.1,2025-12-05,511369
U003963,O009065,97.06,2026-06-25,701533
U003963,O009066,187.62,2026-06-28,701533
U003963,O009067,837.34,2026-06-29,701533
U003963,O009068,588.96,2026-06-30,701533
U003963,O009069,463.95,2026-07-08,701533
U003964,O009070,463.97,2026-06-12,771049
U003964,O009071,510.81,2026-07-02,771049
U003964,O009072,397.62,2026-07-15,771049
U003964,O009073,884.83,2026-08-25,771049
U003965,O009074,422.49,2025-12-20,468731
U003965,O009075,690.84,2026-01-11,468731
U003966,O009076,387.26,2026-06-20,693693
U003966,O009077,907.23,2026-07-02,693693
U003967,O009078,609.15,2026-08-05,747429
U003967,O009079,664.55,2026-08-19,747429
U003968,O009080,890.43,2025-09-19,366755
U003968,O009081,645.14,2025-11-30,366755
U003969,O009082,454.85,2025-11-11,824579
U003969,O009083,789.79,2025-11-20,824579
U003969,O009084,420.83,2025-12-27,824579
U003969,O009085,490.07,2026-03-04,824579
U003970,O009086,280.21,2025-11-19,845464
U003970,O009087,635.33,2025-12-29,845464
U003970,O009088,619.56,2026-01-11,845464
U003970,O009089,348.54,2026-01-20,845464
U003970,O009090,949.57,2026-04-21,845464
U003971,O009091,76.78,2026-01-22,109527
U003971,O009092,569.2,2026-03-29,109527
U003971,O009093,984.4,2026-04-12,109527
U003971,O009094,935.79,2026-04-19,109527
U003971,O009095,452.58,2026-04-22,109527
U003971,O009096,585.31,2026-05-16,109527
U003971,O009097,629.23,2026-06-18,109527
U003972,O009098,394.1,2026-04-02,504654
U003973,O009099,49.0,2026-01-03,118106
U003973,O009100,600.01,2026-01-11,118106
U003976,O009101,1138.04,2026-03-15,736909
U003976,O009102,106.34,2026-04-10,736909
U003976,O009103,771.96,2026-04-14,736909
U003978,O009104,908.01,2026-04-05,170192
U003978,O009105,360.86,2026-04-13,170192
U003978,O009106,338.98,2026-05-22,170192
U003978,O009107,360.11,2026-07-12,170192
U003979,O009108,328.61,2026-07-25,471018
U003981,O009109,286.1,2025-12-02,337849
U003982,O009110,387.23,2026-04-24,174515
U003984,O009111,827.67,2025-12-11,170844
U003984,O009112,527.68,2025-12-29,170844
U003984,O009113,907.67,2026-01-06,170844
U003984,O009114,636.53,2026-01-08,170844
U003985,O009115,192.76,2026-05-25,239618
U003985,O009116,249.81,2026-05-28,239618
U003986,O009117,461.2,2026-02-04,350545
U003986,O009118,546.93,2026-02-09,350545
U003986,O009119,497.41,2026-02-12,350545
U003987,O009120,869.57,2026-04-06,147263
U003987,O009121,544.83,2026-04-15,147263
U003987,O009122,127.63,2026-04-21,147263
U003988,O009123,854.88,2026-04-26,168120
U003988,O009124,137.13,2026-05-11,168120
U003989,O009125,285.21,2026-01-30,755707
U003989,O009126,533.86,2026-02-25,755707
U003990,O009127,499.92,2026-08-10,103141
U003992,O009128,803.35,2026-06-08,445955
U003992,O009129,406.13,2026-06-17,445955
U003992,O009130,797.98,2026-07-29,445955
U003992,O009131,585.07,2026-08-17,445955
U003994,O009132,704.63,2026-04-13,389193
U003994,O009133,904.65,2026-05-12,389193
U003995,O009134,561.37,2025-11-17,390739
U003995,O009135,732.24,2026-01-29,390739
U003995,O009136,671.21,2026-02-09,390739
U003995,O009137,629.42,2026-02-19,390739
U003996,O009138,585.21,2026-02-05,617482
U003996,O009139,487.63,2026-02-19,617482
U003998,O009140,975.77,2026-01-29,670030
U003998,O009141,406.22,2026-01-31,670030
U003999,O009142,448.97,2026-06-28,281470
U003999,O009143,49.0,2026-08-16,281470
U004001,O009144,429.29,2026-06-07,408923
U004001,O009145,785.02,2026-08-02,408923
U004001,O009146,506.97,2026-08-09,408923
U004002,O009147,776.45,2026-01-11,102132
U004002,O009148,363.6,2026-01-27,102132
U004002,O009149,259.03,2026-05-09,102132
U004002,O009150,331.08,2026-06-11,102132
U004002,O009151,687.26,2026-06-27,102132
U004002,O009152,461.47,2026-06-29,102132
U004003,O009153,796.3,2026-04-24,614559
U004004,O009154,503.14,2025-12-03,280966
U004004,O009155,448.84,2026-01-15,280966
U004005,O009156,911.43,2025-12-09,723110
U004005,O009157,627.72,2026-01-09,723110
U004005,O009158,560.12,2026-01-29,723110
U004005,O009159,412.89,2026-03-04,723110
U004006,O009160,366.65,2026-03-05,664513
U004006,O009161,792.32,2026-03-07,664513
U004006,O009162,807.92,2026-03-22,664513
U004006,O009163,1033.2,2026-04-15,664513
U004006,O009164,295.47,2026-04-16,664513
U004007,O009165,583.19,2026-05-25,889568
U004008,O009166,818.02,2025-12-28,226196
U004009,O009167,740.51,2025-12-02,635228
U004009,O009168,624.93,2026-01-09,635228
U004010,O009169,1014.68,2025-11-06,273347
U004010,O009170,1050.33,2025-11-17,273347
U004010,O009171,573.5,2026-01-10,273347
U004010,O009172,49.0,2026-01-16,273347
U004011,O009173,1056.46,2026-05-24,653234
U004011,O009174,666.49,2026-05-27,653234
U004011,O009175,688.75,2026-06-08,653234
U004012,O009176,853.58,2026-01-13,263325
U004012,O009177,868.83,2026-02-09,263325
U004012,O009178,348.32,2026-02-17,263325
U004014,O009179,513.5,2026-01-16,298045
U004014,O009180,111.43,2026-02-08,298045
U004015,O009181,166.44,2026-03-14,402657
U004015,O009182,381.05,2026-03-16,402657
U004015,O009183,712.95,2026-03-18,402657
U004015,O009184,415.27,2026-03-28,402657
U004016,O009185,678.64,2026-01-28,831209
U004016,O009186,613.43,2026-02-12,831209
U004016,O009187,691.1,2026-02-27,831209
U004018,O009188,313.97,2026-07-03,121082
U004018,O009189,406.52,2026-07-15,121082
U004019,O009190,819.32,2026-07-03,229194
U004019,O009191,361.15,2026-07-17,229194
U004020,O009192,1265.9,2026-02-06,451374
U004022,O009193,831.09,2025-12-18,878740
U004023,O009194,375.84,2026-07-25,733049
U004024,O009195,270.88,2025-10-31,136078
U004024,O009196,417.14,2025-11-06,136078
U004024,O009197,857.6,2025-11-19,136078
U004025,O009198,1030.44,2026-01-05,716340
U004025,O009199,365.14,2026-02-17,716340
U004025,O009200,533.06,2026-03-11,716340
U004025,O009201,456.46,2026-03-20,716340
U004026,O009202,665.57,2026-07-08,346513
U004027,O009203,1110.33,2026-07-10,428488
U004030,O009204,789.13,2026-06-10,793922
U004031,O009205,697.9,2026-07-12,136858
U004031,O009206,833.05,2026-08-12,136858
U004033,O009207,948.26,2026-04-13,552941
U004033,O009208,728.8,2026-05-02,552941
U004034,O009209,753.25,2026-03-02,262928
U004034,O009210,839.06,2026-03-13,262928
U004034,O009211,585.85,2026-04-06,262928
U004034,O009212,701.9,2026-04-27,262928
U004035,O009213,1024.79,2026-02-18,546509
U004035,O009214,1472.96,2026-04-15,546509
U004035,O009215,980.13,2026-04-19,546509
U004036,O009216,1144.91,2026-04-07,523332
U004036,O009217,474.44,2026-04-25,523332
U004037,O009218,49.0,2026-05-16,305185
U004037,O009219,521.04,2026-05-30,305185
U004038,O009220,863.66,2026-04-07,264077
U004039,O009221,359.99,2026-01-15,892854
U004040,O009222,49.0,2026-05-06,449604
U004040,O009223,805.11,2026-06-30,449604
U004040,O009224,761.31,2026-08-12,449604
U004041,O009225,912.51,2025-11-02,817403
U004042,O009226,438.34,2025-12-25,778956
U004042,O009227,799.66,2026-01-30,778956
U004042,O009228,910.34,2026-02-17,778956
U004042,O009229,712.61,2026-03-21,778956
U004042,O009230,539.5,2026-06-14,778956
U004042,O009231,799.58,2026-07-20,778956
U004043,O009232,279.58,2026-07-01,387824
U004043,O009233,512.92,2026-07-30,387824
U004043,O009234,163.13,2026-08-25,387824
U004044,O009235,428.6,2026-03-09,724000
U004044,O009236,423.87,2026-04-23,724000
U004044,O009237,880.13,2026-05-07,724000
U004047,O009238,618.21,2025-11-16,643542
U004047,O009239,394.51,2025-11-25,643542
U004047,O009240,969.81,2025-12-19,643542
U004048,O009241,363.02,2026-04-25,109529
U004049,O009242,234.22,2026-03-07,449627
U004050,O009243,516.25,2026-02-17,576821
U004050,O009244,348.03,2026-03-09,576821
U004051,O009245,1053.46,2026-05-04,875116
U004051,O009246,525.84,2026-06-02,875116
U004051,O009247,545.19,2026-06-26,875116
U004052,O009248,944.0,2026-05-17,671124
U004052,O009249,588.96,2026-06-25,671124
U004053,O009250,720.13,2026-01-01,776433
U004054,O009251,240.79,2026-06-24,275735
U004055,O009252,514.7,2026-02-16,352009
U004055,O009253,689.88,2026-02-20,352009
U004056,O009254,543.97,2025-12-16,671412
U004056,O009255,315.47,2025-12-19,671412
U004056,O009256,791.98,2026-02-10,671412
U004056,O009257,661.52,2026-05-07,671412
U004057,O009258,74.53,2026-08-26,215666
U004058,O009259,748.3,2026-04-12,674501
U004058,O009260,788.45,2026-04-18,674501
U004058,O009261,1180.28,2026-04-28,674501
U004058,O009262,535.47,2026-06-17,674501
U004058,O009263,49.0,2026-06-19,674501
U004059,O009264,1437.31,2026-08-14,596061
U004059,O009265,617.34,2026-08-21,596061
U004060,O009266,1197.76,2025-10-09,495965
U004061,O009267,1208.86,2026-02-28,596391
U004061,O009268,984.32,2026-03-05,596391
U004062,O009269,993.36,2026-06-13,883214
U004064,O009270,625.83,2025-11-10,626689
U004065,O009271,1297.25,2026-08-19,298748
U004066,O009272,657.52,2026-03-13,713272
U004066,O009273,898.29,2026-04-13,713272
U004066,O009274,454.4,2026-04-30,713272
U004066,O009275,995.54,2026-06-20,713272
U004066,O009276,588.59,2026-06-24,713272
U004066,O009277,1205.09,2026-07-31,713272
U004068,O009278,786.74,2026-04-26,219364
U004068,O009279,471.59,2026-05-07,219364
U004068,O009280,264.38,2026-06-02,219364
U004068,O009281,792.59,2026-06-13,219364
U004069,O009282,616.83,2026-03-20,742677
U004069,O009283,1118.54,2026-03-27,742677
U004070,O009284,874.6,2026-05-12,459699
U004070,O009285,568.59,2026-05-17,459699
U004072,O009286,701.14,2026-05-30,794296
U004072,O009287,629.03,2026-06-11,794296
U004072,O009288,408.7,2026-06-29,794296
U004073,O009289,972.33,2026-01-12,685423
U004074,O009290,1005.05,2025-10-18,627710
U004074,O009291,767.3,2025-11-23,627710
U004074,O009292,768.96,2025-11-30,627710
U004074,O009293,111.86,2025-12-31,627710
U004075,O009294,403.53,2026-08-06,332924
U004076,O009295,569.68,2026-02-02,118911
U004076,O009296,604.57,2026-02-08,118911
U004076,O009297,904.19,2026-04-11,118911
U004076,O009298,532.52,2026-04-17,118911
U004076,O009299,730.43,2026-04-18,118911
U004077,O009300,376.48,2025-12-05,123453
U004077,O009301,203.34,2025-12-15,123453
U004077,O009302,271.45,2025-12-25,123453
U004078,O009303,194.84,2025-10-30,169161
U004079,O009304,872.84,2026-06-07,786618
U004079,O009305,331.73,2026-06-20,786618
U004079,O009306,871.09,2026-06-28,786618
U004079,O009307,302.86,2026-08-12,786618
U004081,O009308,429.75,2026-07-09,200372
U004082,O009309,739.32,2026-01-07,828390
U004082,O009310,545.47,2026-01-20,828390
U004083,O009311,720.9,2026-04-27,696411
U004084,O009312,487.92,2025-12-03,493874
U004084,O009313,654.98,2026-01-30,493874
U004084,O009314,1053.06,2026-04-26,493874
U004084,O009315,112.54,2026-05-17,493874
U004084,O009316,1003.4,2026-06-11,493874
U004086,O009317,645.19,2025-10-26,143663
U004087,O009318,1082.73,2026-07-15,282255
U004088,O009319,484.32,2025-11-26,609290
U004089,O009320,891.08,2026-07-02,107305
U004089,O009321,688.52,2026-07-18,107305
U004089,O009322,876.95,2026-08-09,107305
U004090,O009323,837.19,2025-11-04,264705
U004091,O009324,818.64,2026-08-13,405049
U004091,O009325,595.11,2026-08-20,405049
U004092,O009326,1294.79,2026-01-08,354591
U004093,O009327,197.23,2026-08-01,837220
U004095,O009328,383.94,2026-03-13,239641
U004096,O009329,297.79,2026-07-16,288854
U004096,O009330,1029.98,2026-07-31,288854
U004097,O009331,845.27,2026-01-20,329462
U004097,O009332,1022.36,2026-02-12,329462
U004097,O009333,329.77,2026-03-07,329462
U004098,O009334,1045.24,2026-02-27,122952
U004099,O009335,334.1,2026-06-26,225245
U004099,O009336,49.0,2026-07-29,225245
U004100,O009337,486.65,2026-07-15,714350
U004100,O009338,212.6,2026-07-25,714350
U004101,O009339,765.24,2026-07-02,314743
U004101,O009340,1383.84,2026-07-21,314743
U004102,O009341,1126.18,2026-03-26,459328
U004102,O009342,49.0,2026-05-06,459328
U004102,O009343,883.03,2026-06-01,459328
U004103,O009344,203.83,2025-12-17,587866
U004103,O009345,309.75,2026-04-14,587866
U004104,O009346,759.61,2026-02-16,663277
U004104,O009347,1156.91,2026-03-22,663277
U004104,O009348,451.23,2026-03-28,663277
U004104,O009349,967.6,2026-04-27,663277
U004105,O009350,458.33,2026-04-29,619911
U004106,O009351,55.13,2026-04-02,314010
U004106,O009352,1053.11,2026-05-26,314010
U004106,O009353,810.86,2026-06-16,314010
U004106,O009354,65.57,2026-06-25,314010
U004107,O009355,301.02,2026-07-12,433725
U004107,O009356,749.72,2026-07-15,433725
U004107,O009357,275.06,2026-07-18,433725
U004107,O009358,671.95,2026-07-24,433725
U004108,O009359,1080.34,2026-08-16,174427
U004108,O009360,363.12,2026-08-22,174427
U004109,O009361,771.17,2026-04-13,848781
U004110,O009362,524.6,2026-02-06,206263
U004110,O009363,698.27,2026-03-12,206263
U004110,O009364,305.73,2026-03-24,206263
U004112,O009365,131.88,2025-11-27,102847
U004112,O009366,613.09,2025-12-26,102847
U004112,O009367,641.7,2025-12-28,102847
U004113,O009368,668.05,2026-05-30,273038
U004113,O009369,704.43,2026-07-07,273038
U004113,O009370,625.05,2026-07-24,273038
U004114,O009371,801.19,2025-11-25,193277
U004114,O009372,538.76,2026-01-02,193277
U004114,O009373,1098.83,2026-01-16,193277
U004114,O009374,721.1,2026-01-26,193277
U004114,O009375,604.16,2026-02-07,193277
U004115,O009376,622.46,2026-01-19,675512
U004116,O009377,609.78,2026-02-25,191421
U004118,O009378,801.01,2026-03-08,598180
U004118,O009379,536.9,2026-03-21,598180
U004119,O009380,800.82,2025-11-08,104495
U004119,O009381,186.58,2025-11-23,104495
U004119,O009382,260.31,2025-12-26,104495
U004119,O009383,49.0,2026-01-06,104495
U004119,O009384,494.92,2026-02-01,104495
U004119,O009385,901.36,2026-02-04,104495
U004119,O009386,172.8,2026-03-07,104495
U004121,O009387,617.72,2026-01-16,869932
U004121,O009388,688.84,2026-03-23,869932
U004121,O009389,1254.65,2026-06-12,869932
U004121,O009390,263.88,2026-06-30,869932
U004122,O009391,650.67,2025-11-17,661027
U004122,O009392,714.93,2025-11-21,661027
U004123,O009393,585.45,2026-02-16,561445
U004123,O009394,746.45,2026-03-10,561445
U004126,O009395,633.36,2026-03-18,398186
U004126,O009396,868.44,2026-04-01,398186
U004127,O009397,411.67,2026-01-11,669228
U004127,O009398,676.25,2026-02-10,669228
U004128,O009399,522.76,2026-05-24,449503
U004128,O009400,472.13,2026-06-22,449503
U004128,O009401,703.15,2026-07-22,449503
U004128,O009402,49.0,2026-08-12,449503
U004129,O009403,601.85,2025-12-31,614720
U004129,O009404,1079.55,2026-01-22,614720
U004130,O009405,1238.98,2026-03-13,526465
U004130,O009406,606.68,2026-04-21,526465
U004130,O009407,546.47,2026-04-24,526465
U004131,O009408,998.11,2025-10-27,884832
U004131,O009409,177.58,2025-10-30,884832
U004132,O009410,759.22,2026-06-25,690566
U004132,O009411,363.81,2026-07-29,690566
U004133,O009412,1048.1,2026-06-26,280224
U004133,O009413,763.79,2026-07-22,280224
U004133,O009414,577.86,2026-08-10,280224
U004133,O009415,675.17,2026-08-15,280224
U004133,O009416,959.54,2026-08-20,280224
U004134,O009417,588.19,2026-01-10,868391
U004135,O009418,1161.29,2026-01-06,660153
U004135,O009419,835.28,2026-02-12,660153
U004135,O009420,829.52,2026-02-15,660153
U004135,O009421,551.24,2026-03-15,660153
U004136,O009422,580.36,2025-10-02,570929
U004136,O009423,356.5,2025-10-11,570929
U004136,O009424,926.65,2025-10-30,570929
U004136,O009425,494.75,2026-02-23,570929
U004136,O009426,710.29,2026-05-20,570929
U004136,O009427,665.39,2026-06-05,570929
U004136,O009428,785.08,2026-06-28,570929
U004136,O009429,567.47,2026-07-05,570929
U004139,O009430,928.75,2026-08-14,174132
U004139,O009431,688.51,2026-08-18,174132
U004140,O009432,1448.07,2026-06-09,769600
U004143,O009433,579.61,2026-08-15,158332
U004143,O009434,480.37,2026-08-18,158332
U004144,O009435,255.38,2026-08-10,529595
U004144,O009436,746.81,2026-08-11,529595
U004145,O009437,658.53,2026-04-15,844804
U004145,O009438,836.08,2026-04-23,844804
U004145,O009439,441.05,2026-05-06,844804
U004146,O009440,209.95,2026-03-22,833355
U004146,O009441,661.39,2026-05-31,833355
U004146,O009442,505.32,2026-06-13,833355
U004146,O009443,1009.93,2026-07-27,833355
U004146,O009444,450.08,2026-08-04,833355
U004146,O009445,814.54,2026-08-26,833355
U004148,O009446,721.19,2026-07-02,347950
U004148,O009447,229.66,2026-08-22,347950
U004150,O009448,654.06,2026-02-06,650451
U004150,O009449,957.62,2026-03-02,650451
U004151,O009450,787.04,2026-07-05,532134
U004151,O009451,957.8,2026-07-10,532134
U004151,O009452,1049.89,2026-07-23,532134
U004151,O009453,742.03,2026-08-20,532134
U004152,O009454,1063.14,2025-10-15,279490
U004152,O009455,636.61,2026-01-08,279490
U004152,O009456,691.75,2026-06-11,279490
U004153,O009457,734.29,2025-11-25,200387
U004153,O009458,433.19,2025-12-16,200387
U004153,O009459,754.37,2025-12-20,200387
U004153,O009460,330.66,2026-02-28,200387
U004153,O009461,287.89,2026-04-15,200387
U004154,O009462,427.11,2026-07-26,185875
U004154,O009463,947.77,2026-08-19,185875
U004155,O009464,665.81,2026-06-24,291436
U004156,O009465,1089.9,2025-10-13,116282
U004157,O009466,594.29,2025-12-31,541651
U004157,O009467,1016.7,2026-03-14,541651
U004157,O009468,101.41,2026-03-30,541651
U004158,O009469,49.0,2026-08-05,548909
U004159,O009470,268.86,2025-10-09,824215
U004159,O009471,1094.52,2025-10-12,824215
U004159,O009472,725.36,2025-11-22,824215
U004161,O009473,1190.94,2026-07-17,367165
U004161,O009474,372.72,2026-08-14,367165
U004161,O009475,477.74,2026-08-22,367165
U004162,O009476,397.44,2026-04-11,674885
U004163,O009477,168.78,2026-02-09,693498
U004163,O009478,1094.87,2026-02-11,693498
U004163,O009479,888.89,2026-02-24,693498
U004163,O009480,999.21,2026-06-20,693498
U004164,O009481,1025.0,2026-04-09,706394
U004165,O009482,591.67,2025-11-02,422676
U004165,O009483,942.33,2026-02-04,422676
U004165,O009484,1179.71,2026-02-25,422676
U004165,O009485,475.86,2026-04-27,422676
U004165,O009486,370.13,2026-05-26,422676
U004165,O009487,703.42,2026-06-15,422676
U004166,O009488,569.91,2026-05-26,829870
U004166,O009489,293.51,2026-06-01,829870
U004167,O009490,748.72,2026-04-28,830187
U004167,O009491,402.8,2026-04-30,830187
U004167,O009492,415.48,2026-05-31,830187
U004169,O009493,49.0,2025-11-22,251542
U004169,O009494,814.25,2025-12-09,251542
U004169,O009495,780.14,2026-02-13,251542
U004169,O009496,654.04,2026-02-14,251542
U004170,O009497,1094.47,2026-02-12,393847
U004170,O009498,546.47,2026-03-19,393847
U004170,O009499,1062.12,2026-08-22,393847
U004171,O009500,682.63,2025-12-13,546500
U004171,O009501,519.34,2025-12-25,546500
U004171,O009502,376.83,2026-01-29,546500
U004171,O009503,983.47,2026-02-23,546500
U004174,O009504,653.12,2026-04-06,534407
U004174,O009505,937.17,2026-04-28,534407
U004175,O009506,1233.51,2026-02-26,454675
U004175,O009507,422.22,2026-03-18,454675
U004176,O009508,80.53,2025-11-01,714721
U004177,O009509,485.09,2026-08-25,210694
U004178,O009510,731.8,2026-06-16,723895
U004178,O009511,171.8,2026-06-18,723895
U004178,O009512,675.63,2026-07-02,723895
U004178,O009513,956.34,2026-07-20,723895
U004179,O009514,956.34,2025-11-26,286536
U004179,O009515,939.26,2025-12-22,286536
U004179,O009516,396.71,2026-01-28,286536
U004179,O009517,741.46,2026-04-08,286536
U004179,O009518,387.98,2026-05-08,286536
U004180,O009519,1029.9,2026-04-20,564758
U004180,O009520,812.0,2026-05-15,564758
U004180,O009521,663.19,2026-05-16,564758
U004180,O009522,596.87,2026-07-29,564758
U004180,O009523,49.0,2026-08-15,564758
U004181,O009524,894.27,2026-06-05,375010
U004181,O009525,672.63,2026-06-24,375010
U004182,O009526,267.47,2025-11-11,524508
U004182,O009527,962.11,2025-12-12,524508
U004183,O009528,570.25,2025-10-28,721216
U004184,O009529,917.52,2026-08-02,463130
U004185,O009530,49.0,2026-02-10,757618
U004185,O009531,381.94,2026-03-19,757618
U004186,O009532,474.09,2026-08-02,632893
U004187,O009533,1270.13,2026-08-22,207661
U004188,O009534,799.91,2025-11-02,134940
U004188,O009535,552.29,2025-11-15,134940
U004190,O009536,141.93,2026-06-12,429550
U004190,O009537,1045.26,2026-06-13,429550
U004190,O009538,131.43,2026-07-28,429550
U004191,O009539,418.05,2026-06-15,288500
U004191,O009540,542.49,2026-06-19,288500
U004191,O009541,865.96,2026-06-27,288500
U004191,O009542,461.82,2026-08-07,288500
U004192,O009543,432.24,2026-07-14,673559
U004193,O009544,624.83,2026-08-06,731560
U004193,O009545,911.82,2026-08-14,731560
U004193,O009546,556.51,2026-08-26,731560
U004194,O009547,943.11,2025-11-16,201916
U004194,O009548,700.93,2025-12-01,201916
U004195,O009549,598.12,2026-02-26,524893
U004195,O009550,426.28,2026-03-11,524893
U004196,O009551,739.17,2025-12-14,236135
U004196,O009552,905.42,2025-12-25,236135
U004196,O009553,830.03,2026-01-13,236135
U004196,O009554,399.3,2026-03-31,236135
U004197,O009555,1001.1,2025-11-07,263874
U004197,O009556,1024.71,2025-12-11,263874
U004197,O009557,328.24,2026-01-08,263874
U004198,O009558,470.79,2025-11-21,133577
U004198,O009559,744.88,2026-02-13,133577
U004199,O009560,777.24,2026-08-12,485624
U004200,O009561,558.2,2026-08-16,775170
U004201,O009562,1289.78,2026-02-04,462056
U004202,O009563,410.49,2026-04-02,321586
U004202,O009564,206.5,2026-04-10,321586
U004202,O009565,971.96,2026-04-16,321586
U004202,O009566,591.07,2026-04-21,321586
U004202,O009567,969.78,2026-05-16,321586
U004203,O009568,999.79,2026-05-31,275435
U004203,O009569,691.52,2026-06-03,275435
U004203,O009570,762.21,2026-06-20,275435
U004206,O009571,745.57,2026-06-03,354904
U004206,O009572,500.78,2026-07-01,354904
U004206,O009573,614.22,2026-07-15,354904
U004207,O009574,771.7,2026-03-06,105584
U004207,O009575,982.85,2026-04-14,105584
U004208,O009576,631.94,2026-05-12,397844
U004208,O009577,100.55,2026-07-08,397844
U004208,O009578,671.06,2026-07-30,397844
U004208,O009579,866.55,2026-08-03,397844
U004209,O009580,513.87,2026-03-11,399336
U004210,O009581,592.62,2026-05-18,264231
U004210,O009582,686.74,2026-05-22,264231
U004211,O009583,466.02,2026-07-18,584762
U004211,O009584,595.78,2026-07-24,584762
U004211,O009585,335.85,2026-07-27,584762
U004213,O009586,598.34,2026-02-08,137681
U004213,O009587,550.2,2026-03-16,137681
U004214,O009588,1079.92,2026-05-21,598744
U004214,O009589,1071.83,2026-07-19,598744
U004214,O009590,907.96,2026-08-04,598744
U004215,O009591,1011.75,2025-10-13,336537
U004216,O009592,812.77,2026-03-23,858322
U004216,O009593,877.95,2026-06-02,858322
U004216,O009594,648.12,2026-06-11,858322
U004217,O009595,454.93,2025-10-02,773462
U004218,O009596,795.27,2026-01-08,292096
U004218,O009597,49.0,2026-01-17,292096
U004218,O009598,1141.21,2026-01-29,292096
U004218,O009599,565.2,2026-01-31,292096
U004218,O009600,216.13,2026-02-16,292096
U004219,O009601,736.06,2026-08-04,277020
U004219,O009602,790.95,2026-08-06,277020
U004220,O009603,510.5,2026-02-25,457241
U004220,O009604,1287.56,2026-03-08,457241
U004221,O009605,779.05,2026-05-21,840097
U004221,O009606,640.15,2026-06-24,840097
U004221,O009607,380.03,2026-06-27,840097
U004221,O009608,469.38,2026-07-16,840097
U004221,O009609,1146.43,2026-07-17,840097
U004221,O009610,836.82,2026-07-31,840097
U004222,O009611,823.02,2026-04-23,330721
U004222,O009612,697.98,2026-05-01,330721
U004223,O009613,1242.6,2025-12-04,223418
U004223,O009614,852.35,2025-12-15,223418
U004223,O009615,960.17,2025-12-23,223418
U004224,O009616,238.93,2026-07-19,563970
U004225,O009617,68.88,2026-08-05,639085
U004226,O009618,674.43,2026-03-12,237309
U004226,O009619,597.48,2026-05-02,237309
U004227,O009620,434.42,2026-03-23,213113
U004227,O009621,529.15,2026-03-28,213113
U004229,O009622,49.0,2026-08-14,299638
U004229,O009623,474.18,2026-08-19,299638
U004230,O009624,49.0,2026-01-27,662233
U004230,O009625,483.57,2026-02-20,662233
U004230,O009626,643.46,2026-03-08,662233
U004231,O009627,1070.31,2025-12-15,332255
U004231,O009628,912.63,2026-01-04,332255
U004232,O009629,719.79,2026-05-30,529096
U004232,O009630,349.86,2026-08-05,529096
U004233,O009631,532.56,2026-02-04,567834
U004233,O009632,658.51,2026-02-11,567834
U004233,O009633,518.61,2026-03-21,567834
U004233,O009634,1011.74,2026-04-29,567834
U004233,O009635,420.89,2026-06-24,567834
U004234,O009636,509.08,2025-11-27,447797
U004234,O009637,259.56,2025-11-29,447797
U004234,O009638,1103.61,2026-01-22,447797
U004236,O009639,220.46,2026-04-12,501253
U004236,O009640,799.54,2026-05-05,501253
U004237,O009641,575.78,2025-09-20,335900
U004237,O009642,505.89,2025-09-24,335900
U004237,O009643,454.69,2025-12-17,335900
U004238,O009644,1242.55,2026-04-04,360680
U004238,O009645,797.55,2026-04-13,360680
U004238,O009646,606.94,2026-04-18,360680
U004239,O009647,416.87,2026-06-13,827749
U004239,O009648,422.06,2026-07-18,827749
U004240,O009649,317.28,2026-07-10,439223
U004241,O009650,1114.76,2026-07-24,378064
U004242,O009651,474.49,2026-07-09,458603
U004243,O009652,682.18,2025-12-21,529540
U004243,O009653,903.75,2025-12-27,529540
U004243,O009654,739.89,2026-02-10,529540
U004244,O009655,54.73,2026-04-15,322176
U004244,O009656,740.64,2026-04-18,322176
U004244,O009657,949.33,2026-08-19,322176
U004246,O009658,835.84,2026-06-04,736257
U004246,O009659,750.98,2026-06-06,736257
U004246,O009660,418.74,2026-06-17,736257
U004248,O009661,580.08,2026-08-12,415974
U004249,O009662,393.08,2025-12-30,195937
U004251,O009663,282.35,2025-12-17,312923
U004252,O009664,543.76,2026-02-14,448036
U004254,O009665,761.34,2026-08-01,879355
U004254,O009666,612.5,2026-08-10,879355
U004254,O009667,49.0,2026-08-21,879355
U004255,O009668,349.83,2025-12-06,830695
U004255,O009669,1164.67,2026-01-08,830695
U004255,O009670,1243.27,2026-02-20,830695
U004255,O009671,911.02,2026-02-28,830695
U004255,O009672,49.0,2026-03-28,830695
U004257,O009673,261.67,2025-10-02,255612
U004257,O009674,1171.11,2025-10-25,255612
U004258,O009675,655.73,2026-02-20,464176
U004258,O009676,73.86,2026-03-24,464176
U004258,O009677,905.18,2026-05-09,464176
U004259,O009678,897.32,2026-04-20,208678
U004259,O009679,874.65,2026-04-25,208678
U004259,O009680,333.03,2026-05-11,208678
U004260,O009681,681.54,2025-09-11,541325
U004261,O009682,641.23,2025-11-14,345899
U004261,O009683,996.14,2025-11-18,345899
U004261,O009684,480.77,2025-12-15,345899
U004262,O009685,907.98,2025-10-20,880570
U004263,O009686,432.37,2025-12-19,299177
U004263,O009687,952.92,2026-01-28,299177
U004263,O009688,1165.84,2026-02-06,299177
U004265,O009689,846.04,2025-12-13,501626
U004265,O009690,468.99,2025-12-24,501626
U004265,O009691,698.23,2026-02-09,501626
U004265,O009692,538.16,2026-02-12,501626
U004265,O009693,327.07,2026-03-10,501626
U004266,O009694,696.18,2026-08-23,493821
U004267,O009695,336.42,2026-01-30,709191
U004267,O009696,912.38,2026-03-15,709191
U004268,O009697,212.17,2025-10-08,327763
U004268,O009698,723.91,2026-02-02,327763
U004269,O009699,362.43,2026-01-07,131730
U004269,O009700,675.05,2026-02-05,131730
U004269,O009701,762.43,2026-02-18,131730
U004269,O009702,698.8,2026-04-11,131730
U004270,O009703,303.41,2026-01-16,574845
U004270,O009704,992.42,2026-01-23,574845
U004270,O009705,1107.07,2026-03-22,574845
U004273,O009706,204.78,2026-03-28,212642
U004273,O009707,553.19,2026-04-01,212642
U004273,O009708,1020.96,2026-04-19,212642
U004274,O009709,1096.33,2026-04-14,628352
U004276,O009710,599.57,2026-06-15,845792
U004276,O009711,641.14,2026-07-19,845792
U004276,O009712,272.57,2026-08-17,845792
U004277,O009713,1405.99,2025-12-07,113695
U004277,O009714,797.16,2026-01-11,113695
U004277,O009715,332.22,2026-03-05,113695
U004277,O009716,535.85,2026-03-11,113695
U004277,O009717,704.41,2026-03-13,113695
U004278,O009718,751.75,2026-02-11,120115
U004278,O009719,115.03,2026-03-02,120115
U004279,O009720,546.79,2026-07-30,139828
U004280,O009721,273.01,2026-04-01,167900
U004280,O009722,770.67,2026-04-21,167900
U004280,O009723,506.19,2026-05-21,167900
U004280,O009724,493.92,2026-07-26,167900
U004281,O009725,933.99,2026-07-07,389620
U004282,O009726,1049.63,2026-07-24,783036
U004282,O009727,441.58,2026-08-08,783036
U004283,O009728,672.33,2026-07-22,777384
U004283,O009729,800.1,2026-08-26,777384
U004284,O009730,480.55,2025-12-31,868899
U004285,O009731,682.37,2026-03-13,566932
U004285,O009732,220.18,2026-04-06,566932
U004286,O009733,290.42,2026-04-05,836874
U004286,O009734,1081.52,2026-06-03,836874
U004286,O009735,830.4,2026-07-19,836874
U004286,O009736,810.44,2026-08-10,836874
U004287,O009737,822.15,2026-05-25,228271
U004287,O009738,440.27,2026-06-22,228271
U004288,O009739,896.0,2026-07-24,492873
U004288,O009740,654.76,2026-08-25,492873
U004289,O009741,899.79,2026-01-09,298463
U004289,O009742,964.62,2026-02-17,298463
U004291,O009743,412.44,2026-08-20,404560
U004292,O009744,639.68,2026-06-08,289852
U004292,O009745,424.44,2026-08-17,289852
U004293,O009746,49.0,2026-08-25,125022
U004294,O009747,699.64,2026-07-06,699795
U004294,O009748,454.95,2026-07-25,699795
U004295,O009749,834.48,2026-05-05,401875
U004296,O009750,714.14,2025-10-26,557111
U004296,O009751,761.16,2025-12-08,557111
U004296,O009752,683.23,2026-01-03,557111
U004296,O009753,1279.55,2026-02-14,557111
U004296,O009754,676.26,2026-03-26,557111
U004297,O009755,556.54,2026-04-26,395347
U004297,O009756,769.39,2026-05-29,395347
U004297,O009757,734.98,2026-07-28,395347
U004298,O009758,1157.96,2026-06-22,351082
U004298,O009759,241.49,2026-06-30,351082
U004299,O009760,771.31,2025-10-28,270617
U004299,O009761,454.76,2025-11-24,270617
U004300,O009762,1017.88,2025-10-31,223721
U004300,O009763,852.0,2025-11-07,223721
U004300,O009764,260.62,2025-11-29,223721
U004300,O009765,514.05,2025-12-08,223721
U004300,O009766,100.13,2025-12-17,223721
U004301,O009767,243.04,2025-11-10,606619
U004301,O009768,706.11,2025-12-08,606619
U004302,O009769,895.74,2025-12-21,281741
U004302,O009770,769.14,2025-12-30,281741
U004302,O009771,1167.75,2026-01-01,281741
U004303,O009772,619.9,2025-11-15,542461
U004303,O009773,360.38,2025-12-16,542461
U004303,O009774,1078.99,2025-12-18,542461
U004303,O009775,209.41,2026-06-02,542461
U004305,O009776,1155.89,2025-12-28,594015
U004305,O009777,647.04,2026-02-16,594015
U004305,O009778,106.11,2026-03-29,594015
U004305,O009779,616.19,2026-04-16,594015
U004305,O009780,434.64,2026-04-18,594015
U004306,O009781,699.59,2025-09-28,442420
U004306,O009782,1124.13,2025-12-02,442420
U004307,O009783,920.92,2026-07-03,641306
U004308,O009784,561.11,2026-03-15,823488
U004308,O009785,593.05,2026-03-20,823488
U004309,O009786,263.85,2026-05-03,696538
U004309,O009787,1298.34,2026-05-27,696538
U004309,O009788,219.33,2026-07-19,696538
U004312,O009789,512.36,2026-02-07,600479
U004312,O009790,311.59,2026-03-11,600479
U004314,O009791,812.37,2025-11-24,116462
U004314,O009792,241.64,2026-04-01,116462
U004314,O009793,703.58,2026-04-07,116462
U004315,O009794,648.85,2026-01-24,199911
U004316,O009795,480.31,2026-06-23,592505
U004316,O009796,779.49,2026-07-07,592505
U004316,O009797,49.0,2026-07-16,592505
U004316,O009798,597.37,2026-08-08,592505
U004316,O009799,882.97,2026-08-17,592505
U004317,O009800,310.96,2025-12-21,464638
U004317,O009801,1250.77,2026-01-24,464638
U004319,O009802,578.87,2026-04-04,214817
U004319,O009803,646.84,2026-05-23,214817
U004319,O009804,795.17,2026-06-22,214817
U004320,O009805,733.39,2026-07-29,624662
U004321,O009806,1366.97,2026-04-30,529339
U004321,O009807,904.25,2026-05-04,529339
U004322,O009808,392.42,2026-08-09,250846
U004324,O009809,547.65,2026-04-10,858341
U004324,O009810,648.15,2026-04-20,858341
U004324,O009811,167.16,2026-04-23,858341
U004324,O009812,49.0,2026-05-07,858341
U004325,O009813,603.26,2026-06-11,569085
U004326,O009814,656.91,2025-12-04,539118
U004326,O009815,459.71,2025-12-13,539118
U004328,O009816,514.89,2026-07-31,407168
U004329,O009817,299.29,2025-09-29,411112
U004329,O009818,1032.79,2025-11-05,411112
U004329,O009819,372.57,2025-11-11,411112
U004329,O009820,489.51,2025-11-30,411112
U004330,O009821,339.55,2025-11-27,182992
U004330,O009822,835.57,2026-01-28,182992
U004331,O009823,993.24,2026-01-09,139290
U004331,O009824,491.48,2026-01-20,139290
U004331,O009825,659.33,2026-01-26,139290
U004332,O009826,1207.58,2026-06-18,310183
U004332,O009827,448.98,2026-06-22,310183
U004333,O009828,185.25,2025-11-18,567482
U004333,O009829,479.71,2025-12-13,567482
U004334,O009830,206.33,2026-08-11,527265
U004334,O009831,868.01,2026-08-12,527265
U004334,O009832,257.4,2026-08-22,527265
U004335,O009833,759.59,2026-03-25,113990
U004337,O009834,530.59,2025-12-12,390455
U004338,O009835,275.55,2026-06-03,186748
U004338,O009836,297.16,2026-06-13,186748
U004338,O009837,1053.37,2026-07-22,186748
U004338,O009838,402.72,2026-08-06,186748
U004339,O009839,49.0,2025-10-24,714949
U004340,O009840,850.72,2026-06-03,420541
U004340,O009841,547.33,2026-08-18,420541
U004342,O009842,139.43,2025-09-27,704900
U004342,O009843,127.61,2025-11-03,704900
U004342,O009844,1452.05,2025-11-19,704900
U004342,O009845,970.6,2025-12-06,704900
U004342,O009846,317.1,2025-12-20,704900
U004343,O009847,564.15,2026-06-21,516598
U004343,O009848,568.82,2026-08-06,516598
U004343,O009849,103.7,2026-08-09,516598
U004344,O009850,739.84,2026-06-30,428769
U004344,O009851,950.67,2026-07-24,428769
U004346,O009852,498.89,2025-12-31,627864
U004346,O009853,587.15,2026-01-07,627864
U004346,O009854,598.2,2026-01-24,627864
U004347,O009855,900.91,2026-05-21,745050
U004347,O009856,177.35,2026-05-24,745050
U004347,O009857,535.79,2026-05-27,745050
U004347,O009858,1038.26,2026-06-14,745050
U004348,O009859,781.14,2026-02-04,227849
U004349,O009860,557.4,2026-06-17,178083
U004349,O009861,570.72,2026-06-19,178083
U004349,O009862,553.95,2026-06-27,178083
U004349,O009863,532.94,2026-07-14,178083
U004350,O009864,150.69,2026-07-28,200884
U004351,O009865,994.19,2026-04-16,437063
U004351,O009866,499.29,2026-06-03,437063
U004351,O009867,613.44,2026-07-26,437063
U004352,O009868,946.25,2025-11-17,828620
U004353,O009869,584.36,2026-01-17,178291
U004353,O009870,649.53,2026-02-16,178291
U004353,O009871,1024.9,2026-03-04,178291
U004355,O009872,427.86,2025-11-04,616397
U004355,O009873,679.54,2025-11-12,616397
U004355,O009874,328.36,2025-12-08,616397
U004355,O009875,1118.91,2025-12-26,616397
U004355,O009876,559.42,2026-01-16,616397
U004356,O009877,640.13,2025-12-04,612185
U004356,O009878,535.41,2026-01-01,612185
U004356,O009879,872.92,2026-01-02,612185
U004356,O009880,611.96,2026-04-23,612185
U004356,O009881,49.0,2026-06-17,612185
U004356,O009882,231.58,2026-07-06,612185
U004357,O009883,716.15,2026-01-18,527305
U004357,O009884,712.95,2026-01-24,527305
U004357,O009885,1060.01,2026-02-19,527305
U004357,O009886,229.87,2026-03-16,527305
U004358,O009887,699.15,2026-07-13,858666
U004359,O009888,269.27,2025-11-15,140034
U004359,O009889,547.45,2026-01-26,140034
U004359,O009890,729.8,2026-03-02,140034
U004360,O009891,496.94,2026-02-21,444525
U004361,O009892,953.21,2026-02-26,742385
U004361,O009893,665.42,2026-02-28,742385
U004362,O009894,772.8,2026-04-16,680041
U004362,O009895,49.0,2026-06-07,680041
U004363,O009896,644.84,2026-03-05,490180
U004363,O009897,788.8,2026-06-12,490180
U004364,O009898,716.69,2026-02-10,773430
U004365,O009899,1413.05,2026-01-15,407491
U004365,O009900,423.3,2026-01-16,407491
U004366,O009901,683.16,2026-06-22,589309
U004366,O009902,317.98,2026-06-30,589309
U004367,O009903,525.95,2026-07-07,793624
U004369,O009904,789.73,2026-07-31,311995
U004369,O009905,226.68,2026-08-07,311995
U004369,O009906,896.94,2026-08-13,311995
U004370,O009907,525.89,2026-08-25,309158
U004371,O009908,826.02,2026-08-18,626236
U004372,O009909,346.89,2026-08-26,675634
U004373,O009910,1097.37,2026-08-07,318595
U004374,O009911,49.0,2026-05-17,468514
U004374,O009912,755.23,2026-05-19,468514
U004375,O009913,363.87,2026-03-18,171872
U004375,O009914,847.11,2026-03-31,171872
U004375,O009915,355.99,2026-06-28,171872
U004376,O009916,620.71,2026-06-07,673300
U004376,O009917,522.21,2026-06-21,673300
U004376,O009918,748.69,2026-06-25,673300
U004376,O009919,1124.34,2026-07-04,673300
U004378,O009920,733.33,2025-10-05,728215
U004378,O009921,921.3,2026-01-27,728215
U004379,O009922,443.58,2026-05-26,581323
U004379,O009923,663.44,2026-05-29,581323
U004379,O009924,49.0,2026-05-30,581323
U004380,O009925,1175.29,2025-11-28,536031
U004380,O009926,632.36,2025-12-25,536031
U004381,O009927,696.7,2026-06-01,862470
U004384,O009928,959.67,2026-01-11,242239
U004384,O009929,828.09,2026-01-19,242239
U004386,O009930,1092.52,2026-04-18,617989
U004387,O009931,986.82,2026-03-09,766879
U004387,O009932,389.73,2026-06-17,766879
U004387,O009933,1028.67,2026-06-28,766879
U004388,O009934,829.43,2026-07-31,811401
U004389,O009935,863.07,2026-05-01,724428
U004389,O009936,994.14,2026-08-08,724428
U004389,O009937,405.47,2026-08-20,724428
U004390,O009938,1051.15,2026-08-11,155553
U004391,O009939,1047.23,2026-03-29,773016
U004392,O009940,355.06,2026-03-27,610922
U004393,O009941,796.46,2026-04-23,664224
U004393,O009942,1042.29,2026-05-20,664224
U004393,O009943,1138.89,2026-06-19,664224
U004394,O009944,453.06,2026-05-25,361399
U004395,O009945,899.65,2026-07-27,310290
U004396,O009946,242.35,2026-03-29,860544
U004397,O009947,49.0,2025-11-10,632595
U004398,O009948,408.41,2025-12-08,695532
U004398,O009949,679.62,2025-12-11,695532
U004398,O009950,644.02,2025-12-27,695532
U004398,O009951,1174.45,2026-01-27,695532
U004399,O009952,452.98,2025-10-22,272243
U004400,O009953,1099.38,2026-05-27,194575
U004400,O009954,312.45,2026-06-13,194575
U004401,O009955,1143.73,2026-01-02,204003
U004402,O009956,753.45,2026-05-20,515625
U004402,O009957,754.73,2026-05-21,515625
U004402,O009958,477.37,2026-05-30,515625
U004402,O009959,620.98,2026-06-09,515625
U004402,O009960,505.71,2026-06-19,515625
U004403,O009961,251.47,2026-01-13,366259
U004403,O009962,542.78,2026-01-20,366259
U004404,O009963,560.58,2026-03-01,670137
U004404,O009964,598.67,2026-04-08,670137
U004405,O009965,71.97,2026-05-23,242796
U004405,O009966,552.53,2026-06-02,242796
U004407,O009967,498.5,2026-02-17,784253
U004408,O009968,674.98,2025-12-26,503920
U004408,O009969,703.22,2026-01-12,503920
U004408,O009970,1090.57,2026-01-19,503920
U004408,O009971,638.6,2026-02-17,503920
U004409,O009972,636.89,2026-08-11,180315
U004410,O009973,966.81,2026-02-26,335118
U004410,O009974,180.7,2026-03-01,335118
U004410,O009975,1077.03,2026-05-05,335118
U004412,O009976,559.14,2026-07-18,389602
U004412,O009977,831.35,2026-08-08,389602
U004413,O009978,920.33,2026-06-19,505188
U004414,O009979,707.12,2026-02-15,682045
U004414,O009980,781.05,2026-05-04,682045
U004414,O009981,656.01,2026-05-23,682045
U004416,O009982,785.24,2025-09-19,807676
U004416,O009983,753.27,2025-09-21,807676
U004416,O009984,1057.76,2025-10-20,807676
U004417,O009985,879.28,2025-11-07,424425
U004417,O009986,822.04,2025-12-17,424425
U004417,O009987,263.69,2026-01-09,424425
U004421,O009988,780.14,2025-10-31,809778
U004421,O009989,902.39,2025-11-03,809778
U004422,O009990,911.45,2026-08-18,190514
U004423,O009991,490.31,2026-03-04,792532
U004423,O009992,723.88,2026-05-07,792532
U004425,O009993,1374.43,2026-05-30,494601
U004426,O009994,604.38,2026-03-11,612428
U004426,O009995,1027.04,2026-03-25,612428
U004427,O009996,197.24,2025-09-15,458763
U004427,O009997,216.24,2025-11-20,458763
U004428,O009998,292.85,2026-04-23,766377
U004428,O009999,716.96,2026-07-13,766377
U004428,O010000,957.86,2026-07-31,766377
U004428,O010001,1054.74,2026-08-16,766377
U004429,O010002,1332.59,2026-07-22,370531
U004429,O010003,710.76,2026-08-24,370531
U004430,O010004,643.72,2026-05-18,799459
U004431,O010005,1176.87,2026-02-19,737000
U004432,O010006,618.9,2026-02-17,184877
U004432,O010007,768.36,2026-03-27,184877
U004433,O010008,888.95,2026-03-20,244003
U004433,O010009,820.04,2026-05-22,244003
U004435,O010010,630.93,2026-03-06,803938
U004435,O010011,628.44,2026-05-08,803938
U004436,O010012,624.29,2025-12-15,344247
U004436,O010013,448.43,2026-02-23,344247
U004437,O010014,873.44,2026-01-09,171081
U004437,O010015,446.18,2026-01-27,171081
U004437,O010016,401.07,2026-02-09,171081
U004438,O010017,271.29,2026-07-11,814608
U004439,O010018,1346.2,2026-02-06,355101
U004439,O010019,322.67,2026-02-13,355101
U004439,O010020,322.82,2026-03-07,355101
U004439,O010021,1044.06,2026-04-12,355101
U004440,O010022,427.01,2026-05-31,886827
U004440,O010023,844.07,2026-06-09,886827
U004440,O010024,246.88,2026-06-11,886827
U004441,O010025,1082.37,2026-07-21,595087
U004443,O010026,515.45,2025-12-26,899899
U004443,O010027,903.01,2026-01-09,899899
U004443,O010028,418.9,2026-02-11,899899
U004443,O010029,701.19,2026-03-28,899899
U004443,O010030,684.6,2026-04-27,899899
U004443,O010031,996.37,2026-05-14,899899
U004444,O010032,664.08,2026-06-09,784361
U004444,O010033,918.09,2026-07-28,784361
U004445,O010034,639.89,2026-07-11,159502
U004447,O010035,987.6,2026-07-16,792689
U004447,O010036,676.57,2026-08-09,792689
U004447,O010037,613.88,2026-08-11,792689
U004447,O010038,578.24,2026-08-13,792689
U004449,O010039,515.79,2026-02-02,384689
U004449,O010040,574.19,2026-03-12,384689
U004449,O010041,241.05,2026-03-29,384689
U004450,O010042,342.27,2026-01-20,775603
U004450,O010043,873.43,2026-02-02,775603
U004451,O010044,726.67,2026-05-05,199567
U004451,O010045,728.86,2026-05-11,199567
U004453,O010046,1163.58,2025-12-10,300641
U004454,O010047,459.57,2026-06-21,739294
U004454,O010048,378.69,2026-07-04,739294
U004454,O010049,642.56,2026-07-10,739294
U004455,O010050,827.46,2026-02-12,259211
U004456,O010051,681.45,2025-12-08,589265
U004457,O010052,797.56,2026-03-06,808088
U004457,O010053,967.61,2026-04-23,808088
U004457,O010054,820.58,2026-04-26,808088
U004458,O010055,542.37,2025-12-08,337857
U004458,O010056,348.22,2026-01-30,337857
U004458,O010057,708.62,2026-02-16,337857
U004458,O010058,656.17,2026-02-27,337857
U004458,O010059,970.94,2026-03-26,337857
U004459,O010060,262.58,2026-05-20,758727
U004459,O010061,574.84,2026-05-30,758727
U004460,O010062,544.56,2026-03-22,377723
U004460,O010063,179.76,2026-04-09,377723
U004461,O010064,376.04,2026-02-03,384939
U004462,O010065,980.65,2026-04-26,554751
U004462,O010066,808.3,2026-05-14,554751
U004462,O010067,603.84,2026-05-15,554751
U004462,O010068,871.59,2026-06-08,554751
U004462,O010069,908.1,2026-06-22,554751
U004463,O010070,161.9,2026-03-01,766430
U004463,O010071,261.14,2026-04-08,766430
U004463,O010072,878.74,2026-08-26,766430
U004464,O010073,598.28,2026-02-23,228568
U004464,O010074,842.96,2026-03-27,228568
U004466,O010075,352.04,2026-02-17,738846
U004468,O010076,670.07,2026-04-13,421624
U004468,O010077,462.05,2026-04-27,421624
U004468,O010078,751.75,2026-05-15,421624
U004469,O010079,49.0,2026-05-21,799084
U004469,O010080,1006.48,2026-06-10,799084
U004470,O010081,1049.44,2026-07-10,898406
U004471,O010082,646.22,2025-12-22,123125
U004472,O010083,627.35,2026-03-25,429923
U004472,O010084,1031.55,2026-05-09,429923
U004472,O010085,158.72,2026-08-06,429923
U004473,O010086,701.79,2026-05-19,606196
U004473,O010087,356.02,2026-07-30,606196
U004474,O010088,529.53,2026-01-11,478215
U004474,O010089,1194.14,2026-01-18,478215
U004475,O010090,49.0,2026-01-02,360931
U004475,O010091,136.01,2026-01-13,360931
U004475,O010092,1023.47,2026-03-01,360931
U004475,O010093,49.0,2026-03-07,360931
U004475,O010094,551.44,2026-03-28,360931
U004477,O010095,1114.5,2026-03-06,581103
U004477,O010096,632.39,2026-05-17,581103
U004477,O010097,662.27,2026-05-26,581103
U004478,O010098,49.0,2026-03-09,834028
U004478,O010099,1085.24,2026-03-12,834028
U004478,O010100,208.51,2026-04-15,834028
U004479,O010101,470.15,2026-06-25,660358
U004479,O010102,617.91,2026-06-29,660358
U004479,O010103,837.94,2026-07-11,660358
U004479,O010104,756.9,2026-07-18,660358
U004479,O010105,327.05,2026-07-20,660358
U004480,O010106,651.99,2025-10-11,617650
U004481,O010107,1039.39,2025-11-05,155700
U004481,O010108,534.58,2025-12-18,155700
U004481,O010109,839.55,2025-12-28,155700
U004481,O010110,180.51,2026-01-10,155700
U004483,O010111,853.94,2026-08-16,318421
U004483,O010112,655.54,2026-08-25,318421
U004484,O010113,843.91,2026-07-22,745721
U004485,O010114,1024.07,2026-04-27,613099
U004486,O010115,385.45,2026-05-18,376771
U004486,O010116,49.0,2026-06-09,376771
U004486,O010117,301.44,2026-07-24,376771
U004486,O010118,1182.2,2026-07-31,376771
U004487,O010119,472.75,2025-12-22,408624
U004487,O010120,725.28,2026-01-03,408624
U004487,O010121,887.35,2026-01-26,408624
U004489,O010122,300.02,2026-08-25,181121
U004491,O010123,617.64,2026-06-13,346759
U004491,O010124,875.55,2026-07-07,346759
U004491,O010125,647.18,2026-07-08,346759
U004491,O010126,682.65,2026-08-03,346759
U004492,O010127,640.23,2025-12-13,511895
U004492,O010128,867.27,2026-01-15,511895
U004492,O010129,533.68,2026-02-03,511895
U004492,O010130,487.58,2026-03-21,511895
U004493,O010131,916.28,2026-04-06,468829
U004493,O010132,498.33,2026-04-07,468829
U004494,O010133,713.82,2026-06-21,114783
U004496,O010134,1106.07,2025-09-30,594241
U004496,O010135,764.17,2025-11-07,594241
U004496,O010136,650.53,2025-12-21,594241
U004497,O010137,928.02,2025-10-05,878311
U004497,O010138,599.13,2025-10-11,878311
U004497,O010139,122.05,2025-12-03,878311
U004498,O010140,151.88,2026-07-19,770003
U004498,O010141,441.21,2026-07-29,770003
U004500,O010142,857.94,2026-04-05,252741
U004500,O010143,308.42,2026-04-28,252741
U004500,O010144,632.8,2026-05-26,252741
U004500,O010145,574.35,2026-06-07,252741
U004501,O010146,670.3,2025-10-14,367726
U004501,O010147,642.3,2025-11-04,367726
U004503,O010148,1012.02,2025-12-21,797599
U004504,O010149,659.71,2026-07-30,785687
U004506,O010150,873.59,2026-08-25,750122
U004507,O010151,708.53,2025-11-24,192877
U004507,O010152,627.82,2026-01-26,192877
U004507,O010153,536.66,2026-02-08,192877
U004507,O010154,433.1,2026-03-19,192877
U004507,O010155,567.13,2026-07-16,192877
U004507,O010156,305.55,2026-07-24,192877
U004508,O010157,472.61,2026-01-28,558161
U004508,O010158,49.0,2026-03-10,558161
U004508,O010159,399.78,2026-03-29,558161
U004509,O010160,776.1,2025-09-24,158802
U004510,O010161,891.28,2026-06-13,217779
U004510,O010162,499.03,2026-06-22,217779
U004510,O010163,653.05,2026-07-07,217779
U004511,O010164,648.76,2026-01-03,335483
U004511,O010165,1192.18,2026-03-03,335483
U004511,O010166,1021.82,2026-03-30,335483
U004511,O010167,817.86,2026-04-03,335483
U004512,O010168,439.37,2026-02-16,670821
U004514,O010169,375.32,2026-04-01,191335
U004514,O010170,601.6,2026-04-13,191335
U004514,O010171,656.2,2026-04-25,191335
U004514,O010172,888.83,2026-05-01,191335
U004515,O010173,317.35,2026-05-14,191573
U004516,O010174,304.77,2025-12-14,363802
U004516,O010175,868.98,2026-01-12,363802
U004517,O010176,823.58,2026-03-23,524391
U004520,O010177,1189.96,2026-04-24,636352
U004520,O010178,803.4,2026-05-08,636352
U004521,O010179,870.4,2026-01-25,226878
U004521,O010180,848.7,2026-01-27,226878
U004521,O010181,262.99,2026-02-02,226878
U004522,O010182,490.84,2025-12-22,838261
U004522,O010183,180.44,2026-01-07,838261
U004523,O010184,584.98,2026-08-02,325976
U004524,O010185,788.28,2026-06-01,489532
U004524,O010186,183.1,2026-07-14,489532
U004525,O010187,49.0,2026-05-30,216021
U004525,O010188,881.87,2026-06-15,216021
U004526,O010189,564.12,2026-02-07,136561
U004527,O010190,1022.19,2025-11-05,736490
U004527,O010191,287.1,2025-12-01,736490
U004527,O010192,49.0,2025-12-06,736490
U004527,O010193,1112.89,2026-01-21,736490
U004527,O010194,1191.21,2026-02-12,736490
U004529,O010195,603.55,2026-04-03,715166
U004529,O010196,1411.71,2026-06-09,715166
U004529,O010197,608.86,2026-07-08,715166
U004530,O010198,586.56,2025-12-26,213103
U004530,O010199,222.97,2026-01-13,213103
U004530,O010200,655.12,2026-02-04,213103
U004530,O010201,780.12,2026-03-30,213103
U004531,O010202,735.76,2025-09-28,713040
U004531,O010203,299.72,2025-11-12,713040
U004532,O010204,953.96,2026-06-27,834828
U004533,O010205,991.37,2026-07-17,733773
U004533,O010206,656.46,2026-07-24,733773
U004535,O010207,675.36,2026-01-04,425538
U004535,O010208,535.27,2026-02-04,425538
U004536,O010209,471.23,2026-04-29,655016
U004536,O010210,685.89,2026-05-09,655016
U004538,O010211,663.88,2026-06-19,227181
U004539,O010212,375.5,2026-01-25,171483
U004540,O010213,528.09,2026-04-02,810439
U004540,O010214,820.72,2026-04-14,810439
U004541,O010215,383.87,2025-12-15,654289
U004541,O010216,343.8,2025-12-20,654289
U004542,O010217,791.67,2026-07-27,393900
U004543,O010218,698.75,2025-09-24,539457
U004544,O010219,127.26,2026-01-07,456589
U004545,O010220,714.84,2026-02-21,625632
U004545,O010221,601.55,2026-04-03,625632
U004546,O010222,496.16,2026-08-09,511245
U004547,O010223,838.66,2025-12-02,146883
U004547,O010224,881.95,2025-12-06,146883
U004547,O010225,470.92,2025-12-09,146883
U004548,O010226,634.07,2026-01-13,751349
U004548,O010227,996.8,2026-01-15,751349
U004548,O010228,683.06,2026-01-19,751349
U004549,O010229,658.52,2026-08-14,633557
U004550,O010230,442.11,2026-04-28,664087
U004550,O010231,100.24,2026-08-07,664087
U004550,O010232,512.82,2026-08-11,664087
U004551,O010233,497.09,2026-03-15,247823
U004551,O010234,598.16,2026-04-13,247823
U004551,O010235,108.98,2026-06-04,247823
U004551,O010236,103.11,2026-06-06,247823
U004552,O010237,497.34,2026-02-09,124743
U004552,O010238,446.17,2026-02-10,124743
U004552,O010239,500.71,2026-02-18,124743
U004553,O010240,344.9,2025-10-26,464025
U004553,O010241,356.05,2026-02-26,464025
U004554,O010242,601.77,2026-07-06,285799
U004554,O010243,580.01,2026-07-17,285799
U004554,O010244,338.33,2026-07-23,285799
U004555,O010245,49.0,2026-05-22,548566
U004555,O010246,937.18,2026-08-26,548566
U004556,O010247,437.48,2026-03-05,125487
U004556,O010248,967.42,2026-04-28,125487
U004557,O010249,858.29,2025-10-26,186654
U004557,O010250,752.04,2026-01-28,186654
U004557,O010251,913.09,2026-03-01,186654
U004558,O010252,156.08,2026-08-25,456595
U004559,O010253,537.13,2026-07-24,738679
U004560,O010254,864.56,2026-01-21,788501
U004561,O010255,826.97,2026-04-12,368022
U004561,O010256,591.05,2026-04-15,368022
U004562,O010257,1431.11,2026-07-30,459806
U004562,O010258,769.32,2026-08-26,459806
U004563,O010259,345.51,2026-08-11,526833
U004564,O010260,707.33,2026-04-16,738386
U004564,O010261,1340.84,2026-06-01,738386
U004565,O010262,857.05,2026-04-10,617652
U004565,O010263,258.09,2026-04-25,617652
U004565,O010264,1131.8,2026-05-27,617652
U004566,O010265,873.28,2026-08-19,480822
U004567,O010266,806.26,2026-07-21,726775
U004568,O010267,755.43,2026-07-26,892576
U004568,O010268,1074.23,2026-08-17,892576
U004569,O010269,254.31,2025-10-08,763452
U004569,O010270,507.44,2025-10-11,763452
U004569,O010271,578.4,2025-11-23,763452
U004571,O010272,978.16,2026-07-30,799648
U004572,O010273,946.3,2026-05-08,779200
U004572,O010274,402.81,2026-05-28,779200
U004572,O010275,632.96,2026-06-05,779200
U004572,O010276,98.96,2026-06-11,779200
U004573,O010277,848.14,2025-09-18,660702
U004574,O010278,457.28,2026-06-13,498714
U004574,O010279,686.33,2026-08-15,498714
U004575,O010280,921.08,2026-05-26,367992
U004576,O010281,62.53,2026-06-24,344219
U004577,O010282,205.27,2026-01-10,158654
U004577,O010283,664.22,2026-02-18,158654
U004578,O010284,49.0,2026-04-30,394567
U004579,O010285,937.4,2025-10-02,383193
U004579,O010286,309.3,2025-10-04,383193
U004579,O010287,878.78,2025-10-23,383193
U004580,O010288,1104.54,2026-04-05,300829
U004581,O010289,368.86,2026-07-11,613179
U004581,O010290,668.69,2026-08-19,613179
U004582,O010291,849.21,2026-02-08,198423
U004583,O010292,845.46,2025-09-28,325652
U004583,O010293,1086.9,2026-02-28,325652
U004584,O010294,618.81,2026-05-09,835581
U004584,O010295,436.1,2026-05-16,835581
U004584,O010296,834.14,2026-07-21,835581
U004584,O010297,1056.98,2026-07-24,835581
U004584,O010298,342.34,2026-08-23,835581
U004585,O010299,1262.74,2026-07-23,718020
U004585,O010300,1047.75,2026-07-30,718020
U004585,O010301,742.28,2026-08-24,718020
U004587,O010302,506.38,2025-11-04,211565
U004588,O010303,1112.97,2026-04-16,243616
U004588,O010304,723.08,2026-06-19,243616
U004588,O010305,622.56,2026-08-07,243616
U004588,O010306,411.38,2026-08-14,243616
U004590,O010307,695.21,2025-11-01,187297
U004591,O010308,651.37,2026-05-25,496124
U004591,O010309,457.09,2026-06-13,496124
U004591,O010310,566.44,2026-06-28,496124
U004591,O010311,530.0,2026-07-06,496124
U004592,O010312,675.28,2025-10-23,634269
U004592,O010313,602.31,2025-10-29,634269
U004592,O010314,489.37,2025-11-02,634269
U004592,O010315,597.96,2025-11-09,634269
U004592,O010316,739.4,2025-11-12,634269
U004593,O010317,770.57,2026-08-06,656868
U004594,O010318,688.19,2026-02-26,124895
U004594,O010319,1026.62,2026-03-23,124895
U004594,O010320,544.77,2026-04-11,124895
U004594,O010321,626.63,2026-05-11,124895
U004595,O010322,818.55,2026-01-25,486937
U004596,O010323,993.81,2026-08-05,258356
U004597,O010324,649.39,2025-10-15,501913
U004598,O010325,275.69,2026-08-17,270278
U004599,O010326,1098.64,2025-11-23,212502
U004599,O010327,990.61,2025-12-02,212502
U004600,O010328,943.09,2026-04-07,768374
U004600,O010329,433.24,2026-04-11,768374
U004600,O010330,713.43,2026-04-30,768374
U004601,O010331,661.93,2026-06-08,394262
U004601,O010332,832.51,2026-06-19,394262
U004601,O010333,791.72,2026-07-26,394262
U004602,O010334,105.15,2026-08-17,579410
U004602,O010335,1160.07,2026-08-26,579410
U004604,O010336,802.11,2025-12-24,695243
U004604,O010337,924.62,2026-01-21,695243
U004605,O010338,49.0,2025-11-10,724950
U004606,O010339,1282.26,2025-10-22,791175
U004606,O010340,579.68,2025-10-29,791175
U004606,O010341,897.98,2025-12-05,791175
U004606,O010342,681.91,2025-12-31,791175
U004607,O010343,581.98,2026-02-24,809994
U004607,O010344,922.78,2026-06-20,809994
U004608,O010345,406.63,2026-07-15,860413
U004608,O010346,344.35,2026-07-29,860413
U004609,O010347,654.72,2026-06-18,267155
U004609,O010348,850.06,2026-06-30,267155
U004611,O010349,576.5,2025-11-21,105696
U004612,O010350,816.45,2026-02-20,742116
U004612,O010351,963.99,2026-03-14,742116
U004612,O010352,419.82,2026-03-15,742116
U004612,O010353,502.09,2026-03-18,742116
U004612,O010354,545.09,2026-05-03,742116
U004613,O010355,378.74,2025-10-29,439056
U004613,O010356,875.71,2025-11-03,439056
U004613,O010357,49.0,2025-12-13,439056
U004613,O010358,557.33,2026-01-15,439056
U004615,O010359,753.72,2025-09-24,799672
U004615,O010360,454.1,2025-10-02,799672
U004616,O010361,615.15,2025-12-24,745821
U004616,O010362,710.88,2026-01-09,745821
U004617,O010363,524.11,2026-06-20,891344
U004618,O010364,617.37,2026-04-15,205216
U004619,O010365,1130.97,2026-03-20,315198
U004619,O010366,978.85,2026-04-17,315198
U004619,O010367,260.67,2026-07-06,315198
U004621,O010368,798.32,2026-07-11,244693
U004621,O010369,682.5,2026-08-17,244693
U004622,O010370,507.72,2026-08-02,188434
U004623,O010371,954.35,2025-09-23,674883
U004623,O010372,475.66,2025-11-27,674883
U004623,O010373,1243.58,2026-01-19,674883
U004624,O010374,768.35,2025-10-19,738392
U004624,O010375,475.31,2025-11-15,738392
U004625,O010376,960.03,2025-11-17,474780
U004626,O010377,808.02,2025-11-17,310147
U004626,O010378,792.24,2025-12-05,310147
U004627,O010379,825.51,2026-06-12,101246
U004627,O010380,570.14,2026-06-14,101246
U004627,O010381,115.92,2026-06-18,101246
U004628,O010382,534.63,2026-05-15,722194
U004628,O010383,204.96,2026-06-08,722194
U004628,O010384,704.58,2026-07-17,722194
U004628,O010385,711.15,2026-08-09,722194
U004629,O010386,740.74,2026-04-11,392676
U004629,O010387,510.04,2026-04-23,392676
U004629,O010388,1175.63,2026-05-22,392676
U004631,O010389,833.31,2026-04-27,173732
U004632,O010390,332.52,2026-04-24,708023
U004632,O010391,473.85,2026-05-17,708023
U004632,O010392,608.11,2026-05-24,708023
U004632,O010393,793.26,2026-06-14,708023
U004632,O010394,1014.34,2026-06-24,708023
U004633,O010395,821.67,2026-08-06,335573
U004633,O010396,636.78,2026-08-08,335573
U004634,O010397,792.34,2026-06-16,301649
U004634,O010398,499.89,2026-06-17,301649
U004634,O010399,943.8,2026-07-16,301649
U004635,O010400,263.88,2026-06-14,739386
U004635,O010401,366.66,2026-07-05,739386
U004636,O010402,1043.47,2025-10-10,127906
U004636,O010403,737.68,2025-10-12,127906
U004636,O010404,512.01,2025-11-06,127906
U004637,O010405,813.19,2026-08-07,305490
U004638,O010406,629.86,2025-11-07,896501
U004639,O010407,864.29,2026-05-26,478953
U004640,O010408,900.87,2026-08-17,454287
U004641,O010409,469.22,2025-12-14,496076
U004642,O010410,1371.16,2026-01-11,275404
U004642,O010411,978.62,2026-01-24,275404
U004643,O010412,289.19,2025-10-31,140951
U004645,O010413,543.07,2025-12-28,841307
U004645,O010414,49.0,2026-01-19,841307
U004645,O010415,430.72,2026-01-30,841307
U004645,O010416,529.88,2026-04-17,841307
U004645,O010417,1137.84,2026-05-30,841307
U004646,O010418,191.07,2025-10-26,205128
U004647,O010419,328.23,2026-01-12,122989
U004647,O010420,1173.96,2026-02-12,122989
U004648,O010421,821.91,2025-12-03,666005
U004648,O010422,751.15,2025-12-29,666005
U004648,O010423,1171.61,2026-04-03,666005
U004648,O010424,999.47,2026-05-04,666005
U004648,O010425,725.12,2026-05-19,666005
U004649,O010426,654.85,2025-12-21,353251
U004650,O010427,400.53,2026-07-19,688674
U004651,O010428,720.14,2026-06-17,571623
U004653,O010429,1025.04,2025-11-02,193364
U004654,O010430,492.4,2026-07-12,762119
U004654,O010431,540.73,2026-07-19,762119
U004655,O010432,1130.66,2026-05-29,450856
U004656,O010433,758.52,2026-01-11,201569
U004658,O010434,876.13,2025-09-25,328680
U004658,O010435,790.74,2025-11-04,328680
U004658,O010436,721.96,2026-01-17,328680
U004658,O010437,750.91,2026-03-28,328680
U004659,O010438,806.23,2025-10-11,621650
U004659,O010439,969.9,2025-11-16,621650
U004659,O010440,736.46,2025-11-24,621650
U004660,O010441,616.82,2026-03-15,885181
U004660,O010442,99.96,2026-04-07,885181
U004660,O010443,516.44,2026-04-20,885181
U004661,O010444,379.17,2026-02-02,844934
U004661,O010445,439.57,2026-02-19,844934
U004661,O010446,856.08,2026-03-04,844934
U004661,O010447,888.96,2026-03-19,844934
U004662,O010448,728.39,2025-11-12,286570
U004663,O010449,49.0,2025-11-03,412191
U004663,O010450,646.5,2025-11-23,412191
U004664,O010451,510.17,2025-11-19,370457
U004664,O010452,681.86,2025-12-18,370457
U004665,O010453,658.43,2026-07-01,565407
U004665,O010454,423.24,2026-08-22,565407
U004667,O010455,212.3,2025-12-05,694227
U004667,O010456,478.82,2025-12-22,694227
U004668,O010457,785.8,2026-03-22,796769
U004674,O010458,261.12,2025-10-24,295297
U004674,O010459,796.01,2026-01-02,295297
U004674,O010460,418.97,2026-01-06,295297
U004674,O010461,577.66,2026-03-21,295297
U004675,O010462,1153.21,2026-07-15,565890
U004676,O010463,485.2,2026-03-08,211216
U004676,O010464,307.41,2026-03-23,211216
U004676,O010465,261.11,2026-04-04,211216
U004676,O010466,145.15,2026-04-27,211216
U004676,O010467,1191.57,2026-05-14,211216
U004677,O010468,837.93,2026-05-07,353032
U004677,O010469,889.4,2026-05-18,353032
U004677,O010470,1259.92,2026-06-15,353032
U004678,O010471,1371.0,2026-03-24,230659
U004678,O010472,887.33,2026-04-24,230659
U004678,O010473,721.76,2026-05-03,230659
U004678,O010474,328.55,2026-06-09,230659
U004680,O010475,607.23,2025-12-25,285243
U004680,O010476,914.59,2026-01-15,285243
U004683,O010477,571.14,2026-04-19,180947
U004683,O010478,53.06,2026-06-23,180947
U004684,O010479,820.18,2026-08-25,136498
U004685,O010480,765.53,2026-04-20,716579
U004686,O010481,915.12,2026-01-02,822047
U004686,O010482,687.76,2026-01-18,822047
U004687,O010483,520.55,2025-10-12,217140
U004687,O010484,543.13,2025-10-18,217140
U004688,O010485,654.56,2025-10-21,660272
U004689,O010486,589.47,2026-06-12,357148
U004689,O010487,509.36,2026-07-14,357148
U004690,O010488,1108.19,2026-04-30,274493
U004691,O010489,881.31,2025-12-19,408712
U004692,O010490,271.96,2025-11-09,451024
U004692,O010491,723.0,2025-11-14,451024
U004693,O010492,1077.02,2026-03-17,216202
U004693,O010493,49.0,2026-05-19,216202
U004693,O010494,1351.91,2026-05-20,216202
U004694,O010495,618.7,2025-10-22,809230
U004694,O010496,640.48,2025-10-30,809230
U004694,O010497,587.07,2025-11-22,809230
U004695,O010498,831.24,2026-07-25,141449
U004696,O010499,332.37,2026-01-14,287555
U004696,O010500,343.37,2026-04-05,287555
U004698,O010501,537.89,2026-04-19,418546
U004698,O010502,286.42,2026-07-31,418546
U004699,O010503,744.73,2026-06-12,732399
U004699,O010504,618.77,2026-07-18,732399
U004699,O010505,338.47,2026-07-27,732399
U004699,O010506,936.97,2026-08-09,732399
U004700,O010507,628.72,2026-02-23,700812
U004700,O010508,970.23,2026-02-27,700812
U004701,O010509,813.41,2026-02-26,743043
U004701,O010510,695.06,2026-03-09,743043
U004701,O010511,1010.13,2026-05-05,743043
U004702,O010512,120.51,2025-12-09,763702
U004702,O010513,874.58,2026-01-25,763702
U004702,O010514,724.39,2026-02-09,763702
U004702,O010515,548.35,2026-03-18,763702
U004702,O010516,633.83,2026-03-28,763702
U004702,O010517,730.34,2026-05-02,763702
U004703,O010518,840.02,2026-04-09,328873
U004703,O010519,684.33,2026-04-29,328873
U004703,O010520,687.1,2026-05-10,328873
U004704,O010521,434.25,2026-07-06,392182
U004704,O010522,751.09,2026-07-16,392182
U004704,O010523,377.08,2026-08-07,392182
U004705,O010524,521.82,2026-03-04,440675
U004705,O010525,411.74,2026-07-09,440675
U004707,O010526,918.49,2026-06-14,870056
U004708,O010527,209.34,2025-10-20,724951
U004710,O010528,49.0,2025-11-04,241240
U004710,O010529,628.73,2025-11-06,241240
U004711,O010530,1065.7,2025-09-24,221614
U004712,O010531,946.93,2026-02-01,139623
U004713,O010532,657.87,2025-11-02,215952
U004714,O010533,694.32,2026-01-26,513020
U004715,O010534,1147.16,2026-02-23,769637
U004716,O010535,672.6,2026-02-12,669154
U004717,O010536,760.54,2026-04-11,833333
U004717,O010537,189.07,2026-04-14,833333
U004717,O010538,590.57,2026-06-30,833333
U004719,O010539,837.78,2026-01-02,536185
U004719,O010540,477.91,2026-01-10,536185
U004719,O010541,611.68,2026-01-31,536185
U004719,O010542,796.26,2026-03-12,536185
U004719,O010543,659.48,2026-04-01,536185
U004720,O010544,962.97,2025-10-16,345043
U004720,O010545,481.7,2025-11-16,345043
U004722,O010546,697.29,2026-02-27,288522
U004722,O010547,49.0,2026-03-16,288522
U004723,O010548,829.11,2026-03-16,492217
U004724,O010549,669.28,2026-02-28,468141
U004724,O010550,683.84,2026-03-18,468141
U004724,O010551,1014.53,2026-04-06,468141
U004727,O010552,698.58,2025-11-24,761768
U004727,O010553,780.23,2025-12-23,761768
U004727,O010554,924.55,2026-01-04,761768
U004728,O010555,725.9,2025-10-29,485406
U004729,O010556,803.77,2026-01-06,616387
U004729,O010557,247.67,2026-03-02,616387
U004730,O010558,1229.36,2025-10-28,303128
U004730,O010559,990.07,2025-11-20,303128
U004731,O010560,774.92,2026-02-16,106058
U004731,O010561,672.33,2026-02-18,106058
U004731,O010562,1066.58,2026-03-01,106058
U004732,O010563,822.66,2026-08-14,895693
U004733,O010564,353.01,2026-03-03,325866
U004733,O010565,168.65,2026-07-03,325866
U004734,O010566,655.31,2026-04-01,583774
U004734,O010567,480.44,2026-06-17,583774
U004734,O010568,272.89,2026-08-22,583774
U004735,O010569,956.94,2025-10-15,116415
U004735,O010570,891.22,2025-10-25,116415
U004735,O010571,438.41,2025-11-17,116415
U004735,O010572,735.68,2025-11-27,116415
U004736,O010573,1227.11,2026-08-12,888158
U004736,O010574,1279.81,2026-08-18,888158
U004737,O010575,427.61,2025-12-30,744392
U004737,O010576,295.86,2026-01-15,744392
U004738,O010577,976.22,2026-03-02,545732
U004739,O010578,676.44,2025-09-07,315899
U004739,O010579,521.48,2025-09-24,315899
U004739,O010580,448.06,2025-10-12,315899
U004739,O010581,603.7,2025-10-17,315899
U004739,O010582,447.25,2025-10-20,315899
U004739,O010583,753.33,2025-10-30,315899
U004740,O010584,788.33,2025-12-07,711963
U004740,O010585,643.73,2026-01-19,711963
U004740,O010586,1101.17,2026-01-25,711963
U004741,O010587,664.65,2025-12-06,153556
U004742,O010588,572.4,2026-05-14,801798
U004743,O010589,949.74,2026-03-22,444746
U004744,O010590,556.54,2026-04-06,314810
U004744,O010591,442.1,2026-05-09,314810
U004746,O010592,796.83,2026-06-07,783661
U004747,O010593,453.53,2025-09-17,839848
U004747,O010594,408.57,2025-10-23,839848
U004748,O010595,740.11,2026-02-24,791825
U004748,O010596,368.6,2026-03-10,791825
U004748,O010597,590.99,2026-03-19,791825
U004748,O010598,158.05,2026-05-21,791825
U004748,O010599,791.1,2026-08-17,791825
U004749,O010600,483.91,2026-02-28,515840
U004750,O010601,1217.17,2026-03-16,461684
U004750,O010602,235.49,2026-03-22,461684
U004753,O010603,323.93,2026-06-15,349073
U004753,O010604,757.76,2026-07-07,349073
U004753,O010605,1134.46,2026-08-20,349073
U004755,O010606,823.77,2025-11-11,258222
U004755,O010607,520.32,2025-11-17,258222
U004756,O010608,1062.56,2026-01-29,662267
U004756,O010609,814.15,2026-03-01,662267
U004756,O010610,1375.71,2026-05-18,662267
U004756,O010611,49.0,2026-05-20,662267
U004756,O010612,456.07,2026-07-30,662267
U004757,O010613,415.67,2026-02-06,334269
U004757,O010614,1121.11,2026-02-10,334269
U004757,O010615,720.65,2026-02-18,334269
U004757,O010616,726.46,2026-03-04,334269
U004757,O010617,591.47,2026-05-03,334269
U004758,O010618,720.22,2026-01-17,631002
U004758,O010619,698.03,2026-01-22,631002
U004759,O010620,291.96,2025-09-30,361473
U004759,O010621,716.23,2025-11-08,361473
U004759,O010622,714.2,2025-12-03,361473
U004761,O010623,904.05,2026-03-07,187498
U004761,O010624,49.0,2026-04-05,187498
U004761,O010625,449.96,2026-04-29,187498
U004762,O010626,846.02,2026-06-02,204206
U004762,O010627,976.71,2026-06-19,204206
U004762,O010628,280.53,2026-07-02,204206
U004762,O010629,1185.48,2026-07-18,204206
U004764,O010630,304.11,2026-01-08,800552
U004764,O010631,145.99,2026-01-16,800552
U004765,O010632,838.23,2026-05-23,597024
U004765,O010633,616.27,2026-06-04,597024
U004765,O010634,49.0,2026-06-30,597024
U004766,O010635,727.78,2026-03-05,683089
U004767,O010636,560.71,2026-03-23,680889
U004767,O010637,576.02,2026-04-07,680889
U004767,O010638,487.4,2026-04-12,680889
U004768,O010639,650.82,2026-06-27,297207
U004769,O010640,380.87,2026-05-11,328184
U004769,O010641,149.34,2026-07-20,328184
U004769,O010642,908.81,2026-07-22,328184
U004770,O010643,733.17,2026-08-24,299398
U004770,O010644,708.49,2026-08-26,299398
U004771,O010645,1121.98,2026-01-29,499146
U004772,O010646,617.28,2026-07-19,865429
U004773,O010647,49.0,2025-11-10,578083
U004773,O010648,803.9,2025-12-01,578083
U004773,O010649,255.31,2025-12-19,578083
U004774,O010650,586.0,2026-04-06,719535
U004775,O010651,580.16,2025-11-12,549987
U004775,O010652,949.58,2025-11-19,549987
U004776,O010653,1385.88,2025-10-15,546513
U004776,O010654,354.8,2025-12-13,546513
U004777,O010655,454.32,2025-12-16,404114
U004780,O010656,49.0,2026-08-11,778622
U004780,O010657,699.87,2026-08-14,778622
U004781,O010658,1121.36,2026-06-24,269103
U004781,O010659,269.63,2026-07-20,269103
U004781,O010660,172.51,2026-07-23,269103
U004782,O010661,388.3,2026-06-23,109120
U004783,O010662,1274.02,2025-12-10,142478
U004783,O010663,664.73,2026-01-29,142478
U004784,O010664,977.11,2025-11-20,234887
U004784,O010665,883.57,2026-01-09,234887
U004784,O010666,935.33,2026-03-23,234887
U004785,O010667,544.39,2025-11-05,456452
U004785,O010668,1238.73,2026-01-04,456452
U004786,O010669,618.81,2026-01-24,896713
U004787,O010670,799.48,2026-05-18,252594
U004787,O010671,555.33,2026-08-04,252594
U004790,O010672,762.91,2026-05-18,740712
U004792,O010673,49.0,2025-11-05,269636
U004792,O010674,619.77,2025-11-15,269636
U004792,O010675,170.38,2025-11-17,269636
U004793,O010676,267.58,2026-01-20,345794
U004793,O010677,753.31,2026-02-06,345794
U004794,O010678,392.49,2026-03-02,419611
U004795,O010679,858.85,2026-01-04,749450
U004795,O010680,476.52,2026-03-14,749450
U004795,O010681,762.84,2026-04-21,749450
U004795,O010682,826.27,2026-04-30,749450
U004795,O010683,438.38,2026-08-06,749450
U004796,O010684,602.75,2026-03-10,697196
U004796,O010685,1101.87,2026-03-20,697196
U004796,O010686,632.95,2026-04-20,697196
U004796,O010687,208.56,2026-04-27,697196
U004798,O010688,825.33,2025-10-04,416234
U004800,O010689,732.47,2026-07-19,833463
U004800,O010690,874.98,2026-08-24,833463
U004801,O010691,431.87,2026-03-29,148107
U004801,O010692,553.63,2026-03-30,148107
U004802,O010693,811.9,2026-02-17,462551
U004802,O010694,944.22,2026-03-27,462551
U004802,O010695,374.27,2026-04-23,462551
U004803,O010696,1020.6,2026-06-17,775466
U004803,O010697,570.51,2026-07-03,775466
U004804,O010698,1227.4,2025-11-24,650921
U004804,O010699,49.0,2025-12-01,650921
U004805,O010700,757.21,2026-06-30,618737
U004806,O010701,1124.52,2025-11-22,743204
U004807,O010702,736.56,2025-11-22,272672
U004807,O010703,1232.25,2025-12-08,272672
U004808,O010704,807.69,2026-08-26,546361
U004809,O010705,735.56,2025-11-23,559533
U004810,O010706,419.67,2026-02-09,513964
U004810,O010707,971.13,2026-02-21,513964
U004812,O010708,819.6,2026-08-22,726182
U004813,O010709,725.18,2026-02-16,373960
U004813,O010710,486.0,2026-02-20,373960
U004815,O010711,1022.1,2026-03-18,564632
U004815,O010712,524.81,2026-04-15,564632
U004815,O010713,712.2,2026-05-18,564632
U004816,O010714,504.15,2026-01-06,641089
U004817,O010715,841.65,2026-02-07,740851
U004817,O010716,558.93,2026-02-14,740851
U004817,O010717,789.86,2026-04-05,740851
U004818,O010718,1015.4,2026-06-09,125232
U004818,O010719,437.25,2026-06-19,125232
U004819,O010720,217.9,2026-01-08,656076
U004819,O010721,996.58,2026-02-28,656076
U004819,O010722,511.86,2026-06-13,656076
U004819,O010723,548.49,2026-06-25,656076
U004820,O010724,812.39,2025-10-29,506443
U004820,O010725,752.93,2025-11-18,506443
U004820,O010726,999.16,2025-11-29,506443
U004820,O010727,328.84,2025-12-25,506443
U004822,O010728,576.45,2026-04-26,642595
U004822,O010729,574.93,2026-05-02,642595
U004822,O010730,917.92,2026-05-25,642595
U004823,O010731,1164.42,2026-03-02,841253
U004823,O010732,308.52,2026-06-28,841253
U004823,O010733,434.13,2026-07-05,841253
U004824,O010734,442.79,2026-07-04,604693
U004824,O010735,936.96,2026-07-17,604693
U004824,O010736,416.09,2026-07-23,604693
U004824,O010737,592.89,2026-08-05,604693
U004824,O010738,517.75,2026-08-20,604693
U004825,O010739,568.88,2026-05-20,798065
U004826,O010740,758.89,2026-07-23,471885
U004827,O010741,305.79,2026-08-11,827544
U004828,O010742,635.72,2026-06-07,225999
U004829,O010743,527.33,2026-08-23,539170
U004829,O010744,669.94,2026-08-25,539170
U004830,O010745,395.72,2025-11-08,738108
U004830,O010746,293.17,2025-11-16,738108
U004831,O010747,493.29,2026-08-03,708124
U004832,O010748,78.27,2026-08-17,274619
U004832,O010749,1007.25,2026-08-18,274619
U004833,O010750,908.65,2025-09-13,307404
U004834,O010751,512.1,2026-04-27,308975
U004834,O010752,541.34,2026-05-10,308975
U004834,O010753,1260.19,2026-08-04,308975
U004835,O010754,613.87,2026-03-27,726096
U004835,O010755,49.0,2026-04-12,726096
U004836,O010756,436.46,2025-10-29,732803
U004836,O010757,629.52,2025-11-22,732803
U004836,O010758,697.32,2025-12-26,732803
U004837,O010759,1157.19,2026-02-05,610428
U004838,O010760,55.13,2025-12-09,508766
U004838,O010761,616.23,2026-02-09,508766
U004838,O010762,625.76,2026-02-12,508766
U004839,O010763,528.35,2025-10-12,212388
U004839,O010764,973.17,2025-10-24,212388
U004840,O010765,710.35,2026-07-14,709898
U004840,O010766,1467.99,2026-08-09,709898
U004843,O010767,762.47,2026-04-01,838474
U004843,O010768,366.63,2026-04-02,838474
U004843,O010769,625.6,2026-04-07,838474
U004843,O010770,1060.42,2026-06-08,838474
U004844,O010771,1047.1,2026-01-15,770495
U004844,O010772,49.0,2026-01-25,770495
U004845,O010773,616.95,2026-01-27,255084
U004845,O010774,551.54,2026-02-11,255084
U004845,O010775,740.52,2026-04-26,255084
U004846,O010776,1175.37,2026-07-21,363216
U004847,O010777,460.5,2026-05-07,721764
U004847,O010778,956.18,2026-08-15,721764
U004848,O010779,892.83,2025-10-08,709042
U004848,O010780,444.42,2025-12-10,709042
U004848,O010781,556.27,2026-01-02,709042
U004848,O010782,729.38,2026-01-20,709042
U004849,O010783,597.07,2026-04-20,159330
U004850,O010784,690.71,2026-03-03,508766
U004850,O010785,319.45,2026-03-24,508766
U004850,O010786,1094.5,2026-04-06,508766
U004850,O010787,1053.13,2026-07-23,508766
U004852,O010788,443.35,2026-01-19,867857
U004853,O010789,397.21,2026-04-05,520367
U004854,O010790,779.83,2025-12-10,842823
U004854,O010791,692.36,2026-02-09,842823
U004854,O010792,49.0,2026-03-13,842823
U004854,O010793,289.61,2026-04-29,842823
U004856,O010794,822.66,2026-08-01,427410
U004856,O010795,1055.16,2026-08-06,427410
U004856,O010796,819.99,2026-08-23,427410
U004857,O010797,742.42,2026-07-09,107574
U004858,O010798,1062.68,2026-08-07,542842
U004859,O010799,665.54,2025-12-25,707497
U004859,O010800,581.44,2026-01-20,707497
U004860,O010801,314.99,2026-04-20,136469
U004861,O010802,303.73,2026-06-04,456496
U004861,O010803,593.78,2026-07-25,456496
U004861,O010804,414.5,2026-08-24,456496
U004862,O010805,504.53,2026-03-17,345514
U004863,O010806,433.49,2026-07-12,386674
U004863,O010807,153.84,2026-08-01,386674
U004863,O010808,863.33,2026-08-14,386674
U004864,O010809,233.03,2026-06-29,304049
U004864,O010810,965.42,2026-07-06,304049
U004864,O010811,769.53,2026-07-30,304049
U004866,O010812,49.0,2026-01-22,552418
U004867,O010813,545.2,2026-03-28,478721
U004867,O010814,503.45,2026-04-05,478721
U004867,O010815,506.22,2026-04-27,478721
U004867,O010816,389.37,2026-05-20,478721
U004867,O010817,844.71,2026-05-24,478721
U004868,O010818,359.04,2026-06-20,273125
U004868,O010819,551.47,2026-08-02,273125
U004868,O010820,1115.93,2026-08-23,273125
U004869,O010821,531.27,2025-11-01,740944
U004870,O010822,633.53,2026-07-27,104122
U004871,O010823,563.21,2026-08-15,401970
U004872,O010824,744.45,2025-12-08,893556
U004872,O010825,422.3,2026-01-11,893556
U004872,O010826,299.94,2026-04-02,893556
U004873,O010827,281.44,2025-11-23,310980
U004873,O010828,373.75,2025-12-17,310980
U004875,O010829,791.21,2025-12-26,236546
U004875,O010830,355.16,2026-01-14,236546
U004877,O010831,953.17,2026-06-22,808147
U004877,O010832,755.13,2026-06-28,808147
U004877,O010833,842.34,2026-07-24,808147
U004877,O010834,595.13,2026-08-06,808147
U004879,O010835,308.29,2026-05-03,448547
U004879,O010836,1077.56,2026-05-17,448547
U004879,O010837,880.46,2026-08-22,448547
U004880,O010838,500.43,2025-10-04,679477
U004880,O010839,1071.35,2025-10-19,679477
U004880,O010840,243.8,2026-01-19,679477
U004881,O010841,719.41,2026-03-29,507906
U004881,O010842,289.97,2026-05-06,507906
U004882,O010843,527.59,2026-03-08,693247
U004882,O010844,407.9,2026-03-19,693247
U004883,O010845,609.52,2026-07-08,540510
U004883,O010846,516.41,2026-07-27,540510
U004884,O010847,827.62,2026-01-31,461739
U004884,O010848,906.34,2026-02-03,461739
U004885,O010849,577.22,2026-04-13,475700
U004886,O010850,791.53,2026-07-16,334638
U004886,O010851,573.27,2026-08-05,334638
U004887,O010852,457.62,2026-04-02,805011
U004887,O010853,176.34,2026-04-07,805011
U004887,O010854,49.0,2026-04-10,805011
U004888,O010855,1232.85,2026-08-15,260916
U004889,O010856,273.74,2026-05-23,677652
U004890,O010857,590.38,2026-06-19,350583
U004890,O010858,772.41,2026-07-16,350583
U004890,O010859,539.92,2026-08-01,350583
U004891,O010860,852.31,2026-07-17,485465
U004891,O010861,787.72,2026-08-22,485465
U004892,O010862,847.3,2025-12-15,249360
U004892,O010863,987.45,2025-12-17,249360
U004893,O010864,1168.57,2026-02-01,685966
U004893,O010865,697.13,2026-04-11,685966
U004894,O010866,349.04,2026-04-30,170177
U004894,O010867,351.19,2026-06-24,170177
U004894,O010868,589.87,2026-07-23,170177
U004894,O010869,427.91,2026-08-17,170177
U004895,O010870,1116.92,2025-10-30,578808
U004895,O010871,1007.86,2025-11-02,578808
U004896,O010872,961.49,2026-01-17,605812
U004896,O010873,523.64,2026-01-25,605812
U004896,O010874,1069.21,2026-04-24,605812
U004897,O010875,49.0,2026-04-23,125415
U004897,O010876,768.34,2026-05-04,125415
U004897,O010877,1322.32,2026-07-13,125415
U004897,O010878,154.13,2026-08-16,125415
U004898,O010879,906.31,2026-02-22,819144
U004898,O010880,577.48,2026-03-07,819144
U004899,O010881,800.29,2026-05-10,188771
U004900,O010882,946.72,2025-11-09,783642
U004900,O010883,733.45,2025-12-11,783642
U004901,O010884,1020.19,2025-12-23,367959
U004901,O010885,1028.9,2026-01-26,367959
U004901,O010886,940.4,2026-02-08,367959
U004901,O010887,745.98,2026-04-16,367959
U004901,O010888,255.8,2026-05-26,367959
U004901,O010889,1341.22,2026-06-13,367959
U004902,O010890,509.71,2025-12-16,813145
U004904,O010891,523.02,2026-04-29,362353
U004905,O010892,1141.05,2026-05-11,509184
U004905,O010893,1397.52,2026-07-28,509184
U004906,O010894,960.44,2026-06-02,394164
U004907,O010895,1085.36,2026-07-11,568671
U004907,O010896,572.7,2026-07-26,568671
U004908,O010897,49.0,2025-11-08,103018
U004908,O010898,682.48,2026-01-17,103018
U004909,O010899,518.43,2026-01-09,495040
U004909,O010900,321.98,2026-02-27,495040
U004910,O010901,494.46,2026-02-01,312709
U004912,O010902,352.77,2025-10-04,111649
U004913,O010903,1101.11,2026-01-02,612011
U004914,O010904,834.93,2026-02-03,287873
U004915,O010905,636.06,2026-07-20,434563
U004915,O010906,472.89,2026-08-26,434563
U004916,O010907,580.24,2025-09-17,150032
U004916,O010908,148.38,2025-10-11,150032
U004916,O010909,481.72,2025-11-01,150032
U004916,O010910,823.47,2026-02-01,150032
U004917,O010911,210.99,2026-08-20,319537
U004917,O010912,462.09,2026-08-22,319537
U004918,O010913,922.33,2025-09-25,454772
U004919,O010914,419.99,2026-04-02,210935
U004919,O010915,539.83,2026-04-18,210935
U004920,O010916,679.39,2026-02-22,407128
U004920,O010917,376.34,2026-03-24,407128
U004920,O010918,466.48,2026-07-02,407128
U004921,O010919,1221.04,2025-10-21,236425
U004921,O010920,267.67,2025-10-27,236425
U004921,O010921,1076.62,2025-11-10,236425
U004923,O010922,136.14,2026-03-31,354994
U004923,O010923,881.75,2026-04-10,354994
U004924,O010924,497.98,2025-11-18,378429
U004924,O010925,272.3,2026-01-19,378429
U004925,O010926,296.65,2026-07-12,351913
U004925,O010927,764.14,2026-07-28,351913
U004925,O010928,868.32,2026-07-31,351913
U004925,O010929,896.97,2026-08-21,351913
U004927,O010930,536.97,2026-03-30,281430
U004928,O010931,616.93,2026-04-01,719461
U004928,O010932,1002.25,2026-06-13,719461
U004928,O010933,1210.05,2026-06-21,719461
U004929,O010934,752.78,2026-01-16,141421
U004929,O010935,637.06,2026-01-23,141421
U004930,O010936,560.35,2026-07-16,379124
U004930,O010937,480.81,2026-07-29,379124
U004930,O010938,532.49,2026-08-11,379124
U004931,O010939,696.2,2025-10-17,667183
U004932,O010940,620.52,2025-11-06,603576
U004932,O010941,386.82,2026-01-04,603576
U004932,O010942,49.0,2026-01-30,603576
U004933,O010943,752.96,2026-05-17,295161
U004933,O010944,1455.57,2026-06-07,295161
U004935,O010945,1039.32,2026-03-22,779837
U004935,O010946,638.83,2026-06-08,779837
U004935,O010947,239.65,2026-06-14,779837
U004936,O010948,379.39,2026-05-23,353790
U004936,O010949,511.63,2026-06-04,353790
U004937,O010950,892.11,2026-02-09,675050
U004937,O010951,879.67,2026-05-11,675050
U004937,O010952,619.71,2026-07-18,675050
U004938,O010953,380.07,2026-07-12,419067
U004939,O010954,675.62,2026-07-24,342995
U004939,O010955,823.68,2026-07-30,342995
U004940,O010956,313.0,2026-01-22,713533
U004940,O010957,449.65,2026-03-05,713533
U004945,O010958,408.2,2026-07-23,630884
U004946,O010959,527.68,2026-08-21,737039
U004947,O010960,138.25,2025-10-15,827039
U004947,O010961,653.29,2025-10-24,827039
U004947,O010962,716.59,2025-11-22,827039
U004948,O010963,255.93,2026-08-10,577754
U004950,O010964,1138.51,2026-03-12,726333
U004950,O010965,528.5,2026-04-20,726333
U004951,O010966,693.15,2025-11-10,272344
U004951,O010967,512.27,2025-12-04,272344
U004951,O010968,1292.44,2026-02-17,272344
U004951,O010969,483.0,2026-03-06,272344
U004951,O010970,613.68,2026-04-29,272344
U004951,O010971,876.86,2026-05-02,272344
U004952,O010972,795.17,2026-05-09,343118
U004952,O010973,680.02,2026-06-11,343118
U004953,O010974,154.25,2026-06-13,413378
U004953,O010975,389.52,2026-06-28,413378
U004953,O010976,624.2,2026-07-23,413378
U004953,O010977,556.23,2026-08-18,413378
U004954,O010978,578.51,2026-07-05,347367
U004955,O010979,604.36,2026-05-13,142522
U004955,O010980,923.25,2026-06-14,142522
U004956,O010981,961.53,2026-01-12,147270
U004958,O010982,827.87,2026-03-21,406793
U004958,O010983,1045.72,2026-04-06,406793
U004959,O010984,699.82,2026-04-07,236633
U004959,O010985,1079.29,2026-04-18,236633
U004959,O010986,635.07,2026-07-04,236633
U004959,O010987,953.76,2026-08-01,236633
U004960,O010988,791.93,2026-03-21,507344
U004960,O010989,786.9,2026-04-08,507344
U004960,O010990,1072.71,2026-04-17,507344
U004961,O010991,460.05,2026-08-21,711904
U004963,O010992,491.37,2026-06-21,627002
U004963,O010993,459.86,2026-07-15,627002
U004964,O010994,970.03,2025-10-13,175166
U004965,O010995,546.82,2026-07-14,381273
U004965,O010996,864.73,2026-08-25,381273
U004966,O010997,540.89,2026-05-08,259216
U004967,O010998,699.3,2026-08-10,518251
U004968,O010999,434.75,2025-10-28,265915
U004969,O011000,1254.46,2026-04-05,545503
U004969,O011001,635.24,2026-05-11,545503
U004969,O011002,869.28,2026-05-15,545503
U004970,O011003,1007.72,2025-10-16,705495
U004970,O011004,440.59,2025-11-16,705495
U004970,O011005,675.8,2025-11-23,705495
U004970,O011006,744.01,2025-11-25,705495
U004970,O011007,489.73,2025-11-26,705495
U004971,O011008,451.96,2026-05-21,805385
U004972,O011009,619.73,2026-01-29,367453
U004972,O011010,559.65,2026-02-04,367453
U004972,O011011,945.05,2026-02-05,367453
U004973,O011012,643.48,2026-01-23,666934
U004973,O011013,1126.78,2026-02-26,666934
U004974,O011014,964.52,2026-03-11,514174
U004974,O011015,601.5,2026-04-18,514174
U004974,O011016,378.18,2026-06-17,514174
U004975,O011017,873.91,2026-07-06,385475
U004976,O011018,714.56,2026-06-28,801232
U004977,O011019,172.72,2026-03-20,556412
U004978,O011020,762.2,2026-03-13,301169
U004978,O011021,513.0,2026-03-17,301169
U004980,O011022,733.52,2025-11-23,399673
U004980,O011023,765.7,2025-11-27,399673
U004981,O011024,1185.29,2026-03-30,179546
U004981,O011025,749.8,2026-04-12,179546
U004981,O011026,523.32,2026-06-11,179546
U004982,O011027,683.71,2026-07-25,169274
U004982,O011028,519.73,2026-08-16,169274
U004982,O011029,282.16,2026-08-25,169274
U004983,O011030,833.36,2025-11-10,510361
U004984,O011031,134.44,2026-07-09,520209
U004985,O011032,247.77,2026-03-13,279217
U004985,O011033,745.99,2026-04-09,279217
U004985,O011034,704.46,2026-04-21,279217
U004986,O011035,470.57,2026-02-06,672118
U004987,O011036,817.02,2025-10-19,107405
U004987,O011037,832.76,2025-10-28,107405
U004987,O011038,392.36,2025-12-01,107405
U004987,O011039,848.49,2025-12-04,107405
U004987,O011040,740.29,2025-12-30,107405
U004987,O011041,1134.09,2026-03-21,107405
U004988,O011042,366.73,2025-10-24,213180
U004988,O011043,626.4,2025-11-14,213180
U004990,O011044,921.61,2026-06-24,221609
U004990,O011045,1139.37,2026-07-09,221609
U004990,O011046,542.17,2026-07-14,221609
U004990,O011047,612.77,2026-08-10,221609
U004991,O011048,1033.21,2026-04-11,154272
U004991,O011049,618.92,2026-04-28,154272
U004991,O011050,760.7,2026-05-10,154272
U004991,O011051,563.1,2026-06-18,154272
U004992,O011052,665.08,2026-03-26,848444
U004992,O011053,419.32,2026-04-12,848444
U004992,O011054,1138.52,2026-06-28,848444
U004992,O011055,167.56,2026-08-03,848444
U004992,O011056,801.19,2026-08-05,848444
U004993,O011057,1414.1,2025-12-25,693989
U004993,O011058,596.25,2026-01-04,693989
U004994,O011059,459.56,2026-02-01,350482
U004994,O011060,845.72,2026-03-30,350482
U004995,O011061,392.96,2026-07-26,254070
U004996,O011062,1514.48,2026-01-31,125104
U004997,O011063,805.99,2025-11-08,642801
U004997,O011064,449.52,2025-12-26,642801
U004997,O011065,858.38,2026-02-20,642801
U004997,O011066,748.63,2026-03-13,642801
U004998,O011067,643.91,2026-02-21,382533
U004998,O011068,361.21,2026-03-04,382533
U004998,O011069,849.1,2026-03-13,382533
U004999,O011070,809.86,2026-08-02,117615
U004999,O011071,1058.01,2026-08-17,117615
U005000,O011072,725.2,2025-11-05,815017
U005000,O011073,735.25,2025-11-10,815017
U005000,O011074,538.85,2025-12-19,815017
U005000,O011075,770.7,2025-12-28,815017
U005000,O011076,327.01,2026-02-13,815017
U005001,O011077,147.41,2026-08-23,611726
U005003,O011078,935.1,2026-05-21,873486
U005003,O011079,217.65,2026-07-09,873486
U005003,O011080,624.12,2026-07-17,873486
U005004,O011081,611.72,2026-08-26,459510
U005006,O011082,235.42,2025-11-18,289313
U005008,O011083,891.73,2025-12-11,433461
U005008,O011084,440.08,2026-01-14,433461
U005008,O011085,676.0,2026-02-19,433461
U005009,O011086,288.97,2026-05-08,508920
U005009,O011087,808.75,2026-07-08,508920
U005009,O011088,993.95,2026-07-12,508920
U005010,O011089,971.52,2026-02-03,124045
U005010,O011090,954.47,2026-02-05,124045
U005010,O011091,304.82,2026-04-26,124045
U005010,O011092,571.09,2026-05-05,124045
U005010,O011093,1266.06,2026-06-05,124045
U005010,O011094,563.05,2026-06-06,124045
U005011,O011095,534.06,2025-12-07,509639
U005011,O011096,893.0,2026-01-02,509639
U005011,O011097,1334.41,2026-02-10,509639
U005012,O011098,761.35,2026-02-16,218412
U005012,O011099,608.94,2026-02-18,218412
U005013,O011100,1226.18,2026-01-10,585486
U005014,O011101,1200.73,2026-06-29,410309
U005014,O011102,151.58,2026-08-15,410309
U005015,O011103,691.73,2026-08-10,555602
U005016,O011104,887.0,2026-04-18,664506
U005016,O011105,878.0,2026-04-27,664506
U005016,O011106,435.81,2026-05-13,664506
U005016,O011107,902.47,2026-07-27,664506
U005017,O011108,346.03,2026-06-17,248112
U005017,O011109,591.8,2026-06-19,248112
U005017,O011110,926.69,2026-06-25,248112
U005019,O011111,218.52,2026-08-14,467855
U005020,O011112,481.04,2026-06-05,341205
U005021,O011113,1259.0,2026-04-09,646471
U005021,O011114,589.15,2026-04-14,646471
U005021,O011115,761.95,2026-05-12,646471
U005022,O011116,1509.32,2025-10-29,153360
U005023,O011117,531.5,2026-08-06,476284
U005025,O011118,982.21,2026-02-14,752916
U005025,O011119,562.94,2026-05-02,752916
U005027,O011120,1168.91,2025-11-01,354891
U005028,O011121,215.28,2026-06-28,876611
U005029,O011122,587.05,2025-12-03,564177
U005029,O011123,80.28,2025-12-15,564177
U005029,O011124,1012.32,2025-12-23,564177
U005029,O011125,726.84,2026-01-05,564177
U005029,O011126,1345.44,2026-01-23,564177
U005030,O011127,809.99,2026-06-13,647463
U005031,O011128,614.17,2025-09-20,409497
U005031,O011129,443.71,2025-10-19,409497
U005031,O011130,819.39,2025-11-03,409497
U005032,O011131,419.57,2026-04-04,738310
U005032,O011132,1141.0,2026-05-02,738310
U005032,O011133,1156.91,2026-06-13,738310
U005032,O011134,429.08,2026-06-17,738310
U005033,O011135,402.47,2025-12-23,499950
U005033,O011136,313.89,2026-01-25,499950
U005034,O011137,621.0,2026-05-19,257712
U005034,O011138,1193.98,2026-07-18,257712
U005036,O011139,669.67,2026-01-29,653795
U005036,O011140,900.54,2026-03-18,653795
U005036,O011141,535.39,2026-03-24,653795
U005037,O011142,559.34,2025-10-29,884216
U005037,O011143,1237.81,2025-11-14,884216
U005037,O011144,535.87,2026-01-04,884216
U005037,O011145,212.64,2026-01-30,884216
U005038,O011146,769.66,2025-10-12,165009
U005038,O011147,399.23,2025-10-25,165009
U005038,O011148,656.82,2025-12-09,165009
U005038,O011149,426.26,2025-12-14,165009
U005038,O011150,407.26,2026-01-09,165009
U005039,O011151,1338.36,2025-12-17,352107
U005039,O011152,1122.01,2026-01-11,352107
U005039,O011153,797.36,2026-01-21,352107
U005039,O011154,406.85,2026-01-23,352107
U005039,O011155,1015.86,2026-02-10,352107
U005039,O011156,619.44,2026-03-07,352107
U005041,O011157,737.43,2026-05-16,113592
U005041,O011158,545.0,2026-05-23,113592
U005041,O011159,755.29,2026-06-04,113592
U005041,O011160,740.56,2026-06-30,113592
U005042,O011161,376.18,2026-06-19,382173
U005042,O011162,367.59,2026-07-12,382173
U005043,O011163,630.42,2026-06-24,617751
U005043,O011164,487.41,2026-07-15,617751
U005044,O011165,830.32,2026-06-15,455059
U005044,O011166,566.05,2026-07-07,455059
U005045,O011167,1156.62,2026-04-11,187245
U005045,O011168,374.08,2026-05-01,187245
U005045,O011169,445.19,2026-05-26,187245
U005045,O011170,668.18,2026-05-27,187245
U005046,O011171,896.0,2026-03-12,293918
U005046,O011172,1118.22,2026-04-04,293918
U005046,O011173,723.89,2026-04-18,293918
U005046,O011174,1050.89,2026-04-22,293918
U005046,O011175,785.69,2026-08-05,293918
U005046,O011176,823.68,2026-08-09,293918
U005047,O011177,1096.42,2026-06-01,625437
U005047,O011178,101.29,2026-06-06,625437
U005047,O011179,861.28,2026-07-03,625437
U005047,O011180,901.28,2026-07-31,625437
U005048,O011181,822.45,2026-05-03,519405
U005050,O011182,747.58,2026-06-04,199187
U005051,O011183,92.43,2025-09-30,246972
U005051,O011184,314.03,2025-10-03,246972
U005052,O011185,805.42,2026-03-14,494116
U005052,O011186,1007.46,2026-04-21,494116
U005052,O011187,614.72,2026-04-23,494116
U005053,O011188,353.64,2026-02-05,665191
U005054,O011189,582.41,2025-11-26,755160
U005054,O011190,428.84,2026-03-13,755160
U005055,O011191,375.2,2025-12-28,172259
U005055,O011192,315.21,2026-01-11,172259
U005056,O011193,241.45,2026-04-16,163502
U005056,O011194,815.71,2026-05-22,163502
U005056,O011195,776.96,2026-05-23,163502
U005056,O011196,928.2,2026-06-13,163502
U005057,O011197,308.11,2026-05-21,334947
U005058,O011198,754.05,2025-11-29,529922
U005058,O011199,49.0,2025-12-22,529922
U005058,O011200,798.54,2026-04-05,529922
U005059,O011201,161.26,2026-01-04,330983
U005059,O011202,343.18,2026-01-09,330983
U005059,O011203,670.19,2026-02-24,330983
U005059,O011204,810.83,2026-03-19,330983
U005060,O011205,816.72,2025-12-12,281559
U005060,O011206,540.48,2026-01-11,281559
U005060,O011207,428.38,2026-02-26,281559
U005060,O011208,401.33,2026-03-15,281559
U005060,O011209,766.9,2026-04-22,281559
U005061,O011210,731.65,2026-02-23,884901
U005061,O011211,1085.89,2026-04-24,884901
U005061,O011212,477.03,2026-04-28,884901
U005061,O011213,792.08,2026-05-07,884901
U005062,O011214,701.67,2026-03-02,432599
U005063,O011215,480.7,2026-01-20,606106
U005063,O011216,826.64,2026-01-22,606106
U005063,O011217,650.45,2026-02-19,606106
U005063,O011218,837.53,2026-03-16,606106
U005063,O011219,744.17,2026-03-23,606106
U005063,O011220,221.78,2026-04-14,606106
U005064,O011221,303.81,2026-04-12,705152
U005065,O011222,547.31,2025-12-25,868572
U005065,O011223,1103.04,2026-01-16,868572
U005065,O011224,642.52,2026-02-01,868572
U005065,O011225,800.03,2026-02-06,868572
U005065,O011226,729.56,2026-02-08,868572
U005065,O011227,1104.74,2026-02-09,868572
U005066,O011228,679.46,2026-08-08,381122
U005067,O011229,630.77,2026-01-17,587122
U005068,O011230,96.87,2026-02-24,409828
U005068,O011231,60.39,2026-04-17,409828
U005068,O011232,537.61,2026-04-24,409828
U005068,O011233,590.07,2026-05-10,409828
U005069,O011234,604.0,2025-10-08,602458
U005069,O011235,623.62,2025-11-03,602458
U005070,O011236,339.68,2026-05-05,370508
U005071,O011237,682.81,2026-05-22,151630
U005071,O011238,335.82,2026-06-25,151630
U005072,O011239,544.96,2026-07-07,578451
U005072,O011240,678.55,2026-07-10,578451
U005072,O011241,727.18,2026-07-23,578451
U005073,O011242,453.82,2026-03-22,846790
U005074,O011243,1343.15,2026-02-19,386556
U005074,O011244,760.55,2026-07-28,386556
U005075,O011245,880.75,2026-06-15,780930
U005076,O011246,828.15,2026-03-14,389982
U005077,O011247,594.09,2025-12-29,769951
U005077,O011248,1016.11,2026-02-13,769951
U005078,O011249,579.28,2026-04-14,375099
U005078,O011250,1191.43,2026-04-18,375099
U005078,O011251,580.08,2026-06-02,375099
U005078,O011252,773.24,2026-07-12,375099
U005079,O011253,922.54,2026-01-05,360133
U005079,O011254,1097.21,2026-01-23,360133
U005079,O011255,650.25,2026-06-23,360133
U005080,O011256,864.07,2026-02-21,809087
U005080,O011257,403.88,2026-03-12,809087
U005080,O011258,460.59,2026-03-14,809087
U005081,O011259,1024.77,2026-01-01,144731
U005081,O011260,1670.56,2026-01-04,144731
U005081,O011261,745.14,2026-02-19,144731
U005082,O011262,518.95,2026-07-25,771811
U005082,O011263,900.61,2026-08-14,771811
U005083,O011264,785.98,2026-07-06,723507
U005084,O011265,786.36,2025-12-07,315113
U005085,O011266,1107.56,2026-07-23,734664
U005086,O011267,548.32,2025-12-22,306407
U005086,O011268,401.22,2026-02-03,306407
U005086,O011269,895.09,2026-03-05,306407
U005086,O011270,1088.13,2026-04-20,306407
U005087,O011271,747.2,2025-12-22,668626
U005087,O011272,583.73,2026-05-27,668626
U005090,O011273,247.59,2026-07-03,445704
U005090,O011274,1029.23,2026-07-11,445704
U005091,O011275,518.71,2025-12-14,843592
U005091,O011276,574.23,2026-01-03,843592
U005091,O011277,434.07,2026-01-05,843592
U005091,O011278,613.57,2026-01-15,843592
U005092,O011279,925.0,2026-07-15,467920
U005093,O011280,428.49,2025-10-07,396451
U005093,O011281,751.17,2025-11-14,396451
U005094,O011282,773.35,2026-07-31,670591
U005096,O011283,550.34,2026-04-01,537614
U005096,O011284,709.16,2026-06-05,537614
U005097,O011285,771.47,2025-11-17,785257
U005097,O011286,554.24,2025-11-19,785257
U005098,O011287,514.57,2026-06-07,372620
U005098,O011288,49.0,2026-07-23,372620
U005099,O011289,77.22,2025-11-30,453462
U005099,O011290,1136.8,2026-01-31,453462
U005099,O011291,604.4,2026-03-02,453462
U005099,O011292,578.91,2026-03-20,453462
U005100,O011293,702.04,2026-03-29,661131
U005102,O011294,748.59,2026-01-11,209984
U005102,O011295,842.65,2026-03-17,209984
U005103,O011296,1016.94,2025-09-26,115791
U005103,O011297,364.29,2025-10-01,115791
U005103,O011298,797.41,2025-11-17,115791
U005104,O011299,49.0,2025-11-16,109717
U005105,O011300,862.63,2026-08-08,832567
U005105,O011301,392.61,2026-08-26,832567
U005106,O011302,551.49,2025-11-17,631203
U005106,O011303,652.66,2026-01-19,631203
U005106,O011304,640.42,2026-03-06,631203
U005106,O011305,445.65,2026-04-22,631203
U005107,O011306,617.85,2026-08-20,575062
U005108,O011307,341.58,2026-01-20,593893
U005108,O011308,715.48,2026-01-31,593893
U005109,O011309,294.22,2026-02-13,446413
U005109,O011310,771.77,2026-07-29,446413
U005111,O011311,613.15,2026-03-15,380634
U005111,O011312,671.54,2026-03-28,380634
U005112,O011313,462.79,2026-06-18,249389
U005112,O011314,533.01,2026-06-23,249389
U005113,O011315,767.28,2026-06-03,335803
U005113,O011316,733.38,2026-07-04,335803
U005113,O011317,445.65,2026-07-11,335803
U005114,O011318,710.12,2026-07-09,474155
U005117,O011319,1032.74,2025-12-30,868127
U005118,O011320,532.96,2026-01-22,368978
U005118,O011321,507.23,2026-03-16,368978
U005118,O011322,173.5,2026-04-01,368978
U005118,O011323,500.95,2026-04-09,368978
U005118,O011324,739.03,2026-04-14,368978
U005118,O011325,245.53,2026-05-22,368978
U005118,O011326,852.3,2026-07-02,368978
U005119,O011327,587.73,2026-01-03,327745
U005120,O011328,566.76,2026-08-05,788112
U005121,O011329,541.45,2026-08-10,387551
U005121,O011330,804.36,2026-08-21,387551
U005122,O011331,876.82,2026-02-16,223827
U005122,O011332,259.4,2026-03-13,223827
U005124,O011333,1299.8,2026-07-10,550367
U005124,O011334,638.27,2026-08-05,550367
U005126,O011335,49.0,2026-05-30,256420
U005127,O011336,514.09,2026-01-23,477890
U005128,O011337,582.3,2026-06-22,281867
U005128,O011338,628.91,2026-07-11,281867
U005129,O011339,532.38,2025-11-18,345229
U005129,O011340,276.88,2025-12-01,345229
U005129,O011341,629.03,2025-12-23,345229
U005130,O011342,956.83,2026-01-12,399965
U005130,O011343,456.36,2026-01-16,399965
U005131,O011344,935.15,2026-07-17,310376
U005133,O011345,766.55,2025-12-25,721629
U005133,O011346,455.73,2026-01-18,721629
U005134,O011347,789.62,2026-06-22,662875
U005134,O011348,500.05,2026-08-02,662875
U005134,O011349,49.0,2026-08-04,662875
U005135,O011350,907.5,2025-09-17,234177
U005135,O011351,617.44,2025-09-28,234177
U005136,O011352,49.0,2025-12-13,664955
U005136,O011353,851.4,2026-01-26,664955
U005137,O011354,778.26,2026-03-01,450527
U005137,O011355,972.54,2026-03-31,450527
U005138,O011356,299.89,2026-02-14,194829
U005138,O011357,719.83,2026-02-25,194829
U005139,O011358,792.47,2026-06-06,665383
U005139,O011359,784.87,2026-07-28,665383
U005140,O011360,911.9,2025-12-07,515676
U005140,O011361,542.34,2026-01-31,515676
U005140,O011362,820.45,2026-02-15,515676
U005140,O011363,480.8,2026-03-15,515676
U005140,O011364,748.89,2026-03-17,515676
U005140,O011365,1023.19,2026-08-01,515676
U005141,O011366,692.83,2026-08-13,559020
U005142,O011367,396.81,2025-10-11,628965
U005142,O011368,762.53,2025-12-01,628965
U005142,O011369,775.13,2026-01-02,628965
U005143,O011370,785.48,2026-06-19,558485
U005143,O011371,708.5,2026-07-06,558485
U005145,O011372,415.53,2026-08-08,289010
U005147,O011373,677.79,2026-03-17,340211
U005149,O011374,806.96,2026-06-14,780773
U005149,O011375,930.86,2026-06-18,780773
U005149,O011376,762.51,2026-08-11,780773
U005150,O011377,874.54,2026-02-11,750066
U005152,O011378,477.73,2026-02-13,261271
U005152,O011379,699.98,2026-03-11,261271
U005152,O011380,1307.58,2026-04-03,261271
U005152,O011381,191.41,2026-05-08,261271
U005153,O011382,559.93,2025-12-04,280539
U005153,O011383,978.8,2025-12-09,280539
U005153,O011384,1042.74,2026-01-07,280539
U005153,O011385,417.77,2026-01-19,280539
U005154,O011386,770.75,2026-03-31,448634
U005154,O011387,533.78,2026-04-02,448634
U005154,O011388,702.68,2026-06-07,448634
U005155,O011389,365.11,2026-06-17,684064
U005155,O011390,222.81,2026-07-19,684064
U005156,O011391,326.33,2026-05-16,466250
U005156,O011392,1164.55,2026-05-24,466250
U005157,O011393,334.22,2026-05-09,386041
U005158,O011394,625.14,2026-03-08,854937
U005158,O011395,49.0,2026-04-12,854937
U005159,O011396,727.21,2025-11-29,688328
U005160,O011397,856.95,2025-09-23,282433
U005160,O011398,340.06,2025-10-09,282433
U005160,O011399,1141.67,2025-10-19,282433
U005160,O011400,568.12,2025-10-21,282433
U005160,O011401,995.94,2025-11-03,282433
U005161,O011402,774.91,2025-12-19,327372
U005162,O011403,554.45,2026-02-05,746541
U005162,O011404,696.38,2026-02-12,746541
U005162,O011405,566.13,2026-04-01,746541
U005162,O011406,713.51,2026-05-23,746541
U005163,O011407,925.3,2026-06-26,229286
U005164,O011408,226.43,2026-06-25,871188
U005164,O011409,351.16,2026-08-16,871188
U005165,O011410,629.84,2026-05-17,426750
U005165,O011411,347.1,2026-06-04,426750
U005167,O011412,469.2,2026-07-27,376718
U005168,O011413,529.33,2025-11-17,713603
U005168,O011414,656.51,2025-12-06,713603
U005168,O011415,672.21,2025-12-17,713603
U005168,O011416,195.92,2026-03-17,713603
U005169,O011417,189.56,2026-01-31,629795
U005169,O011418,329.9,2026-02-06,629795
U005169,O011419,277.38,2026-06-26,629795
U005171,O011420,98.45,2026-04-18,575650
U005171,O011421,1094.0,2026-05-26,575650
U005171,O011422,518.39,2026-05-27,575650
U005171,O011423,945.61,2026-07-15,575650
U005172,O011424,589.37,2026-07-20,736223
U005172,O011425,476.41,2026-07-24,736223
U005172,O011426,627.31,2026-08-13,736223
U005173,O011427,991.97,2026-07-07,838300
U005173,O011428,997.96,2026-08-16,838300
U005173,O011429,663.47,2026-08-24,838300
U005174,O011430,49.0,2026-04-10,892287
U005175,O011431,1137.59,2025-12-07,269618
U005175,O011432,677.98,2025-12-19,269618
U005176,O011433,902.06,2025-09-29,575368
U005176,O011434,643.41,2025-11-09,575368
U005176,O011435,440.33,2026-01-08,575368
U005177,O011436,946.07,2026-01-09,808721
U005177,O011437,537.98,2026-01-11,808721
U005177,O011438,620.63,2026-02-03,808721
U005177,O011439,635.74,2026-03-03,808721
U005178,O011440,575.08,2026-01-05,440153
U005178,O011441,586.75,2026-01-23,440153
U005178,O011442,584.34,2026-01-26,440153
U005178,O011443,604.49,2026-02-16,440153
U005178,O011444,386.88,2026-02-27,440153
U005178,O011445,631.44,2026-03-21,440153
U005178,O011446,560.91,2026-03-27,440153
U005178,O011447,462.12,2026-05-29,440153
U005179,O011448,809.29,2026-06-20,701411
U005179,O011449,408.19,2026-06-22,701411
U005180,O011450,833.76,2026-04-04,434820
U005180,O011451,750.69,2026-04-21,434820
U005180,O011452,881.9,2026-05-25,434820
U005180,O011453,405.62,2026-06-21,434820
U005180,O011454,800.71,2026-07-12,434820
U005181,O011455,1204.76,2026-01-19,834537
U005181,O011456,49.0,2026-04-21,834537
U005182,O011457,173.63,2025-12-02,847028
U005183,O011458,354.02,2026-05-27,649192
U005183,O011459,575.03,2026-06-24,649192
U005183,O011460,290.76,2026-06-26,649192
U005183,O011461,604.5,2026-07-01,649192
U005184,O011462,454.39,2026-01-24,694613
U005184,O011463,742.5,2026-03-22,694613
U005184,O011464,304.42,2026-04-15,694613
U005185,O011465,647.33,2025-12-25,816798
U005185,O011466,741.93,2025-12-27,816798
U005185,O011467,467.6,2026-02-22,816798
U005186,O011468,448.53,2026-02-19,111571
U005187,O011469,647.93,2026-03-01,543272
U005187,O011470,1237.22,2026-04-22,543272
U005187,O011471,657.23,2026-05-14,543272
U005187,O011472,49.0,2026-05-31,543272
U005189,O011473,506.35,2026-02-23,600196
U005189,O011474,604.6,2026-03-19,600196
U005189,O011475,938.61,2026-03-28,600196
U005190,O011476,1504.2,2026-02-03,774713
U005190,O011477,435.21,2026-04-04,774713
U005192,O011478,343.67,2026-03-09,583910
U005192,O011479,944.75,2026-03-14,583910
U005193,O011480,630.75,2026-05-06,664430
U005193,O011481,537.59,2026-05-22,664430
U005193,O011482,961.88,2026-08-20,664430
U005194,O011483,517.93,2026-03-15,389360
U005194,O011484,859.91,2026-04-04,389360
U005195,O011485,906.6,2026-06-03,602138
U005195,O011486,740.66,2026-08-19,602138
U005196,O011487,824.68,2025-10-16,283939
U005196,O011488,1171.29,2025-10-26,283939
U005197,O011489,941.35,2025-10-14,715649
U005197,O011490,403.02,2025-10-26,715649
U005198,O011491,328.11,2026-03-09,651193
U005198,O011492,478.96,2026-03-29,651193
U005198,O011493,335.06,2026-07-01,651193
U005198,O011494,513.04,2026-07-06,651193
U005199,O011495,1438.06,2025-10-03,261280
U005199,O011496,813.49,2025-11-18,261280
U005199,O011497,792.51,2025-11-20,261280
U005199,O011498,1023.3,2026-03-09,261280
U005199,O011499,792.0,2026-04-04,261280
U005199,O011500,529.58,2026-04-17,261280
U005199,O011501,592.92,2026-05-12,261280
U005199,O011502,1242.21,2026-05-17,261280
U005200,O011503,970.09,2026-03-17,341551
U005200,O011504,974.68,2026-05-01,341551
U005203,O011505,658.91,2026-08-19,178138
U005204,O011506,409.8,2025-12-31,246587
U005204,O011507,775.19,2026-04-24,246587
U005206,O011508,650.16,2026-08-24,891790
U005207,O011509,49.0,2026-03-07,128887
U005207,O011510,535.57,2026-04-01,128887
U005208,O011511,377.82,2026-03-13,464930
U005208,O011512,692.26,2026-03-19,464930
U005208,O011513,1096.83,2026-04-29,464930
U005208,O011514,601.77,2026-05-22,464930
U005208,O011515,479.92,2026-06-21,464930
U005209,O011516,456.7,2026-03-19,730298
U005209,O011517,653.28,2026-04-24,730298
U005209,O011518,378.97,2026-05-01,730298
U005211,O011519,121.15,2025-09-14,237504
U005211,O011520,544.79,2025-10-20,237504
U005212,O011521,852.19,2025-09-24,571520
U005212,O011522,391.05,2025-09-29,571520
U005212,O011523,549.1,2025-11-01,571520
U005212,O011524,764.95,2025-12-09,571520
U005213,O011525,328.15,2026-05-20,665899
U005213,O011526,380.66,2026-06-13,665899
U005213,O011527,1019.08,2026-06-16,665899
U005215,O011528,350.78,2026-03-03,139597
U005215,O011529,69.67,2026-03-29,139597
U005216,O011530,1119.35,2026-08-02,677955
U005217,O011531,493.11,2025-11-30,645982
U005219,O011532,481.17,2026-04-28,125075
U005220,O011533,951.65,2026-01-01,410855
U005220,O011534,950.39,2026-01-20,410855
U005220,O011535,926.82,2026-02-21,410855
U005221,O011536,49.0,2026-08-21,233423
U005221,O011537,49.0,2026-08-25,233423
U005222,O011538,506.36,2026-07-08,260986
U005222,O011539,235.1,2026-08-12,260986
U005223,O011540,1093.81,2026-08-06,205313
U005223,O011541,458.92,2026-08-08,205313
U005224,O011542,363.24,2026-03-15,113787
U005224,O011543,568.15,2026-04-06,113787
U005224,O011544,958.26,2026-05-19,113787
U005224,O011545,573.88,2026-06-08,113787
U005226,O011546,376.54,2026-05-16,540969
U005226,O011547,1166.9,2026-05-17,540969
U005227,O011548,498.67,2026-08-22,603703
U005228,O011549,776.72,2026-05-10,231726
U005228,O011550,911.65,2026-05-16,231726
U005228,O011551,1034.51,2026-05-28,231726
U005228,O011552,426.15,2026-08-03,231726
U005229,O011553,677.16,2026-03-31,645355
U005229,O011554,442.16,2026-04-11,645355
U005229,O011555,752.81,2026-05-11,645355
U005229,O011556,418.36,2026-05-23,645355
U005229,O011557,780.32,2026-06-25,645355
U005230,O011558,564.31,2025-10-06,379802
U005230,O011559,436.41,2025-10-11,379802
U005230,O011560,479.54,2025-10-30,379802
U005231,O011561,673.58,2026-08-26,825315
U005232,O011562,309.73,2025-12-18,295954
U005232,O011563,566.85,2026-01-11,295954
U005232,O011564,100.15,2026-01-13,295954
U005233,O011565,541.9,2026-02-14,753879
U005233,O011566,938.85,2026-02-17,753879
U005234,O011567,411.19,2025-11-27,623345
U005234,O011568,203.15,2026-06-10,623345
U005234,O011569,1001.74,2026-07-10,623345
U005236,O011570,1129.7,2026-01-28,588871
U005236,O011571,573.2,2026-03-06,588871
U005237,O011572,929.24,2026-02-15,757208
U005237,O011573,512.15,2026-02-19,757208
U005238,O011574,375.68,2025-12-02,182496
U005238,O011575,273.76,2026-01-22,182496
U005238,O011576,1279.31,2026-02-16,182496
U005238,O011577,637.38,2026-04-09,182496
U005240,O011578,749.17,2026-03-29,433091
U005241,O011579,559.2,2026-03-08,892123
U005241,O011580,311.21,2026-03-19,892123
U005241,O011581,904.72,2026-03-28,892123
U005242,O011582,998.98,2025-12-02,411777
U005242,O011583,1014.52,2025-12-10,411777
U005242,O011584,874.12,2026-01-12,411777
U005242,O011585,329.75,2026-01-26,411777
U005243,O011586,238.3,2026-06-19,243746
U005244,O011587,661.64,2026-04-28,755001
U005244,O011588,1014.55,2026-05-26,755001
U005244,O011589,930.12,2026-08-18,755001
U005245,O011590,381.11,2026-04-24,209726
U005245,O011591,900.47,2026-05-25,209726
U005246,O011592,270.32,2025-09-23,436310
U005246,O011593,723.76,2025-09-29,436310
U005246,O011594,800.26,2025-10-18,436310
U005247,O011595,805.46,2026-07-15,193164
U005247,O011596,242.86,2026-07-30,193164
U005247,O011597,764.53,2026-08-14,193164
U005248,O011598,101.33,2026-03-06,170760
U005248,O011599,853.04,2026-05-10,170760
U005248,O011600,887.68,2026-06-01,170760
U005249,O011601,546.48,2026-02-18,144808
U005249,O011602,896.8,2026-04-26,144808
U005250,O011603,571.1,2026-02-21,474901
U005251,O011604,640.78,2025-11-22,399239
U005251,O011605,864.95,2025-11-26,399239
U005252,O011606,751.05,2026-04-24,452434
U005252,O011607,635.74,2026-04-26,452434
U005252,O011608,1014.02,2026-06-17,452434
U005252,O011609,338.46,2026-07-22,452434
U005253,O011610,662.54,2026-01-06,310762
U005253,O011611,775.1,2026-01-31,310762
U005253,O011612,701.72,2026-05-05,310762
U005254,O011613,940.77,2025-10-09,632696
U005254,O011614,761.89,2025-10-19,632696
U005255,O011615,1184.77,2025-12-14,181557
U005256,O011616,873.3,2026-06-06,109811
U005256,O011617,750.44,2026-06-19,109811
U005256,O011618,872.48,2026-08-15,109811
U005257,O011619,559.0,2025-10-15,480585
U005259,O011620,692.46,2026-04-21,388979
U005259,O011621,778.7,2026-06-28,388979
U005260,O011622,1060.78,2026-05-09,163640
U005260,O011623,707.68,2026-05-12,163640
U005260,O011624,1069.71,2026-06-09,163640
U005260,O011625,622.35,2026-06-14,163640
U005260,O011626,840.97,2026-06-22,163640
U005261,O011627,675.06,2025-11-16,586691
U005261,O011628,730.56,2025-11-22,586691
U005262,O011629,370.41,2026-03-14,259640
U005263,O011630,369.43,2026-02-23,217175
U005263,O011631,1177.62,2026-03-11,217175
U005263,O011632,576.61,2026-04-04,217175
U005263,O011633,774.83,2026-04-20,217175
U005263,O011634,777.91,2026-05-23,217175
U005263,O011635,530.08,2026-06-26,217175
U005263,O011636,360.75,2026-07-10,217175
U005265,O011637,941.24,2025-10-03,453226
U005266,O011638,581.5,2026-01-04,545694
U005267,O011639,650.19,2025-09-22,767002
U005267,O011640,517.25,2025-10-04,767002
U005268,O011641,396.39,2026-07-19,586024
U005268,O011642,472.14,2026-08-01,586024
U005269,O011643,1178.9,2026-07-30,228038
U005271,O011644,1245.58,2025-12-21,295746
U005271,O011645,290.23,2026-01-05,295746
U005272,O011646,541.72,2026-02-12,288499
U005272,O011647,393.57,2026-02-23,288499
U005272,O011648,1014.84,2026-04-24,288499
U005272,O011649,780.79,2026-04-30,288499
U005274,O011650,393.8,2025-10-12,748656
U005274,O011651,804.41,2025-11-27,748656
U005274,O011652,901.59,2026-02-18,748656
U005274,O011653,188.39,2026-02-20,748656
U005274,O011654,1217.93,2026-04-06,748656
U005274,O011655,845.14,2026-04-11,748656
U005274,O011656,903.68,2026-06-01,748656
U005274,O011657,314.95,2026-06-29,748656
U005275,O011658,262.12,2026-02-01,389502
U005275,O011659,663.92,2026-02-04,389502
U005275,O011660,611.01,2026-05-17,389502
U005275,O011661,750.74,2026-07-04,389502
U005276,O011662,421.44,2025-12-07,527609
U005276,O011663,1006.07,2026-01-08,527609
U005276,O011664,512.41,2026-02-03,527609
U005278,O011665,696.88,2025-12-01,582196
U005278,O011666,689.11,2025-12-20,582196
U005278,O011667,438.25,2026-01-15,582196
U005278,O011668,236.38,2026-06-10,582196
U005279,O011669,1141.17,2026-08-15,253011
U005280,O011670,661.33,2026-05-01,212734
U005280,O011671,515.66,2026-06-27,212734
U005283,O011672,677.68,2026-02-07,642125
U005284,O011673,731.17,2025-10-19,366745
U005284,O011674,366.79,2025-10-30,366745
U005285,O011675,788.01,2026-05-18,407939
U005285,O011676,640.22,2026-05-22,407939
U005286,O011677,512.78,2026-02-21,570015
U005286,O011678,483.28,2026-03-09,570015
U005288,O011679,770.69,2025-12-15,866393
U005288,O011680,1058.23,2025-12-21,866393
U005288,O011681,960.73,2026-04-08,866393
U005288,O011682,437.33,2026-04-27,866393
U005289,O011683,1276.56,2026-04-28,751738
U005289,O011684,761.6,2026-05-31,751738
U005289,O011685,524.12,2026-06-17,751738
U005289,O011686,317.78,2026-07-09,751738
U005289,O011687,1180.13,2026-07-21,751738
U005290,O011688,319.69,2026-01-27,226597
U005291,O011689,273.8,2026-05-20,684606
U005292,O011690,436.33,2026-05-13,130507
U005292,O011691,880.59,2026-05-23,130507
U005292,O011692,306.85,2026-05-29,130507
U005293,O011693,840.18,2025-11-07,206383
U005293,O011694,297.36,2025-12-02,206383
U005293,O011695,297.33,2026-01-04,206383
U005293,O011696,512.88,2026-04-09,206383
U005293,O011697,269.19,2026-05-29,206383
U005294,O011698,753.3,2026-06-12,737749
U005294,O011699,567.06,2026-07-17,737749
U005294,O011700,470.77,2026-07-21,737749
U005295,O011701,591.57,2026-04-30,288566
U005295,O011702,172.27,2026-05-05,288566
U005295,O011703,618.93,2026-05-23,288566
U005296,O011704,1105.28,2026-05-20,248399
U005296,O011705,1320.9,2026-06-11,248399
U005296,O011706,635.75,2026-07-30,248399
U005297,O011707,977.83,2026-01-14,372983
U005298,O011708,909.65,2025-10-18,268057
U005298,O011709,1051.25,2025-10-26,268057
U005299,O011710,872.03,2025-10-29,339103
U005300,O011711,521.96,2026-04-22,710194
U005300,O011712,665.42,2026-04-30,710194
U005300,O011713,962.9,2026-05-29,710194
U005301,O011714,1005.9,2026-02-18,744681
U005301,O011715,743.79,2026-02-21,744681
U005302,O011716,608.21,2026-02-25,693795
U005302,O011717,431.51,2026-04-05,693795
U005303,O011718,442.49,2025-11-26,528642
U005303,O011719,845.46,2026-01-24,528642
U005303,O011720,406.9,2026-02-09,528642
U005304,O011721,909.73,2025-11-03,880447
U005304,O011722,702.06,2025-11-07,880447
U005305,O011723,524.19,2026-05-16,669960
U005305,O011724,52.83,2026-06-04,669960
U005305,O011725,526.55,2026-07-03,669960
U005305,O011726,719.36,2026-08-07,669960
U005306,O011727,291.96,2026-06-11,379754
U005307,O011728,560.78,2025-11-29,710195
U005307,O011729,226.41,2025-12-28,710195
U005307,O011730,514.2,2026-02-10,710195
U005307,O011731,742.92,2026-02-19,710195
U005307,O011732,927.65,2026-05-04,710195
U005307,O011733,185.48,2026-06-12,710195
U005308,O011734,618.52,2026-05-18,126780
U005308,O011735,1041.04,2026-06-09,126780
U005309,O011736,804.0,2026-05-18,302437
U005309,O011737,454.98,2026-06-03,302437
U005311,O011738,955.96,2026-06-10,643055
U005311,O011739,1238.15,2026-06-22,643055
U005312,O011740,985.88,2026-05-16,107800
U005312,O011741,49.0,2026-07-01,107800
U005312,O011742,716.19,2026-07-10,107800
U005312,O011743,49.0,2026-07-16,107800
U005312,O011744,686.24,2026-08-22,107800
U005313,O011745,462.8,2025-12-11,387579
U005313,O011746,836.01,2026-01-07,387579
U005314,O011747,1247.45,2026-05-15,754109
U005314,O011748,481.42,2026-05-19,754109
U005314,O011749,465.51,2026-06-30,754109
U005316,O011750,772.1,2026-03-11,129661
U005316,O011751,831.34,2026-03-24,129661
U005317,O011752,806.91,2026-08-08,745780
U005319,O011753,1228.26,2026-08-04,802966
U005320,O011754,1030.23,2026-02-26,441832
U005320,O011755,106.36,2026-03-14,441832
U005320,O011756,786.18,2026-03-19,441832
U005321,O011757,355.63,2026-05-27,111387
U005321,O011758,302.31,2026-06-02,111387
U005321,O011759,1040.15,2026-06-29,111387
U005322,O011760,737.88,2026-01-28,514420
U005322,O011761,565.85,2026-03-31,514420
U005322,O011762,345.79,2026-04-07,514420
U005324,O011763,49.0,2026-02-05,453926
U005324,O011764,178.13,2026-02-16,453926
U005324,O011765,976.43,2026-02-22,453926
U005324,O011766,649.57,2026-04-21,453926
U005324,O011767,383.66,2026-05-04,453926
U005324,O011768,483.17,2026-06-20,453926
U005324,O011769,709.66,2026-07-15,453926
U005325,O011770,743.37,2025-11-03,619815
U005325,O011771,247.4,2025-11-07,619815
U005326,O011772,672.02,2026-07-10,255928
U005327,O011773,310.43,2026-07-06,663238
U005327,O011774,768.1,2026-07-12,663238
U005329,O011775,468.57,2026-08-25,888280
U005330,O011776,758.88,2026-01-23,530023
U005330,O011777,621.85,2026-02-06,530023
U005330,O011778,179.79,2026-02-25,530023
U005330,O011779,654.37,2026-03-25,530023
U005331,O011780,898.37,2026-03-18,778106
U005331,O011781,1211.17,2026-05-02,778106
U005331,O011782,848.48,2026-06-11,778106
U005333,O011783,758.87,2026-06-29,834806
U005334,O011784,796.03,2026-06-15,364233
U005334,O011785,929.53,2026-07-05,364233
U005334,O011786,393.35,2026-08-06,364233
U005335,O011787,521.82,2026-03-15,425796
U005335,O011788,605.4,2026-03-16,425796
U005335,O011789,508.89,2026-04-19,425796
U005335,O011790,1023.67,2026-04-26,425796
U005336,O011791,762.52,2026-01-16,191374
U005336,O011792,720.39,2026-01-28,191374
U005337,O011793,592.07,2025-09-20,125885
U005337,O011794,850.08,2025-10-14,125885
U005339,O011795,659.98,2026-04-13,630128
U005340,O011796,125.72,2025-10-22,695770
U005340,O011797,381.12,2025-11-17,695770
U005341,O011798,615.89,2026-06-04,109245
U005341,O011799,406.23,2026-07-11,109245
U005342,O011800,1054.06,2025-10-18,226083
U005342,O011801,698.4,2025-12-02,226083
U005342,O011802,560.18,2026-03-25,226083
U005342,O011803,427.24,2026-04-02,226083
U005343,O011804,503.05,2026-02-26,343796
U005343,O011805,445.84,2026-06-05,343796
U005345,O011806,755.17,2026-08-15,518534
U005347,O011807,739.7,2026-05-13,448155
U005347,O011808,954.04,2026-07-02,448155
U005347,O011809,481.46,2026-07-14,448155
U005348,O011810,1049.54,2026-02-04,174735
U005348,O011811,1144.67,2026-02-17,174735
U005348,O011812,497.11,2026-04-06,174735
U005349,O011813,946.78,2026-01-21,757377
U005349,O011814,995.98,2026-02-05,757377
U005349,O011815,202.06,2026-04-16,757377
U005350,O011816,59.35,2025-10-15,757975
U005350,O011817,796.17,2025-11-12,757975
U005350,O011818,394.89,2025-11-30,757975
U005351,O011819,934.85,2026-05-10,698612
U005352,O011820,413.22,2025-12-12,327029
U005352,O011821,660.6,2026-01-15,327029
U005353,O011822,322.61,2026-08-15,855782
U005355,O011823,49.0,2025-09-17,874200
U005355,O011824,609.45,2025-11-30,874200
U005355,O011825,723.95,2025-12-16,874200
U005355,O011826,49.0,2026-03-29,874200
U005355,O011827,1069.11,2026-04-05,874200
U005357,O011828,818.55,2026-04-17,160731
U005357,O011829,903.62,2026-08-19,160731
U005357,O011830,729.9,2026-08-20,160731
U005358,O011831,920.69,2026-05-22,573778
U005360,O011832,582.89,2026-05-10,206083
U005360,O011833,830.1,2026-06-16,206083
U005360,O011834,568.18,2026-06-23,206083
U005361,O011835,778.4,2026-06-10,532182
U005361,O011836,792.2,2026-08-07,532182
U005362,O011837,543.73,2026-07-09,276904
U005364,O011838,202.73,2025-12-06,321885
U005364,O011839,1004.58,2025-12-22,321885
U005365,O011840,913.28,2026-07-09,685171
U005366,O011841,1018.39,2026-01-02,273541
U005366,O011842,49.0,2026-01-16,273541
U005366,O011843,959.93,2026-03-18,273541
U005367,O011844,1069.42,2026-01-23,167733
U005367,O011845,887.19,2026-04-21,167733
U005367,O011846,901.96,2026-05-08,167733
U005368,O011847,805.42,2025-09-20,215527
U005368,O011848,432.62,2025-10-24,215527
U005368,O011849,571.55,2025-11-06,215527
U005369,O011850,579.77,2026-03-08,535061
U005369,O011851,445.21,2026-04-14,535061
U005369,O011852,660.82,2026-04-16,535061
U005369,O011853,841.63,2026-04-30,535061
U005369,O011854,352.54,2026-05-26,535061
U005370,O011855,933.11,2026-04-17,647459
U005370,O011856,328.62,2026-05-19,647459
U005370,O011857,591.24,2026-05-20,647459
U005371,O011858,470.3,2026-02-17,440780
U005371,O011859,809.5,2026-04-01,440780
U005371,O011860,987.31,2026-04-02,440780
U005371,O011861,722.17,2026-04-20,440780
U005371,O011862,1294.06,2026-06-01,440780
U005371,O011863,782.92,2026-06-23,440780
U005371,O011864,364.54,2026-07-14,440780
U005373,O011865,712.73,2026-08-02,392440
U005374,O011866,604.09,2026-01-28,467446
U005374,O011867,240.6,2026-02-18,467446
U005375,O011868,662.14,2026-05-20,619566
U005375,O011869,405.51,2026-06-09,619566
U005375,O011870,456.93,2026-06-13,619566
U005375,O011871,149.92,2026-08-05,619566
U005376,O011872,463.49,2025-11-01,434598
U005376,O011873,460.81,2025-11-04,434598
U005378,O011874,1049.02,2026-06-26,262237
U005378,O011875,703.27,2026-07-26,262237
U005378,O011876,1150.81,2026-08-11,262237
U005379,O011877,1021.95,2026-05-28,558165
U005379,O011878,275.75,2026-06-15,558165
U005379,O011879,648.28,2026-08-05,558165
U005380,O011880,458.87,2025-10-01,137371
U005380,O011881,1018.77,2025-10-21,137371
U005381,O011882,418.25,2026-06-24,112048
U005381,O011883,367.75,2026-06-25,112048
U005382,O011884,429.2,2026-04-28,506814
U005383,O011885,453.89,2026-03-10,692759
U005383,O011886,762.39,2026-03-28,692759
U005384,O011887,193.78,2026-04-20,625429
U005386,O011888,673.79,2025-09-30,115705
U005386,O011889,751.43,2025-10-12,115705
U005386,O011890,471.84,2025-10-31,115705
U005387,O011891,1222.19,2026-06-23,638991
U005387,O011892,185.23,2026-06-24,638991
U005387,O011893,200.83,2026-07-04,638991
U005388,O011894,619.53,2026-07-15,881896
U005388,O011895,870.53,2026-07-29,881896
U005390,O011896,423.08,2025-11-02,481655
U005390,O011897,823.86,2025-11-30,481655
U005391,O011898,1104.09,2026-03-27,731717
U005391,O011899,910.76,2026-04-02,731717
U005392,O011900,454.72,2026-02-16,622793
U005392,O011901,1097.41,2026-04-27,622793
U005392,O011902,1332.74,2026-05-09,622793
U005393,O011903,1375.49,2025-09-12,865326
U005393,O011904,611.61,2025-09-20,865326
U005393,O011905,195.24,2025-11-21,865326
U005393,O011906,809.15,2025-11-23,865326
U005393,O011907,220.03,2026-01-23,865326
U005394,O011908,881.23,2026-07-05,627084
U005394,O011909,699.88,2026-07-29,627084
U005395,O011910,193.83,2026-02-25,493752
U005396,O011911,545.27,2025-10-30,416572
U005397,O011912,314.55,2026-02-02,689176
U005397,O011913,134.03,2026-03-14,689176
U005397,O011914,618.95,2026-05-13,689176
U005397,O011915,746.94,2026-08-17,689176
U005399,O011916,49.0,2025-12-14,521077
U005399,O011917,617.02,2026-02-07,521077
U005399,O011918,1105.36,2026-02-12,521077
U005400,O011919,635.38,2026-05-19,651813
U005400,O011920,928.73,2026-08-13,651813
U005401,O011921,226.83,2026-01-01,275516
U005401,O011922,647.01,2026-01-05,275516
U005401,O011923,653.61,2026-01-08,275516
U005402,O011924,453.59,2025-10-04,593203
U005402,O011925,892.56,2025-10-19,593203
U005402,O011926,898.23,2026-01-10,593203
U005403,O011927,281.74,2025-11-20,441549
U005403,O011928,659.92,2025-12-10,441549
U005403,O011929,792.68,2026-01-01,441549
U005404,O011930,953.98,2026-06-11,767410
U005405,O011931,566.04,2026-06-07,594157
U005405,O011932,322.04,2026-08-24,594157
U005406,O011933,837.43,2026-02-14,484666
U005406,O011934,696.27,2026-03-29,484666
U005406,O011935,559.8,2026-04-23,484666
U005406,O011936,710.49,2026-06-15,484666
U005407,O011937,221.42,2026-02-03,126744
U005408,O011938,1116.16,2026-04-27,362873
U005409,O011939,608.65,2026-05-10,793579
U005409,O011940,364.14,2026-05-23,793579
U005409,O011941,886.1,2026-06-07,793579
U005409,O011942,1092.06,2026-07-04,793579
U005414,O011943,986.87,2026-07-15,280207
U005415,O011944,810.51,2026-04-21,299819
U005415,O011945,854.68,2026-04-30,299819
U005415,O011946,730.7,2026-05-05,299819
U005415,O011947,464.44,2026-05-15,299819
U005416,O011948,887.23,2026-08-19,396560
U005417,O011949,49.0,2026-06-23,559892
U005417,O011950,926.88,2026-07-13,559892
U005418,O011951,795.29,2026-01-02,864519
U005418,O011952,569.16,2026-01-30,864519
U005418,O011953,557.74,2026-04-14,864519
U005418,O011954,662.72,2026-07-18,864519
U005419,O011955,866.49,2026-04-05,309205
U005419,O011956,1122.22,2026-06-14,309205
U005420,O011957,682.57,2026-06-16,235699
U005420,O011958,977.11,2026-07-20,235699
U005421,O011959,508.23,2026-04-24,371412
U005421,O011960,733.14,2026-06-12,371412
U005422,O011961,1270.85,2026-04-22,247355
U005422,O011962,649.18,2026-07-06,247355
U005422,O011963,852.69,2026-08-05,247355
U005423,O011964,1052.84,2026-03-15,645785
U005423,O011965,49.0,2026-03-20,645785
U005424,O011966,1164.79,2026-06-14,656506
U005424,O011967,847.4,2026-06-24,656506
U005425,O011968,851.14,2025-11-26,317901
U005426,O011969,49.0,2026-04-27,644750
U005426,O011970,609.07,2026-04-29,644750
U005426,O011971,946.38,2026-06-11,644750
U005426,O011972,751.95,2026-07-03,644750
U005426,O011973,805.03,2026-07-06,644750
U005427,O011974,393.82,2026-05-28,228876
U005428,O011975,816.1,2026-01-31,387479
U005429,O011976,372.71,2025-10-24,498505
U005429,O011977,682.49,2025-11-27,498505
U005429,O011978,117.71,2025-12-06,498505
U005429,O011979,742.1,2025-12-10,498505
U005431,O011980,529.67,2026-06-21,586663
U005432,O011981,853.69,2026-07-26,105695
U005433,O011982,804.41,2026-07-27,308654
U005433,O011983,720.5,2026-08-20,308654
U005434,O011984,553.12,2026-01-27,196333
U005434,O011985,737.77,2026-02-02,196333
U005434,O011986,120.8,2026-04-19,196333
U005434,O011987,803.31,2026-07-28,196333
U005435,O011988,346.63,2026-08-07,361458
U005435,O011989,757.01,2026-08-20,361458
U005436,O011990,471.0,2026-06-30,382158
U005436,O011991,613.95,2026-07-11,382158
U005436,O011992,672.14,2026-07-15,382158
U005436,O011993,457.08,2026-08-22,382158
U005437,O011994,932.54,2026-03-19,570297
U005437,O011995,242.5,2026-05-23,570297
U005437,O011996,1145.81,2026-06-01,570297
U005438,O011997,424.19,2026-08-09,651679
U005438,O011998,655.95,2026-08-21,651679
U005439,O011999,260.11,2026-06-13,394261
U005440,O012000,888.12,2026-01-08,757472
U005440,O012001,697.06,2026-01-18,757472
U005440,O012002,682.11,2026-03-07,757472
U005441,O012003,723.03,2025-10-26,714080
U005442,O012004,1556.22,2026-01-24,774964
U005442,O012005,1130.77,2026-02-07,774964
U005442,O012006,538.35,2026-03-02,774964
U005442,O012007,1252.99,2026-03-21,774964
U005443,O012008,888.16,2026-08-24,509140
U005444,O012009,981.46,2026-03-07,249839
U005444,O012010,1109.94,2026-05-25,249839
U005444,O012011,604.95,2026-06-19,249839
U005445,O012012,954.63,2025-11-09,562388
U005445,O012013,307.54,2026-01-07,562388
U005445,O012014,1168.37,2026-02-18,562388
U005445,O012015,548.13,2026-02-22,562388
U005445,O012016,607.75,2026-03-27,562388
U005445,O012017,1135.84,2026-03-30,562388
U005446,O012018,742.73,2025-10-30,782385
U005446,O012019,1233.31,2025-11-29,782385
U005446,O012020,1340.94,2026-01-05,782385
U005446,O012021,537.48,2026-01-16,782385
U005446,O012022,49.0,2026-01-19,782385
U005448,O012023,1096.97,2025-10-11,463673
U005448,O012024,630.64,2025-10-22,463673
U005449,O012025,355.79,2026-05-16,792097
U005449,O012026,644.4,2026-05-17,792097
U005450,O012027,738.38,2026-07-06,160247
U005450,O012028,928.58,2026-08-15,160247
U005451,O012029,831.23,2026-05-24,283954
U005451,O012030,535.37,2026-07-24,283954
U005452,O012031,679.29,2026-05-11,666504
U005452,O012032,639.99,2026-06-11,666504
U005454,O012033,458.53,2026-03-13,132865
U005454,O012034,1097.58,2026-03-28,132865
U005454,O012035,200.64,2026-03-30,132865
U005454,O012036,1079.52,2026-04-16,132865
U005455,O012037,740.87,2026-01-16,143135
U005455,O012038,1173.08,2026-03-18,143135
U005455,O012039,421.02,2026-03-24,143135
U005455,O012040,628.32,2026-05-17,143135
U005456,O012041,1043.64,2026-06-19,353735
U005456,O012042,723.86,2026-08-03,353735
U005456,O012043,442.09,2026-08-14,353735
U005456,O012044,945.7,2026-08-17,353735
U005457,O012045,582.37,2026-05-13,481747
U005457,O012046,1256.37,2026-07-08,481747
U005457,O012047,535.99,2026-07-29,481747
U005458,O012048,679.13,2025-11-28,320913
U005458,O012049,838.13,2025-12-19,320913
U005458,O012050,622.18,2026-01-31,320913
U005458,O012051,693.47,2026-02-16,320913
U005459,O012052,154.24,2026-03-14,225389
U005459,O012053,563.17,2026-04-24,225389
U005459,O012054,765.12,2026-06-15,225389
U005460,O012055,639.45,2026-07-22,750686
U005460,O012056,539.68,2026-08-14,750686
U005460,O012057,767.34,2026-08-20,750686
U005461,O012058,582.68,2026-08-19,419784
U005462,O012059,715.75,2026-03-02,886778
U005464,O012060,752.16,2025-11-08,843354
U005464,O012061,1100.84,2025-11-26,843354
U005464,O012062,909.06,2025-11-30,843354
U005464,O012063,280.43,2026-02-26,843354
U005464,O012064,719.05,2026-04-19,843354
U005465,O012065,563.69,2026-06-24,227573
U005465,O012066,414.21,2026-07-03,227573
U005467,O012067,815.35,2025-12-20,622654
U005467,O012068,205.08,2026-01-10,622654
U005467,O012069,674.93,2026-01-18,622654
U005468,O012070,704.71,2026-01-22,483927
U005469,O012071,176.65,2025-11-16,600016
U005469,O012072,557.81,2025-12-20,600016
U005469,O012073,1015.93,2026-02-07,600016
U005469,O012074,515.5,2026-02-22,600016
U005469,O012075,1140.45,2026-03-11,600016
U005470,O012076,760.07,2025-12-30,327884
U005470,O012077,484.1,2026-03-02,327884
U005470,O012078,604.37,2026-05-05,327884
U005470,O012079,49.0,2026-05-17,327884
U005470,O012080,523.06,2026-05-23,327884
U005470,O012081,549.96,2026-06-09,327884
U005470,O012082,975.62,2026-06-16,327884
U005470,O012083,560.43,2026-07-18,327884
U005471,O012084,1188.07,2026-02-03,329387
U005472,O012085,1052.69,2026-05-09,780622
U005473,O012086,679.83,2026-07-27,870623
U005474,O012087,698.56,2025-10-21,838631
U005474,O012088,777.08,2025-12-06,838631
U005474,O012089,736.29,2026-01-05,838631
U005474,O012090,656.94,2026-04-01,838631
U005474,O012091,1531.61,2026-04-09,838631
U005475,O012092,565.48,2025-09-07,670955
U005476,O012093,388.05,2026-05-07,368639
U005476,O012094,287.68,2026-06-01,368639
U005476,O012095,702.55,2026-07-18,368639
U005477,O012096,331.86,2025-12-25,826942
U005478,O012097,547.23,2026-08-17,489254
U005480,O012098,806.58,2025-12-12,698034
U005480,O012099,1037.3,2026-01-05,698034
U005480,O012100,967.28,2026-01-23,698034
U005481,O012101,972.86,2026-01-15,592694
U005481,O012102,639.0,2026-02-01,592694
U005481,O012103,1014.26,2026-02-25,592694
U005481,O012104,1002.47,2026-03-24,592694
U005481,O012105,369.32,2026-03-28,592694
U005483,O012106,254.79,2026-06-21,125504
U005483,O012107,892.45,2026-07-16,125504
U005483,O012108,625.29,2026-08-09,125504
U005484,O012109,49.0,2026-05-17,785245
U005485,O012110,655.47,2026-04-10,448844
U005485,O012111,778.62,2026-07-06,448844
U005485,O012112,664.34,2026-08-14,448844
U005486,O012113,480.93,2026-01-04,156075
U005487,O012114,541.66,2026-05-09,341101
U005487,O012115,714.35,2026-07-27,341101
U005488,O012116,505.4,2026-07-26,565896
U005489,O012117,483.3,2025-12-30,350307
U005489,O012118,962.79,2026-01-18,350307
U005489,O012119,826.64,2026-03-15,350307
U005489,O012120,531.08,2026-03-25,350307
U005489,O012121,667.89,2026-05-13,350307
U005490,O012122,515.78,2026-07-19,702729
U005491,O012123,268.99,2025-10-28,651663
U005491,O012124,1041.04,2025-11-23,651663
U005492,O012125,1455.32,2025-11-02,222986
U005493,O012126,832.84,2026-05-19,517608
U005493,O012127,717.92,2026-05-27,517608
U005493,O012128,1304.32,2026-06-23,517608
U005493,O012129,785.46,2026-07-20,517608
U005494,O012130,283.77,2026-03-11,851283
U005495,O012131,357.7,2026-04-23,211136
U005496,O012132,641.37,2025-10-04,860097
U005496,O012133,454.52,2025-10-19,860097
U005496,O012134,850.39,2025-11-02,860097
U005497,O012135,482.8,2026-03-25,659260
U005497,O012136,423.23,2026-03-28,659260
U005497,O012137,362.56,2026-05-06,659260
U005498,O012138,686.67,2026-07-30,458517
U005498,O012139,640.92,2026-08-23,458517
U005499,O012140,328.83,2026-08-07,153428
U005499,O012141,691.85,2026-08-11,153428
U005500,O012142,692.31,2025-11-10,408355
U005500,O012143,559.48,2025-11-16,408355
U005501,O012144,491.09,2026-05-17,310561
U005501,O012145,858.23,2026-05-28,310561
U005502,O012146,319.42,2026-04-09,107665
U005502,O012147,1025.37,2026-04-30,107665
U005502,O012148,1045.59,2026-06-16,107665
U005502,O012149,749.99,2026-07-03,107665
U005503,O012150,511.5,2025-11-17,681238
U005503,O012151,971.71,2025-12-05,681238
U005503,O012152,396.14,2025-12-06,681238
U005505,O012153,350.52,2025-11-03,813694
U005505,O012154,733.88,2025-12-11,813694
U005506,O012155,789.74,2026-04-16,807741
U005506,O012156,304.11,2026-05-03,807741
U005507,O012157,943.02,2025-12-01,680311
U005507,O012158,274.75,2025-12-23,680311
U005508,O012159,418.85,2025-10-16,421279
U005509,O012160,1132.33,2026-03-11,669053
U005510,O012161,49.0,2026-08-22,518582
U005511,O012162,821.38,2025-12-23,222580
U005512,O012163,427.23,2026-03-29,758595
U005513,O012164,570.71,2026-06-09,852812
U005513,O012165,504.35,2026-06-15,852812
U005513,O012166,412.8,2026-06-16,852812
U005514,O012167,834.63,2026-08-19,879035
U005514,O012168,868.0,2026-08-25,879035
U005515,O012169,538.57,2026-03-06,517870
U005515,O012170,557.73,2026-05-04,517870
U005516,O012171,763.35,2026-02-14,785884
U005516,O012172,401.74,2026-02-17,785884
U005516,O012173,1037.47,2026-03-02,785884
U005516,O012174,425.09,2026-04-10,785884
U005518,O012175,545.22,2026-05-09,873416
U005518,O012176,929.88,2026-06-30,873416
U005519,O012177,773.97,2026-05-10,232547
U005519,O012178,650.19,2026-05-24,232547
U005520,O012179,241.16,2025-10-07,440584
U005520,O012180,356.99,2025-10-18,440584
U005520,O012181,49.0,2025-11-05,440584
U005522,O012182,1121.64,2025-11-27,730820
U005522,O012183,687.77,2025-12-15,730820
U005523,O012184,662.92,2026-07-13,452875
U005523,O012185,808.91,2026-07-14,452875
U005523,O012186,664.89,2026-08-10,452875
U005524,O012187,418.2,2026-01-14,431568
U005526,O012188,628.67,2026-06-06,297631
U005527,O012189,204.12,2026-06-29,899704
U005527,O012190,1015.75,2026-07-18,899704
U005527,O012191,605.76,2026-08-02,899704
U005528,O012192,803.82,2025-09-15,263510
U005528,O012193,701.23,2025-10-21,263510
U005529,O012194,1098.71,2026-06-20,791186
U005529,O012195,707.76,2026-06-23,791186
U005529,O012196,1123.82,2026-07-06,791186
U005530,O012197,947.2,2026-04-14,672308
U005530,O012198,695.43,2026-04-19,672308
U005530,O012199,679.96,2026-04-21,672308
U005530,O012200,625.45,2026-06-12,672308
U005531,O012201,163.39,2026-02-15,520630
U005531,O012202,590.32,2026-03-30,520630
U005531,O012203,620.08,2026-04-10,520630
U005531,O012204,1346.18,2026-06-05,520630
U005531,O012205,472.98,2026-07-24,520630
U005531,O012206,643.03,2026-08-06,520630
U005532,O012207,829.74,2025-12-11,111014
U005533,O012208,463.94,2025-11-09,192713
U005533,O012209,1121.62,2025-11-17,192713
U005535,O012210,483.5,2026-02-17,671372
U005535,O012211,814.29,2026-02-27,671372
U005536,O012212,732.52,2026-05-04,506177
U005536,O012213,93.56,2026-05-09,506177
U005536,O012214,963.29,2026-06-19,506177
U005536,O012215,61.69,2026-07-30,506177
U005537,O012216,170.63,2026-02-09,740767
U005537,O012217,1168.89,2026-02-25,740767
U005539,O012218,1012.24,2026-05-04,238931
U005539,O012219,1134.06,2026-05-25,238931
U005539,O012220,71.02,2026-07-27,238931
U005540,O012221,675.41,2025-10-20,734209
U005540,O012222,272.26,2025-10-27,734209
U005540,O012223,374.04,2025-11-20,734209
U005541,O012224,632.12,2026-07-14,518264
U005541,O012225,500.99,2026-08-14,518264
U005541,O012226,888.36,2026-08-26,518264
U005542,O012227,769.29,2026-03-10,569798
U005542,O012228,868.76,2026-03-20,569798
U005543,O012229,346.09,2026-05-07,482201
U005543,O012230,1012.81,2026-06-11,482201
U005543,O012231,668.87,2026-06-21,482201
U005543,O012232,867.65,2026-07-26,482201
U005544,O012233,768.44,2025-10-14,285877
U005544,O012234,769.53,2025-11-26,285877
U005544,O012235,124.03,2025-12-19,285877
U005544,O012236,945.58,2026-02-09,285877
U005545,O012237,773.16,2026-06-21,693067
U005546,O012238,744.55,2026-04-16,651848
U005546,O012239,227.28,2026-04-20,651848
U005547,O012240,701.53,2025-12-29,809759
U005547,O012241,832.72,2026-01-18,809759
U005547,O012242,533.78,2026-02-19,809759
U005549,O012243,1281.75,2026-07-25,581592
U005549,O012244,647.78,2026-08-07,581592
U005550,O012245,680.88,2026-04-13,584572
U005551,O012246,237.96,2025-11-20,282624
U005551,O012247,525.57,2026-01-07,282624
U005551,O012248,818.89,2026-01-08,282624
U005553,O012249,588.35,2026-04-11,723516
U005553,O012250,483.46,2026-05-06,723516
U005553,O012251,223.26,2026-05-24,723516
U005553,O012252,1011.34,2026-07-03,723516
U005554,O012253,770.93,2026-05-19,875378
U005554,O012254,447.47,2026-05-28,875378
U005555,O012255,250.21,2026-08-19,234813
U005556,O012256,780.27,2026-03-22,714767
U005556,O012257,165.8,2026-04-06,714767
U005557,O012258,767.88,2025-11-07,439392
U005557,O012259,1171.77,2025-11-15,439392
U005557,O012260,875.0,2025-11-19,439392
U005558,O012261,419.16,2025-12-17,390287
U005558,O012262,302.53,2025-12-29,390287
U005558,O012263,170.15,2026-03-24,390287
U005559,O012264,753.39,2025-12-15,749924
U005560,O012265,920.73,2025-09-26,756365
U005560,O012266,917.48,2025-10-14,756365
U005560,O012267,717.19,2025-10-20,756365
U005561,O012268,653.43,2026-06-22,348654
U005561,O012269,457.08,2026-06-29,348654
U005561,O012270,811.74,2026-07-10,348654
U005561,O012271,49.0,2026-07-21,348654
U005561,O012272,442.25,2026-08-11,348654
U005562,O012273,585.88,2026-07-21,280464
U005562,O012274,1128.63,2026-08-07,280464
U005563,O012275,747.88,2025-10-01,511678
U005563,O012276,683.6,2025-10-27,511678
U005564,O012277,478.67,2025-11-08,782365
U005564,O012278,203.02,2025-12-11,782365
U005564,O012279,135.51,2026-02-08,782365
U005564,O012280,697.46,2026-02-14,782365
U005564,O012281,808.16,2026-04-03,782365
U005564,O012282,1102.03,2026-04-18,782365
U005566,O012283,807.12,2026-02-10,567262
U005566,O012284,751.89,2026-03-04,567262
U005566,O012285,329.46,2026-03-12,567262
U005567,O012286,710.02,2026-04-23,818523
U005568,O012287,388.63,2026-05-14,439922
U005568,O012288,754.22,2026-06-01,439922
U005568,O012289,660.32,2026-06-15,439922
U005569,O012290,445.61,2026-04-09,763594
U005569,O012291,919.43,2026-04-14,763594
U005569,O012292,673.84,2026-04-15,763594
U005570,O012293,414.19,2026-05-31,895739
U005571,O012294,492.76,2026-07-27,361244
U005571,O012295,477.53,2026-08-01,361244
U005572,O012296,528.14,2026-02-25,600443
U005572,O012297,800.54,2026-03-11,600443
U005573,O012298,853.73,2026-08-15,540477
U005574,O012299,627.65,2025-12-03,510828
U005575,O012300,203.83,2026-03-24,809779
U005575,O012301,455.01,2026-04-06,809779
U005575,O012302,680.59,2026-04-11,809779
U005576,O012303,1256.99,2026-03-13,858105
U005577,O012304,827.6,2026-06-14,641079
U005577,O012305,691.07,2026-06-23,641079
U005578,O012306,756.43,2025-12-09,529916
U005578,O012307,763.94,2026-01-17,529916
U005578,O012308,676.28,2026-03-16,529916
U005579,O012309,749.27,2026-01-28,151464
U005579,O012310,886.26,2026-02-01,151464
U005581,O012311,1225.55,2025-12-16,107280
U005581,O012312,403.21,2025-12-27,107280
U005581,O012313,891.36,2026-01-15,107280
U005582,O012314,49.0,2026-03-06,715581
U005582,O012315,554.41,2026-03-13,715581
U005582,O012316,739.87,2026-03-22,715581
U005583,O012317,1194.68,2026-04-04,214309
U005583,O012318,990.3,2026-04-26,214309
U005583,O012319,684.34,2026-06-06,214309
U005584,O012320,516.12,2026-04-06,158099
U005584,O012321,49.0,2026-04-08,158099
U005585,O012322,594.62,2025-10-06,834684
U005585,O012323,901.25,2025-11-02,834684
U005585,O012324,1009.87,2026-01-21,834684
U005586,O012325,429.04,2025-12-30,658608
U005586,O012326,368.18,2026-02-06,658608
U005588,O012327,1148.87,2025-10-28,175593
U005588,O012328,950.53,2025-12-26,175593
U005589,O012329,694.53,2025-10-02,473227
U005591,O012330,811.42,2025-11-01,740159
U005591,O012331,836.85,2026-01-20,740159
U005591,O012332,243.97,2026-01-25,740159
U005591,O012333,795.88,2026-02-11,740159
U005592,O012334,858.51,2026-07-01,724974
U005592,O012335,1046.75,2026-07-03,724974
U005594,O012336,456.89,2025-12-08,715762
U005594,O012337,491.7,2026-02-02,715762
U005594,O012338,151.59,2026-03-03,715762
U005595,O012339,667.27,2026-04-02,405221
U005595,O012340,1052.0,2026-04-16,405221
U005595,O012341,998.94,2026-04-24,405221
U005596,O012342,1133.15,2026-03-10,188705
U005596,O012343,618.22,2026-04-01,188705
U005597,O012344,920.43,2026-06-22,695888
U005597,O012345,469.19,2026-08-03,695888
U005598,O012346,738.22,2026-02-17,582843
U005598,O012347,701.05,2026-04-02,582843
U005598,O012348,1217.26,2026-05-31,582843
U005599,O012349,940.03,2026-05-31,518468
U005599,O012350,810.9,2026-06-04,518468
U005599,O012351,743.77,2026-06-11,518468
U005599,O012352,727.95,2026-06-21,518468
U005600,O012353,974.19,2026-06-07,248819
U005601,O012354,49.0,2026-06-19,180476
U005601,O012355,482.62,2026-07-16,180476
U005602,O012356,514.34,2026-02-01,687561
U005602,O012357,1078.87,2026-02-18,687561
U005603,O012358,651.71,2025-12-26,570683
U005603,O012359,922.5,2025-12-30,570683
U005603,O012360,495.98,2026-02-12,570683
U005605,O012361,587.39,2026-02-02,782992
U005606,O012362,51.08,2026-06-06,380395
U005606,O012363,982.11,2026-06-27,380395
U005607,O012364,864.13,2026-01-17,234042
U005607,O012365,387.08,2026-01-19,234042
U005608,O012366,664.62,2026-01-24,141147
U005608,O012367,606.43,2026-01-30,141147
U005608,O012368,1332.19,2026-02-02,141147
U005609,O012369,424.1,2026-06-13,449241
U005609,O012370,891.59,2026-07-11,449241
U005609,O012371,935.32,2026-08-04,449241
U005612,O012372,49.0,2026-06-01,591332
U005612,O012373,629.9,2026-06-05,591332
U005612,O012374,878.13,2026-06-24,591332
U005613,O012375,933.26,2026-02-14,659429
U005614,O012376,1155.4,2026-01-15,282054
U005614,O012377,620.49,2026-03-05,282054
U005615,O012378,390.18,2026-04-11,111821
U005615,O012379,517.78,2026-06-05,111821
U005615,O012380,889.53,2026-06-22,111821
U005615,O012381,690.55,2026-06-28,111821
U005616,O012382,49.0,2026-07-14,801071
U005616,O012383,299.46,2026-07-21,801071
U005617,O012384,475.43,2025-11-30,499677
U005617,O012385,1249.5,2025-12-21,499677
U005617,O012386,294.97,2026-01-09,499677
U005617,O012387,671.31,2026-02-27,499677
U005618,O012388,214.62,2026-03-08,745296
U005619,O012389,664.38,2026-06-07,309539
U005619,O012390,575.67,2026-06-19,309539
U005620,O012391,704.09,2026-02-06,457554
U005622,O012392,1099.95,2026-05-26,769879
U005624,O012393,740.3,2026-06-03,408430
U005624,O012394,770.54,2026-06-07,408430
U005625,O012395,739.64,2025-12-17,522418
U005625,O012396,421.12,2026-01-22,522418
U005628,O012397,1247.04,2025-12-26,418409
U005629,O012398,967.75,2026-03-15,395345
U005629,O012399,1111.49,2026-03-29,395345
U005629,O012400,752.68,2026-05-28,395345
U005629,O012401,377.09,2026-06-08,395345
U005630,O012402,364.43,2026-02-03,844433
U005630,O012403,805.11,2026-03-10,844433
U005630,O012404,394.06,2026-03-23,844433
U005630,O012405,535.99,2026-06-05,844433
U005630,O012406,761.39,2026-07-05,844433
U005631,O012407,879.69,2026-02-13,387115
U005631,O012408,1267.83,2026-03-08,387115
U005632,O012409,489.73,2026-04-27,509728
U005632,O012410,277.37,2026-05-17,509728
U005633,O012411,807.96,2026-08-24,350005
U005634,O012412,918.58,2026-04-24,814088
U005634,O012413,883.7,2026-04-25,814088
U005634,O012414,824.12,2026-05-30,814088
U005634,O012415,1174.58,2026-06-21,814088
U005636,O012416,150.18,2025-12-20,306280
U005636,O012417,433.24,2026-01-20,306280
U005637,O012418,49.0,2026-05-31,176520
U005637,O012419,393.46,2026-08-19,176520
U005637,O012420,502.61,2026-08-22,176520
U005638,O012421,290.97,2026-03-11,731118
U005638,O012422,491.97,2026-05-08,731118
U005639,O012423,1019.36,2026-04-19,162426
U005639,O012424,1229.83,2026-04-21,162426
U005639,O012425,128.24,2026-05-01,162426
U005639,O012426,255.2,2026-05-11,162426
U005640,O012427,411.34,2026-03-18,136073
U005640,O012428,109.93,2026-03-23,136073
U005640,O012429,789.55,2026-04-03,136073
U005640,O012430,854.61,2026-04-07,136073
U005640,O012431,424.47,2026-05-30,136073
U005640,O012432,541.77,2026-07-17,136073
U005641,O012433,901.78,2026-02-06,468271
U005643,O012434,551.85,2026-01-30,589734
U005643,O012435,311.91,2026-02-06,589734
U005644,O012436,872.99,2025-10-15,700519
U005644,O012437,540.43,2025-11-20,700519
U005644,O012438,445.26,2025-12-29,700519
U005645,O012439,707.17,2025-09-16,346381
U005645,O012440,715.18,2025-09-27,346381
U005645,O012441,261.64,2025-10-03,346381
U005646,O012442,1034.63,2025-10-05,831026
U005646,O012443,856.79,2025-11-23,831026
U005646,O012444,269.85,2025-12-04,831026
U005646,O012445,500.8,2026-01-15,831026
U005646,O012446,1024.5,2026-01-26,831026
U005647,O012447,515.31,2026-03-04,739611
U005647,O012448,937.23,2026-05-14,739611
U005648,O012449,321.4,2026-07-03,434131
U005648,O012450,491.59,2026-07-05,434131
U005649,O012451,1130.32,2026-01-06,884930
U005649,O012452,1027.34,2026-04-05,884930
U005649,O012453,469.88,2026-04-16,884930
U005649,O012454,1057.02,2026-04-23,884930
U005649,O012455,578.86,2026-05-05,884930
U005650,O012456,1283.48,2026-02-11,727974
U005650,O012457,86.08,2026-02-22,727974
U005650,O012458,744.32,2026-03-14,727974
U005651,O012459,672.95,2026-06-02,385693
U005651,O012460,464.94,2026-07-31,385693
U005651,O012461,716.69,2026-08-12,385693
U005652,O012462,808.48,2026-04-11,555432
U005652,O012463,430.72,2026-04-26,555432
U005652,O012464,576.95,2026-05-23,555432
U005653,O012465,675.36,2026-02-05,642563
U005653,O012466,682.33,2026-03-12,642563
U005654,O012467,49.0,2025-10-07,133560
U005654,O012468,475.47,2025-11-12,133560
U005654,O012469,731.4,2025-11-23,133560
U005654,O012470,1057.47,2025-12-08,133560
U005655,O012471,49.0,2026-03-05,149426
U005655,O012472,425.49,2026-06-12,149426
U005655,O012473,908.19,2026-06-23,149426
U005656,O012474,254.69,2026-03-15,346107
U005656,O012475,737.8,2026-04-01,346107
U005656,O012476,516.46,2026-04-22,346107
U005656,O012477,377.96,2026-05-11,346107
U005656,O012478,252.37,2026-05-21,346107
U005657,O012479,390.35,2026-08-10,563936
U005659,O012480,780.41,2025-11-14,136089
U005659,O012481,604.81,2025-12-21,136089
U005659,O012482,1396.03,2026-03-10,136089
U005659,O012483,620.87,2026-04-02,136089
U005660,O012484,1134.0,2026-04-18,649182
U005661,O012485,517.87,2025-12-25,754137
U005661,O012486,625.79,2026-01-06,754137
U005661,O012487,1044.81,2026-02-02,754137
U005661,O012488,561.61,2026-02-13,754137
U005661,O012489,678.66,2026-03-27,754137
U005661,O012490,369.15,2026-04-02,754137
U005662,O012491,180.47,2026-01-04,787221
U005662,O012492,362.81,2026-01-23,787221
U005662,O012493,353.11,2026-02-04,787221
U005662,O012494,443.86,2026-02-06,787221
U005663,O012495,639.64,2026-02-04,278296
U005663,O012496,569.12,2026-02-23,278296
U005664,O012497,830.84,2026-02-05,471900
U005664,O012498,676.3,2026-05-24,471900
U005664,O012499,674.89,2026-07-14,471900
U005665,O012500,658.88,2026-07-01,277327
U005665,O012501,522.62,2026-08-26,277327
U005667,O012502,757.66,2026-03-27,644357
U005667,O012503,756.36,2026-04-15,644357
U005668,O012504,886.76,2026-07-01,752648
U005669,O012505,721.59,2025-09-12,347896
U005669,O012506,250.67,2025-09-18,347896
U005669,O012507,1180.93,2025-09-30,347896
U005670,O012508,507.04,2026-01-03,684947
U005670,O012509,413.62,2026-01-16,684947
U005670,O012510,1334.96,2026-02-07,684947
U005672,O012511,756.03,2026-01-30,239891
U005672,O012512,417.77,2026-05-10,239891
U005672,O012513,1015.03,2026-05-25,239891
U005672,O012514,416.89,2026-06-06,239891
U005672,O012515,725.38,2026-06-17,239891
U005673,O012516,768.16,2026-01-08,843636
U005674,O012517,771.68,2026-05-22,506780
U005675,O012518,562.29,2026-07-18,689988
U005677,O012519,635.63,2025-10-24,555761
U005677,O012520,58.95,2025-11-05,555761
U005680,O012521,820.69,2025-11-13,269324
U005680,O012522,1001.25,2025-11-29,269324
U005681,O012523,436.49,2025-11-11,545926
U005681,O012524,706.18,2025-12-08,545926
U005682,O012525,862.98,2026-08-15,355817
U005682,O012526,563.44,2026-08-23,355817
U005683,O012527,1008.91,2026-04-10,897259
U005683,O012528,760.93,2026-04-21,897259
U005686,O012529,477.25,2026-08-11,826661
U005686,O012530,866.47,2026-08-26,826661
U005687,O012531,1113.24,2025-09-19,423814
U005688,O012532,800.16,2025-12-15,289502
U005688,O012533,746.56,2026-01-22,289502
U005688,O012534,790.97,2026-01-29,289502
U005688,O012535,1378.3,2026-03-23,289502
U005688,O012536,676.25,2026-06-17,289502
U005689,O012537,1158.61,2026-01-24,850964
U005691,O012538,1018.06,2026-04-09,619379
U005691,O012539,393.92,2026-04-15,619379
U005692,O012540,636.89,2025-12-29,207021
U005692,O012541,434.64,2026-01-07,207021
U005692,O012542,993.69,2026-01-23,207021
U005694,O012543,49.0,2025-12-11,204248
U005694,O012544,842.27,2026-04-09,204248
U005694,O012545,462.28,2026-04-16,204248
U005694,O012546,576.52,2026-05-05,204248
U005694,O012547,458.56,2026-06-20,204248
U005695,O012548,512.22,2025-09-30,263907
U005696,O012549,253.86,2026-01-30,523312
U005696,O012550,915.68,2026-02-05,523312
U005696,O012551,584.57,2026-02-20,523312
U005696,O012552,567.98,2026-03-20,523312
U005697,O012553,882.89,2025-10-14,355348
U005697,O012554,694.25,2025-11-24,355348
U005697,O012555,750.2,2025-12-03,355348
U005697,O012556,741.01,2025-12-07,355348
U005698,O012557,321.56,2026-06-10,179557
U005698,O012558,756.92,2026-07-05,179557
U005698,O012559,960.34,2026-07-07,179557
U005698,O012560,534.68,2026-07-19,179557
U005698,O012561,812.03,2026-08-03,179557
U005699,O012562,535.49,2026-02-13,498942
U005699,O012563,1247.7,2026-02-26,498942
U005699,O012564,1283.03,2026-03-29,498942
U005700,O012565,799.39,2025-12-01,413902
U005701,O012566,1221.14,2025-11-17,647906
U005702,O012567,49.0,2026-01-14,156879
U005702,O012568,270.32,2026-04-02,156879
U005703,O012569,220.48,2026-06-16,753626
U005703,O012570,352.69,2026-07-18,753626
U005703,O012571,871.38,2026-07-29,753626
U005704,O012572,389.74,2026-05-14,737597
U005704,O012573,324.73,2026-06-04,737597
U005704,O012574,457.45,2026-08-12,737597
U005704,O012575,1023.62,2026-08-26,737597
U005706,O012576,1070.62,2026-03-22,639552
U005707,O012577,873.48,2026-07-07,861368
U005707,O012578,1265.21,2026-07-13,861368
U005708,O012579,409.9,2025-10-02,226681
U005708,O012580,714.47,2025-12-12,226681
U005708,O012581,684.54,2026-01-15,226681
U005708,O012582,49.0,2026-06-24,226681
U005708,O012583,532.64,2026-07-10,226681
U005709,O012584,817.91,2026-01-03,262302
U005709,O012585,787.76,2026-01-19,262302
U005709,O012586,152.68,2026-02-13,262302
U005709,O012587,442.77,2026-04-05,262302
U005709,O012588,49.0,2026-05-19,262302
U005710,O012589,360.57,2026-01-10,150679
U005710,O012590,450.48,2026-01-17,150679
U005711,O012591,745.96,2025-11-13,213460
U005711,O012592,240.94,2025-12-16,213460
U005711,O012593,487.58,2026-01-15,213460
U005711,O012594,754.03,2026-02-02,213460
U005711,O012595,375.16,2026-03-11,213460
U005711,O012596,831.33,2026-03-25,213460
U005712,O012597,648.37,2026-04-12,122870
U005712,O012598,864.53,2026-06-04,122870
U005712,O012599,463.53,2026-07-22,122870
U005713,O012600,836.41,2026-05-24,484319
U005713,O012601,762.75,2026-07-08,484319
U005713,O012602,675.04,2026-07-14,484319
U005713,O012603,688.46,2026-08-09,484319
U005714,O012604,810.7,2026-06-26,228215
U005715,O012605,762.25,2026-07-21,115491
U005716,O012606,845.36,2026-07-18,124002
U005716,O012607,270.11,2026-08-06,124002
U005717,O012608,670.86,2025-10-18,577324
U005717,O012609,802.74,2025-12-10,577324
U005717,O012610,903.21,2025-12-30,577324
U005717,O012611,610.41,2026-05-18,577324
U005718,O012612,703.71,2026-06-12,263658
U005718,O012613,203.74,2026-07-25,263658
U005718,O012614,553.54,2026-08-07,263658
U005718,O012615,333.91,2026-08-26,263658
U005719,O012616,950.02,2025-11-14,567708
U005719,O012617,742.21,2026-01-06,567708
U005719,O012618,783.54,2026-01-12,567708
U005720,O012619,633.88,2026-04-27,845822
U005721,O012620,507.03,2025-09-10,799094
U005721,O012621,988.8,2025-09-17,799094
U005721,O012622,335.13,2025-10-04,799094
U005721,O012623,934.61,2025-10-11,799094
U005722,O012624,532.43,2026-03-30,601149
U005722,O012625,559.14,2026-04-11,601149
U005722,O012626,66.02,2026-05-15,601149
U005722,O012627,403.68,2026-06-24,601149
U005723,O012628,983.64,2025-12-04,794864
U005723,O012629,844.86,2025-12-07,794864
U005723,O012630,965.34,2025-12-08,794864
U005723,O012631,239.96,2025-12-31,794864
U005723,O012632,786.54,2026-01-01,794864
U005725,O012633,461.38,2025-12-27,805131
U005725,O012634,924.98,2026-04-11,805131
U005725,O012635,857.54,2026-04-21,805131
U005726,O012636,736.18,2026-06-26,682755
U005726,O012637,890.2,2026-08-17,682755
U005726,O012638,772.74,2026-08-22,682755
U005728,O012639,975.53,2025-12-14,288786
U005728,O012640,387.12,2026-05-21,288786
U005729,O012641,527.51,2026-06-08,890668
U005729,O012642,173.97,2026-08-05,890668
U005729,O012643,148.29,2026-08-11,890668
U005730,O012644,654.55,2025-12-22,160477
U005731,O012645,632.94,2026-08-15,135849
U005732,O012646,49.0,2026-05-09,164153
U005732,O012647,677.49,2026-05-28,164153
U005734,O012648,206.27,2026-05-26,510743
U005734,O012649,512.95,2026-05-31,510743
U005734,O012650,419.33,2026-06-05,510743
U005735,O012651,167.28,2026-04-27,115297
U005735,O012652,347.41,2026-05-23,115297
U005735,O012653,937.92,2026-06-09,115297
U005735,O012654,869.33,2026-08-03,115297
U005736,O012655,327.72,2026-04-10,893742
U005736,O012656,823.2,2026-06-14,893742
U005736,O012657,688.15,2026-07-13,893742
U005737,O012658,990.14,2026-03-14,744865
U005737,O012659,200.12,2026-04-28,744865
U005738,O012660,895.64,2026-05-05,120466
U005739,O012661,402.01,2025-09-09,308730
U005740,O012662,274.66,2025-10-17,214071
U005740,O012663,1094.15,2025-10-18,214071
U005740,O012664,871.23,2026-01-20,214071
U005743,O012665,958.09,2026-06-19,541802
U005744,O012666,1213.76,2026-07-15,777935
U005744,O012667,433.5,2026-08-18,777935
U005745,O012668,208.35,2025-11-23,221720
U005745,O012669,823.79,2025-12-15,221720
U005745,O012670,615.57,2025-12-30,221720
U005746,O012671,1244.21,2026-07-19,592716
U005747,O012672,1052.4,2026-03-25,537062
U005747,O012673,1123.55,2026-04-06,537062
U005749,O012674,554.7,2026-02-07,428906
U005749,O012675,1088.48,2026-02-26,428906
U005749,O012676,404.97,2026-03-19,428906
U005749,O012677,781.2,2026-05-18,428906
U005751,O012678,49.0,2026-03-27,673511
U005751,O012679,285.39,2026-04-06,673511
U005752,O012680,1251.53,2026-08-04,174350
U005752,O012681,825.2,2026-08-15,174350
U005753,O012682,1298.51,2026-02-19,613045
U005753,O012683,578.05,2026-03-07,613045
U005753,O012684,972.34,2026-03-10,613045
U005753,O012685,865.51,2026-06-06,613045
U005754,O012686,585.98,2026-01-03,833285
U005754,O012687,679.87,2026-03-09,833285
U005757,O012688,606.99,2025-12-01,365318
U005757,O012689,829.88,2025-12-30,365318
U005757,O012690,969.3,2026-01-24,365318
U005758,O012691,707.36,2025-09-21,246561
U005758,O012692,753.75,2025-10-10,246561
U005759,O012693,882.31,2026-04-05,823419
U005759,O012694,517.82,2026-07-09,823419
U005759,O012695,544.5,2026-08-16,823419
U005759,O012696,628.53,2026-08-21,823419
U005759,O012697,829.65,2026-08-23,823419
U005760,O012698,675.07,2026-05-12,530259
U005760,O012699,365.59,2026-06-18,530259
U005761,O012700,905.63,2025-11-22,671877
U005761,O012701,731.88,2025-12-01,671877
U005761,O012702,483.75,2025-12-27,671877
U005762,O012703,319.59,2026-06-28,365357
U005762,O012704,321.91,2026-07-20,365357
U005763,O012705,602.84,2025-12-02,207308
U005763,O012706,49.0,2025-12-27,207308
U005763,O012707,446.9,2026-01-14,207308
U005764,O012708,961.5,2026-01-23,695423
U005764,O012709,851.29,2026-01-26,695423
U005764,O012710,717.32,2026-02-01,695423
U005765,O012711,139.78,2026-07-11,879790
U005765,O012712,661.56,2026-07-12,879790
U005765,O012713,698.95,2026-07-19,879790
U005765,O012714,524.55,2026-08-08,879790
U005766,O012715,778.07,2025-12-08,434776
U005766,O012716,833.73,2025-12-15,434776
U005767,O012717,636.03,2026-02-22,571560
U005767,O012718,548.16,2026-02-27,571560
U005767,O012719,551.33,2026-03-03,571560
U005767,O012720,730.98,2026-03-12,571560
U005767,O012721,1284.62,2026-04-11,571560
U005768,O012722,1184.88,2026-03-21,125235
U005768,O012723,288.43,2026-04-07,125235
U005768,O012724,285.43,2026-06-15,125235
U005769,O012725,536.97,2026-01-22,138289
U005769,O012726,711.23,2026-01-31,138289
U005770,O012727,1038.1,2026-03-01,887888
U005770,O012728,674.78,2026-03-11,887888
U005771,O012729,823.67,2026-03-15,524145
U005771,O012730,276.4,2026-04-02,524145
U005771,O012731,992.78,2026-04-22,524145
U005774,O012732,266.76,2026-05-22,504192
U005775,O012733,799.37,2026-04-21,344817
U005776,O012734,915.7,2026-03-31,684684
U005776,O012735,1352.18,2026-04-22,684684
U005777,O012736,578.84,2026-07-28,788736
U005778,O012737,799.09,2026-03-23,347301
U005779,O012738,564.43,2026-06-12,593871
U005779,O012739,1108.62,2026-06-15,593871
U005781,O012740,551.32,2026-02-05,339941
U005781,O012741,394.21,2026-02-13,339941
U005781,O012742,261.98,2026-04-24,339941
U005783,O012743,934.13,2026-01-02,462377
U005783,O012744,1012.08,2026-03-10,462377
U005783,O012745,759.42,2026-04-04,462377
U005785,O012746,567.39,2025-10-23,373865
U005785,O012747,862.16,2025-10-25,373865
U005787,O012748,841.22,2026-08-19,251517
U005788,O012749,871.94,2025-12-18,469960
U005788,O012750,540.95,2026-01-05,469960
U005789,O012751,413.05,2026-06-16,394094
U005789,O012752,359.28,2026-06-21,394094
U005789,O012753,473.62,2026-07-02,394094
U005789,O012754,671.86,2026-07-27,394094
U005791,O012755,998.37,2026-06-03,876080
U005791,O012756,989.17,2026-06-14,876080
U005791,O012757,1063.62,2026-08-12,876080
U005792,O012758,1130.85,2026-08-15,159311
U005792,O012759,419.9,2026-08-20,159311
U005794,O012760,1085.61,2026-07-20,479434
U005795,O012761,656.53,2026-04-03,123865
U005796,O012762,743.81,2026-04-29,794197
U005797,O012763,139.49,2025-12-25,401512
U005798,O012764,1210.59,2026-03-13,228966
U005799,O012765,293.42,2026-04-27,286663
U005799,O012766,524.87,2026-06-10,286663
U005800,O012767,821.41,2025-12-13,417195
U005800,O012768,476.48,2026-01-08,417195
U005800,O012769,612.68,2026-01-22,417195
U005801,O012770,589.33,2026-06-03,598477
U005801,O012771,289.13,2026-07-12,598477
U005802,O012772,498.26,2026-01-30,487608
U005802,O012773,688.09,2026-02-05,487608
U005802,O012774,796.24,2026-03-05,487608
U005802,O012775,1284.4,2026-04-11,487608
U005803,O012776,636.23,2026-06-30,655128
U005803,O012777,774.43,2026-07-14,655128
U005804,O012778,881.68,2026-05-26,301223
U005804,O012779,1390.09,2026-08-21,301223
U005805,O012780,412.56,2026-02-21,346164
U005805,O012781,542.49,2026-03-06,346164
U005806,O012782,370.02,2025-10-26,571997
U005806,O012783,607.81,2025-11-14,571997
U005807,O012784,49.0,2026-03-23,290083
U005807,O012785,439.12,2026-03-25,290083
U005808,O012786,987.87,2026-03-05,571181
U005808,O012787,591.26,2026-06-01,571181
U005808,O012788,664.22,2026-08-10,571181
U005808,O012789,693.95,2026-08-19,571181
U005809,O012790,668.86,2026-08-20,642787
U005809,O012791,446.04,2026-08-25,642787
U005810,O012792,369.09,2026-02-15,665156
U005810,O012793,711.49,2026-03-23,665156
U005810,O012794,49.0,2026-03-30,665156
U005811,O012795,969.12,2026-02-24,543036
U005811,O012796,511.21,2026-03-15,543036
U005812,O012797,282.71,2026-02-19,203766
U005812,O012798,147.09,2026-03-07,203766
U005813,O012799,142.66,2026-02-08,104377
U005813,O012800,633.3,2026-02-20,104377
U005813,O012801,793.99,2026-04-19,104377
U005813,O012802,707.97,2026-06-07,104377
U005814,O012803,643.47,2026-03-01,552214
U005814,O012804,510.2,2026-03-17,552214
U005815,O012805,832.5,2026-05-27,134313
U005815,O012806,622.68,2026-06-02,134313
U005815,O012807,134.39,2026-06-08,134313
U005815,O012808,884.15,2026-07-26,134313
U005817,O012809,659.09,2026-04-05,753062
U005818,O012810,405.42,2025-12-24,342080
U005819,O012811,820.35,2025-11-08,576282
U005819,O012812,732.62,2025-11-13,576282
U005819,O012813,1131.2,2026-01-04,576282
U005825,O012814,600.88,2025-09-14,372990
U005825,O012815,779.1,2025-10-31,372990
U005825,O012816,712.43,2025-12-30,372990
U005826,O012817,485.8,2026-01-01,537500
U005826,O012818,860.44,2026-02-17,537500
U005826,O012819,55.02,2026-03-08,537500
U005827,O012820,471.92,2026-05-27,199916
U005827,O012821,399.82,2026-06-25,199916
U005827,O012822,757.35,2026-08-18,199916
U005829,O012823,758.49,2026-08-13,645059
U005830,O012824,154.59,2025-10-25,896451
U005830,O012825,623.12,2025-10-27,896451
U005830,O012826,577.37,2025-11-19,896451
U005830,O012827,332.32,2025-12-12,896451
U005833,O012828,49.0,2026-05-29,831243
U005833,O012829,699.8,2026-06-03,831243
U005834,O012830,330.65,2026-01-08,586428
U005834,O012831,299.03,2026-01-17,586428
U005835,O012832,476.85,2026-03-08,556863
U005835,O012833,418.58,2026-04-07,556863
U005836,O012834,745.68,2025-10-23,882457
U005837,O012835,49.0,2026-01-30,574382
U005838,O012836,922.23,2026-04-18,595747
U005838,O012837,494.46,2026-06-10,595747
U005839,O012838,707.37,2025-12-15,679767
U005839,O012839,152.01,2025-12-30,679767
U005839,O012840,592.62,2026-01-14,679767
U005839,O012841,399.86,2026-01-20,679767
U005840,O012842,736.26,2026-04-06,603415
U005840,O012843,1363.45,2026-05-26,603415
U005840,O012844,770.34,2026-08-05,603415
U005841,O012845,418.52,2026-08-02,214812
U005841,O012846,1021.89,2026-08-10,214812
U005841,O012847,1131.34,2026-08-23,214812
U005842,O012848,834.46,2025-12-09,869074
U005842,O012849,526.64,2026-01-23,869074
U005843,O012850,1130.11,2026-06-21,603451
U005843,O012851,1109.14,2026-07-18,603451
U005845,O012852,910.62,2025-11-23,779709
U005847,O012853,773.37,2026-02-16,761280
U005847,O012854,327.54,2026-04-29,761280
U005847,O012855,798.93,2026-05-25,761280
U005847,O012856,559.12,2026-06-07,761280
U005848,O012857,549.22,2026-01-01,260272
U005848,O012858,608.51,2026-01-22,260272
U005848,O012859,897.54,2026-04-15,260272
U005849,O012860,728.93,2026-01-26,103427
U005849,O012861,621.53,2026-05-16,103427
U005849,O012862,921.24,2026-06-13,103427
U005849,O012863,683.64,2026-06-14,103427
U005851,O012864,965.77,2025-09-17,250042
U005853,O012865,321.89,2026-03-06,369702
U005854,O012866,277.45,2026-03-03,256310
U005854,O012867,881.58,2026-03-21,256310
U005854,O012868,554.76,2026-05-01,256310
U005855,O012869,656.82,2026-03-31,714547
U005855,O012870,218.11,2026-04-28,714547
U005855,O012871,1142.32,2026-06-08,714547
U005855,O012872,933.15,2026-06-12,714547
U005856,O012873,927.5,2026-05-05,466937
U005857,O012874,49.0,2026-03-30,140939
U005857,O012875,782.91,2026-04-23,140939
U005857,O012876,55.97,2026-06-12,140939
U005857,O012877,873.75,2026-06-24,140939
U005857,O012878,356.67,2026-07-07,140939
U005857,O012879,167.4,2026-07-11,140939
U005859,O012880,418.41,2026-05-04,722226
U005859,O012881,1497.03,2026-05-23,722226
U005859,O012882,854.34,2026-06-08,722226
U005860,O012883,737.19,2025-12-19,858112
U005860,O012884,841.24,2025-12-28,858112
U005860,O012885,921.55,2025-12-30,858112
U005861,O012886,665.01,2025-10-28,484491
U005861,O012887,299.24,2025-12-22,484491
U005861,O012888,595.04,2025-12-27,484491
U005862,O012889,1031.32,2026-08-07,865054
U005863,O012890,248.26,2026-03-29,676412
U005863,O012891,485.37,2026-04-22,676412
U005863,O012892,1006.07,2026-04-24,676412
U005865,O012893,766.88,2026-05-20,839956
U005865,O012894,505.02,2026-06-30,839956
U005865,O012895,1404.29,2026-07-04,839956
U005867,O012896,959.36,2026-05-27,654524
U005868,O012897,439.36,2025-09-24,657091
U005868,O012898,408.51,2025-10-06,657091
U005868,O012899,809.66,2025-10-19,657091
U005869,O012900,906.36,2026-06-26,516550
U005870,O012901,510.85,2026-04-03,223073
U005870,O012902,1057.28,2026-05-16,223073
U005870,O012903,988.73,2026-05-26,223073
U005870,O012904,596.82,2026-06-11,223073
U005870,O012905,620.25,2026-06-19,223073
U005871,O012906,484.58,2026-02-23,462016
U005871,O012907,432.98,2026-07-04,462016
U005871,O012908,945.42,2026-08-13,462016
U005872,O012909,49.0,2025-12-03,837730
U005872,O012910,422.0,2025-12-12,837730
U005873,O012911,831.63,2026-04-17,363009
U005875,O012912,584.95,2025-10-08,215252
U005876,O012913,588.51,2025-12-21,313960
U005876,O012914,891.56,2026-02-08,313960
U005876,O012915,362.04,2026-02-11,313960
U005876,O012916,629.74,2026-03-14,313960
U005876,O012917,855.7,2026-03-31,313960
U005877,O012918,988.26,2025-12-11,163675
U005877,O012919,91.81,2026-01-17,163675
U005878,O012920,379.66,2025-12-06,672697
U005878,O012921,790.83,2026-02-18,672697
U005879,O012922,754.31,2026-08-22,733411
U005880,O012923,447.44,2026-04-26,845775
U005880,O012924,319.38,2026-05-04,845775
U005882,O012925,502.4,2025-10-20,680172
U005882,O012926,1244.48,2025-10-23,680172
U005883,O012927,263.96,2026-02-04,614422
U005883,O012928,1199.58,2026-02-11,614422
U005884,O012929,841.13,2026-01-12,841087
U005884,O012930,564.68,2026-02-15,841087
U005884,O012931,1105.5,2026-03-03,841087
U005885,O012932,337.65,2025-10-28,136336
U005885,O012933,343.37,2026-01-14,136336
U005886,O012934,665.98,2026-04-17,495444
U005887,O012935,567.65,2026-05-19,256612
U005890,O012936,391.81,2026-01-26,407861
U005890,O012937,757.49,2026-02-16,407861
U005890,O012938,700.26,2026-03-14,407861
U005890,O012939,482.36,2026-05-02,407861
U005890,O012940,591.64,2026-05-26,407861
U005891,O012941,561.71,2026-07-12,696621
U005891,O012942,625.32,2026-07-16,696621
U005891,O012943,813.61,2026-07-18,696621
U005892,O012944,589.42,2026-01-29,608826
U005892,O012945,845.34,2026-02-11,608826
U005892,O012946,986.59,2026-03-07,608826
U005892,O012947,601.02,2026-03-11,608826
U005892,O012948,859.67,2026-04-13,608826
U005892,O012949,758.77,2026-04-30,608826
U005894,O012950,650.14,2026-06-29,634939
U005894,O012951,467.61,2026-08-10,634939
U005894,O012952,842.37,2026-08-14,634939
U005895,O012953,1011.37,2026-07-17,417865
U005895,O012954,700.31,2026-07-20,417865
U005896,O012955,983.73,2025-10-29,362670
U005896,O012956,610.93,2025-11-24,362670
U005896,O012957,458.1,2025-11-28,362670
U005897,O012958,804.41,2025-09-25,457654
U005897,O012959,681.48,2025-10-21,457654
U005897,O012960,375.19,2025-11-28,457654
U005898,O012961,702.45,2025-12-19,798669
U005898,O012962,684.71,2026-02-06,798669
U005898,O012963,730.56,2026-02-19,798669
U005900,O012964,520.5,2026-01-11,789974
U005901,O012965,799.08,2026-01-02,333131
U005901,O012966,848.14,2026-06-03,333131
U005901,O012967,553.19,2026-06-05,333131
U005901,O012968,520.7,2026-06-13,333131
U005902,O012969,344.27,2026-02-22,587142
U005902,O012970,742.77,2026-03-24,587142
U005902,O012971,840.26,2026-04-29,587142
U005902,O012972,525.79,2026-05-03,587142
U005902,O012973,712.45,2026-05-06,587142
U005903,O012974,528.65,2026-05-27,872541
U005903,O012975,953.42,2026-06-15,872541
U005903,O012976,49.0,2026-07-08,872541
U005903,O012977,1121.65,2026-07-21,872541
U005904,O012978,195.69,2026-01-08,807052
U005904,O012979,594.05,2026-03-01,807052
U005904,O012980,768.36,2026-04-14,807052
U005904,O012981,1337.53,2026-04-22,807052
U005905,O012982,108.16,2025-12-11,565529
U005905,O012983,555.67,2026-01-14,565529
U005905,O012984,49.0,2026-02-04,565529
U005905,O012985,645.41,2026-02-12,565529
U005905,O012986,1119.29,2026-02-20,565529
U005906,O012987,358.29,2026-06-16,655252
U005907,O012988,554.94,2026-04-07,796502
U005907,O012989,1075.66,2026-07-05,796502
U005908,O012990,608.34,2026-08-14,185529
U005908,O012991,1014.64,2026-08-16,185529
U005909,O012992,938.75,2026-05-28,110731
U005909,O012993,484.43,2026-06-10,110731
U005909,O012994,505.49,2026-07-14,110731
U005909,O012995,321.52,2026-08-25,110731
U005910,O012996,473.12,2026-06-10,268475
U005911,O012997,450.61,2026-06-08,190735
U005911,O012998,617.9,2026-06-14,190735
U005911,O012999,597.52,2026-06-19,190735
U005911,O013000,680.14,2026-08-08,190735
U005912,O013001,166.5,2026-05-14,498602
U005912,O013002,822.29,2026-05-17,498602
U005913,O013003,984.5,2026-05-07,610251
U005913,O013004,1591.26,2026-06-02,610251
U005913,O013005,537.43,2026-06-12,610251
U005914,O013006,519.79,2026-06-15,516361
U005914,O013007,1033.36,2026-08-11,516361
U005914,O013008,837.48,2026-08-12,516361
U005915,O013009,948.86,2026-04-02,239714
U005915,O013010,271.33,2026-05-13,239714
U005915,O013011,609.93,2026-05-18,239714
U005915,O013012,973.87,2026-06-22,239714
U005915,O013013,57.18,2026-08-03,239714
U005916,O013014,831.83,2025-12-30,150108
U005916,O013015,937.93,2026-01-18,150108
U005916,O013016,671.82,2026-01-31,150108
U005916,O013017,1013.04,2026-03-19,150108
U005917,O013018,535.58,2026-05-10,337722
U005917,O013019,803.95,2026-05-14,337722
U005918,O013020,1036.06,2026-06-06,463501
U005921,O013021,603.98,2026-08-01,163985
U005922,O013022,802.21,2025-12-02,604538
U005924,O013023,1298.12,2026-02-21,881201
U005924,O013024,1224.72,2026-03-21,881201
U005924,O013025,713.2,2026-05-16,881201
U005924,O013026,325.18,2026-05-23,881201
U005925,O013027,969.93,2026-05-23,669806
U005925,O013028,508.94,2026-06-12,669806
U005925,O013029,1103.58,2026-07-28,669806
U005926,O013030,320.29,2026-06-09,304079
U005927,O013031,692.3,2026-07-29,413052
U005927,O013032,775.41,2026-08-13,413052
U005929,O013033,415.44,2026-03-13,746495
U005930,O013034,857.21,2026-02-20,648412
U005930,O013035,813.71,2026-03-03,648412
U005931,O013036,499.46,2026-04-15,563573
U005932,O013037,424.45,2026-05-01,279212
U005932,O013038,1118.69,2026-05-31,279212
U005933,O013039,49.0,2026-03-31,228164
U005933,O013040,1245.81,2026-04-03,228164
U005934,O013041,896.93,2025-12-10,430617
U005934,O013042,719.08,2026-01-26,430617
U005934,O013043,328.52,2026-01-30,430617
U005935,O013044,396.01,2026-08-02,750602
U005937,O013045,439.74,2026-05-14,621500
U005937,O013046,49.0,2026-06-12,621500
U005938,O013047,791.12,2026-05-02,703284
U005938,O013048,702.87,2026-05-07,703284
U005938,O013049,642.25,2026-07-22,703284
U005938,O013050,431.18,2026-08-04,703284
U005939,O013051,406.67,2026-06-14,745795
U005939,O013052,739.24,2026-06-19,745795
U005939,O013053,548.0,2026-08-12,745795
U005940,O013054,884.95,2026-05-25,591299
U005940,O013055,1017.6,2026-06-07,591299
U005941,O013056,616.56,2025-12-10,274711
U005941,O013057,631.42,2025-12-29,274711
U005941,O013058,392.14,2026-01-02,274711
U005941,O013059,1299.33,2026-01-21,274711
U005944,O013060,478.35,2026-04-24,850115
U005944,O013061,764.81,2026-05-23,850115
U005944,O013062,225.47,2026-06-13,850115
U005946,O013063,611.07,2025-11-19,102057
U005946,O013064,616.28,2025-12-09,102057
U005946,O013065,183.32,2026-02-06,102057
U005947,O013066,496.17,2026-04-17,166400
U005948,O013067,696.06,2025-10-24,731874
U005948,O013068,593.22,2025-12-23,731874
U005948,O013069,1554.79,2026-04-21,731874
U005949,O013070,462.55,2026-08-15,597355
U005950,O013071,441.63,2025-11-05,318531
U005950,O013072,835.82,2025-11-23,318531
U005950,O013073,480.42,2025-12-21,318531
U005950,O013074,651.24,2025-12-23,318531
U005950,O013075,949.17,2026-01-20,318531
U005952,O013076,793.27,2026-08-05,714246
U005953,O013077,609.0,2025-11-04,373265
U005953,O013078,1194.17,2025-11-05,373265
U005953,O013079,896.2,2025-11-16,373265
U005954,O013080,666.05,2026-04-08,542420
U005955,O013081,49.0,2025-11-06,837563
U005955,O013082,177.62,2025-12-06,837563
U005955,O013083,574.54,2025-12-13,837563
U005955,O013084,712.06,2025-12-26,837563
U005957,O013085,749.91,2025-12-04,713934
U005957,O013086,809.49,2025-12-17,713934
U005957,O013087,652.91,2025-12-22,713934
U005958,O013088,176.56,2026-05-21,252829
U005958,O013089,934.67,2026-06-20,252829
U005958,O013090,889.39,2026-06-25,252829
U005959,O013091,730.86,2025-12-11,545146
U005959,O013092,825.94,2025-12-15,545146
U005959,O013093,283.06,2026-02-02,545146
U005959,O013094,867.06,2026-02-09,545146
U005960,O013095,768.31,2026-03-22,141006
U005960,O013096,412.52,2026-04-07,141006
U005961,O013097,767.25,2025-12-03,616168
U005961,O013098,1331.71,2026-01-27,616168
U005961,O013099,748.11,2026-03-01,616168
U005961,O013100,977.83,2026-04-05,616168
U005961,O013101,813.52,2026-05-20,616168
U005961,O013102,434.43,2026-07-10,616168
U005961,O013103,630.41,2026-08-10,616168
U005962,O013104,360.21,2025-11-09,827286
U005962,O013105,475.66,2025-11-24,827286
U005963,O013106,522.59,2026-06-12,115876
U005964,O013107,220.83,2026-06-04,731363
U005964,O013108,619.88,2026-08-04,731363
U005965,O013109,764.09,2025-09-22,254243
U005965,O013110,1064.51,2025-09-28,254243
U005965,O013111,661.33,2025-10-01,254243
U005965,O013112,840.93,2025-11-24,254243
U005967,O013113,1209.97,2026-07-24,696682
U005968,O013114,693.35,2026-07-07,517055
U005969,O013115,407.01,2025-11-24,838233
U005970,O013116,923.53,2025-09-28,667593
U005970,O013117,548.26,2025-10-20,667593
U005970,O013118,574.44,2025-10-24,667593
U005970,O013119,593.39,2025-11-04,667593
U005971,O013120,906.75,2026-07-17,286363
U005972,O013121,99.92,2026-08-01,752175
U005972,O013122,1181.74,2026-08-04,752175
U005972,O013123,1144.19,2026-08-22,752175
U005973,O013124,315.44,2026-03-13,828782
U005973,O013125,239.61,2026-05-03,828782
U005973,O013126,794.27,2026-05-18,828782
U005973,O013127,731.18,2026-05-23,828782
U005974,O013128,836.59,2025-11-22,285737
U005974,O013129,795.75,2026-02-05,285737
U005975,O013130,822.02,2026-06-18,740230
U005976,O013131,700.66,2026-04-04,463890
U005976,O013132,375.03,2026-04-12,463890
U005976,O013133,1109.08,2026-04-17,463890
U005976,O013134,700.57,2026-06-15,463890
U005977,O013135,254.13,2026-01-13,888421
U005977,O013136,293.25,2026-02-18,888421
U005977,O013137,49.0,2026-04-25,888421
U005978,O013138,798.19,2026-05-12,583433
U005978,O013139,498.6,2026-05-27,583433
U005978,O013140,722.7,2026-06-03,583433
U005980,O013141,1042.71,2026-03-13,644589
U005980,O013142,600.21,2026-04-28,644589
U005982,O013143,957.41,2026-07-30,721442
U005983,O013144,186.86,2026-07-09,537635
U005983,O013145,123.55,2026-08-13,537635
U005985,O013146,319.7,2026-08-15,652380
U005986,O013147,1465.35,2025-10-09,520585
U005986,O013148,852.77,2025-11-12,520585
U005987,O013149,735.53,2026-07-24,656009
U005987,O013150,349.52,2026-08-15,656009
U005987,O013151,926.74,2026-08-22,656009
U005987,O013152,1065.31,2026-08-25,656009
U005988,O013153,822.6,2026-04-24,329810
U005989,O013154,439.12,2025-10-23,659979
U005989,O013155,511.34,2025-12-11,659979
U005990,O013156,135.89,2025-11-02,310188
U005990,O013157,454.5,2025-11-09,310188
U005991,O013158,601.9,2026-06-26,704306
U005993,O013159,828.73,2025-12-29,837116
U005993,O013160,822.09,2026-01-08,837116
U005995,O013161,474.21,2026-06-03,239878
U005997,O013162,713.08,2026-03-11,778390
U005997,O013163,502.27,2026-05-04,778390
U005997,O013164,278.37,2026-06-28,778390
U005997,O013165,881.78,2026-07-21,778390
U005998,O013166,970.45,2026-05-15,603761
U005998,O013167,264.86,2026-06-09,603761
U005998,O013168,590.41,2026-06-30,603761
U005998,O013169,1272.47,2026-08-20,603761
U005999,O013170,1208.75,2026-04-22,647844
U006000,O013171,523.76,2026-05-24,333075
U006000,O013172,514.87,2026-06-02,333075
U006001,O013173,346.61,2026-05-18,520856
U006001,O013174,295.18,2026-05-29,520856
U006003,O013175,900.3,2026-02-26,479006
U006004,O013176,663.07,2025-12-17,125242
U006004,O013177,581.18,2026-02-02,125242
U006005,O013178,870.23,2026-03-09,344438
U006005,O013179,738.2,2026-03-27,344438
U006005,O013180,564.64,2026-04-14,344438
U006005,O013181,1226.33,2026-05-17,344438
U006006,O013182,897.42,2026-03-23,130285
U006006,O013183,586.46,2026-05-23,130285
U006006,O013184,486.35,2026-07-02,130285
U006006,O013185,1109.15,2026-08-26,130285
U006007,O013186,917.05,2025-12-27,332034
U006007,O013187,659.3,2026-02-16,332034
U006008,O013188,818.94,2026-01-03,670917
U006008,O013189,757.12,2026-01-04,670917
U006008,O013190,747.71,2026-04-29,670917
U006008,O013191,567.08,2026-07-19,670917
U006008,O013192,629.27,2026-07-20,670917
U006008,O013193,1109.61,2026-07-30,670917
U006009,O013194,1037.9,2025-09-29,201715
U006009,O013195,286.57,2025-12-06,201715
U006010,O013196,518.14,2026-01-01,890493
U006011,O013197,1223.62,2026-03-03,159037
U006011,O013198,249.45,2026-03-09,159037
U006011,O013199,847.83,2026-03-24,159037
U006011,O013200,456.87,2026-05-01,159037
U006012,O013201,956.35,2026-04-12,768589
U006013,O013202,444.31,2026-07-22,529038
U006013,O013203,353.3,2026-08-26,529038
U006014,O013204,428.05,2025-11-19,895095
U006014,O013205,774.08,2025-12-04,895095
U006015,O013206,468.94,2026-08-17,142660
U006016,O013207,694.8,2025-11-10,844083
U006016,O013208,49.0,2025-12-02,844083
U006016,O013209,1005.96,2025-12-08,844083
U006017,O013210,520.46,2025-12-24,894045
U006017,O013211,301.88,2026-04-20,894045
U006017,O013212,675.37,2026-05-11,894045
U006017,O013213,494.87,2026-06-21,894045
U006017,O013214,974.85,2026-06-30,894045
U006018,O013215,652.93,2026-04-05,757288
U006019,O013216,807.67,2026-04-20,864017
U006020,O013217,1047.22,2026-03-25,759086
U006020,O013218,483.92,2026-03-27,759086
U006021,O013219,816.33,2026-08-24,370863
U006022,O013220,796.83,2026-03-03,513957
U006023,O013221,741.21,2026-01-15,321623
U006023,O013222,1187.25,2026-02-11,321623
U006024,O013223,652.63,2026-07-03,118396
U006026,O013224,572.8,2026-05-11,738300
U006027,O013225,717.67,2026-05-30,383706
U006027,O013226,1073.06,2026-08-26,383706
U006028,O013227,646.86,2026-07-22,821787
U006029,O013228,277.7,2026-01-28,314892
U006029,O013229,390.86,2026-03-16,314892
U006029,O013230,705.88,2026-03-27,314892
U006029,O013231,91.69,2026-04-16,314892
U006030,O013232,1082.23,2026-01-04,727452
U006031,O013233,917.89,2026-03-29,213107
U006031,O013234,497.79,2026-05-11,213107
U006034,O013235,837.98,2026-03-17,350801
U006034,O013236,707.92,2026-03-25,350801
U006035,O013237,896.57,2026-05-06,898595
U006035,O013238,280.5,2026-05-15,898595
U006036,O013239,638.95,2026-07-03,658996
U006036,O013240,383.59,2026-07-06,658996
U006037,O013241,851.12,2026-06-06,681612
U006037,O013242,717.4,2026-07-01,681612
U006037,O013243,685.89,2026-07-16,681612
U006037,O013244,655.68,2026-08-02,681612
U006037,O013245,548.02,2026-08-08,681612
U006039,O013246,890.93,2026-01-28,616071
U006039,O013247,383.11,2026-06-05,616071
U006040,O013248,727.67,2026-08-12,299835
U006041,O013249,861.91,2026-02-11,374099
U006041,O013250,459.73,2026-03-02,374099
U006041,O013251,548.89,2026-04-26,374099
U006041,O013252,649.92,2026-05-31,374099
U006041,O013253,675.38,2026-06-13,374099
U006042,O013254,893.15,2026-03-13,223548
U006042,O013255,1071.06,2026-03-24,223548
U006042,O013256,834.84,2026-03-27,223548
U006042,O013257,244.66,2026-04-24,223548
U006043,O013258,431.12,2026-07-14,421637
U006043,O013259,698.44,2026-08-22,421637
U006044,O013260,260.73,2026-01-25,365608
U006044,O013261,859.18,2026-01-30,365608
U006044,O013262,444.4,2026-03-14,365608
U006044,O013263,803.87,2026-03-23,365608
U006045,O013264,524.49,2026-06-03,244855
U006046,O013265,611.81,2026-03-29,344737
U006046,O013266,1159.81,2026-05-07,344737
U006046,O013267,888.0,2026-06-08,344737
U006047,O013268,433.52,2025-12-09,667288
U006047,O013269,846.35,2025-12-21,667288
U006048,O013270,700.74,2026-03-18,104497
U006048,O013271,826.46,2026-03-26,104497
U006048,O013272,599.65,2026-05-15,104497
U006049,O013273,870.52,2025-11-16,613477
U006049,O013274,632.93,2026-01-03,613477
U006050,O013275,1013.64,2026-07-21,489348
U006050,O013276,410.13,2026-08-05,489348
U006051,O013277,874.42,2026-01-21,454893
U006053,O013278,506.67,2026-07-29,546793
U006055,O013279,673.59,2026-06-19,148710
U006055,O013280,972.75,2026-08-21,148710
U006056,O013281,584.98,2026-04-02,298381
U006056,O013282,457.74,2026-05-12,298381
U006056,O013283,679.39,2026-06-09,298381
U006058,O013284,247.32,2025-10-28,249260
U006058,O013285,266.84,2025-12-07,249260
U006058,O013286,443.79,2025-12-11,249260
U006059,O013287,219.08,2026-05-23,829849
U006059,O013288,642.39,2026-06-07,829849
U006059,O013289,1084.66,2026-06-17,829849
U006059,O013290,518.39,2026-07-29,829849
U006060,O013291,563.73,2026-03-04,831554
U006060,O013292,366.37,2026-03-06,831554
U006063,O013293,847.13,2026-05-19,287416
U006063,O013294,597.18,2026-05-28,287416
U006063,O013295,636.9,2026-07-21,287416
U006063,O013296,675.17,2026-08-05,287416
U006065,O013297,730.33,2026-03-05,295953
U006065,O013298,839.43,2026-04-20,295953
U006067,O013299,664.63,2025-12-24,533467
U006067,O013300,798.76,2026-01-03,533467
U006067,O013301,411.04,2026-01-28,533467
U006067,O013302,531.35,2026-02-07,533467
U006067,O013303,855.52,2026-02-10,533467
U006068,O013304,1074.09,2025-11-11,296104
U006068,O013305,245.29,2025-12-05,296104
U006068,O013306,576.21,2026-01-17,296104
U006069,O013307,306.61,2025-11-16,384325
U006070,O013308,321.01,2026-06-19,521544
U006070,O013309,752.7,2026-06-24,521544
U006070,O013310,305.99,2026-06-27,521544
U006071,O013311,990.07,2026-07-05,828439
U006071,O013312,266.87,2026-07-31,828439
U006072,O013313,519.18,2026-05-04,842399
U006072,O013314,433.39,2026-06-16,842399
U006072,O013315,561.12,2026-07-18,842399
U006072,O013316,269.46,2026-07-26,842399
U006072,O013317,975.2,2026-08-14,842399
U006073,O013318,707.47,2025-11-13,312642
U006073,O013319,648.5,2025-11-28,312642
U006074,O013320,955.67,2026-06-18,849777
U006075,O013321,629.89,2026-03-03,475806
U006075,O013322,49.0,2026-05-07,475806
U006076,O013323,679.56,2025-10-30,697569
U006076,O013324,1243.48,2025-12-31,697569
U006076,O013325,731.56,2026-01-07,697569
U006076,O013326,781.96,2026-02-28,697569
U006076,O013327,737.36,2026-04-07,697569
U006076,O013328,766.43,2026-06-10,697569
U006077,O013329,524.61,2026-07-23,391783
U006078,O013330,114.33,2026-02-10,126838
U006078,O013331,667.36,2026-02-25,126838
U006078,O013332,164.6,2026-06-12,126838
U006078,O013333,834.37,2026-07-17,126838
U006080,O013334,405.74,2026-05-12,150756
U006080,O013335,1012.57,2026-06-19,150756
U006080,O013336,1271.25,2026-08-07,150756
U006083,O013337,951.75,2025-11-12,248303
U006083,O013338,846.65,2025-11-30,248303
U006083,O013339,646.21,2025-12-20,248303
U006085,O013340,928.98,2025-12-20,302543
U006085,O013341,943.8,2025-12-22,302543
U006085,O013342,783.18,2026-03-19,302543
U006085,O013343,574.52,2026-04-11,302543
U006087,O013344,1146.46,2026-04-22,247804
U006087,O013345,1078.2,2026-05-16,247804
U006087,O013346,300.89,2026-05-19,247804
U006087,O013347,232.6,2026-06-25,247804
U006090,O013348,698.46,2026-04-22,457421
U006091,O013349,466.98,2025-11-09,662940
U006091,O013350,1032.99,2025-11-20,662940
U006092,O013351,718.76,2026-05-17,805350
U006092,O013352,555.36,2026-07-25,805350
U006093,O013353,820.15,2025-11-29,838984
U006093,O013354,812.85,2025-12-07,838984
U006093,O013355,606.76,2026-01-12,838984
U006093,O013356,617.1,2026-02-23,838984
U006094,O013357,837.89,2025-10-06,800235
U006094,O013358,245.47,2025-10-29,800235
U006095,O013359,977.49,2025-09-16,313172
U006095,O013360,109.73,2025-09-19,313172
U006096,O013361,691.05,2026-04-07,694274
U006096,O013362,631.9,2026-05-01,694274
U006096,O013363,388.35,2026-05-26,694274
U006096,O013364,1079.68,2026-06-24,694274
U006097,O013365,830.77,2025-09-15,629989
U006098,O013366,238.39,2026-03-04,598997
U006098,O013367,673.19,2026-08-06,598997
U006099,O013368,805.23,2026-01-06,822752
U006100,O013369,1025.68,2026-07-14,757139
U006100,O013370,321.57,2026-08-12,757139
U006102,O013371,518.56,2026-08-07,843125
U006103,O013372,495.45,2026-01-05,469447
U006105,O013373,159.63,2026-02-13,347883
U006105,O013374,568.16,2026-03-21,347883
U006106,O013375,693.34,2026-03-29,549484
U006106,O013376,759.31,2026-04-04,549484
U006106,O013377,446.53,2026-05-01,549484
U006106,O013378,407.13,2026-05-27,549484
U006107,O013379,418.91,2026-05-13,245635
U006107,O013380,722.64,2026-07-31,245635
U006108,O013381,213.45,2026-08-24,554316
U006109,O013382,673.76,2026-03-14,538821
U006109,O013383,359.11,2026-03-26,538821
U006110,O013384,746.11,2026-01-18,644559
U006110,O013385,327.36,2026-02-06,644559
U006111,O013386,751.11,2026-04-21,873650
U006112,O013387,695.15,2026-08-09,750662
U006113,O013388,919.77,2025-12-09,520014
U006113,O013389,1259.54,2026-01-02,520014
U006113,O013390,871.69,2026-02-16,520014
U006113,O013391,318.28,2026-03-17,520014
U006115,O013392,753.91,2026-05-30,345387
U006115,O013393,613.8,2026-06-01,345387
U006116,O013394,975.95,2026-05-26,663494
U006116,O013395,674.89,2026-05-28,663494
U006117,O013396,52.54,2025-12-06,209574
U006117,O013397,884.58,2025-12-10,209574
U006117,O013398,819.55,2025-12-14,209574
U006118,O013399,344.61,2025-12-13,142823
U006118,O013400,548.59,2026-01-12,142823
U006119,O013401,300.62,2026-04-15,748854
U006119,O013402,1372.42,2026-06-07,748854
U006120,O013403,1038.71,2026-01-17,884078
U006120,O013404,582.4,2026-01-28,884078
U006120,O013405,857.97,2026-01-29,884078
U006120,O013406,612.01,2026-02-01,884078
U006121,O013407,1128.49,2026-01-22,354236
U006121,O013408,665.64,2026-01-29,354236
U006121,O013409,547.53,2026-02-14,354236
U006121,O013410,1050.19,2026-04-19,354236
U006121,O013411,1046.19,2026-06-06,354236
U006121,O013412,683.81,2026-06-19,354236
U006122,O013413,531.79,2026-05-28,269919
U006122,O013414,530.58,2026-06-14,269919
U006123,O013415,686.44,2026-05-06,448400
U006123,O013416,1137.68,2026-05-30,448400
U006123,O013417,998.46,2026-07-04,448400
U006124,O013418,737.77,2025-11-02,148012
U006124,O013419,1015.53,2025-11-22,148012
U006125,O013420,865.35,2025-11-10,303160
U006125,O013421,409.87,2025-11-29,303160
U006126,O013422,305.75,2026-08-07,562283
U006126,O013423,413.5,2026-08-15,562283
U006127,O013424,751.16,2025-10-10,200090
U006127,O013425,457.72,2025-10-19,200090
U006127,O013426,531.86,2025-12-28,200090
U006127,O013427,551.69,2026-01-15,200090
U006127,O013428,816.67,2026-02-06,200090
U006127,O013429,852.58,2026-02-19,200090
U006127,O013430,1085.16,2026-03-07,200090
U006128,O013431,1296.89,2025-11-08,158226
U006128,O013432,1206.29,2025-12-24,158226
U006128,O013433,859.32,2025-12-31,158226
U006128,O013434,878.33,2026-01-09,158226
U006129,O013435,488.01,2026-05-02,428619
U006130,O013436,363.57,2026-01-21,694616
U006130,O013437,674.2,2026-03-15,694616
U006130,O013438,623.97,2026-03-29,694616
U006130,O013439,469.99,2026-04-02,694616
U006131,O013440,270.59,2026-04-06,419980
U006132,O013441,556.44,2026-05-12,327727
U006132,O013442,979.73,2026-06-15,327727
U006132,O013443,846.33,2026-07-15,327727
U006133,O013444,468.5,2026-02-16,626953
U006136,O013445,905.51,2025-12-30,468954
U006136,O013446,427.86,2026-01-27,468954
U006137,O013447,1190.26,2026-02-25,285017
U006137,O013448,90.21,2026-04-18,285017
U006138,O013449,263.44,2025-10-12,773701
U006138,O013450,344.64,2025-10-19,773701
U006138,O013451,961.03,2025-12-13,773701
U006139,O013452,1114.39,2026-03-27,409009
U006139,O013453,1084.41,2026-06-02,409009
U006140,O013454,289.12,2026-06-08,810257
U006141,O013455,515.39,2026-06-01,422985
U006141,O013456,49.0,2026-06-16,422985
U006141,O013457,552.97,2026-07-05,422985
U006144,O013458,1056.17,2026-01-09,819720
U006144,O013459,1104.07,2026-02-14,819720
U006145,O013460,845.66,2026-08-22,388463
U006147,O013461,88.54,2026-07-12,689132
U006148,O013462,440.43,2026-08-05,158742
U006149,O013463,449.52,2026-04-22,436155
U006149,O013464,666.68,2026-04-30,436155
U006151,O013465,1150.31,2026-05-24,672456
U006152,O013466,1021.12,2025-11-29,325734
U006152,O013467,587.82,2026-01-03,325734
U006152,O013468,888.58,2026-02-18,325734
U006153,O013469,1147.84,2026-03-09,434238
U006153,O013470,1012.6,2026-05-03,434238
U006153,O013471,440.42,2026-05-15,434238
U006153,O013472,890.3,2026-05-29,434238
U006154,O013473,989.6,2026-05-15,890211
U006154,O013474,239.36,2026-05-30,890211
U006155,O013475,468.36,2026-03-18,457514
U006155,O013476,529.38,2026-04-14,457514
U006155,O013477,999.45,2026-04-21,457514
U006155,O013478,918.82,2026-06-01,457514
U006155,O013479,421.66,2026-06-11,457514
U006156,O013480,667.11,2026-04-02,513055
U006156,O013481,593.19,2026-04-12,513055
U006156,O013482,416.17,2026-05-25,513055
U006157,O013483,96.13,2026-03-12,324200
U006157,O013484,288.33,2026-03-28,324200
U006157,O013485,624.8,2026-03-31,324200
U006157,O013486,757.62,2026-05-10,324200
U006158,O013487,770.24,2026-02-23,661333
U006158,O013488,49.0,2026-03-17,661333
U006158,O013489,756.6,2026-03-18,661333
U006158,O013490,467.58,2026-04-01,661333
U006160,O013491,559.95,2026-07-26,298155
U006160,O013492,694.66,2026-08-05,298155
U006160,O013493,628.04,2026-08-17,298155
U006161,O013494,173.63,2025-09-17,519008
U006161,O013495,652.72,2025-12-04,519008
U006161,O013496,262.99,2025-12-08,519008
U006161,O013497,562.11,2026-01-12,519008
U006162,O013498,768.68,2025-10-07,567077
U006162,O013499,507.17,2025-10-13,567077
U006162,O013500,641.64,2025-10-14,567077
U006163,O013501,883.23,2026-04-10,589168
U006163,O013502,249.59,2026-05-03,589168
U006163,O013503,707.05,2026-06-02,589168
U006164,O013504,670.18,2025-11-24,466808
U006165,O013505,402.71,2026-06-12,200007
U006166,O013506,1150.57,2025-10-08,501805
U006166,O013507,531.44,2025-10-27,501805
U006168,O013508,74.08,2026-01-16,671339
U006169,O013509,304.72,2026-01-29,150550
U006170,O013510,688.37,2026-06-26,336429
U006170,O013511,613.83,2026-07-12,336429
U006170,O013512,534.52,2026-08-12,336429
U006171,O013513,1121.69,2025-10-28,444447
U006171,O013514,1242.43,2025-11-19,444447
U006173,O013515,743.41,2026-07-14,416560
U006173,O013516,1005.79,2026-07-18,416560
U006174,O013517,999.47,2026-08-15,850515
U006175,O013518,422.37,2026-03-26,328428
U006175,O013519,675.51,2026-04-29,328428
U006175,O013520,283.54,2026-06-17,328428
U006176,O013521,714.32,2025-11-25,224479
U006177,O013522,740.77,2026-04-25,158448
U006178,O013523,597.9,2025-12-20,220247
U006180,O013524,557.66,2026-08-14,120977
U006180,O013525,638.41,2026-08-25,120977
U006181,O013526,558.7,2026-08-12,766382
U006182,O013527,779.48,2026-03-09,175206
U006182,O013528,402.79,2026-04-17,175206
U006182,O013529,706.75,2026-07-08,175206
U006183,O013530,348.78,2026-01-04,537896
U006183,O013531,1195.31,2026-03-10,537896
U006184,O013532,838.29,2025-12-01,507429
U006184,O013533,252.81,2026-01-10,507429
U006184,O013534,216.75,2026-02-02,507429
U006185,O013535,357.48,2025-10-24,616130
U006185,O013536,279.09,2025-11-21,616130
U006185,O013537,892.76,2025-12-05,616130
U006185,O013538,501.31,2026-02-03,616130
U006186,O013539,796.0,2026-08-13,351560
U006188,O013540,392.8,2025-10-09,892648
U006188,O013541,1189.6,2025-10-12,892648
U006188,O013542,630.02,2025-12-14,892648
U006189,O013543,413.35,2026-02-09,682951
U006190,O013544,855.02,2025-10-20,636740
U006190,O013545,681.59,2025-11-08,636740
U006190,O013546,919.87,2025-12-09,636740
U006191,O013547,471.43,2026-06-09,710536
U006191,O013548,601.08,2026-06-19,710536
U006192,O013549,499.58,2025-12-20,286275
U006192,O013550,941.51,2026-01-06,286275
U006192,O013551,750.09,2026-01-12,286275
U006192,O013552,491.11,2026-01-26,286275
U006193,O013553,841.24,2025-10-24,676996
U006194,O013554,552.02,2026-07-28,263911
U006195,O013555,737.88,2026-03-10,526120
U006195,O013556,470.0,2026-03-13,526120
U006195,O013557,613.13,2026-04-16,526120
U006195,O013558,510.76,2026-05-21,526120
U006195,O013559,224.92,2026-06-17,526120
U006197,O013560,700.69,2026-06-30,343447
U006197,O013561,484.23,2026-08-15,343447
U006199,O013562,563.98,2026-03-12,250929
U006200,O013563,678.93,2026-01-30,170106
U006201,O013564,383.17,2025-12-24,725195
U006201,O013565,626.31,2025-12-27,725195
U006202,O013566,837.94,2026-07-25,613279
U006202,O013567,49.0,2026-08-18,613279
U006203,O013568,1170.92,2026-08-16,188988
U006204,O013569,827.99,2026-04-10,722629
U006204,O013570,478.4,2026-05-30,722629
U006205,O013571,675.55,2026-05-18,635999
U006205,O013572,1133.47,2026-06-04,635999
U006205,O013573,672.12,2026-06-29,635999
U006206,O013574,938.82,2025-10-25,860330
U006206,O013575,224.32,2025-10-28,860330
U006206,O013576,567.85,2026-01-31,860330
U006208,O013577,652.53,2025-11-09,112106
U006208,O013578,706.45,2025-11-12,112106
U006209,O013579,1364.87,2026-05-27,709483
U006210,O013580,462.64,2026-06-12,737861
U006210,O013581,387.26,2026-07-15,737861
U006210,O013582,929.04,2026-07-27,737861
U006211,O013583,537.61,2026-03-06,238313
U006211,O013584,905.94,2026-05-05,238313
U006212,O013585,1121.27,2026-01-27,634039
U006213,O013586,605.57,2026-06-11,882086
U006213,O013587,999.2,2026-07-07,882086
U006213,O013588,553.31,2026-08-02,882086
U006214,O013589,396.25,2026-02-15,837333
U006215,O013590,384.08,2026-05-13,374668
U006216,O013591,455.22,2025-10-10,581807
U006217,O013592,407.07,2026-03-12,793829
U006217,O013593,658.06,2026-05-19,793829
U006217,O013594,407.48,2026-07-10,793829
U006218,O013595,626.05,2026-05-15,501120
U006219,O013596,244.91,2025-09-09,551483
U006219,O013597,359.7,2025-12-07,551483
U006222,O013598,663.31,2025-12-30,700544
U006222,O013599,443.28,2026-01-07,700544
U006223,O013600,51.71,2026-02-01,641495
U006223,O013601,711.57,2026-02-13,641495
U006223,O013602,552.65,2026-04-22,641495
U006224,O013603,818.32,2026-05-24,228097
U006224,O013604,579.72,2026-05-31,228097
U006227,O013605,241.69,2026-05-05,403450
U006228,O013606,965.96,2026-03-19,637216
U006228,O013607,506.14,2026-04-14,637216
U006229,O013608,682.47,2026-07-01,247022
U006230,O013609,472.56,2026-02-05,723677
U006230,O013610,574.07,2026-04-09,723677
U006230,O013611,1003.29,2026-05-10,723677
U006230,O013612,665.87,2026-05-21,723677
U006231,O013613,394.23,2025-12-19,545874
U006231,O013614,49.0,2026-02-07,545874
U006231,O013615,477.96,2026-04-30,545874
U006232,O013616,793.11,2026-07-11,870559
U006233,O013617,979.81,2026-06-16,179416
U006234,O013618,270.33,2026-05-04,125085
U006235,O013619,804.7,2026-01-31,659610
U006236,O013620,537.34,2026-08-23,105029
U006237,O013621,49.0,2025-11-16,682874
U006237,O013622,764.06,2025-11-18,682874
U006237,O013623,457.52,2025-12-31,682874
U006237,O013624,414.66,2026-01-03,682874
U006238,O013625,547.59,2026-04-30,711734
U006238,O013626,140.79,2026-05-03,711734
U006238,O013627,464.93,2026-05-28,711734
U006239,O013628,386.87,2026-05-23,571632
U006239,O013629,1009.53,2026-08-01,571632
U006240,O013630,639.21,2026-06-25,622366
U006240,O013631,559.67,2026-08-11,622366
U006241,O013632,703.98,2025-11-05,354141
U006241,O013633,406.39,2025-11-24,354141
U006243,O013634,1062.47,2026-01-21,552784
U006243,O013635,982.64,2026-01-27,552784
U006243,O013636,587.26,2026-03-18,552784
U006243,O013637,623.65,2026-04-09,552784
U006244,O013638,425.8,2026-01-10,649281
U006245,O013639,49.0,2026-08-03,388544
U006246,O013640,112.9,2026-06-19,308113
U006247,O013641,409.74,2026-04-08,568119
U006247,O013642,329.44,2026-06-17,568119
U006247,O013643,755.74,2026-06-28,568119
U006248,O013644,679.91,2026-08-17,565894
U006248,O013645,728.33,2026-08-22,565894
U006249,O013646,911.75,2025-11-08,638156
U006249,O013647,823.62,2025-11-16,638156
U006249,O013648,770.33,2025-11-24,638156
U006249,O013649,486.76,2026-04-04,638156
U006250,O013650,370.1,2026-04-16,665334
U006250,O013651,932.32,2026-04-19,665334
U006251,O013652,1010.44,2026-04-02,574641
U006251,O013653,490.39,2026-04-30,574641
U006251,O013654,363.28,2026-06-18,574641
U006252,O013655,759.71,2026-03-28,811326
U006252,O013656,816.62,2026-04-07,811326
U006253,O013657,1094.8,2025-09-02,515482
U006253,O013658,821.36,2026-02-07,515482
U006254,O013659,505.34,2026-01-11,445403
U006254,O013660,1219.7,2026-01-27,445403
U006254,O013661,821.11,2026-03-04,445403
U006256,O013662,685.86,2026-06-27,572931
U006256,O013663,707.36,2026-07-05,572931
U006256,O013664,667.28,2026-08-15,572931
U006256,O013665,362.38,2026-08-24,572931
U006257,O013666,533.74,2025-09-12,856479
U006257,O013667,869.46,2025-10-09,856479
U006258,O013668,391.22,2026-05-30,166978
U006258,O013669,986.56,2026-06-01,166978
U006258,O013670,501.97,2026-07-21,166978
U006259,O013671,372.94,2025-11-13,745611
U006259,O013672,928.9,2025-11-25,745611
U006259,O013673,352.41,2025-12-10,745611
U006260,O013674,777.16,2025-11-11,264187
U006260,O013675,864.6,2025-11-16,264187
U006260,O013676,207.57,2025-11-22,264187
U006261,O013677,809.19,2026-08-04,330951
U006261,O013678,723.18,2026-08-26,330951
U006262,O013679,225.72,2026-08-24,492674
U006263,O013680,1067.52,2026-01-02,197191
U006263,O013681,1127.73,2026-03-07,197191
U006264,O013682,733.47,2026-07-07,574292
U006265,O013683,233.5,2026-03-08,266152
U006265,O013684,364.89,2026-03-16,266152
U006265,O013685,539.62,2026-03-23,266152
U006265,O013686,581.57,2026-05-11,266152
U006265,O013687,568.11,2026-05-17,266152
U006265,O013688,953.67,2026-06-01,266152
U006265,O013689,1061.02,2026-07-11,266152
U006265,O013690,525.29,2026-08-20,266152
U006266,O013691,702.57,2026-03-10,122604
U006267,O013692,771.35,2026-08-21,785297
U006268,O013693,207.81,2025-09-21,444655
U006268,O013694,1048.71,2025-09-24,444655
U006268,O013695,1052.8,2025-11-09,444655
U006268,O013696,79.02,2026-02-06,444655
U006268,O013697,206.9,2026-03-10,444655
U006269,O013698,721.2,2026-01-01,672032
U006269,O013699,353.27,2026-03-22,672032
U006269,O013700,162.04,2026-03-24,672032
U006269,O013701,710.14,2026-04-01,672032
U006270,O013702,634.98,2026-05-13,289010
U006270,O013703,620.26,2026-06-03,289010
U006271,O013704,103.53,2026-01-09,291370
U006271,O013705,978.12,2026-01-15,291370
U006271,O013706,966.68,2026-02-02,291370
U006271,O013707,664.56,2026-02-19,291370
U006271,O013708,760.24,2026-04-25,291370
U006271,O013709,604.76,2026-04-27,291370
U006272,O013710,964.26,2025-10-05,871828
U006272,O013711,384.05,2025-10-08,871828
U006272,O013712,1131.39,2025-12-03,871828
U006273,O013713,824.35,2025-11-21,241654
U006273,O013714,748.89,2025-12-07,241654
U006274,O013715,740.43,2026-06-10,365736
U006275,O013716,246.8,2026-03-17,614596
U006279,O013717,430.82,2026-04-19,493159
U006279,O013718,451.07,2026-05-06,493159
U006280,O013719,923.71,2025-11-18,359304
U006280,O013720,1308.06,2026-01-05,359304
U006280,O013721,770.72,2026-03-24,359304
U006280,O013722,1352.89,2026-04-05,359304
U006280,O013723,1085.92,2026-04-19,359304
U006280,O013724,588.23,2026-05-04,359304
U006281,O013725,1335.18,2026-02-10,350084
U006281,O013726,318.33,2026-02-14,350084
U006281,O013727,333.42,2026-03-27,350084
U006282,O013728,501.97,2026-01-16,715969
U006282,O013729,621.98,2026-02-18,715969
U006282,O013730,663.85,2026-04-06,715969
U006283,O013731,964.09,2026-01-27,472759
U006283,O013732,433.39,2026-02-13,472759
U006284,O013733,693.11,2026-07-18,108644
U006284,O013734,1085.85,2026-07-27,108644
U006284,O013735,1125.62,2026-08-06,108644
U006285,O013736,673.1,2026-02-26,204155
U006286,O013737,963.8,2026-05-08,288859
U006287,O013738,656.17,2026-05-12,500923
U006288,O013739,865.0,2026-03-16,179473
U006289,O013740,570.09,2026-07-19,597353
U006289,O013741,461.34,2026-08-07,597353
U006290,O013742,572.78,2026-02-11,376082
U006291,O013743,576.37,2026-04-17,567625
U006291,O013744,1044.73,2026-05-28,567625
U006292,O013745,769.98,2026-07-20,284072
U006292,O013746,529.03,2026-07-26,284072
U006293,O013747,374.06,2026-03-07,592984
U006293,O013748,363.93,2026-03-14,592984
U006293,O013749,890.58,2026-05-30,592984
U006293,O013750,533.97,2026-06-02,592984
U006295,O013751,669.54,2026-01-24,542912
U006295,O013752,368.46,2026-03-12,542912
U006295,O013753,481.42,2026-04-18,542912
U006295,O013754,637.74,2026-07-06,542912
U006295,O013755,510.29,2026-08-10,542912
U006296,O013756,1136.76,2026-05-20,346009
U006297,O013757,724.61,2026-02-13,593821
U006297,O013758,302.62,2026-02-26,593821
U006297,O013759,789.08,2026-03-01,593821
U006297,O013760,717.75,2026-07-17,593821
U006298,O013761,687.31,2025-11-23,789950
U006300,O013762,62.11,2026-08-20,276141
U006302,O013763,866.52,2025-12-15,315676
U006302,O013764,619.26,2026-02-01,315676
U006303,O013765,1001.95,2026-07-31,690707
U006304,O013766,1242.47,2026-02-21,584300
U006304,O013767,705.09,2026-04-07,584300
U006304,O013768,459.17,2026-04-12,584300
U006304,O013769,939.3,2026-05-23,584300
U006304,O013770,949.66,2026-06-19,584300
U006304,O013771,1100.34,2026-08-08,584300
U006305,O013772,841.11,2026-01-07,616975
U006305,O013773,1029.77,2026-02-28,616975
U006305,O013774,137.35,2026-03-01,616975
U006306,O013775,525.35,2026-03-11,778931
U006306,O013776,876.5,2026-04-03,778931
U006307,O013777,680.97,2026-04-07,282263
U006307,O013778,994.55,2026-05-10,282263
U006307,O013779,716.87,2026-05-19,282263
U006308,O013780,823.5,2026-05-30,389296
U006308,O013781,649.85,2026-07-14,389296
U006308,O013782,113.48,2026-08-20,389296
U006309,O013783,1114.79,2025-12-02,574362
U006309,O013784,716.94,2025-12-23,574362
U006309,O013785,658.28,2026-02-11,574362
U006309,O013786,654.74,2026-02-13,574362
U006310,O013787,1101.74,2026-05-20,220075
U006310,O013788,444.68,2026-05-22,220075
U006312,O013789,757.23,2025-11-05,712373
U006313,O013790,605.64,2026-03-11,852404
U006313,O013791,635.69,2026-03-31,852404
U006313,O013792,631.47,2026-04-06,852404
U006313,O013793,493.81,2026-04-15,852404
U006313,O013794,755.69,2026-07-07,852404
U006313,O013795,826.86,2026-08-04,852404
U006314,O013796,521.36,2025-11-28,793320
U006315,O013797,752.25,2026-04-10,794847
U006315,O013798,506.07,2026-06-09,794847
U006315,O013799,125.69,2026-06-16,794847
U006316,O013800,403.57,2026-07-08,793743
U006317,O013801,332.97,2026-08-02,481881
U006318,O013802,596.42,2026-02-22,473149
U006318,O013803,816.96,2026-05-19,473149
U006318,O013804,962.49,2026-06-01,473149
U006318,O013805,806.19,2026-06-16,473149
U006319,O013806,1147.21,2026-05-24,523680
U006319,O013807,795.9,2026-06-02,523680
U006319,O013808,351.87,2026-07-05,523680
U006321,O013809,619.25,2026-07-26,815140
U006322,O013810,313.84,2026-05-03,835677
U006325,O013811,962.13,2025-10-21,147082
U006325,O013812,334.93,2025-11-16,147082
U006325,O013813,704.15,2025-12-02,147082
U006326,O013814,929.83,2026-01-17,130922
U006327,O013815,471.5,2026-03-25,667734
U006327,O013816,433.6,2026-03-31,667734
U006327,O013817,828.44,2026-06-17,667734
U006327,O013818,764.91,2026-07-02,667734
U006328,O013819,533.07,2025-11-23,274307
U006328,O013820,786.0,2026-01-15,274307
U006328,O013821,635.96,2026-02-14,274307
U006329,O013822,149.48,2026-02-15,478168
U006329,O013823,660.37,2026-04-19,478168
U006330,O013824,756.55,2025-09-29,401707
U006330,O013825,482.65,2025-10-04,401707
U006330,O013826,961.25,2025-10-26,401707
U006331,O013827,952.08,2025-10-26,255671
U006331,O013828,896.79,2025-11-01,255671
U006331,O013829,587.23,2025-11-17,255671
U006332,O013830,590.42,2026-04-25,608646
U006332,O013831,383.99,2026-04-29,608646
U006332,O013832,1292.7,2026-05-17,608646
U006333,O013833,172.77,2026-03-26,833276
U006333,O013834,771.08,2026-03-28,833276
U006333,O013835,743.5,2026-04-20,833276
U006333,O013836,1150.89,2026-05-11,833276
U006333,O013837,483.53,2026-05-19,833276
U006333,O013838,343.72,2026-07-04,833276
U006334,O013839,383.33,2025-10-15,760502
U006334,O013840,255.32,2025-11-26,760502
U006335,O013841,723.41,2026-07-14,592392
U006336,O013842,675.0,2026-05-24,749660
U006336,O013843,466.06,2026-06-02,749660
U006336,O013844,609.41,2026-06-13,749660
U006336,O013845,587.76,2026-07-05,749660
U006337,O013846,246.85,2026-05-14,497634
U006337,O013847,490.57,2026-05-18,497634
U006337,O013848,870.65,2026-05-21,497634
U006337,O013849,882.17,2026-06-07,497634
U006338,O013850,1201.12,2026-06-02,548673
U006339,O013851,756.61,2026-05-11,314650
U006340,O013852,914.37,2026-04-23,863248
U006341,O013853,81.42,2026-06-10,320443
U006341,O013854,526.33,2026-07-05,320443
U006341,O013855,803.78,2026-07-10,320443
U006341,O013856,137.74,2026-08-06,320443
U006341,O013857,833.37,2026-08-25,320443
U006344,O013858,947.07,2025-12-21,546382
U006344,O013859,1078.43,2026-01-27,546382
U006344,O013860,627.79,2026-02-10,546382
U006345,O013861,1260.71,2026-05-15,709766
U006345,O013862,814.52,2026-07-11,709766
U006346,O013863,190.68,2025-11-01,196079
U006346,O013864,598.14,2025-11-08,196079
U006348,O013865,933.37,2026-01-03,108834
U006348,O013866,818.05,2026-04-29,108834
U006349,O013867,280.87,2026-03-29,504156
U006349,O013868,498.75,2026-04-27,504156
U006349,O013869,825.7,2026-05-10,504156
U006349,O013870,922.36,2026-06-14,504156
U006349,O013871,528.63,2026-06-24,504156
U006350,O013872,495.18,2026-03-30,272040
U006351,O013873,647.85,2026-05-24,899863
U006351,O013874,1059.7,2026-06-04,899863
U006351,O013875,572.74,2026-08-24,899863
U006352,O013876,519.51,2026-07-25,555192
U006352,O013877,537.61,2026-08-03,555192
U006353,O013878,767.1,2026-06-26,596879
U006353,O013879,501.78,2026-07-04,596879
U006355,O013880,742.06,2025-09-28,501547
U006355,O013881,317.9,2025-10-16,501547
U006355,O013882,892.41,2025-10-23,501547
U006357,O013883,839.35,2026-04-29,265056
U006357,O013884,804.11,2026-04-30,265056
U006357,O013885,300.72,2026-05-13,265056
U006357,O013886,731.27,2026-05-30,265056
U006357,O013887,1022.74,2026-06-15,265056
U006358,O013888,1166.44,2026-01-29,295957
U006358,O013889,1196.86,2026-02-22,295957
U006359,O013890,853.4,2025-11-14,575394
U006359,O013891,1230.99,2025-12-06,575394
U006360,O013892,885.23,2026-06-22,641901
U006362,O013893,297.88,2025-10-28,860408
U006362,O013894,447.93,2025-12-08,860408
U006362,O013895,1337.37,2025-12-30,860408
U006362,O013896,680.82,2026-01-11,860408
U006363,O013897,587.26,2026-08-21,836534
U006364,O013898,414.84,2026-01-17,669595
U006364,O013899,789.09,2026-01-20,669595
U006364,O013900,329.14,2026-02-14,669595
U006364,O013901,519.53,2026-04-04,669595
U006364,O013902,585.73,2026-04-19,669595
U006366,O013903,538.07,2026-05-21,783692
U006366,O013904,576.46,2026-06-29,783692
U006366,O013905,494.93,2026-07-29,783692
U006367,O013906,206.82,2025-11-24,285873
U006367,O013907,373.66,2025-12-17,285873
U006367,O013908,893.17,2025-12-25,285873
U006367,O013909,267.3,2026-01-16,285873
U006368,O013910,837.69,2026-06-14,151875
U006368,O013911,483.84,2026-06-27,151875
U006368,O013912,135.28,2026-07-09,151875
U006369,O013913,534.97,2025-11-14,833646
U006370,O013914,356.62,2025-11-25,612778
U006371,O013915,720.12,2026-06-06,680933
U006371,O013916,779.36,2026-06-14,680933
U006371,O013917,601.39,2026-07-09,680933
U006372,O013918,689.02,2025-09-07,331020
U006372,O013919,603.21,2025-11-15,331020
U006372,O013920,621.36,2025-11-29,331020
U006372,O013921,810.53,2025-12-05,331020
U006372,O013922,554.41,2026-01-10,331020
U006373,O013923,634.15,2026-04-05,431152
U006373,O013924,533.11,2026-04-15,431152
U006373,O013925,733.95,2026-04-23,431152
U006374,O013926,1138.3,2026-06-07,713620
U006374,O013927,531.46,2026-07-05,713620
U006374,O013928,403.91,2026-07-13,713620
U006375,O013929,650.18,2026-07-12,553335
U006375,O013930,519.58,2026-08-12,553335
U006376,O013931,1156.83,2025-11-03,730918
U006376,O013932,894.21,2025-11-12,730918
U006376,O013933,177.39,2025-12-10,730918
U006377,O013934,680.32,2026-05-25,126532
U006377,O013935,786.17,2026-06-06,126532
U006378,O013936,488.63,2026-08-09,351673
U006381,O013937,571.03,2026-08-01,180845
U006382,O013938,564.74,2026-03-14,702901
U006382,O013939,909.0,2026-03-28,702901
U006382,O013940,49.0,2026-04-18,702901
U006383,O013941,436.87,2026-04-02,784527
U006383,O013942,410.39,2026-04-23,784527
U006383,O013943,758.66,2026-05-21,784527
U006383,O013944,546.65,2026-07-17,784527
U006384,O013945,233.54,2026-07-05,569329
U006385,O013946,632.49,2026-06-26,139787
U006386,O013947,49.0,2026-03-24,604665
U006386,O013948,917.57,2026-03-27,604665
U006389,O013949,1051.38,2025-10-27,833364
U006389,O013950,368.13,2025-11-10,833364
U006390,O013951,667.9,2026-08-20,345043
U006390,O013952,723.09,2026-08-24,345043
U006390,O013953,738.98,2026-08-26,345043
U006391,O013954,866.56,2026-07-05,732946
U006392,O013955,825.85,2026-02-01,785604
U006392,O013956,760.66,2026-03-13,785604
U006394,O013957,417.28,2026-07-06,564887
U006395,O013958,480.17,2025-11-16,199971
U006395,O013959,504.72,2025-11-19,199971
U006395,O013960,1007.15,2025-11-24,199971
U006396,O013961,951.17,2026-04-24,100678
U006396,O013962,575.67,2026-08-15,100678
U006397,O013963,920.82,2026-06-22,355032
U006398,O013964,368.98,2026-04-13,586380
U006398,O013965,530.59,2026-08-02,586380
U006399,O013966,492.71,2026-01-12,123555
U006399,O013967,954.96,2026-02-21,123555
U006401,O013968,741.47,2026-04-27,831271
U006401,O013969,347.64,2026-04-30,831271
U006401,O013970,669.05,2026-05-30,831271
U006402,O013971,260.1,2026-08-06,590751
U006403,O013972,825.07,2026-06-26,785071
U006404,O013973,713.66,2026-03-24,517071
U006406,O013974,737.89,2025-12-26,713796
U006407,O013975,289.37,2026-01-02,304919
U006407,O013976,1201.34,2026-01-09,304919
U006408,O013977,103.95,2026-05-28,371426
U006408,O013978,296.56,2026-05-29,371426
U006408,O013979,734.18,2026-06-27,371426
U006409,O013980,903.55,2026-06-29,487120
U006409,O013981,334.23,2026-08-02,487120
U006410,O013982,890.32,2026-05-31,184794
U006410,O013983,649.45,2026-06-06,184794
U006410,O013984,853.35,2026-07-03,184794
U006411,O013985,326.88,2025-11-21,262874
U006411,O013986,691.56,2026-01-17,262874
U006411,O013987,465.76,2026-02-10,262874
U006411,O013988,656.48,2026-02-12,262874
U006411,O013989,620.23,2026-02-17,262874
U006412,O013990,1106.44,2026-03-06,190077
U006412,O013991,281.36,2026-03-09,190077
U006412,O013992,726.97,2026-04-03,190077
U006412,O013993,1271.5,2026-04-29,190077
U006412,O013994,427.61,2026-07-20,190077
U006412,O013995,557.27,2026-08-02,190077
U006413,O013996,1033.65,2025-10-02,189986
U006413,O013997,510.84,2025-11-08,189986
U006414,O013998,279.42,2025-10-01,820715
U006414,O013999,540.27,2025-11-03,820715
U006414,O014000,995.49,2025-11-09,820715
U006416,O014001,475.81,2025-10-07,788441
U006418,O014002,1175.77,2025-12-22,153775
U006419,O014003,106.03,2025-12-21,459180
U006419,O014004,691.39,2026-01-10,459180
U006423,O014005,565.63,2026-04-17,589388
U006423,O014006,410.97,2026-05-12,589388
U006423,O014007,886.88,2026-08-16,589388
U006424,O014008,811.11,2026-08-11,136453
U006425,O014009,131.38,2025-10-29,532108
U006425,O014010,1275.66,2025-11-19,532108
U006425,O014011,746.98,2025-12-31,532108
U006426,O014012,680.61,2026-05-16,670055
U006427,O014013,277.63,2026-03-01,648564
U006428,O014014,1151.04,2026-08-15,689461
U006429,O014015,377.82,2026-03-27,747711
U006429,O014016,613.29,2026-04-18,747711
U006429,O014017,711.95,2026-05-31,747711
U006429,O014018,816.69,2026-06-13,747711
U006430,O014019,609.49,2026-05-02,454915
U006430,O014020,293.62,2026-05-03,454915
U006430,O014021,466.19,2026-05-06,454915
U006431,O014022,49.59,2026-05-01,688179
U006432,O014023,183.69,2026-06-11,420963
U006432,O014024,990.62,2026-07-26,420963
U006433,O014025,677.38,2025-10-26,310706
U006433,O014026,568.02,2025-10-31,310706
U006434,O014027,893.14,2026-01-24,711530
U006434,O014028,703.05,2026-02-12,711530
U006434,O014029,935.53,2026-04-09,711530
U006434,O014030,49.0,2026-05-20,711530
U006435,O014031,762.89,2025-10-31,625061
U006435,O014032,652.08,2025-11-13,625061
U006437,O014033,1060.52,2026-07-18,549731
U006438,O014034,906.97,2026-02-27,571310
U006438,O014035,807.94,2026-04-05,571310
U006439,O014036,847.28,2025-10-28,596678
U006439,O014037,207.72,2025-11-08,596678
U006439,O014038,509.22,2025-11-12,596678
U006441,O014039,455.19,2026-07-20,264808
U006441,O014040,816.55,2026-07-22,264808
U006443,O014041,684.12,2026-04-18,693244
U006443,O014042,544.74,2026-04-20,693244
U006444,O014043,712.19,2026-01-08,133708
U006444,O014044,769.16,2026-02-24,133708
U006444,O014045,466.07,2026-04-27,133708
U006445,O014046,810.15,2026-08-10,640997
U006446,O014047,179.18,2026-07-12,619839
U006447,O014048,649.21,2026-04-08,648683
U006447,O014049,299.57,2026-05-27,648683
U006447,O014050,461.68,2026-08-15,648683
U006447,O014051,440.44,2026-08-22,648683
U006448,O014052,688.56,2026-08-05,317937
U006448,O014053,973.44,2026-08-14,317937
U006449,O014054,311.41,2026-02-11,473683
U006450,O014055,1114.4,2025-10-28,103055
U006450,O014056,616.99,2025-10-31,103055
U006451,O014057,272.8,2026-05-02,657301
U006451,O014058,907.62,2026-07-18,657301
U006452,O014059,283.79,2026-08-06,836304
U006453,O014060,792.36,2026-01-20,302838
U006453,O014061,656.46,2026-03-31,302838
U006453,O014062,209.55,2026-06-28,302838
U006453,O014063,942.33,2026-07-31,302838
U006454,O014064,791.19,2025-11-27,164291
U006454,O014065,148.57,2026-02-21,164291
U006454,O014066,649.52,2026-03-23,164291
U006454,O014067,392.4,2026-05-31,164291
U006455,O014068,672.17,2025-12-22,462626
U006455,O014069,751.89,2025-12-29,462626
U006456,O014070,795.71,2025-10-21,723957
U006456,O014071,1108.95,2026-01-01,723957
U006457,O014072,674.6,2026-05-30,855527
U006457,O014073,246.79,2026-06-04,855527
U006458,O014074,49.0,2025-12-01,856188
U006458,O014075,978.58,2026-02-15,856188
U006459,O014076,359.21,2026-08-07,183495
U006460,O014077,1339.76,2026-05-14,414365
U006460,O014078,343.59,2026-05-22,414365
U006461,O014079,174.57,2026-01-10,741139
U006461,O014080,655.28,2026-04-14,741139
U006461,O014081,630.26,2026-04-25,741139
U006462,O014082,469.69,2026-04-13,250224
U006462,O014083,391.76,2026-06-15,250224
U006462,O014084,430.22,2026-07-20,250224
U006462,O014085,581.66,2026-08-05,250224
U006463,O014086,714.1,2026-04-12,365604
U006463,O014087,308.15,2026-07-11,365604
U006464,O014088,783.35,2026-06-03,426736
U006464,O014089,1008.51,2026-06-06,426736
U006464,O014090,798.07,2026-06-16,426736
U006465,O014091,871.49,2026-07-29,860442
U006466,O014092,739.52,2025-11-22,709819
U006466,O014093,49.0,2026-01-31,709819
U006466,O014094,188.84,2026-02-01,709819
U006467,O014095,112.16,2026-06-10,319206
U006467,O014096,660.56,2026-06-15,319206
U006468,O014097,774.02,2026-03-09,780158
U006468,O014098,757.69,2026-03-16,780158
U006468,O014099,642.14,2026-04-02,780158
U006469,O014100,623.12,2026-07-30,427702
U006469,O014101,980.36,2026-08-12,427702
U006470,O014102,378.88,2026-02-19,545591
U006470,O014103,786.81,2026-02-28,545591
U006470,O014104,385.9,2026-03-01,545591
U006470,O014105,310.13,2026-04-06,545591
U006470,O014106,856.71,2026-04-26,545591
U006471,O014107,764.15,2026-04-01,886390
U006472,O014108,813.17,2026-07-29,152930
U006472,O014109,998.15,2026-08-24,152930
U006473,O014110,728.15,2026-03-26,494161
U006473,O014111,710.48,2026-04-15,494161
U006473,O014112,983.07,2026-05-08,494161
U006473,O014113,967.62,2026-05-21,494161
U006475,O014114,509.33,2025-10-28,446261
U006475,O014115,756.88,2026-01-07,446261
U006475,O014116,346.47,2026-01-15,446261
U006476,O014117,443.21,2026-01-05,662005
U006476,O014118,528.41,2026-01-30,662005
U006476,O014119,440.33,2026-02-08,662005
U006477,O014120,427.64,2026-05-23,144382
U006477,O014121,994.18,2026-06-21,144382
U006477,O014122,599.18,2026-06-25,144382
U006478,O014123,794.02,2026-05-10,143052
U006479,O014124,297.08,2026-06-30,486921
U006479,O014125,938.47,2026-07-04,486921
U006480,O014126,755.86,2025-10-18,559837
U006480,O014127,379.97,2025-11-09,559837
U006481,O014128,673.89,2026-06-06,385276
U006481,O014129,616.49,2026-08-22,385276
U006482,O014130,162.68,2025-11-17,592873
U006482,O014131,1184.15,2026-01-13,592873
U006483,O014132,562.82,2026-05-17,803973
U006483,O014133,786.98,2026-07-09,803973
U006485,O014134,49.0,2026-04-02,598435
U006486,O014135,676.58,2026-02-06,296526
U006486,O014136,1348.01,2026-04-02,296526
U006486,O014137,155.01,2026-05-28,296526
U006488,O014138,1188.16,2026-06-14,164953
U006488,O014139,148.27,2026-08-03,164953
U006489,O014140,520.89,2026-07-23,189080
U006489,O014141,442.54,2026-08-04,189080
U006489,O014142,537.77,2026-08-09,189080
U006489,O014143,916.78,2026-08-12,189080
U006489,O014144,425.09,2026-08-19,189080
U006490,O014145,935.94,2026-01-11,599668
U006490,O014146,1095.76,2026-03-22,599668
U006490,O014147,641.8,2026-03-23,599668
U006491,O014148,262.77,2026-01-17,427972
U006491,O014149,1015.18,2026-01-22,427972
U006492,O014150,154.72,2025-11-07,150301
U006492,O014151,980.43,2025-12-05,150301
U006492,O014152,960.44,2026-02-15,150301
U006492,O014153,774.66,2026-03-01,150301
U006492,O014154,631.82,2026-03-12,150301
U006493,O014155,142.56,2026-05-30,491108
U006494,O014156,563.35,2026-07-05,646438
U006494,O014157,549.57,2026-07-25,646438
U006495,O014158,958.84,2026-02-16,456213
U006497,O014159,693.9,2026-05-20,590377
U006497,O014160,634.26,2026-06-17,590377
U006498,O014161,412.69,2026-04-21,316126
U006500,O014162,557.22,2026-08-25,727710
U006501,O014163,1105.38,2026-05-10,821897
U006501,O014164,719.66,2026-05-26,821897
U006502,O014165,589.47,2026-02-27,454884
U006503,O014166,622.27,2026-02-09,188202
U006503,O014167,425.47,2026-03-07,188202
U006503,O014168,860.1,2026-03-16,188202
U006503,O014169,980.99,2026-03-22,188202
U006504,O014170,678.99,2026-07-11,124120
U006506,O014171,621.51,2026-03-13,452655
U006506,O014172,496.74,2026-04-09,452655
U006506,O014173,675.58,2026-04-11,452655
U006507,O014174,723.15,2026-03-24,134673
U006507,O014175,199.01,2026-04-16,134673
U006509,O014176,746.63,2025-10-05,800674
U006509,O014177,761.69,2025-10-22,800674
U006509,O014178,100.1,2025-11-06,800674
U006510,O014179,149.67,2026-08-07,487448
U006510,O014180,462.14,2026-08-10,487448
U006511,O014181,49.0,2026-02-15,753187
U006513,O014182,782.22,2026-01-18,403944
U006513,O014183,685.31,2026-03-28,403944
U006514,O014184,49.0,2026-02-15,374257
U006515,O014185,342.74,2026-04-26,457791
U006515,O014186,755.7,2026-05-20,457791
U006515,O014187,649.92,2026-05-22,457791
U006515,O014188,816.69,2026-06-08,457791
U006515,O014189,1099.27,2026-07-14,457791
U006516,O014190,607.4,2025-10-31,536743
U006516,O014191,898.64,2025-12-02,536743
U006517,O014192,839.02,2026-01-17,749069
U006517,O014193,975.48,2026-03-08,749069
U006517,O014194,579.0,2026-03-20,749069
U006517,O014195,772.42,2026-03-31,749069
U006519,O014196,436.15,2026-06-25,220822
U006519,O014197,962.5,2026-06-27,220822
U006519,O014198,49.0,2026-07-02,220822
U006521,O014199,594.92,2026-03-26,485477
U006521,O014200,741.11,2026-04-07,485477
U006521,O014201,713.05,2026-05-19,485477
U006522,O014202,957.05,2026-06-14,790776
U006522,O014203,758.86,2026-06-17,790776
U006523,O014204,157.47,2026-02-21,771062
U006523,O014205,901.48,2026-03-15,771062
U006523,O014206,724.16,2026-06-22,771062
U006523,O014207,450.44,2026-07-06,771062
U006525,O014208,143.7,2026-01-02,296394
U006525,O014209,390.83,2026-01-24,296394
U006526,O014210,633.22,2026-07-29,415020
U006526,O014211,49.0,2026-08-08,415020
U006527,O014212,946.05,2026-04-14,622025
U006527,O014213,1078.23,2026-05-10,622025
U006528,O014214,633.62,2025-11-27,749717
U006528,O014215,838.7,2025-12-01,749717
U006528,O014216,741.18,2026-01-27,749717
U006528,O014217,806.36,2026-02-27,749717
U006529,O014218,894.88,2026-06-19,590124
U006529,O014219,531.69,2026-07-04,590124
U006529,O014220,974.9,2026-07-22,590124
U006529,O014221,707.84,2026-08-04,590124
U006529,O014222,725.32,2026-08-05,590124
U006530,O014223,899.54,2026-02-17,486859
U006530,O014224,228.18,2026-03-29,486859
U006530,O014225,432.2,2026-04-27,486859
U006531,O014226,786.88,2026-08-11,523964
U006531,O014227,1401.25,2026-08-17,523964
U006532,O014228,773.4,2026-04-28,467371
U006532,O014229,606.82,2026-07-11,467371
U006533,O014230,884.86,2025-11-06,186731
U006535,O014231,255.54,2026-06-23,277125
U006535,O014232,49.0,2026-07-01,277125
U006536,O014233,932.1,2026-04-20,491316
U006536,O014234,1220.99,2026-05-04,491316
U006536,O014235,620.91,2026-05-23,491316
U006538,O014236,772.94,2026-06-05,332541
U006539,O014237,797.8,2026-06-22,811509
U006539,O014238,939.21,2026-07-16,811509
U006539,O014239,596.44,2026-07-18,811509
U006540,O014240,707.33,2025-12-17,890615
U006540,O014241,316.24,2026-01-05,890615
U006540,O014242,626.05,2026-01-16,890615
U006541,O014243,1010.98,2025-12-06,795212
U006541,O014244,890.76,2025-12-17,795212
U006541,O014245,995.02,2025-12-22,795212
U006542,O014246,812.07,2026-06-04,249237
U006542,O014247,571.36,2026-06-11,249237
U006543,O014248,361.35,2026-03-20,652149
U006543,O014249,1092.2,2026-03-30,652149
U006543,O014250,621.18,2026-04-07,652149
U006543,O014251,813.15,2026-04-28,652149
U006544,O014252,1208.35,2025-11-16,329973
U006544,O014253,786.16,2025-11-29,329973
U006544,O014254,585.16,2026-01-18,329973
U006544,O014255,629.31,2026-02-01,329973
U006544,O014256,830.81,2026-03-30,329973
U006545,O014257,649.79,2026-05-03,587843
U006545,O014258,563.34,2026-05-10,587843
U006546,O014259,730.36,2026-01-19,762919
U006546,O014260,854.74,2026-04-14,762919
U006546,O014261,1031.0,2026-07-10,762919
U006546,O014262,699.15,2026-07-25,762919
U006547,O014263,850.61,2026-02-11,189967
U006547,O014264,49.0,2026-04-30,189967
U006547,O014265,465.22,2026-05-27,189967
U006547,O014266,938.41,2026-06-04,189967
U006548,O014267,647.25,2026-07-30,264660
U006549,O014268,486.27,2026-08-09,170811
U006549,O014269,769.79,2026-08-23,170811
U006550,O014270,817.58,2026-05-04,837847
U006550,O014271,513.41,2026-06-12,837847
U006550,O014272,437.06,2026-07-16,837847
U006551,O014273,940.34,2026-04-05,344740
U006551,O014274,311.63,2026-04-24,344740
U006551,O014275,718.55,2026-05-07,344740
U006552,O014276,554.66,2026-02-27,168966
U006552,O014277,539.16,2026-03-02,168966
U006553,O014278,668.49,2026-02-09,773711
U006554,O014279,636.84,2026-07-04,620340
U006555,O014280,576.37,2026-02-07,500214
U006555,O014281,1075.91,2026-03-05,500214
U006555,O014282,467.83,2026-04-14,500214
U006555,O014283,1147.88,2026-04-16,500214
U006557,O014284,634.95,2026-06-19,153417
U006558,O014285,844.88,2026-01-27,721236
U006558,O014286,634.95,2026-01-29,721236
U006559,O014287,548.39,2025-12-16,822162
U006559,O014288,592.35,2026-01-29,822162
U006559,O014289,542.23,2026-02-08,822162
U006560,O014290,944.66,2026-03-03,465120
U006561,O014291,1066.03,2025-12-04,107186
U006561,O014292,696.42,2025-12-27,107186
U006562,O014293,1107.18,2026-08-24,525603
U006563,O014294,372.95,2026-07-09,220363
U006564,O014295,106.86,2026-06-24,212368
U006564,O014296,817.86,2026-07-18,212368
U006564,O014297,604.05,2026-07-24,212368
U006564,O014298,631.38,2026-07-31,212368
U006564,O014299,930.75,2026-08-16,212368
U006565,O014300,1094.73,2026-01-25,803662
U006565,O014301,899.9,2026-02-26,803662
U006565,O014302,547.92,2026-03-20,803662
U006566,O014303,359.26,2026-07-04,512097
U006567,O014304,410.25,2025-12-17,618615
U006567,O014305,748.8,2026-03-15,618615
U006569,O014306,520.69,2026-03-27,236440
U006569,O014307,462.41,2026-04-18,236440
U006571,O014308,473.84,2025-12-25,198460
U006571,O014309,626.76,2025-12-27,198460
U006572,O014310,995.12,2026-06-10,461171
U006573,O014311,1116.96,2026-06-18,826026
U006573,O014312,732.25,2026-07-29,826026
U006573,O014313,665.36,2026-08-19,826026
U006573,O014314,337.74,2026-08-20,826026
U006574,O014315,624.92,2026-04-22,564894
U006574,O014316,398.83,2026-05-26,564894
U006575,O014317,911.03,2026-04-28,844846
U006576,O014318,299.35,2025-10-21,273737
U006576,O014319,394.48,2025-11-09,273737
U006577,O014320,718.93,2025-11-12,622125
U006577,O014321,1098.24,2025-12-26,622125
U006578,O014322,49.0,2026-07-19,723675
U006578,O014323,703.11,2026-07-29,723675
U006578,O014324,913.77,2026-08-24,723675
U006581,O014325,523.57,2025-12-12,603552
U006581,O014326,372.96,2026-02-13,603552
U006582,O014327,702.67,2025-11-05,628131
U006582,O014328,257.97,2025-11-08,628131
U006582,O014329,602.73,2026-01-02,628131
U006582,O014330,651.8,2026-04-20,628131
U006583,O014331,881.73,2025-12-26,647723
U006584,O014332,49.0,2026-08-14,864669
U006585,O014333,826.39,2026-04-07,112992
U006585,O014334,345.92,2026-04-09,112992
U006586,O014335,503.12,2026-04-12,599765
U006586,O014336,1024.69,2026-06-22,599765
U006587,O014337,954.14,2026-03-20,501382
U006588,O014338,1013.7,2026-06-25,138785
U006588,O014339,354.43,2026-06-30,138785
U006589,O014340,682.19,2025-09-10,559727
U006590,O014341,226.8,2026-06-25,714483
U006590,O014342,635.99,2026-07-24,714483
U006590,O014343,678.22,2026-07-28,714483
U006590,O014344,423.86,2026-08-15,714483
U006591,O014345,553.8,2025-12-27,230985
U006592,O014346,955.9,2026-08-16,534573
U006592,O014347,692.37,2026-08-18,534573
U006593,O014348,270.95,2026-01-18,421012
U006593,O014349,535.05,2026-01-30,421012
U006594,O014350,581.94,2026-01-02,865805
U006594,O014351,507.43,2026-03-06,865805
U006596,O014352,673.25,2026-02-19,424387
U006597,O014353,843.97,2025-11-16,869093
U006597,O014354,674.11,2025-11-28,869093
U006597,O014355,439.68,2025-12-09,869093
U006598,O014356,736.06,2026-05-14,604234
U006599,O014357,1071.5,2025-09-30,555403
U006599,O014358,149.47,2026-02-26,555403
U006599,O014359,653.95,2026-03-11,555403
U006599,O014360,622.92,2026-03-16,555403
U006600,O014361,416.61,2026-06-22,621209
U006600,O014362,672.63,2026-07-06,621209
U006600,O014363,620.61,2026-07-30,621209
U006601,O014364,635.67,2025-10-24,209861
U006601,O014365,256.04,2025-12-10,209861
U006601,O014366,215.17,2026-01-18,209861
U006601,O014367,640.53,2026-01-27,209861
U006602,O014368,654.58,2026-08-12,168080
U006602,O014369,669.47,2026-08-17,168080
U006603,O014370,534.97,2026-06-18,286708
U006603,O014371,921.75,2026-08-12,286708
U006603,O014372,445.35,2026-08-26,286708
U006604,O014373,1352.93,2026-05-18,817329
U006604,O014374,679.54,2026-06-17,817329
U006604,O014375,854.83,2026-07-28,817329
U006604,O014376,296.88,2026-08-01,817329
U006604,O014377,672.67,2026-08-11,817329
U006604,O014378,821.53,2026-08-17,817329
U006605,O014379,121.54,2026-07-22,773055
U006606,O014380,1039.38,2026-05-25,777233
U006607,O014381,549.92,2026-07-24,105830
U006607,O014382,946.66,2026-08-02,105830
U006608,O014383,1049.6,2025-10-26,532783
U006609,O014384,582.85,2026-07-21,869290
U006609,O014385,233.44,2026-07-28,869290
U006609,O014386,729.43,2026-08-13,869290
U006610,O014387,920.16,2025-11-20,521309
U006610,O014388,716.39,2025-11-23,521309
U006611,O014389,698.53,2026-03-09,205860
U006611,O014390,770.59,2026-04-16,205860
U006611,O014391,464.55,2026-05-07,205860
U006613,O014392,110.32,2025-09-30,789147
U006614,O014393,393.43,2025-12-19,315339
U006614,O014394,555.54,2026-03-05,315339
U006614,O014395,463.77,2026-03-12,315339
U006614,O014396,1183.55,2026-03-30,315339
U006615,O014397,723.5,2026-06-18,784467
U006615,O014398,1008.56,2026-08-16,784467
U006617,O014399,616.38,2025-11-06,810305
U006617,O014400,884.25,2025-12-11,810305
U006617,O014401,502.49,2025-12-26,810305
U006618,O014402,49.0,2026-06-03,531908
U006618,O014403,1137.99,2026-08-26,531908
U006619,O014404,796.35,2026-04-25,690289
U006619,O014405,1343.43,2026-04-28,690289
U006620,O014406,454.41,2026-06-12,145507
U006620,O014407,1327.46,2026-07-15,145507
U006620,O014408,726.96,2026-07-26,145507
U006621,O014409,666.32,2026-07-25,405433
U006622,O014410,672.18,2026-02-12,310529
U006623,O014411,566.73,2026-05-25,683974
U006623,O014412,837.49,2026-06-08,683974
U006624,O014413,297.55,2026-04-24,886104
U006624,O014414,536.99,2026-05-08,886104
U006625,O014415,845.36,2025-11-20,637011
U006625,O014416,613.96,2025-11-21,637011
U006625,O014417,596.42,2025-12-20,637011
U006626,O014418,401.33,2026-02-10,612997
U006626,O014419,857.83,2026-02-20,612997
U006628,O014420,49.0,2026-03-24,670177
U006628,O014421,489.29,2026-04-25,670177
U006628,O014422,907.44,2026-05-08,670177
U006629,O014423,467.32,2026-07-23,527231
U006630,O014424,350.71,2026-05-28,549669
U006631,O014425,447.99,2025-12-30,876691
U006631,O014426,531.21,2026-01-10,876691
U006631,O014427,739.38,2026-01-17,876691
U006631,O014428,645.99,2026-02-16,876691
U006632,O014429,319.92,2026-04-13,139816
U006633,O014430,585.6,2026-04-05,825185
U006633,O014431,859.22,2026-04-17,825185
U006633,O014432,49.0,2026-05-16,825185
U006634,O014433,846.46,2026-04-17,891326
U006634,O014434,523.07,2026-04-29,891326
U006634,O014435,311.68,2026-07-21,891326
U006635,O014436,665.56,2025-10-20,699260
U006635,O014437,401.5,2025-11-05,699260
U006636,O014438,662.24,2026-05-05,614014
U006636,O014439,1286.45,2026-06-12,614014
U006636,O014440,751.31,2026-06-25,614014
U006636,O014441,733.66,2026-07-01,614014
U006637,O014442,723.17,2026-08-19,612544
U006638,O014443,250.67,2025-11-15,146047
U006638,O014444,563.84,2025-12-21,146047
U006638,O014445,364.72,2026-02-17,146047
U006638,O014446,383.81,2026-04-02,146047
U006639,O014447,245.93,2026-03-23,323887
U006640,O014448,839.02,2026-06-11,533540
U006640,O014449,1304.77,2026-08-10,533540
U006640,O014450,699.84,2026-08-14,533540
U006642,O014451,1415.59,2026-01-18,157304
U006642,O014452,907.68,2026-03-05,157304
U006642,O014453,663.24,2026-03-15,157304
U006642,O014454,656.93,2026-03-23,157304
U006643,O014455,784.17,2026-05-11,232555
U006643,O014456,1214.42,2026-05-12,232555
U006643,O014457,616.0,2026-05-16,232555
U006644,O014458,910.28,2025-10-30,728952
U006644,O014459,468.59,2025-12-29,728952
U006644,O014460,1022.37,2026-02-12,728952
U006644,O014461,406.51,2026-02-15,728952
U006644,O014462,864.31,2026-02-28,728952
U006645,O014463,843.07,2026-01-05,307833
U006645,O014464,704.3,2026-01-15,307833
U006645,O014465,630.12,2026-07-30,307833
U006645,O014466,760.18,2026-07-31,307833
U006646,O014467,1229.64,2025-12-25,468367
U006646,O014468,667.98,2026-02-24,468367
U006646,O014469,733.81,2026-03-19,468367
U006647,O014470,759.84,2026-04-03,845369
U006649,O014471,412.89,2026-06-09,164827
U006649,O014472,431.36,2026-06-30,164827
U006649,O014473,853.53,2026-07-02,164827
U006649,O014474,501.97,2026-07-17,164827
U006650,O014475,277.0,2026-04-06,808572
U006650,O014476,792.13,2026-07-25,808572
U006651,O014477,603.7,2026-06-08,793053
U006652,O014478,690.9,2026-07-14,559188
U006652,O014479,1325.19,2026-07-25,559188
U006653,O014480,635.3,2026-08-09,388333
U006653,O014481,373.0,2026-08-16,388333
U006655,O014482,828.16,2025-12-22,276140
U006655,O014483,798.15,2026-01-05,276140
U006656,O014484,472.03,2025-10-27,890745
U006656,O014485,785.89,2025-12-21,890745
U006656,O014486,847.08,2026-02-09,890745
U006657,O014487,632.92,2026-07-31,170092
U006658,O014488,508.62,2025-11-19,730416
U006658,O014489,966.55,2026-01-05,730416
U006658,O014490,807.95,2026-01-13,730416
U006658,O014491,494.89,2026-02-08,730416
U006658,O014492,775.65,2026-02-25,730416
U006658,O014493,656.17,2026-05-04,730416
U006659,O014494,314.7,2026-07-03,304728
U006659,O014495,774.23,2026-08-22,304728
U006660,O014496,602.47,2026-07-12,555962
U006660,O014497,867.97,2026-08-12,555962
U006661,O014498,468.47,2026-05-18,159423
U006661,O014499,453.69,2026-05-28,159423
U006661,O014500,482.15,2026-06-01,159423
U006661,O014501,974.28,2026-07-17,159423
U006663,O014502,309.14,2026-08-02,398405
U006664,O014503,595.65,2026-06-19,425076
U006665,O014504,713.69,2025-11-10,582895
U006665,O014505,1102.39,2025-11-26,582895
U006665,O014506,551.88,2025-12-11,582895
U006666,O014507,243.28,2026-08-17,451827
U006666,O014508,1007.81,2026-08-21,451827
U006667,O014509,924.73,2026-06-04,644217
U006667,O014510,444.8,2026-07-20,644217
U006667,O014511,670.06,2026-08-01,644217
U006668,O014512,542.76,2025-10-25,474671
U006668,O014513,536.66,2025-11-04,474671
U006669,O014514,926.08,2026-01-18,366732
U006671,O014515,987.07,2026-08-06,499227
U006672,O014516,580.49,2026-07-30,580330
U006673,O014517,1441.46,2026-06-10,730050
U006673,O014518,628.27,2026-06-15,730050
U006673,O014519,1387.39,2026-06-22,730050
U006674,O014520,946.17,2025-10-18,397489
U006674,O014521,872.14,2025-10-22,397489
U006674,O014522,713.72,2026-01-23,397489
U006674,O014523,825.86,2026-01-29,397489
U006674,O014524,816.93,2026-02-24,397489
U006674,O014525,589.6,2026-03-13,397489
U006674,O014526,242.01,2026-04-18,397489
U006675,O014527,894.13,2026-02-10,690477
U006675,O014528,319.81,2026-05-25,690477
U006675,O014529,956.24,2026-08-12,690477
U006676,O014530,701.08,2026-07-08,209742
U006677,O014531,450.73,2026-05-22,427757
U006677,O014532,502.86,2026-06-23,427757
U006677,O014533,962.34,2026-07-05,427757
U006677,O014534,459.01,2026-08-02,427757
U006677,O014535,506.97,2026-08-03,427757
U006678,O014536,821.92,2025-09-08,292186
U006678,O014537,980.21,2026-01-06,292186
U006679,O014538,998.55,2026-07-05,716371
U006680,O014539,831.87,2026-06-22,506347
U006680,O014540,283.83,2026-06-28,506347
U006682,O014541,927.62,2026-08-09,101529
U006682,O014542,447.98,2026-08-21,101529
U006683,O014543,182.46,2026-05-30,295374
U006683,O014544,998.35,2026-06-30,295374
U006683,O014545,228.27,2026-07-12,295374
U006684,O014546,531.1,2025-11-18,375232
U006684,O014547,403.75,2026-01-19,375232
U006685,O014548,612.1,2026-07-18,865592
U006685,O014549,171.3,2026-07-22,865592
U006686,O014550,406.54,2026-04-22,283762
U006687,O014551,619.28,2026-03-09,425252
U006687,O014552,540.08,2026-04-12,425252
U006687,O014553,589.98,2026-04-16,425252
U006687,O014554,869.05,2026-05-26,425252
U006688,O014555,430.07,2026-06-05,683807
U006688,O014556,682.13,2026-07-10,683807
U006689,O014557,655.47,2025-09-24,183885
U006689,O014558,973.58,2025-09-25,183885
U006690,O014559,1140.6,2026-01-20,339396
U006690,O014560,1024.88,2026-02-23,339396
U006690,O014561,612.55,2026-04-05,339396
U006691,O014562,310.78,2026-03-05,742874
U006691,O014563,500.73,2026-04-02,742874
U006692,O014564,943.51,2025-12-24,599332
U006692,O014565,576.55,2026-01-15,599332
U006693,O014566,412.47,2026-04-26,762990
U006693,O014567,408.99,2026-06-06,762990
U006693,O014568,802.48,2026-06-20,762990
U006694,O014569,553.5,2025-12-08,454313
U006694,O014570,833.74,2026-02-07,454313
U006694,O014571,514.21,2026-02-18,454313
U006694,O014572,493.54,2026-02-20,454313
U006694,O014573,623.43,2026-02-28,454313
U006694,O014574,611.04,2026-03-21,454313
U006696,O014575,289.26,2025-11-11,351664
U006696,O014576,1038.21,2025-11-14,351664
U006696,O014577,525.95,2025-12-06,351664
U006697,O014578,940.06,2026-02-03,208944
U006698,O014579,555.45,2026-01-14,565995
U006698,O014580,826.36,2026-02-26,565995
U006699,O014581,585.68,2026-04-06,288656
U006699,O014582,347.77,2026-04-07,288656
U006700,O014583,810.49,2026-05-20,580054
U006700,O014584,910.25,2026-07-03,580054
U006701,O014585,765.1,2026-05-22,485383
U006701,O014586,408.29,2026-05-27,485383
U006702,O014587,551.73,2026-07-27,500752
U006703,O014588,1169.12,2026-03-30,874122
U006703,O014589,726.85,2026-04-20,874122
U006704,O014590,906.01,2026-07-14,273017
U006705,O014591,538.01,2025-11-17,211051
U006705,O014592,87.09,2026-01-11,211051
U006705,O014593,711.65,2026-04-07,211051
U006705,O014594,857.95,2026-07-16,211051
U006706,O014595,449.09,2026-08-26,665148
U006707,O014596,733.54,2025-12-22,154737
U006707,O014597,757.07,2026-01-14,154737
U006708,O014598,524.2,2026-05-17,419852
U006708,O014599,774.28,2026-06-02,419852
U006708,O014600,700.6,2026-06-13,419852
U006709,O014601,850.92,2026-07-07,896154
U006709,O014602,1074.08,2026-08-12,896154
U006710,O014603,49.0,2025-10-19,739140
U006710,O014604,319.54,2025-10-22,739140
U006711,O014605,429.8,2025-11-12,754212
U006711,O014606,280.25,2025-11-18,754212
U006711,O014607,1208.81,2026-01-18,754212
U006712,O014608,1065.52,2026-04-09,754167
U006712,O014609,1013.43,2026-04-15,754167
U006712,O014610,582.5,2026-06-13,754167
U006712,O014611,952.46,2026-07-12,754167
U006713,O014612,601.37,2026-07-09,426034
U006713,O014613,1092.07,2026-07-14,426034
U006713,O014614,514.95,2026-07-16,426034
U006714,O014615,476.5,2025-09-29,111425
U006714,O014616,545.13,2025-11-01,111425
U006715,O014617,49.0,2026-06-15,843781
U006716,O014618,1003.25,2026-01-15,141093
U006716,O014619,740.84,2026-02-21,141093
U006717,O014620,330.18,2026-03-30,227318
U006717,O014621,801.02,2026-04-06,227318
U006718,O014622,896.89,2026-08-11,426338
U006720,O014623,97.86,2025-09-16,644089
U006720,O014624,942.55,2025-11-11,644089
U006720,O014625,552.68,2025-11-24,644089
U006721,O014626,805.53,2026-05-06,436585
U006721,O014627,859.15,2026-05-21,436585
U006722,O014628,449.58,2025-10-31,264345
U006722,O014629,930.51,2025-11-09,264345
U006722,O014630,49.0,2025-12-02,264345
U006722,O014631,49.0,2025-12-19,264345
U006723,O014632,795.41,2026-08-03,290664
U006723,O014633,56.99,2026-08-13,290664
U006723,O014634,716.9,2026-08-23,290664
U006725,O014635,464.13,2026-01-05,220412
U006725,O014636,928.14,2026-01-30,220412
U006727,O014637,629.84,2026-06-28,177911
U006727,O014638,661.87,2026-07-22,177911
U006728,O014639,626.83,2025-09-30,807232
U006728,O014640,302.71,2025-10-18,807232
U006729,O014641,800.04,2026-01-11,710867
U006729,O014642,770.51,2026-01-27,710867
U006729,O014643,913.89,2026-02-17,710867
U006730,O014644,473.14,2025-12-09,172753
U006730,O014645,959.66,2026-01-17,172753
U006730,O014646,158.91,2026-01-18,172753
U006731,O014647,49.0,2025-12-11,601478
U006731,O014648,739.33,2026-01-03,601478
U006731,O014649,461.87,2026-02-01,601478
U006731,O014650,420.93,2026-02-14,601478
U006732,O014651,728.71,2025-11-05,146289
U006732,O014652,94.55,2025-12-03,146289
U006732,O014653,444.44,2026-02-11,146289
U006733,O014654,272.25,2026-08-08,847801
U006734,O014655,1123.55,2026-03-28,514910
U006734,O014656,84.87,2026-06-12,514910
U006736,O014657,185.97,2026-01-01,873040
U006736,O014658,857.23,2026-01-05,873040
U006736,O014659,407.1,2026-01-17,873040
U006736,O014660,1293.71,2026-01-19,873040
U006737,O014661,636.84,2026-03-15,208726
U006737,O014662,959.66,2026-03-23,208726
U006737,O014663,459.78,2026-04-01,208726
U006738,O014664,678.87,2025-11-08,316610
U006739,O014665,855.76,2026-01-06,295295
U006740,O014666,785.51,2026-07-17,549540
U006740,O014667,990.2,2026-08-05,549540
U006741,O014668,930.22,2026-07-11,656416
U006741,O014669,805.72,2026-07-31,656416
U006742,O014670,829.78,2026-02-24,864401
U006745,O014671,664.22,2026-02-23,848396
U006745,O014672,563.93,2026-03-15,848396
U006748,O014673,637.55,2026-06-04,896967
U006748,O014674,381.15,2026-06-24,896967
U006748,O014675,1186.67,2026-07-09,896967
U006748,O014676,442.3,2026-08-04,896967
U006749,O014677,598.7,2026-04-27,155657
U006749,O014678,827.0,2026-05-26,155657
U006749,O014679,234.57,2026-06-06,155657
U006750,O014680,616.29,2026-07-13,564684
U006750,O014681,1283.56,2026-08-13,564684
U006751,O014682,330.54,2026-05-04,880813
U006751,O014683,1041.32,2026-06-08,880813
U006751,O014684,532.91,2026-06-17,880813
U006751,O014685,1336.24,2026-06-22,880813
U006752,O014686,412.97,2026-08-01,347491
U006753,O014687,860.01,2026-06-29,855707
U006753,O014688,669.18,2026-08-11,855707
U006754,O014689,108.03,2026-02-02,565136
U006754,O014690,375.09,2026-02-26,565136
U006756,O014691,492.94,2026-03-31,684662
U006757,O014692,581.17,2026-04-05,823789
U006757,O014693,398.66,2026-05-22,823789
U006758,O014694,861.9,2026-02-15,875953
U006758,O014695,1031.39,2026-02-17,875953
U006759,O014696,1064.94,2026-03-01,866100
U006761,O014697,727.27,2026-03-31,595290
U006761,O014698,1340.84,2026-04-11,595290
U006761,O014699,549.36,2026-04-17,595290
U006762,O014700,464.63,2026-05-23,337582
U006762,O014701,426.99,2026-06-01,337582
U006762,O014702,92.72,2026-07-22,337582
U006763,O014703,741.17,2025-10-07,186667
U006763,O014704,384.05,2025-11-09,186667
U006763,O014705,708.55,2025-11-12,186667
U006764,O014706,1184.07,2025-12-16,328024
U006764,O014707,1026.13,2025-12-20,328024
U006764,O014708,565.09,2025-12-25,328024
U006765,O014709,1038.75,2026-01-31,828436
U006766,O014710,828.4,2025-10-14,151489
U006766,O014711,1141.49,2025-10-21,151489
U006767,O014712,1318.23,2026-07-18,843299
U006767,O014713,303.83,2026-07-20,843299
U006767,O014714,567.42,2026-08-05,843299
U006770,O014715,648.89,2026-06-28,181355
U006770,O014716,1120.97,2026-07-22,181355
U006770,O014717,417.13,2026-07-25,181355
U006770,O014718,864.64,2026-08-05,181355
U006771,O014719,324.03,2026-07-27,667677
U006772,O014720,1324.15,2025-10-06,620385
U006773,O014721,875.71,2026-01-29,394586
U006774,O014722,816.61,2026-08-15,489418
U006775,O014723,924.08,2025-10-12,125951
U006777,O014724,690.12,2026-01-01,307845
U006779,O014725,943.07,2025-10-26,416763
U006779,O014726,421.78,2025-12-10,416763
U006779,O014727,812.06,2026-01-04,416763
U006780,O014728,135.82,2026-08-04,850599
U006780,O014729,499.66,2026-08-05,850599
U006781,O014730,1352.01,2026-08-22,769300
U006782,O014731,535.5,2025-11-06,513138
U006782,O014732,344.04,2025-12-01,513138
U006783,O014733,671.39,2025-12-25,791742
U006784,O014734,1270.03,2026-01-08,343034
U006784,O014735,877.97,2026-01-23,343034
U006784,O014736,598.79,2026-02-16,343034
U006784,O014737,844.22,2026-02-21,343034
U006786,O014738,984.19,2025-12-11,707224
U006787,O014739,699.03,2026-02-11,641440
U006787,O014740,643.77,2026-02-13,641440
U006787,O014741,856.3,2026-05-29,641440
U006789,O014742,693.63,2026-05-27,257684
U006790,O014743,1710.81,2026-01-02,721223
U006790,O014744,1003.27,2026-02-27,721223
U006790,O014745,524.86,2026-03-17,721223
U006791,O014746,380.42,2026-02-08,155133
U006791,O014747,596.27,2026-05-28,155133
U006791,O014748,374.78,2026-06-08,155133
U006792,O014749,771.29,2026-04-26,181335
U006792,O014750,143.46,2026-05-09,181335
U006792,O014751,335.38,2026-06-23,181335
U006793,O014752,529.76,2026-07-15,789343
U006793,O014753,551.21,2026-08-21,789343
U006793,O014754,548.67,2026-08-26,789343
U006794,O014755,916.85,2026-03-28,251950
U006794,O014756,821.98,2026-04-04,251950
U006795,O014757,837.64,2026-08-23,200068
U006796,O014758,706.05,2025-09-27,309543
U006796,O014759,694.86,2025-09-28,309543
U006796,O014760,94.1,2025-12-25,309543
U006797,O014761,49.0,2026-02-24,695981
U006797,O014762,1443.92,2026-03-03,695981
U006798,O014763,1209.03,2026-01-04,792933
U006799,O014764,449.61,2026-05-01,110313
U006799,O014765,998.49,2026-05-08,110313
U006800,O014766,476.23,2025-11-16,762209
U006800,O014767,385.72,2025-12-20,762209
U006801,O014768,378.05,2026-04-04,397700
U006801,O014769,761.06,2026-04-11,397700
U006802,O014770,594.93,2026-07-27,295780
U006803,O014771,486.91,2025-11-03,214274
U006805,O014772,277.83,2026-06-29,758362
U006805,O014773,753.88,2026-07-17,758362
U006805,O014774,1065.65,2026-07-21,758362
U006805,O014775,296.79,2026-08-17,758362
U006806,O014776,416.26,2026-08-07,784328
U006806,O014777,402.6,2026-08-26,784328
U006807,O014778,403.23,2025-12-14,476165
U006807,O014779,255.65,2026-01-29,476165
U006807,O014780,886.79,2026-02-28,476165
U006807,O014781,608.04,2026-03-24,476165
U006807,O014782,923.3,2026-05-02,476165
U006807,O014783,768.52,2026-06-23,476165
U006808,O014784,143.55,2025-12-06,500643
U006808,O014785,872.7,2025-12-07,500643
U006808,O014786,926.43,2026-01-19,500643
U006808,O014787,632.65,2026-02-10,500643
U006809,O014788,303.44,2026-06-03,598881
U006810,O014789,1093.4,2026-08-13,147360
U006811,O014790,526.98,2026-02-05,142321
U006811,O014791,358.21,2026-02-09,142321
U006811,O014792,49.0,2026-02-10,142321
U006812,O014793,958.95,2026-03-03,687124
U006812,O014794,701.29,2026-03-19,687124
U006813,O014795,644.03,2026-06-05,819654
U006813,O014796,740.41,2026-07-26,819654
U006814,O014797,699.7,2026-02-07,367468
U006815,O014798,421.39,2025-10-31,885075
U006815,O014799,788.02,2025-12-12,885075
U006816,O014800,583.16,2025-11-09,559745
U006816,O014801,807.03,2025-12-08,559745
U006817,O014802,1277.47,2026-05-07,883596
U006817,O014803,682.78,2026-05-21,883596
U006817,O014804,769.77,2026-06-19,883596
U006818,O014805,790.14,2026-03-12,413602
U006818,O014806,622.17,2026-03-23,413602
U006818,O014807,690.64,2026-04-10,413602
U006818,O014808,443.04,2026-04-15,413602
U006819,O014809,49.0,2026-02-23,500943
U006819,O014810,1152.25,2026-02-27,500943
U006819,O014811,501.51,2026-03-01,500943
U006819,O014812,594.36,2026-03-11,500943
U006821,O014813,398.65,2026-05-22,250402
U006821,O014814,707.07,2026-08-21,250402
U006822,O014815,611.69,2025-10-03,492182
U006822,O014816,609.75,2025-12-04,492182
U006822,O014817,832.68,2025-12-25,492182
U006822,O014818,799.42,2026-01-07,492182
U006822,O014819,502.01,2026-01-25,492182
U006822,O014820,474.52,2026-01-28,492182
U006823,O014821,576.3,2026-02-15,837685
U006824,O014822,1043.09,2025-11-25,264849
U006825,O014823,988.08,2026-05-21,503154
U006825,O014824,739.66,2026-06-12,503154
U006826,O014825,315.33,2026-05-13,668674
U006826,O014826,1044.34,2026-06-24,668674
U006828,O014827,68.18,2026-03-10,705873
U006828,O014828,783.65,2026-04-27,705873
U006828,O014829,687.32,2026-06-29,705873
U006828,O014830,443.75,2026-07-16,705873
U006828,O014831,536.88,2026-08-02,705873
U006828,O014832,938.9,2026-08-11,705873
U006829,O014833,615.41,2025-09-21,451594
U006829,O014834,883.86,2025-12-17,451594
U006829,O014835,492.82,2026-01-09,451594
U006830,O014836,836.66,2025-10-29,470728
U006830,O014837,872.6,2025-11-01,470728
U006830,O014838,567.95,2025-11-23,470728
U006831,O014839,464.53,2026-05-26,826607
U006831,O014840,952.36,2026-08-18,826607
U006832,O014841,649.57,2025-12-13,282580
U006832,O014842,888.46,2026-02-13,282580
U006833,O014843,280.46,2026-04-16,202846
U006833,O014844,609.47,2026-04-18,202846
U006833,O014845,699.85,2026-04-24,202846
U006834,O014846,110.86,2026-01-25,640120
U006834,O014847,49.0,2026-02-19,640120
U006834,O014848,363.48,2026-02-26,640120
U006836,O014849,879.21,2026-05-12,254991
U006836,O014850,49.0,2026-06-07,254991
U006836,O014851,890.3,2026-06-14,254991
U006837,O014852,527.93,2025-09-20,794228
U006839,O014853,535.34,2026-05-15,858113
U006839,O014854,842.92,2026-05-26,858113
U006839,O014855,255.73,2026-06-16,858113
U006839,O014856,1065.29,2026-06-20,858113
U006840,O014857,536.27,2025-12-06,223275
U006840,O014858,783.73,2026-02-11,223275
U006841,O014859,1326.97,2026-03-01,365639
U006841,O014860,511.41,2026-03-06,365639
U006842,O014861,663.19,2026-07-16,286776
U006843,O014862,777.24,2026-03-29,344130
U006844,O014863,1074.57,2026-08-01,789606
U006844,O014864,535.61,2026-08-20,789606
U006845,O014865,928.46,2026-04-09,882184
U006846,O014866,303.04,2026-01-30,899216
U006846,O014867,807.42,2026-03-01,899216
U006847,O014868,680.55,2026-01-17,135296
U006847,O014869,285.74,2026-02-08,135296
U006847,O014870,775.11,2026-02-23,135296
U006847,O014871,1125.48,2026-04-01,135296
U006848,O014872,966.68,2025-10-27,588195
U006848,O014873,843.68,2025-11-22,588195
U006849,O014874,876.61,2026-01-08,103356
U006849,O014875,832.98,2026-01-10,103356
U006849,O014876,756.99,2026-01-22,103356
U006849,O014877,278.42,2026-02-05,103356
U006850,O014878,251.8,2026-04-01,502551
U006850,O014879,1286.43,2026-06-13,502551
U006850,O014880,233.13,2026-06-18,502551
U006851,O014881,636.11,2026-03-02,573772
U006853,O014882,580.22,2026-04-01,799750
U006854,O014883,639.67,2026-07-15,704318
U006855,O014884,373.9,2026-07-20,502591
U006856,O014885,291.9,2026-06-08,663848
U006856,O014886,392.8,2026-06-29,663848
U006856,O014887,327.56,2026-07-28,663848
U006857,O014888,351.41,2026-05-22,100795
U006857,O014889,954.23,2026-06-11,100795
U006857,O014890,234.44,2026-06-17,100795
U006857,O014891,620.8,2026-07-22,100795
U006857,O014892,576.82,2026-07-31,100795
U006857,O014893,407.31,2026-08-25,100795
U006858,O014894,350.02,2026-06-22,202156
U006859,O014895,446.73,2026-01-25,190009
U006859,O014896,502.06,2026-06-09,190009
U006860,O014897,750.2,2025-10-03,229702
U006862,O014898,453.14,2025-12-02,165809
U006862,O014899,673.72,2025-12-13,165809
U006862,O014900,568.16,2026-01-19,165809
U006862,O014901,175.05,2026-02-12,165809
U006862,O014902,828.9,2026-03-18,165809
U006862,O014903,197.45,2026-04-16,165809
U006863,O014904,482.11,2026-05-18,266702
U006863,O014905,432.65,2026-07-02,266702
U006863,O014906,1092.11,2026-07-16,266702
U006863,O014907,791.72,2026-08-10,266702
U006864,O014908,755.67,2025-11-28,114789
U006864,O014909,396.32,2025-12-10,114789
U006866,O014910,371.52,2026-08-23,541519
U006867,O014911,920.5,2025-10-26,122467
U006867,O014912,1115.41,2026-01-12,122467
U006867,O014913,565.82,2026-02-21,122467
U006867,O014914,771.43,2026-04-21,122467
U006868,O014915,463.62,2026-04-18,524736
U006869,O014916,513.03,2026-03-25,753902
U006869,O014917,436.76,2026-04-07,753902
U006869,O014918,563.17,2026-04-13,753902
U006869,O014919,544.79,2026-05-06,753902
U006870,O014920,431.87,2026-07-17,432435
U006870,O014921,335.23,2026-08-01,432435
U006871,O014922,397.51,2025-11-23,841699
U006871,O014923,1090.55,2026-01-01,841699
U006871,O014924,211.38,2026-01-13,841699
U006872,O014925,783.8,2025-10-26,596224
U006872,O014926,487.33,2025-11-07,596224
U006872,O014927,737.33,2025-11-10,596224
U006873,O014928,610.95,2025-12-04,404126
U006873,O014929,537.65,2025-12-19,404126
U006874,O014930,751.2,2026-02-18,788027
U006874,O014931,550.79,2026-03-14,788027
U006874,O014932,398.73,2026-03-27,788027
U006875,O014933,655.99,2026-03-25,134290
U006875,O014934,274.22,2026-04-10,134290
U006877,O014935,913.75,2026-04-28,286808
U006877,O014936,435.39,2026-05-02,286808
U006878,O014937,614.64,2025-12-09,135766
U006878,O014938,682.23,2025-12-11,135766
U006879,O014939,1514.9,2025-12-30,329860
U006881,O014940,609.48,2026-02-14,836201
U006881,O014941,599.0,2026-02-25,836201
U006881,O014942,640.69,2026-03-04,836201
U006881,O014943,540.17,2026-04-09,836201
U006881,O014944,781.31,2026-04-26,836201
U006882,O014945,559.05,2026-03-04,272759
U006882,O014946,713.37,2026-05-07,272759
U006882,O014947,535.98,2026-05-09,272759
U006883,O014948,697.95,2026-06-30,236890
U006883,O014949,481.92,2026-08-02,236890
U006884,O014950,816.93,2026-02-28,580856
U006884,O014951,665.85,2026-03-17,580856
U006885,O014952,506.27,2026-01-02,628333
U006887,O014953,805.21,2025-10-16,119453
U006887,O014954,703.6,2025-12-20,119453
U006887,O014955,182.85,2026-01-02,119453
U006888,O014956,961.21,2026-07-03,110636
U006888,O014957,282.26,2026-07-10,110636
U006889,O014958,56.4,2025-10-16,845342
U006890,O014959,370.13,2026-02-18,441782
U006890,O014960,316.13,2026-03-30,441782
U006890,O014961,420.09,2026-04-05,441782
U006890,O014962,508.72,2026-05-11,441782
U006891,O014963,1103.14,2026-07-22,506832
U006892,O014964,678.3,2025-10-23,866919
U006892,O014965,590.16,2025-12-16,866919
U006892,O014966,577.23,2025-12-23,866919
U006893,O014967,49.0,2025-10-12,285478
U006894,O014968,452.3,2026-02-20,653305
U006894,O014969,803.57,2026-04-13,653305
U006895,O014970,66.13,2025-12-14,633749
U006896,O014971,676.51,2026-03-02,641728
U006897,O014972,898.97,2025-11-12,872508
U006897,O014973,580.29,2025-11-24,872508
U006897,O014974,530.57,2025-11-27,872508
U006898,O014975,611.98,2025-12-10,868136
U006898,O014976,707.69,2026-01-04,868136
U006899,O014977,982.71,2026-01-22,652207
U006899,O014978,899.17,2026-01-30,652207
U006899,O014979,308.72,2026-02-18,652207
U006899,O014980,944.12,2026-03-29,652207
U006899,O014981,564.6,2026-04-16,652207
U006899,O014982,653.09,2026-05-07,652207
U006900,O014983,326.33,2026-06-15,256642
U006900,O014984,1039.69,2026-07-09,256642
U006901,O014985,554.4,2025-10-16,241966
U006901,O014986,790.46,2025-10-24,241966
U006904,O014987,1054.93,2026-02-10,206928
U006904,O014988,349.26,2026-03-18,206928
U006904,O014989,765.7,2026-03-24,206928
U006905,O014990,633.86,2026-01-15,653105
U006905,O014991,298.31,2026-01-25,653105
U006905,O014992,634.75,2026-04-12,653105
U006906,O014993,1043.58,2026-08-13,715059
U006907,O014994,650.44,2026-05-30,116375
U006907,O014995,906.04,2026-06-04,116375
U006907,O014996,1125.58,2026-06-29,116375
U006908,O014997,293.09,2026-07-12,489642
U006908,O014998,49.0,2026-08-21,489642
U006909,O014999,533.29,2026-06-23,451466
U006909,O015000,715.9,2026-07-05,451466
U006909,O015001,531.6,2026-07-17,451466
U006910,O015002,907.9,2026-04-13,676135
U006910,O015003,923.44,2026-05-11,676135
U006911,O015004,483.94,2026-06-12,687430
U006911,O015005,416.6,2026-06-22,687430
U006911,O015006,586.45,2026-07-26,687430
U006912,O015007,305.64,2026-07-23,106908
U006913,O015008,161.79,2025-09-08,578901
U006913,O015009,319.31,2025-09-14,578901
U006913,O015010,687.06,2025-09-15,578901
U006913,O015011,716.51,2025-09-17,578901
U006913,O015012,768.01,2025-10-23,578901
U006913,O015013,454.91,2025-11-14,578901
U006915,O015014,552.05,2026-07-30,225390
U006918,O015015,708.18,2026-04-09,313961
U006918,O015016,101.48,2026-04-30,313961
U006918,O015017,1285.22,2026-05-06,313961
U006918,O015018,776.78,2026-07-11,313961
U006918,O015019,876.58,2026-07-25,313961
U006918,O015020,456.15,2026-08-08,313961
U006922,O015021,655.94,2025-12-08,826570
U006922,O015022,346.91,2025-12-28,826570
U006923,O015023,880.6,2026-02-07,764411
U006923,O015024,620.01,2026-03-16,764411
U006924,O015025,247.05,2026-07-20,131320
U006925,O015026,552.68,2026-07-30,442568
U006926,O015027,978.19,2026-04-15,622424
U006926,O015028,413.92,2026-04-22,622424
U006926,O015029,916.9,2026-06-16,622424
U006928,O015030,1319.19,2026-01-22,479004
U006928,O015031,568.75,2026-02-25,479004
U006928,O015032,803.49,2026-03-08,479004
U006930,O015033,785.96,2025-12-10,770989
U006930,O015034,833.28,2026-01-26,770989
U006930,O015035,628.38,2026-02-24,770989
U006930,O015036,313.76,2026-03-05,770989
U006930,O015037,301.44,2026-03-15,770989
U006932,O015038,651.97,2026-04-20,712213
U006932,O015039,989.52,2026-04-24,712213
U006932,O015040,49.0,2026-05-12,712213
U006932,O015041,611.81,2026-05-31,712213
U006933,O015042,646.02,2026-06-15,699178
U006933,O015043,390.64,2026-08-14,699178
U006933,O015044,78.89,2026-08-17,699178
U006934,O015045,729.66,2026-01-20,549255
U006934,O015046,1247.2,2026-02-03,549255
U006934,O015047,499.97,2026-03-02,549255
U006935,O015048,837.02,2026-03-02,237510
U006936,O015049,722.66,2026-03-07,338567
U006937,O015050,402.52,2025-10-13,103360
U006938,O015051,1695.35,2025-12-31,895247
U006938,O015052,447.47,2026-01-15,895247
U006938,O015053,389.65,2026-03-11,895247
U006938,O015054,766.72,2026-06-02,895247
U006938,O015055,427.07,2026-06-04,895247
U006939,O015056,542.17,2026-03-01,262754
U006939,O015057,210.29,2026-03-23,262754
U006940,O015058,49.0,2026-01-20,374444
U006940,O015059,587.92,2026-01-21,374444
U006940,O015060,563.24,2026-02-07,374444
U006940,O015061,529.53,2026-03-15,374444
U006941,O015062,370.54,2025-10-22,385001
U006943,O015063,49.0,2026-04-11,792501
U006943,O015064,821.85,2026-05-01,792501
U006944,O015065,1034.81,2026-05-16,126569
U006945,O015066,597.23,2025-12-22,369436
U006945,O015067,600.52,2026-01-22,369436
U006947,O015068,540.92,2026-02-10,214703
U006947,O015069,1007.49,2026-02-19,214703
U006947,O015070,421.15,2026-04-11,214703
U006947,O015071,632.03,2026-04-22,214703
U006947,O015072,429.1,2026-05-29,214703
U006947,O015073,582.82,2026-06-15,214703
U006947,O015074,441.24,2026-07-07,214703
U006947,O015075,491.57,2026-08-20,214703
U006948,O015076,159.35,2026-05-15,630579
U006948,O015077,483.96,2026-08-13,630579
U006949,O015078,214.27,2026-05-18,504545
U006949,O015079,679.48,2026-07-14,504545
U006949,O015080,956.69,2026-07-31,504545
U006949,O015081,771.53,2026-08-12,504545
U006950,O015082,271.19,2026-04-15,341187
U006950,O015083,425.68,2026-05-11,341187
U006951,O015084,132.12,2026-01-28,794309
U006951,O015085,1085.51,2026-02-04,794309
U006951,O015086,1107.26,2026-02-05,794309
U006951,O015087,772.4,2026-02-25,794309
U006952,O015088,563.05,2026-08-23,768066
U006953,O015089,741.09,2025-12-28,442059
U006954,O015090,371.74,2025-10-17,622213
U006954,O015091,479.19,2025-10-27,622213
U006955,O015092,679.48,2025-11-01,107489
U006956,O015093,688.46,2026-04-21,473952
U006956,O015094,860.92,2026-04-29,473952
U006956,O015095,454.91,2026-05-11,473952
U006957,O015096,570.79,2026-08-23,717716
U006958,O015097,441.04,2025-10-15,755257
U006958,O015098,479.09,2025-11-07,755257
U006959,O015099,654.2,2026-06-13,684393
U006960,O015100,641.15,2026-06-21,183247
U006960,O015101,1194.05,2026-06-22,183247
U006960,O015102,756.69,2026-08-17,183247
U006961,O015103,49.0,2025-12-22,659934
U006962,O015104,507.32,2026-02-25,199880
U006962,O015105,314.65,2026-02-28,199880
U006962,O015106,1057.39,2026-04-12,199880
U006962,O015107,914.08,2026-04-16,199880
U006964,O015108,488.6,2025-09-27,156396
U006964,O015109,438.55,2025-11-28,156396
U006964,O015110,290.03,2026-01-12,156396
U006964,O015111,814.3,2026-01-21,156396
U006966,O015112,610.07,2026-06-23,570178
U006967,O015113,339.32,2026-02-05,408706
U006967,O015114,595.33,2026-02-06,408706
U006967,O015115,322.37,2026-03-01,408706
U006969,O015116,406.4,2026-01-23,639492
U006969,O015117,431.12,2026-03-23,639492
U006969,O015118,1070.92,2026-05-01,639492
U006969,O015119,756.97,2026-05-29,639492
U006969,O015120,303.83,2026-06-13,639492
U006970,O015121,645.15,2026-01-19,348551
U006970,O015122,361.25,2026-01-30,348551
U006971,O015123,633.27,2025-10-10,677041
U006972,O015124,1022.91,2025-11-14,835362
U006972,O015125,617.04,2025-11-25,835362
U006972,O015126,910.14,2026-05-16,835362
U006972,O015127,641.27,2026-06-08,835362
U006972,O015128,939.88,2026-06-24,835362
U006973,O015129,551.58,2025-12-15,734372
U006973,O015130,795.23,2026-01-07,734372
U006974,O015131,703.48,2025-09-28,899041
U006974,O015132,444.16,2026-01-01,899041
U006974,O015133,497.59,2026-01-07,899041
U006974,O015134,689.15,2026-02-17,899041
U006974,O015135,539.71,2026-03-16,899041
U006975,O015136,966.34,2026-03-08,413947
U006975,O015137,416.38,2026-04-10,413947
U006975,O015138,825.05,2026-04-19,413947
U006975,O015139,701.01,2026-05-01,413947
U006975,O015140,774.45,2026-05-28,413947
U006975,O015141,560.75,2026-07-29,413947
U006975,O015142,968.02,2026-08-13,413947
U006976,O015143,443.7,2026-04-05,526118
U006976,O015144,136.71,2026-05-01,526118
U006977,O015145,589.15,2026-04-10,717767
U006977,O015146,991.33,2026-07-09,717767
U006978,O015147,298.56,2026-01-01,681721
U006979,O015148,957.73,2026-04-29,378909
U006979,O015149,459.74,2026-05-13,378909
U006979,O015150,439.77,2026-06-03,378909
U006979,O015151,586.57,2026-06-16,378909
U006980,O015152,776.0,2025-09-22,504892
U006981,O015153,614.41,2025-10-09,715900
U006982,O015154,196.71,2026-08-09,726384
U006982,O015155,520.4,2026-08-20,726384
U006983,O015156,497.33,2026-01-27,829365
U006983,O015157,386.77,2026-02-08,829365
U006984,O015158,459.37,2026-02-04,301123
U006985,O015159,532.84,2026-01-28,363816
U006985,O015160,372.35,2026-05-13,363816
U006986,O015161,295.03,2026-04-19,659315
U006986,O015162,409.0,2026-04-22,659315
U006986,O015163,358.52,2026-05-07,659315
U006986,O015164,589.16,2026-05-08,659315
U006987,O015165,1151.5,2026-08-25,565850
U006988,O015166,764.87,2025-12-24,813077
U006990,O015167,88.68,2026-07-06,891020
U006990,O015168,876.52,2026-07-16,891020
U006993,O015169,637.19,2025-10-17,473525
U006993,O015170,49.0,2025-11-12,473525
U006993,O015171,550.08,2026-01-20,473525
U006993,O015172,812.32,2026-02-10,473525
U006994,O015173,1002.34,2026-04-24,318772
U006994,O015174,142.63,2026-06-30,318772
U006994,O015175,857.21,2026-07-06,318772
U006995,O015176,274.62,2026-03-08,525784
U006995,O015177,49.0,2026-03-14,525784
U006995,O015178,949.87,2026-05-19,525784
U006995,O015179,409.29,2026-05-22,525784
U006995,O015180,814.24,2026-05-24,525784
U006995,O015181,1067.79,2026-06-12,525784
U006996,O015182,1321.05,2025-10-31,491137
U006996,O015183,776.07,2025-11-08,491137
U006996,O015184,789.38,2026-03-31,491137
U006996,O015185,346.06,2026-05-03,491137
U006996,O015186,753.75,2026-05-18,491137
U006996,O015187,784.18,2026-06-26,491137
U006997,O015188,632.53,2026-07-05,737398
U006997,O015189,659.82,2026-07-08,737398
U006998,O015190,830.53,2025-11-17,229670
U006998,O015191,1053.98,2025-11-26,229670
U007000,O015192,672.0,2025-12-06,553885
U007000,O015193,524.68,2025-12-28,553885
U007000,O015194,495.87,2026-01-12,553885
U007000,O015195,746.57,2026-02-16,553885
U007001,O015196,372.01,2026-06-21,321218
U007003,O015197,982.5,2026-04-13,697907
U007003,O015198,800.0,2026-05-28,697907
U007004,O015199,223.51,2026-02-03,843327
U007004,O015200,756.31,2026-02-18,843327
U007004,O015201,496.29,2026-03-21,843327
U007007,O015202,763.39,2025-11-21,626382
U007008,O015203,698.17,2026-04-09,354454
U007008,O015204,783.45,2026-05-02,354454
U007008,O015205,657.65,2026-06-21,354454
U007008,O015206,614.9,2026-06-29,354454
U007009,O015207,1025.67,2025-09-08,491700
U007011,O015208,723.35,2026-04-10,273760
U007011,O015209,1080.38,2026-04-17,273760
U007013,O015210,282.56,2026-04-14,352805
U007013,O015211,148.12,2026-06-06,352805
U007013,O015212,569.84,2026-06-24,352805
U007013,O015213,1158.46,2026-06-27,352805
U007014,O015214,577.7,2026-01-31,468353
U007014,O015215,338.97,2026-02-07,468353
U007014,O015216,619.98,2026-02-13,468353
U007014,O015217,1102.9,2026-02-17,468353
U007015,O015218,538.89,2026-01-18,711006
U007015,O015219,455.17,2026-02-12,711006
U007016,O015220,413.38,2025-10-30,853801
U007016,O015221,527.73,2025-12-21,853801
U007018,O015222,505.12,2025-12-17,532243
U007019,O015223,427.99,2026-06-02,103969
U007019,O015224,792.89,2026-06-13,103969
U007022,O015225,297.61,2026-04-20,117456
U007023,O015226,719.88,2025-11-07,797109
U007026,O015227,504.83,2026-03-11,841300
U007026,O015228,675.56,2026-04-29,841300
U007026,O015229,873.88,2026-05-10,841300
U007027,O015230,1065.45,2026-07-14,665868
U007027,O015231,485.1,2026-08-07,665868
U007028,O015232,120.29,2025-10-19,875014
U007028,O015233,406.88,2025-12-07,875014
U007028,O015234,501.39,2025-12-16,875014
U007028,O015235,323.19,2026-01-15,875014
U007028,O015236,49.0,2026-01-25,875014
U007029,O015237,966.54,2026-03-01,616311
U007029,O015238,738.28,2026-04-08,616311
U007029,O015239,846.5,2026-04-12,616311
U007030,O015240,692.53,2026-08-14,280577
U007031,O015241,175.94,2026-08-16,332630
U007032,O015242,895.2,2026-01-24,467010
U007033,O015243,482.98,2026-06-13,550427
U007035,O015244,973.8,2026-01-20,833212
U007036,O015245,350.94,2026-05-14,787225
U007036,O015246,485.55,2026-07-16,787225
U007036,O015247,1551.54,2026-07-26,787225
U007036,O015248,846.44,2026-08-16,787225
U007037,O015249,97.54,2026-01-26,218758
U007037,O015250,909.73,2026-01-28,218758
U007037,O015251,780.27,2026-03-18,218758
U007038,O015252,501.35,2026-07-25,350080
U007039,O015253,828.51,2026-02-22,704939
U007039,O015254,397.91,2026-03-05,704939
U007039,O015255,124.08,2026-03-30,704939
U007040,O015256,479.17,2025-12-24,277681
U007040,O015257,616.99,2025-12-25,277681
U007040,O015258,522.35,2026-03-30,277681
U007041,O015259,921.67,2026-01-30,123825
U007041,O015260,1218.75,2026-02-01,123825
U007042,O015261,413.4,2026-02-09,766124
U007043,O015262,1107.17,2026-05-23,563881
U007043,O015263,533.02,2026-05-29,563881
U007043,O015264,802.81,2026-06-08,563881
U007043,O015265,890.07,2026-07-19,563881
U007043,O015266,1479.15,2026-07-23,563881
U007044,O015267,449.04,2026-04-12,365774
U007044,O015268,745.88,2026-05-08,365774
U007046,O015269,294.45,2026-05-09,229499
U007046,O015270,344.38,2026-06-15,229499
U007047,O015271,766.04,2026-06-18,204337
U007048,O015272,628.4,2026-01-06,142213
U007049,O015273,1093.29,2026-05-19,524062
U007049,O015274,655.37,2026-06-16,524062
U007050,O015275,49.0,2026-04-27,125523
U007050,O015276,701.36,2026-05-24,125523
U007050,O015277,710.97,2026-06-01,125523
U007050,O015278,664.46,2026-07-31,125523
U007050,O015279,269.85,2026-08-22,125523
U007051,O015280,569.83,2026-01-22,675101
U007051,O015281,943.11,2026-02-22,675101
U007051,O015282,757.21,2026-05-07,675101
U007052,O015283,365.3,2026-05-05,205623
U007053,O015284,754.12,2026-01-26,767882
U007053,O015285,384.9,2026-01-27,767882
U007054,O015286,1190.07,2026-01-17,530057
U007054,O015287,501.65,2026-04-03,530057
U007054,O015288,955.99,2026-07-19,530057
U007056,O015289,857.35,2025-09-27,361643
U007056,O015290,1391.44,2025-11-02,361643
U007056,O015291,916.06,2025-11-25,361643
U007056,O015292,267.85,2026-01-05,361643
U007057,O015293,801.0,2026-06-09,242830
U007057,O015294,914.29,2026-08-15,242830
U007058,O015295,1052.08,2026-05-29,821540
U007058,O015296,1170.55,2026-06-11,821540
U007058,O015297,1134.59,2026-06-26,821540
U007058,O015298,1156.43,2026-08-10,821540
U007059,O015299,599.09,2026-04-29,851919
U007060,O015300,1109.88,2026-03-13,230032
U007060,O015301,909.31,2026-03-23,230032
U007060,O015302,277.14,2026-03-31,230032
U007060,O015303,838.34,2026-04-16,230032
U007060,O015304,483.71,2026-05-08,230032
U007060,O015305,535.73,2026-05-16,230032
U007060,O015306,685.0,2026-06-08,230032
U007061,O015307,1100.22,2026-02-18,615529
U007061,O015308,721.82,2026-04-15,615529
U007061,O015309,73.12,2026-06-11,615529
U007062,O015310,280.67,2025-10-30,801914
U007063,O015311,734.55,2026-02-10,223176
U007063,O015312,1033.16,2026-02-17,223176
U007063,O015313,935.72,2026-06-01,223176
U007063,O015314,551.25,2026-06-18,223176
U007063,O015315,419.53,2026-07-05,223176
U007064,O015316,614.97,2025-11-14,618211
U007064,O015317,1084.26,2025-11-19,618211
U007064,O015318,447.52,2025-11-20,618211
U007065,O015319,481.35,2026-04-23,663157
U007065,O015320,730.19,2026-04-28,663157
U007066,O015321,1098.08,2026-05-08,160824
U007066,O015322,212.96,2026-06-01,160824
U007066,O015323,1418.32,2026-07-12,160824
U007067,O015324,545.77,2025-12-24,164169
U007067,O015325,664.32,2026-01-20,164169
U007068,O015326,151.47,2026-08-02,509717
U007070,O015327,305.16,2025-09-14,728301
U007072,O015328,49.0,2025-12-11,427937
U007073,O015329,473.48,2025-12-29,397972
U007073,O015330,591.34,2026-01-06,397972
U007073,O015331,1024.09,2026-02-12,397972
U007073,O015332,603.7,2026-03-10,397972
U007073,O015333,364.38,2026-04-14,397972
U007074,O015334,708.97,2026-01-20,165620
U007076,O015335,49.0,2025-12-28,858122
U007076,O015336,512.79,2026-08-08,858122
U007076,O015337,719.53,2026-08-16,858122
U007077,O015338,560.63,2026-07-28,267783
U007078,O015339,522.11,2025-12-06,759833
U007078,O015340,1240.87,2025-12-25,759833
U007078,O015341,49.0,2026-02-22,759833
U007078,O015342,547.5,2026-04-30,759833
U007079,O015343,222.04,2026-04-14,499975
U007079,O015344,350.79,2026-05-03,499975
U007079,O015345,729.85,2026-06-07,499975
U007080,O015346,1112.41,2026-08-18,488394
U007081,O015347,523.67,2026-07-06,643784
U007082,O015348,869.56,2025-09-23,178438
U007082,O015349,849.59,2025-10-22,178438
U007083,O015350,412.96,2025-12-06,150001
U007083,O015351,722.89,2026-01-24,150001
U007083,O015352,1065.02,2026-02-26,150001
U007085,O015353,716.89,2026-01-18,381402
U007085,O015354,1340.72,2026-02-01,381402
U007085,O015355,365.04,2026-03-04,381402
U007086,O015356,818.2,2026-03-07,408064
U007086,O015357,903.77,2026-05-25,408064
U007086,O015358,702.54,2026-07-31,408064
U007087,O015359,744.38,2025-11-05,144738
U007087,O015360,627.08,2025-12-22,144738
U007087,O015361,49.0,2025-12-27,144738
U007087,O015362,528.0,2026-01-30,144738
U007087,O015363,1166.15,2026-02-06,144738
U007087,O015364,798.46,2026-03-25,144738
U007087,O015365,601.08,2026-04-05,144738
U007088,O015366,739.69,2026-02-13,447753
U007089,O015367,346.95,2026-08-02,606402
U007089,O015368,610.59,2026-08-05,606402
U007091,O015369,480.05,2026-05-13,807058
U007091,O015370,738.3,2026-05-26,807058
U007091,O015371,49.0,2026-06-18,807058
U007093,O015372,254.31,2025-11-16,812109
U007094,O015373,786.23,2026-04-16,109225
U007094,O015374,651.32,2026-07-07,109225
U007095,O015375,990.55,2025-10-12,697467
U007095,O015376,1130.71,2025-11-24,697467
U007096,O015377,890.44,2026-03-22,608467
U007096,O015378,386.65,2026-03-24,608467
U007096,O015379,368.92,2026-04-11,608467
U007096,O015380,724.25,2026-04-13,608467
U007096,O015381,798.54,2026-04-16,608467
U007097,O015382,140.68,2025-12-26,444246
U007097,O015383,517.18,2026-01-20,444246
U007097,O015384,345.13,2026-01-29,444246
U007098,O015385,589.9,2026-03-10,337760
U007099,O015386,431.36,2026-02-04,540400
U007099,O015387,614.08,2026-02-05,540400
U007099,O015388,592.06,2026-03-15,540400
U007100,O015389,429.2,2025-11-12,655368
U007101,O015390,756.4,2026-04-08,513887
U007101,O015391,217.71,2026-07-10,513887
U007102,O015392,272.75,2026-07-05,386872
U007103,O015393,908.11,2026-04-21,478125
U007103,O015394,1255.88,2026-06-15,478125
U007104,O015395,476.61,2026-04-02,291054
U007104,O015396,473.21,2026-04-28,291054
U007104,O015397,561.08,2026-06-27,291054
U007104,O015398,864.58,2026-08-18,291054
U007105,O015399,978.05,2025-11-08,724582
U007105,O015400,1179.86,2025-11-14,724582
U007105,O015401,820.98,2026-02-16,724582
U007106,O015402,594.06,2026-06-05,652815
U007106,O015403,1131.2,2026-06-12,652815
U007106,O015404,49.0,2026-07-08,652815
U007107,O015405,936.25,2026-03-18,367794
U007109,O015406,647.94,2026-01-19,738920
U007109,O015407,628.63,2026-03-25,738920
U007109,O015408,484.57,2026-04-12,738920
U007109,O015409,1085.72,2026-06-09,738920
U007111,O015410,957.19,2026-01-07,661934
U007111,O015411,587.65,2026-03-30,661934
U007111,O015412,921.02,2026-04-06,661934
U007112,O015413,441.06,2026-02-18,693325
U007112,O015414,518.17,2026-03-17,693325
U007113,O015415,410.87,2025-12-24,439159
U007114,O015416,486.13,2026-08-08,535969
U007115,O015417,592.82,2025-10-22,801161
U007115,O015418,1161.0,2025-10-28,801161
U007116,O015419,505.73,2026-07-01,462693
U007117,O015420,437.67,2026-01-24,564119
U007117,O015421,241.4,2026-01-27,564119
U007117,O015422,1272.41,2026-02-16,564119
U007118,O015423,764.88,2026-06-12,605212
U007118,O015424,1026.58,2026-06-23,605212
U007120,O015425,233.07,2026-03-13,506736
U007120,O015426,621.28,2026-06-15,506736
U007120,O015427,1142.4,2026-08-04,506736
U007120,O015428,818.19,2026-08-23,506736
U007121,O015429,278.11,2026-03-13,452254
U007121,O015430,868.43,2026-03-31,452254
U007121,O015431,537.96,2026-04-06,452254
U007123,O015432,563.13,2025-09-26,225239
U007123,O015433,492.03,2025-12-09,225239
U007123,O015434,683.13,2025-12-24,225239
U007123,O015435,658.92,2025-12-28,225239
U007123,O015436,921.04,2026-02-12,225239
U007124,O015437,819.65,2025-11-22,369179
U007124,O015438,543.43,2026-01-01,369179
U007124,O015439,487.35,2026-02-04,369179
U007125,O015440,478.86,2025-12-13,420720
U007125,O015441,49.86,2026-01-03,420720
U007127,O015442,351.56,2026-05-25,653023
U007127,O015443,743.35,2026-07-22,653023
U007127,O015444,671.63,2026-08-07,653023
U007128,O015445,289.82,2026-02-07,239961
U007129,O015446,518.6,2026-01-10,319308
U007130,O015447,570.46,2026-06-07,659865
U007130,O015448,663.22,2026-07-28,659865
U007131,O015449,612.48,2026-05-17,252007
U007131,O015450,893.65,2026-05-31,252007
U007131,O015451,200.5,2026-06-15,252007
U007131,O015452,606.03,2026-07-17,252007
U007132,O015453,1087.65,2026-05-23,136543
U007132,O015454,803.18,2026-06-06,136543
U007132,O015455,582.97,2026-06-20,136543
U007133,O015456,465.33,2026-03-26,293214
U007133,O015457,1078.27,2026-04-15,293214
U007133,O015458,131.2,2026-04-28,293214
U007133,O015459,526.1,2026-05-31,293214
U007133,O015460,1337.16,2026-06-04,293214
U007133,O015461,1052.44,2026-06-12,293214
U007134,O015462,400.17,2026-04-22,355061
U007134,O015463,763.96,2026-04-29,355061
U007135,O015464,333.63,2026-07-06,828224
U007135,O015465,711.1,2026-07-22,828224
U007137,O015466,984.58,2025-11-18,684325
U007137,O015467,921.09,2025-11-22,684325
U007137,O015468,515.6,2025-12-05,684325
U007138,O015469,551.98,2025-11-29,175684
U007139,O015470,483.77,2025-10-13,171377
U007139,O015471,939.16,2025-11-03,171377
U007140,O015472,380.63,2026-07-25,269405
U007140,O015473,234.36,2026-08-02,269405
U007140,O015474,609.96,2026-08-23,269405
U007141,O015475,634.41,2026-05-27,796941
U007143,O015476,1369.78,2025-09-27,841486
U007143,O015477,1226.52,2025-10-15,841486
U007145,O015478,384.96,2026-01-08,472606
U007145,O015479,984.57,2026-01-25,472606
U007146,O015480,372.01,2025-09-29,183726
U007146,O015481,548.22,2025-12-01,183726
U007147,O015482,811.44,2025-11-28,865409
U007147,O015483,89.74,2025-12-02,865409
U007147,O015484,533.24,2026-02-17,865409
U007147,O015485,737.45,2026-02-27,865409
U007147,O015486,947.41,2026-03-05,865409
U007148,O015487,632.97,2026-07-03,291076
U007148,O015488,1392.28,2026-07-15,291076
U007148,O015489,854.76,2026-07-18,291076
U007149,O015490,49.0,2025-09-18,183871
U007149,O015491,769.27,2025-09-26,183871
U007149,O015492,585.86,2026-01-08,183871
U007149,O015493,979.94,2026-03-11,183871
U007150,O015494,1226.41,2026-01-08,849636
U007150,O015495,764.84,2026-03-06,849636
U007150,O015496,529.97,2026-03-14,849636
U007150,O015497,386.44,2026-03-24,849636
U007151,O015498,748.8,2026-04-20,287249
U007151,O015499,288.99,2026-05-29,287249
U007152,O015500,612.83,2026-05-31,190163
U007153,O015501,469.6,2025-10-03,507141
U007153,O015502,464.66,2025-10-06,507141
U007154,O015503,508.69,2026-03-17,553045
U007155,O015504,836.96,2025-11-16,450464
U007155,O015505,832.34,2025-11-29,450464
U007156,O015506,409.82,2026-08-11,128261
U007157,O015507,832.09,2026-08-06,397685
U007158,O015508,1079.97,2025-10-16,239938
U007158,O015509,831.26,2025-12-01,239938
U007158,O015510,371.33,2025-12-18,239938
U007158,O015511,971.46,2025-12-23,239938
U007158,O015512,49.0,2025-12-27,239938
U007159,O015513,685.29,2026-08-02,507816
U007159,O015514,694.42,2026-08-22,507816
U007160,O015515,632.93,2026-02-21,300611
U007160,O015516,735.84,2026-04-11,300611
U007160,O015517,838.85,2026-05-06,300611
U007160,O015518,691.69,2026-05-13,300611
U007160,O015519,798.68,2026-05-17,300611
U007161,O015520,189.51,2026-03-17,837616
U007161,O015521,558.18,2026-03-27,837616
U007161,O015522,831.01,2026-05-18,837616
U007162,O015523,730.07,2025-12-16,713732
U007162,O015524,473.99,2026-01-27,713732
U007163,O015525,538.07,2025-11-06,391462
U007163,O015526,381.2,2025-12-03,391462
U007164,O015527,563.38,2026-06-14,438484
U007165,O015528,1490.47,2026-02-24,216855
U007165,O015529,256.45,2026-03-14,216855
U007165,O015530,543.55,2026-03-19,216855
U007166,O015531,298.21,2026-06-29,480329
U007166,O015532,449.09,2026-08-17,480329
U007167,O015533,1034.55,2026-04-05,639448
U007167,O015534,693.32,2026-04-12,639448
U007167,O015535,1009.95,2026-04-27,639448
U007168,O015536,674.6,2026-01-23,407017
U007168,O015537,959.4,2026-05-15,407017
U007170,O015538,540.47,2026-07-28,656889
U007171,O015539,710.17,2026-03-06,463105
U007171,O015540,957.0,2026-03-15,463105
U007171,O015541,1008.5,2026-03-27,463105
U007172,O015542,690.21,2026-05-07,455884
U007172,O015543,691.07,2026-06-01,455884
U007172,O015544,487.68,2026-06-08,455884
U007173,O015545,834.07,2026-01-20,569171
U007173,O015546,704.71,2026-01-28,569171
U007173,O015547,573.88,2026-02-27,569171
U007175,O015548,943.77,2025-12-12,616307
U007175,O015549,475.86,2026-01-24,616307
U007176,O015550,898.08,2026-03-06,536103
U007177,O015551,364.02,2026-07-03,502851
U007178,O015552,417.66,2026-01-07,434742
U007179,O015553,49.0,2026-06-24,320279
U007179,O015554,751.83,2026-06-26,320279
U007181,O015555,476.83,2026-06-30,133892
U007182,O015556,88.5,2026-07-23,837617
U007182,O015557,778.3,2026-08-12,837617
U007182,O015558,688.45,2026-08-17,837617
U007186,O015559,1183.29,2026-01-29,206354
U007186,O015560,989.35,2026-02-18,206354
U007186,O015561,604.72,2026-02-25,206354
U007187,O015562,825.49,2026-02-17,462913
U007187,O015563,678.83,2026-02-27,462913
U007188,O015564,516.06,2026-07-22,737531
U007188,O015565,1391.56,2026-08-11,737531
U007188,O015566,579.12,2026-08-20,737531
U007189,O015567,664.3,2026-01-31,506363
U007189,O015568,724.98,2026-02-16,506363
U007190,O015569,54.61,2026-03-17,895953
U007190,O015570,516.28,2026-03-27,895953
U007191,O015571,733.94,2026-03-17,510667
U007191,O015572,438.72,2026-04-09,510667
U007192,O015573,656.63,2026-04-28,728403
U007193,O015574,893.94,2025-12-22,779315
U007194,O015575,256.59,2026-03-28,145171
U007194,O015576,1158.21,2026-04-14,145171
U007194,O015577,311.89,2026-05-22,145171
U007195,O015578,606.89,2026-07-30,633059
U007196,O015579,1102.18,2026-03-04,679039
U007196,O015580,555.05,2026-06-17,679039
U007198,O015581,890.85,2026-03-12,203563
U007198,O015582,828.55,2026-04-14,203563
U007198,O015583,905.83,2026-05-06,203563
U007198,O015584,768.38,2026-07-31,203563
U007199,O015585,1197.77,2026-05-16,608245
U007199,O015586,754.39,2026-05-17,608245
U007199,O015587,670.92,2026-07-10,608245
U007200,O015588,670.87,2026-06-16,888095
U007200,O015589,862.41,2026-07-30,888095
U007201,O015590,867.2,2025-12-17,857525
U007201,O015591,358.9,2025-12-26,857525
U007202,O015592,588.81,2026-05-17,839643
U007204,O015593,900.72,2025-10-04,641828
U007204,O015594,643.94,2025-10-11,641828
U007204,O015595,470.34,2025-10-27,641828
U007204,O015596,901.0,2025-11-23,641828
U007205,O015597,1146.84,2025-11-10,837128
U007205,O015598,606.28,2025-11-11,837128
U007205,O015599,679.18,2025-12-07,837128
U007205,O015600,481.96,2025-12-21,837128
U007206,O015601,922.05,2026-04-01,526929
U007206,O015602,591.12,2026-04-10,526929
U007207,O015603,756.9,2025-11-01,739557
U007207,O015604,703.9,2025-11-24,739557
U007208,O015605,833.64,2026-08-17,338674
U007208,O015606,456.06,2026-08-19,338674
U007209,O015607,277.84,2026-01-12,742564
U007209,O015608,265.67,2026-01-20,742564
U007209,O015609,848.86,2026-02-13,742564
U007210,O015610,49.0,2026-06-07,432336
U007210,O015611,335.62,2026-07-12,432336
U007210,O015612,206.33,2026-07-19,432336
U007211,O015613,1211.27,2026-04-17,546477
U007212,O015614,1253.04,2025-10-17,804000
U007212,O015615,430.2,2025-11-10,804000
U007213,O015616,590.13,2025-11-24,803741
U007213,O015617,1186.14,2025-12-05,803741
U007214,O015618,474.67,2026-02-25,805022
U007215,O015619,822.86,2026-08-08,407861
U007215,O015620,928.48,2026-08-10,407861
U007215,O015621,273.22,2026-08-12,407861
U007216,O015622,206.54,2026-05-12,768309
U007217,O015623,572.4,2026-07-30,807505
U007217,O015624,49.0,2026-08-23,807505
U007218,O015625,486.07,2026-07-13,807902
U007218,O015626,537.71,2026-07-15,807902
U007218,O015627,285.48,2026-07-23,807902
U007219,O015628,721.62,2025-12-25,841796
U007220,O015629,477.65,2026-01-25,617148
U007221,O015630,179.83,2026-06-02,785979
U007221,O015631,711.68,2026-06-18,785979
U007221,O015632,515.68,2026-06-22,785979
U007221,O015633,645.28,2026-07-09,785979
U007222,O015634,612.32,2026-03-18,446725
U007222,O015635,640.79,2026-05-02,446725
U007223,O015636,1046.75,2026-02-15,551207
U007223,O015637,637.16,2026-04-05,551207
U007224,O015638,312.36,2026-06-13,793214
U007224,O015639,294.04,2026-07-22,793214
U007225,O015640,1270.69,2026-01-04,247961
U007225,O015641,749.01,2026-01-24,247961
U007225,O015642,571.97,2026-01-29,247961
U007225,O015643,144.94,2026-04-16,247961
U007226,O015644,521.99,2026-08-20,679058
U007228,O015645,1245.95,2026-06-16,672055
U007229,O015646,1014.59,2026-01-07,806817
U007229,O015647,1021.98,2026-01-10,806817
U007229,O015648,887.4,2026-01-25,806817
U007230,O015649,845.48,2026-06-09,756442
U007230,O015650,712.99,2026-06-19,756442
U007230,O015651,224.88,2026-08-26,756442
U007231,O015652,464.78,2025-11-25,478976
U007232,O015653,581.47,2026-08-02,692880
U007232,O015654,360.82,2026-08-12,692880
U007233,O015655,519.67,2026-03-20,771961
U007234,O015656,1040.58,2026-04-12,139111
U007234,O015657,853.31,2026-04-28,139111
U007234,O015658,901.96,2026-05-07,139111
U007235,O015659,825.76,2025-12-24,197038
U007238,O015660,322.99,2026-06-28,686638
U007240,O015661,350.95,2025-10-08,554484
U007240,O015662,432.11,2025-12-03,554484
U007241,O015663,498.31,2026-08-11,852284
U007242,O015664,1232.49,2026-01-29,232239
U007242,O015665,844.94,2026-02-13,232239
U007242,O015666,823.59,2026-02-16,232239
U007242,O015667,986.43,2026-03-24,232239
U007242,O015668,608.09,2026-04-02,232239
U007242,O015669,327.02,2026-04-11,232239
U007243,O015670,572.91,2026-03-16,553708
U007243,O015671,284.54,2026-03-24,553708
U007243,O015672,653.64,2026-04-08,553708
U007245,O015673,532.53,2026-08-07,147034
U007247,O015674,714.17,2026-04-24,490329
U007247,O015675,645.76,2026-06-26,490329
U007247,O015676,640.3,2026-06-27,490329
U007247,O015677,796.69,2026-07-04,490329
U007248,O015678,470.49,2025-12-21,898110
U007248,O015679,838.94,2025-12-28,898110
U007249,O015680,1005.8,2026-01-09,370511
U007249,O015681,395.46,2026-04-11,370511
U007250,O015682,1041.35,2026-01-05,498838
U007250,O015683,1112.25,2026-01-31,498838
U007251,O015684,526.12,2026-08-05,467784
U007252,O015685,490.51,2026-02-27,715814
U007252,O015686,394.6,2026-03-10,715814
U007253,O015687,283.62,2026-03-11,527754
U007253,O015688,863.29,2026-04-02,527754
U007253,O015689,759.19,2026-04-03,527754
U007254,O015690,829.05,2026-04-24,543104
U007255,O015691,561.53,2026-03-29,318053
U007255,O015692,993.25,2026-04-01,318053
U007255,O015693,839.74,2026-04-04,318053
U007256,O015694,287.49,2025-10-15,459413
U007257,O015695,472.21,2025-09-18,635343
U007257,O015696,1150.32,2025-10-11,635343
U007257,O015697,506.59,2025-12-09,635343
U007258,O015698,531.95,2026-05-25,454905
U007258,O015699,619.64,2026-06-06,454905
U007258,O015700,258.04,2026-06-22,454905
U007259,O015701,783.07,2026-05-17,299063
U007260,O015702,624.35,2026-08-08,602844
U007260,O015703,447.59,2026-08-12,602844
U007261,O015704,505.3,2025-11-04,717643
U007261,O015705,926.16,2025-11-06,717643
U007261,O015706,555.63,2026-01-05,717643
U007262,O015707,704.59,2026-05-24,480394
U007262,O015708,675.47,2026-05-26,480394
U007264,O015709,505.58,2026-02-22,200321
U007264,O015710,822.46,2026-03-23,200321
U007264,O015711,626.64,2026-04-19,200321
U007264,O015712,699.86,2026-07-09,200321
U007264,O015713,613.13,2026-08-02,200321
U007265,O015714,841.09,2025-12-18,239101
U007266,O015715,711.81,2025-12-10,754731
U007267,O015716,830.25,2026-04-26,872881
U007267,O015717,313.74,2026-06-28,872881
U007267,O015718,828.17,2026-07-01,872881
U007267,O015719,1299.05,2026-07-08,872881
U007267,O015720,991.78,2026-07-17,872881
U007268,O015721,669.44,2026-05-11,775625
U007269,O015722,1182.88,2026-05-08,751581
U007269,O015723,68.4,2026-06-21,751581
U007269,O015724,894.94,2026-07-16,751581
U007270,O015725,751.01,2026-02-03,646051
U007270,O015726,903.0,2026-02-07,646051
U007271,O015727,298.52,2026-08-26,842443
U007272,O015728,49.0,2026-01-05,506248
U007272,O015729,717.17,2026-01-28,506248
U007272,O015730,578.99,2026-01-30,506248
U007272,O015731,49.0,2026-02-05,506248
U007273,O015732,1076.37,2026-05-12,169666
U007273,O015733,160.42,2026-05-13,169666
U007273,O015734,645.96,2026-05-22,169666
U007274,O015735,401.43,2025-11-22,468149
U007274,O015736,797.16,2025-12-08,468149
U007275,O015737,1344.1,2026-02-27,595441
U007275,O015738,869.53,2026-03-01,595441
U007275,O015739,639.69,2026-07-04,595441
U007276,O015740,961.82,2026-07-13,402424
U007276,O015741,266.05,2026-07-16,402424
U007276,O015742,642.91,2026-07-20,402424
U007276,O015743,441.9,2026-08-06,402424
U007276,O015744,89.43,2026-08-18,402424
U007277,O015745,487.49,2025-11-20,682024
U007277,O015746,854.95,2025-12-05,682024
U007278,O015747,300.02,2026-03-18,258447
U007278,O015748,559.8,2026-06-26,258447
U007279,O015749,393.3,2026-06-20,571037
U007279,O015750,849.31,2026-07-28,571037
U007280,O015751,1003.37,2026-06-22,480110
U007280,O015752,592.29,2026-07-01,480110
U007280,O015753,804.44,2026-07-15,480110
U007282,O015754,668.0,2026-06-10,538896
U007282,O015755,1022.37,2026-07-08,538896
U007283,O015756,448.3,2026-08-23,544928
U007284,O015757,772.5,2026-01-22,682481
U007284,O015758,667.88,2026-02-05,682481
U007284,O015759,655.25,2026-02-12,682481
U007285,O015760,735.18,2026-03-31,719923
U007285,O015761,740.43,2026-04-13,719923
U007286,O015762,729.92,2026-05-15,283124
U007286,O015763,787.93,2026-05-25,283124
U007286,O015764,1119.17,2026-07-16,283124
U007286,O015765,939.45,2026-07-19,283124
U007286,O015766,1228.39,2026-08-15,283124
U007287,O015767,868.76,2026-07-03,110256
U007287,O015768,578.52,2026-07-20,110256
U007288,O015769,411.48,2025-09-23,173347
U007288,O015770,665.4,2025-10-13,173347
U007288,O015771,807.4,2025-10-28,173347
U007289,O015772,1062.54,2025-12-05,209370
U007289,O015773,756.46,2025-12-09,209370
U007289,O015774,954.3,2026-01-04,209370
U007289,O015775,512.01,2026-01-18,209370
U007290,O015776,360.86,2026-06-29,157148
U007291,O015777,475.75,2025-11-30,717373
U007291,O015778,242.31,2025-12-19,717373
U007292,O015779,583.7,2026-03-03,713341
U007292,O015780,482.56,2026-04-22,713341
U007293,O015781,927.31,2026-05-01,595233
U007294,O015782,1157.1,2025-12-02,800089
U007294,O015783,119.04,2025-12-14,800089
U007295,O015784,1197.33,2026-04-04,867487
U007295,O015785,944.53,2026-06-08,867487
U007295,O015786,702.72,2026-06-10,867487
U007295,O015787,369.89,2026-06-27,867487
U007297,O015788,49.0,2025-12-19,778871
U007297,O015789,447.01,2026-01-11,778871
U007298,O015790,778.0,2026-03-16,823779
U007298,O015791,567.86,2026-04-13,823779
U007298,O015792,976.48,2026-06-13,823779
U007298,O015793,313.33,2026-07-30,823779
U007299,O015794,323.77,2026-06-11,353795
U007301,O015795,603.2,2025-11-21,491379
U007301,O015796,621.53,2025-12-06,491379
U007302,O015797,455.45,2026-03-24,420608
U007302,O015798,902.03,2026-04-04,420608
U007302,O015799,136.79,2026-05-06,420608
U007302,O015800,304.32,2026-05-16,420608
U007302,O015801,573.15,2026-07-21,420608
U007303,O015802,480.8,2025-10-05,326380
U007303,O015803,49.0,2025-10-20,326380
U007304,O015804,194.39,2026-05-10,272610
U007305,O015805,419.18,2026-03-06,198292
U007305,O015806,873.11,2026-03-10,198292
U007305,O015807,602.86,2026-05-10,198292
U007305,O015808,861.51,2026-06-14,198292
U007306,O015809,778.41,2026-01-20,800940
U007306,O015810,1280.23,2026-01-23,800940
U007306,O015811,763.28,2026-03-08,800940
U007307,O015812,501.64,2026-02-17,652343
U007307,O015813,758.21,2026-03-09,652343
U007307,O015814,1147.0,2026-03-13,652343
U007307,O015815,287.04,2026-03-22,652343
U007308,O015816,1398.62,2026-03-14,620577
U007308,O015817,92.11,2026-04-06,620577
U007308,O015818,1369.99,2026-04-30,620577
U007309,O015819,547.62,2026-02-11,446104
U007310,O015820,1028.04,2026-05-25,400696
U007310,O015821,445.25,2026-07-07,400696
U007310,O015822,976.15,2026-07-12,400696
U007311,O015823,616.48,2026-07-12,100621
U007312,O015824,1105.97,2026-02-05,404229
U007312,O015825,750.59,2026-03-06,404229
U007312,O015826,661.16,2026-05-04,404229
U007312,O015827,871.07,2026-06-12,404229
U007313,O015828,831.39,2026-03-02,467286
U007313,O015829,49.0,2026-04-10,467286
U007314,O015830,860.69,2026-04-15,794240
U007314,O015831,729.98,2026-05-05,794240
U007314,O015832,576.75,2026-05-18,794240
U007315,O015833,772.72,2026-03-05,191403
U007315,O015834,481.47,2026-03-13,191403
U007317,O015835,967.29,2026-07-12,607228
U007318,O015836,911.36,2025-12-25,288290
U007318,O015837,818.24,2026-01-21,288290
U007318,O015838,997.76,2026-03-24,288290
U007318,O015839,809.34,2026-04-29,288290
U007319,O015840,146.25,2026-03-14,456634
U007319,O015841,523.52,2026-05-15,456634
U007320,O015842,1062.6,2026-03-13,375007
U007321,O015843,278.7,2026-02-22,738957
U007321,O015844,803.34,2026-03-04,738957
U007322,O015845,1277.61,2026-06-20,351383
U007322,O015846,1049.71,2026-08-20,351383
U007322,O015847,632.95,2026-08-26,351383
U007323,O015848,971.12,2026-05-12,815626
U007323,O015849,970.49,2026-05-31,815626
U007323,O015850,229.44,2026-06-17,815626
U007324,O015851,198.05,2026-03-28,675908
U007324,O015852,880.54,2026-03-31,675908
U007324,O015853,297.31,2026-04-15,675908
U007324,O015854,1008.46,2026-04-27,675908
U007326,O015855,654.42,2025-09-30,355713
U007326,O015856,324.19,2025-10-14,355713
U007327,O015857,648.36,2026-07-03,863732
U007327,O015858,454.56,2026-07-23,863732
U007327,O015859,448.13,2026-08-06,863732
U007327,O015860,851.35,2026-08-21,863732
U007328,O015861,489.09,2026-08-01,578438
U007329,O015862,831.44,2026-08-16,583608
U007330,O015863,419.73,2026-05-20,184378
U007332,O015864,117.61,2026-06-28,589969
U007332,O015865,638.27,2026-07-30,589969
U007333,O015866,716.43,2025-10-28,342850
U007333,O015867,820.74,2025-11-17,342850
U007333,O015868,49.0,2025-12-21,342850
U007333,O015869,733.7,2025-12-22,342850
U007333,O015870,667.42,2026-01-26,342850
U007333,O015871,789.73,2026-02-08,342850
U007334,O015872,371.3,2026-01-25,213976
U007334,O015873,630.86,2026-07-31,213976
U007335,O015874,1162.86,2026-04-20,489432
U007335,O015875,668.95,2026-05-26,489432
U007336,O015876,741.6,2025-10-13,695767
U007337,O015877,434.26,2026-05-20,403102
U007337,O015878,1011.09,2026-05-28,403102
U007338,O015879,1219.37,2026-08-07,833159
U007339,O015880,780.41,2026-04-12,769452
U007339,O015881,399.34,2026-04-18,769452
U007339,O015882,613.64,2026-05-11,769452
U007340,O015883,882.79,2025-12-31,550445
U007341,O015884,380.61,2026-03-17,760585
U007341,O015885,49.0,2026-05-07,760585
U007341,O015886,596.24,2026-06-07,760585
U007342,O015887,713.14,2026-03-10,816795
U007343,O015888,663.83,2026-05-09,341945
U007343,O015889,639.73,2026-06-01,341945
U007344,O015890,1186.16,2025-12-09,546022
U007345,O015891,342.05,2025-11-14,600270
U007345,O015892,454.13,2025-11-18,600270
U007346,O015893,743.34,2026-08-25,168870
U007347,O015894,1039.92,2025-12-26,522543
U007347,O015895,692.47,2026-01-05,522543
U007347,O015896,741.65,2026-01-20,522543
U007347,O015897,660.81,2026-02-10,522543
U007347,O015898,961.05,2026-02-15,522543
U007347,O015899,1115.45,2026-04-13,522543
U007347,O015900,836.87,2026-06-11,522543
U007347,O015901,999.52,2026-06-16,522543
U007349,O015902,683.42,2026-08-02,387166
U007350,O015903,778.03,2026-05-12,897106
U007350,O015904,785.54,2026-05-18,897106
U007350,O015905,201.66,2026-05-28,897106
U007351,O015906,492.61,2025-11-21,726586
U007352,O015907,1065.96,2025-10-10,528887
U007352,O015908,953.11,2025-11-08,528887
U007352,O015909,321.28,2026-01-06,528887
U007352,O015910,599.25,2026-05-14,528887
U007353,O015911,273.13,2026-02-17,403861
U007353,O015912,439.74,2026-03-20,403861
U007353,O015913,502.06,2026-03-24,403861
U007354,O015914,1027.75,2026-04-18,602981
U007354,O015915,267.29,2026-05-21,602981
U007357,O015916,255.43,2026-02-12,148770
U007358,O015917,1250.83,2026-07-06,725490
U007359,O015918,668.76,2025-09-28,661470
U007359,O015919,831.3,2025-11-02,661470
U007359,O015920,1183.82,2025-12-02,661470
U007359,O015921,1233.42,2025-12-22,661470
U007360,O015922,995.18,2026-05-06,532100
U007361,O015923,494.04,2026-03-08,869604
U007361,O015924,838.47,2026-07-01,869604
U007362,O015925,302.52,2026-02-01,526599
U007362,O015926,642.72,2026-02-05,526599
U007362,O015927,878.16,2026-05-18,526599
U007362,O015928,221.68,2026-07-03,526599
U007364,O015929,780.19,2026-02-06,795035
U007364,O015930,926.88,2026-03-01,795035
U007365,O015931,216.32,2026-07-17,285738
U007365,O015932,431.82,2026-08-07,285738
U007366,O015933,94.33,2026-02-24,707453
U007366,O015934,350.54,2026-03-10,707453
U007366,O015935,846.79,2026-03-18,707453
U007366,O015936,1174.29,2026-03-22,707453
U007367,O015937,726.98,2026-08-22,136726
U007368,O015938,658.04,2025-10-20,660032
U007368,O015939,869.56,2026-03-04,660032
U007369,O015940,675.15,2026-01-16,570681
U007369,O015941,398.56,2026-03-13,570681
U007370,O015942,443.92,2026-06-19,161731
U007371,O015943,747.53,2025-10-07,161058
U007373,O015944,930.25,2026-07-09,865413
U007373,O015945,382.36,2026-07-17,865413
U007373,O015946,49.0,2026-08-02,865413
U007373,O015947,691.87,2026-08-22,865413
U007374,O015948,468.9,2026-06-13,824583
U007374,O015949,496.71,2026-06-22,824583
U007375,O015950,726.1,2025-09-26,276918
U007376,O015951,975.2,2025-11-27,859096
U007376,O015952,499.16,2025-12-26,859096
U007377,O015953,711.7,2025-12-13,110671
U007378,O015954,1377.06,2026-06-27,529183
U007378,O015955,941.71,2026-07-03,529183
U007378,O015956,387.87,2026-08-22,529183
U007380,O015957,670.05,2025-12-28,392090
U007381,O015958,221.11,2026-08-20,286576
U007382,O015959,936.37,2026-08-17,314905
U007383,O015960,853.46,2026-04-06,630404
U007385,O015961,1054.39,2026-01-09,494441
U007385,O015962,49.0,2026-02-06,494441
U007386,O015963,670.02,2026-05-11,602182
U007386,O015964,206.05,2026-07-02,602182
U007386,O015965,693.88,2026-07-12,602182
U007386,O015966,1012.78,2026-07-29,602182
U007387,O015967,565.32,2026-04-19,675728
U007387,O015968,289.59,2026-05-27,675728
U007389,O015969,669.17,2026-08-07,527106
U007389,O015970,329.46,2026-08-09,527106
U007390,O015971,473.61,2026-01-19,744938
U007392,O015972,603.37,2025-11-19,861438
U007393,O015973,407.18,2026-06-02,349364
U007393,O015974,513.6,2026-06-16,349364
U007393,O015975,887.34,2026-06-21,349364
U007393,O015976,573.1,2026-07-10,349364
U007394,O015977,281.94,2026-08-12,415312
U007395,O015978,834.02,2026-02-03,704333
U007395,O015979,624.21,2026-02-06,704333
U007395,O015980,966.19,2026-02-25,704333
U007395,O015981,1048.81,2026-04-16,704333
U007395,O015982,841.91,2026-04-27,704333
U007395,O015983,494.08,2026-06-19,704333
U007395,O015984,133.5,2026-06-29,704333
U007395,O015985,49.0,2026-07-21,704333
U007396,O015986,534.86,2026-03-11,418947
U007397,O015987,708.49,2026-08-07,267943
U007398,O015988,951.77,2026-07-06,803073
U007399,O015989,311.73,2025-12-29,226550
U007399,O015990,209.82,2026-01-14,226550
U007400,O015991,810.66,2026-02-22,708207
U007401,O015992,1143.99,2026-02-02,790889
U007401,O015993,49.0,2026-03-21,790889
U007401,O015994,316.29,2026-04-10,790889
U007401,O015995,844.86,2026-05-07,790889
U007403,O015996,856.26,2026-03-13,725386
U007403,O015997,852.01,2026-07-05,725386
U007403,O015998,1208.57,2026-08-04,725386
U007403,O015999,1114.17,2026-08-19,725386
U007404,O016000,551.06,2026-08-11,572435
U007405,O016001,978.91,2026-06-18,704200
U007405,O016002,955.46,2026-06-19,704200
U007407,O016003,857.64,2026-08-13,345091
U007408,O016004,712.79,2026-04-18,228756
U007409,O016005,386.11,2026-01-06,773945
U007409,O016006,1071.07,2026-02-24,773945
U007409,O016007,466.4,2026-03-01,773945
U007410,O016008,741.61,2026-06-23,679753
U007411,O016009,973.61,2026-03-13,544419
U007411,O016010,1006.58,2026-04-13,544419
U007411,O016011,947.48,2026-06-09,544419
U007413,O016012,869.11,2025-10-08,818775
U007413,O016013,620.92,2025-12-14,818775
U007413,O016014,909.36,2026-02-20,818775
U007413,O016015,485.39,2026-03-27,818775
U007413,O016016,249.61,2026-06-03,818775
U007414,O016017,1092.29,2026-05-17,772895
U007414,O016018,729.54,2026-05-20,772895
U007414,O016019,747.66,2026-06-25,772895
U007415,O016020,1280.18,2025-10-29,330309
U007416,O016021,885.01,2026-04-02,745859
U007416,O016022,352.04,2026-04-08,745859
U007416,O016023,629.29,2026-05-13,745859
U007417,O016024,472.22,2026-08-23,344819
U007418,O016025,471.88,2026-05-18,793964
U007419,O016026,428.67,2026-08-17,434673
U007419,O016027,519.82,2026-08-26,434673
U007420,O016028,633.46,2026-07-16,587995
U007420,O016029,539.07,2026-07-30,587995
U007420,O016030,829.91,2026-08-02,587995
U007421,O016031,914.4,2026-04-26,336862
U007422,O016032,1343.98,2026-01-29,711474
U007423,O016033,733.16,2026-08-18,842260
U007423,O016034,691.19,2026-08-26,842260
U007424,O016035,841.6,2025-11-21,216390
U007424,O016036,481.79,2025-12-12,216390
U007424,O016037,102.59,2025-12-24,216390
U007424,O016038,434.25,2026-01-12,216390
U007425,O016039,764.65,2025-12-11,343869
U007425,O016040,274.7,2025-12-17,343869
U007426,O016041,643.14,2026-05-10,225749
U007426,O016042,622.59,2026-07-04,225749
U007427,O016043,1040.08,2026-06-25,602292
U007428,O016044,622.31,2025-10-04,248606
U007428,O016045,769.27,2025-10-16,248606
U007429,O016046,720.93,2026-03-04,772330
U007429,O016047,606.36,2026-06-29,772330
U007429,O016048,728.33,2026-07-07,772330
U007430,O016049,634.23,2026-02-08,186827
U007431,O016050,593.14,2026-06-05,150978
U007431,O016051,858.47,2026-07-18,150978
U007432,O016052,725.84,2026-02-17,566714
U007432,O016053,516.58,2026-03-06,566714
U007432,O016054,609.88,2026-04-05,566714
U007432,O016055,539.97,2026-05-08,566714
U007432,O016056,433.48,2026-05-29,566714
U007432,O016057,424.29,2026-06-13,566714
U007433,O016058,806.65,2026-08-06,713160
U007433,O016059,609.4,2026-08-09,713160
U007434,O016060,123.65,2025-09-26,621382
U007434,O016061,185.83,2025-11-01,621382
U007437,O016062,369.78,2026-01-26,239642
U007437,O016063,980.59,2026-01-31,239642
U007439,O016064,703.82,2026-03-11,358117
U007439,O016065,433.71,2026-07-25,358117
U007439,O016066,1480.25,2026-08-01,358117
U007439,O016067,598.62,2026-08-16,358117
U007440,O016068,416.34,2026-07-01,359171
U007441,O016069,765.54,2026-08-21,592753
U007442,O016070,170.54,2025-11-14,241230
U007442,O016071,463.54,2025-11-24,241230
U007442,O016072,884.74,2025-12-03,241230
U007444,O016073,573.72,2025-10-27,513143
U007444,O016074,880.44,2025-11-10,513143
U007444,O016075,818.77,2025-11-24,513143
U007445,O016076,235.29,2026-07-14,677152
U007446,O016077,833.87,2026-08-21,752272
U007447,O016078,895.05,2026-05-31,335183
U007447,O016079,234.27,2026-07-16,335183
U007448,O016080,1036.93,2026-05-09,410034
U007449,O016081,508.08,2026-06-18,214249
U007449,O016082,727.45,2026-06-21,214249
U007450,O016083,483.2,2026-04-14,171421
U007451,O016084,254.13,2025-11-05,833675
U007451,O016085,1138.13,2025-11-15,833675
U007451,O016086,213.25,2025-11-22,833675
U007452,O016087,821.81,2025-11-29,434271
U007452,O016088,458.8,2025-12-04,434271
U007454,O016089,219.01,2026-03-22,402712
U007454,O016090,265.57,2026-03-26,402712
U007454,O016091,907.56,2026-03-28,402712
U007455,O016092,592.83,2026-03-19,470111
U007455,O016093,939.24,2026-06-18,470111
U007455,O016094,534.23,2026-07-21,470111
U007456,O016095,770.4,2026-01-26,578715
U007456,O016096,497.51,2026-02-10,578715
U007456,O016097,909.65,2026-03-11,578715
U007456,O016098,433.41,2026-03-13,578715
U007456,O016099,615.73,2026-03-15,578715
U007456,O016100,1021.8,2026-05-01,578715
U007457,O016101,537.53,2025-12-26,828364
U007457,O016102,93.46,2026-01-07,828364
U007458,O016103,401.39,2026-03-24,112302
U007458,O016104,940.05,2026-05-01,112302
U007458,O016105,471.14,2026-05-06,112302
U007459,O016106,757.76,2026-02-01,502696
U007459,O016107,323.77,2026-02-16,502696
U007459,O016108,1024.76,2026-04-18,502696
U007460,O016109,634.3,2026-06-22,474663
U007461,O016110,896.42,2026-01-18,836428
U007461,O016111,182.88,2026-01-29,836428
U007461,O016112,133.62,2026-03-11,836428
U007463,O016113,684.49,2026-04-19,386588
U007463,O016114,435.77,2026-06-22,386588
U007463,O016115,786.55,2026-07-19,386588
U007464,O016116,1065.24,2026-05-02,720410
U007464,O016117,990.03,2026-05-31,720410
U007465,O016118,765.64,2026-08-26,362703
U007466,O016119,1067.14,2026-02-18,130090
U007466,O016120,702.58,2026-02-27,130090
U007467,O016121,870.59,2025-12-29,248868
U007467,O016122,865.29,2026-02-08,248868
U007468,O016123,390.48,2026-07-09,111465
U007469,O016124,369.43,2026-04-28,595842
U007469,O016125,669.65,2026-05-04,595842
U007469,O016126,295.8,2026-06-27,595842
U007471,O016127,717.84,2026-07-12,889673
U007472,O016128,446.98,2026-07-24,227912
U007472,O016129,1070.48,2026-07-29,227912
U007473,O016130,692.25,2026-01-19,457407
U007473,O016131,510.72,2026-02-18,457407
U007473,O016132,105.89,2026-03-05,457407
U007473,O016133,1297.0,2026-05-22,457407
U007473,O016134,810.29,2026-06-03,457407
U007475,O016135,353.09,2025-12-14,840673
U007475,O016136,465.55,2026-01-06,840673
U007475,O016137,599.17,2026-01-09,840673
U007478,O016138,1024.59,2026-05-22,126853
U007478,O016139,460.96,2026-06-24,126853
U007479,O016140,631.89,2025-12-19,531720
U007479,O016141,922.07,2026-01-28,531720
U007479,O016142,733.52,2026-02-03,531720
U007479,O016143,395.94,2026-02-20,531720
U007479,O016144,520.17,2026-03-11,531720
U007480,O016145,86.71,2025-12-02,237703
U007480,O016146,49.0,2026-01-09,237703
U007480,O016147,945.78,2026-01-29,237703
U007481,O016148,984.83,2026-03-22,499112
U007481,O016149,1003.63,2026-05-30,499112
U007482,O016150,940.38,2026-08-04,728863
U007482,O016151,49.0,2026-08-07,728863
U007483,O016152,992.11,2026-06-25,228339
U007484,O016153,1155.76,2025-12-03,862145
U007484,O016154,553.96,2025-12-12,862145
U007484,O016155,297.31,2025-12-15,862145
U007485,O016156,667.27,2026-06-16,160659
U007485,O016157,973.29,2026-06-21,160659
U007485,O016158,49.0,2026-08-13,160659
U007486,O016159,753.44,2026-07-29,338002
U007486,O016160,425.92,2026-08-10,338002
U007487,O016161,600.38,2026-03-22,410429
U007487,O016162,1432.52,2026-04-03,410429
U007488,O016163,722.46,2026-08-25,397958
U007489,O016164,735.27,2026-03-19,159372
U007489,O016165,294.28,2026-04-26,159372
U007489,O016166,879.3,2026-05-29,159372
U007489,O016167,278.15,2026-06-18,159372
U007489,O016168,673.76,2026-06-27,159372
U007490,O016169,954.56,2026-01-15,897132
U007490,O016170,756.26,2026-02-25,897132
U007490,O016171,611.29,2026-04-16,897132
U007491,O016172,703.65,2026-07-19,724148
U007491,O016173,114.27,2026-08-25,724148
U007492,O016174,252.86,2025-12-18,767863
U007492,O016175,236.13,2026-02-12,767863
U007493,O016176,729.89,2026-01-24,284598
U007493,O016177,349.26,2026-04-22,284598
U007493,O016178,680.87,2026-04-30,284598
U007494,O016179,325.73,2025-12-25,731407
U007495,O016180,405.98,2026-06-22,663065
U007496,O016181,474.01,2025-09-30,396185
U007497,O016182,509.23,2026-06-04,232948
U007497,O016183,947.0,2026-06-28,232948
U007497,O016184,999.52,2026-07-20,232948
U007498,O016185,507.98,2026-07-17,870070
U007498,O016186,715.59,2026-07-21,870070
U007498,O016187,375.3,2026-07-25,870070
U007499,O016188,881.17,2026-07-08,459345
U007499,O016189,568.71,2026-07-17,459345
