user_id,instrument_hash,instrument_first_seen_date
U000001,card_7988_67d25aba1a,2026-04-19
U000002,upi_0pvn9er14f@oksbi,2026-04-21
U000003,upi_2tala753lc@ybl,2026-04-21
U000004,upi_64ciyhe7ur@okaxis,2026-04-22
U000005,upi_rhocn9j2qp@paytm,2026-04-21
U000006,upi_jyljexq77a@ybl,2026-04-19
U000007,upi_wjr64dpja1@paytm,2026-04-19
U000008,card_0739_cdc4c1dd3d,2026-04-20
U000009,card_1045_cafb36fe9a,2026-04-20
U000010,card_9762_a91f34c20f,2026-04-20
U000011,upi_6qf5q14j1r@oksbi,2026-04-19
U000012,card_8424_6acbdef8e9,2026-04-19
U000013,card_4236_fbc249e9e6,2026-04-22
U000014,card_5056_1a06765e72,2026-02-03
U000015,card_5056_1a06765e72,2026-02-02
U000016,card_5056_1a06765e72,2026-02-01
U000017,card_5056_1a06765e72,2026-02-03
U000018,card_5056_1a06765e72,2026-02-04
U000019,card_5056_1a06765e72,2026-02-02
U000020,card_5056_1a06765e72,2026-02-02
U000021,card_5056_1a06765e72,2026-02-01
U000022,card_5056_1a06765e72,2026-02-02
U000023,card_5056_1a06765e72,2026-02-02
U000024,card_5056_1a06765e72,2026-02-02
U000025,card_5056_1a06765e72,2026-02-02
U000026,upi_uekipu1wyu@ybl,2025-10-31
U000027,upi_uekipu1wyu@ybl,2025-10-31
U000028,upi_uekipu1wyu@ybl,2025-11-01
U000029,upi_uekipu1wyu@ybl,2025-10-31
U000030,upi_uekipu1wyu@ybl,2025-11-02
U000031,upi_uekipu1wyu@ybl,2025-10-30
U000032,upi_uekipu1wyu@ybl,2025-10-31
U000033,upi_uekipu1wyu@ybl,2025-11-02
U000034,upi_uekipu1wyu@ybl,2025-10-31
U000035,upi_uekipu1wyu@ybl,2025-11-01
U000036,upi_uekipu1wyu@ybl,2025-11-01
U000037,upi_uekipu1wyu@ybl,2025-11-02
U000038,upi_uekipu1wyu@ybl,2025-10-31
U000039,upi_uekipu1wyu@ybl,2025-10-31
U000040,upi_uekipu1wyu@ybl,2025-11-01
U000041,card_0538_8914fb8cd1,2026-02-02
U000042,card_0538_8914fb8cd1,2026-02-04
U000043,card_0538_8914fb8cd1,2026-02-02
U000044,card_0538_8914fb8cd1,2026-02-03
U000045,card_0538_8914fb8cd1,2026-02-03
U000046,card_0538_8914fb8cd1,2026-02-03
U000047,card_0538_8914fb8cd1,2026-02-02
U000048,card_0538_8914fb8cd1,2026-02-03
U000049,card_0538_8914fb8cd1,2026-02-03
U000050,card_0538_8914fb8cd1,2026-02-02
U000051,card_0538_8914fb8cd1,2026-02-03
U000052,card_0538_8914fb8cd1,2026-02-03
U000053,card_0538_8914fb8cd1,2026-02-04
U000054,card_0538_8914fb8cd1,2026-02-03
U000055,upi_11f9i6uu13@oksbi,2026-01-17
U000056,upi_11f9i6uu13@oksbi,2026-01-15
U000057,upi_11f9i6uu13@oksbi,2026-01-16
U000058,upi_11f9i6uu13@oksbi,2026-01-16
U000059,upi_11f9i6uu13@oksbi,2026-01-16
U000060,upi_11f9i6uu13@oksbi,2026-01-16
U000061,upi_11f9i6uu13@oksbi,2026-01-18
U000062,upi_11f9i6uu13@oksbi,2026-01-17
U000063,upi_omd7q1ddpu@ybl,2025-10-02
U000064,upi_omd7q1ddpu@ybl,2025-10-02
U000065,upi_omd7q1ddpu@ybl,2025-10-02
U000066,upi_omd7q1ddpu@ybl,2025-10-02
U000067,upi_omd7q1ddpu@ybl,2025-09-30
U000068,upi_omd7q1ddpu@ybl,2025-10-01
U000069,upi_omd7q1ddpu@ybl,2025-10-01
U000070,upi_omd7q1ddpu@ybl,2025-09-30
U000071,upi_omd7q1ddpu@ybl,2025-09-30
U000072,upi_omd7q1ddpu@ybl,2025-10-02
U000073,upi_omd7q1ddpu@ybl,2025-10-01
U000074,upi_omd7q1ddpu@ybl,2025-10-02
U000075,upi_omd7q1ddpu@ybl,2025-10-01
U000076,upi_omd7q1ddpu@ybl,2025-10-02
U000077,upi_qfwwxr5rdn@okaxis,2026-07-25
U000078,upi_qfwwxr5rdn@okaxis,2026-07-24
U000079,upi_qfwwxr5rdn@okaxis,2026-07-25
U000080,upi_qfwwxr5rdn@okaxis,2026-07-26
U000081,upi_qfwwxr5rdn@okaxis,2026-07-24
U000082,upi_qfwwxr5rdn@okaxis,2026-07-24
U000083,card_2654_269a66eb07,2025-12-22
U000084,card_2654_269a66eb07,2025-12-22
U000085,card_2654_269a66eb07,2025-12-22
U000086,card_2654_269a66eb07,2025-12-23
U000087,card_2654_269a66eb07,2025-12-23
U000088,card_2654_269a66eb07,2025-12-22
U000089,card_2654_269a66eb07,2025-12-22
U000090,card_2654_269a66eb07,2025-12-22
U000091,card_2654_269a66eb07,2025-12-24
U000092,card_2654_269a66eb07,2025-12-23
U000093,card_2654_269a66eb07,2025-12-24
U000094,card_8584_016004cfa2,2026-05-10
U000095,card_8584_016004cfa2,2026-05-08
U000096,card_8584_016004cfa2,2026-05-08
U000097,card_8584_016004cfa2,2026-05-09
U000098,card_8584_016004cfa2,2026-05-08
U000099,card_8584_016004cfa2,2026-05-09
U000100,card_8584_016004cfa2,2026-05-09
U000101,card_8584_016004cfa2,2026-05-08
U000102,card_8584_016004cfa2,2026-05-09
U000103,card_8584_016004cfa2,2026-05-09
U000104,card_8584_016004cfa2,2026-05-08
U000105,card_8584_016004cfa2,2026-05-09
U000106,card_8584_016004cfa2,2026-05-09
U000107,upi_uidjipnf8f@okhdfcbank,2025-12-14
U000108,upi_3mwu4cfilk@okicici,2025-12-14
U000109,upi_q8zgvwwusx@okicici,2025-12-14
U000110,upi_kwwjwgabtg@okhdfcbank,2025-12-14
U000111,upi_mby9ipa2vo@oksbi,2025-12-14
U000112,upi_q1s05wnwlc@ybl,2025-12-14
U000113,upi_8uu01uyzpd@oksbi,2026-05-23
U000114,upi_6ijkuuhclr@okaxis,2026-05-23
U000115,upi_u9sijpyueo@okicici,2026-05-24
U000116,upi_nj4x5a5xin@paytm,2026-05-24
U000117,card_3751_ff2ee58f15,2026-05-25
U000118,card_4668_e6c9db6f98,2026-05-25
U000119,card_7114_586c8f66ce,2026-05-26
U000120,card_5714_9e14561684,2026-05-25
U000121,card_1335_fd3de77022,2026-05-24
U000122,card_7571_ddfa2b7b80,2026-05-29
U000123,upi_mlh13c71ud@paytm,2026-05-29
U000124,upi_y0z4evldql@okaxis,2026-05-27
U000125,upi_wzophgft4m@okaxis,2026-06-02
U000126,upi_wxyytuw6ta@okaxis,2026-05-29
U000127,upi_x1egok01tn@paytm,2026-01-01
U000128,card_0582_91f196cac2,2026-01-01
U000129,upi_s7rp422ta8@okaxis,2026-01-01
U000130,upi_0ic0ra6wix@okhdfcbank,2026-01-01
U000131,upi_ky2refjqig@paytm,2026-01-01
U000132,upi_2ld05nhqr6@oksbi,2026-01-01
U000133,upi_q1btr23qiu@okhdfcbank,2026-01-01
U000134,upi_uczh9ier7u@paytm,2026-01-01
U000135,upi_ux2rxttqu6@okicici,2026-01-02
U000136,card_9515_e7bbe2846d,2026-01-01
U000137,upi_7vnawjgqu6@oksbi,2026-01-02
U000138,upi_p6mkt7s1gd@oksbi,2026-01-02
U000139,upi_y2c11bd2sc@okhdfcbank,2026-01-01
U000140,upi_de1zublekv@okicici,2026-07-16
U000141,upi_eri7b03rag@ybl,2026-07-16
U000142,upi_9lbb4m0a6m@okhdfcbank,2026-07-17
U000143,card_0803_1c73ca4c68,2026-07-17
U000144,upi_48ra4dv56o@okicici,2025-11-28
U000145,card_8696_c384f5c1dd,2025-11-28
U000146,card_6154_f7d2295415,2025-11-28
U000147,card_3640_25babbb410,2025-11-28
U000148,upi_4x2bfibjzp@okaxis,2025-11-28
U000149,upi_bxlbc8nog8@okaxis,2026-01-02
U000150,upi_2k9ykiput7@ybl,2026-01-02
U000151,card_8011_db30723dd8,2026-01-03
U000152,upi_ih6mv4xekz@okaxis,2026-01-04
U000153,card_1167_fd01ade247,2026-01-03
U000154,upi_99259p5z5z@okicici,2026-01-04
U000155,upi_929u6wtvmk@paytm,2026-01-03
U000156,upi_ubfn9kr2fv@okhdfcbank,2026-01-06
U000157,upi_8jh34udtlv@okaxis,2026-05-01
U000158,card_2962_8c461a3f5f,2026-05-02
U000159,upi_7vaaguzroc@paytm,2026-05-02
U000160,upi_is2gy9ytju@okaxis,2026-05-02
U000161,card_9767_a91005d12e,2026-05-02
U000162,upi_vtfqvk8sxf@oksbi,2026-05-02
U000163,upi_hg5zmtga46@okhdfcbank,2026-05-02
U000164,upi_sgzsr8ruw2@paytm,2026-05-02
U000165,upi_ve4ztj1km9@okaxis,2026-05-02
U000166,card_9235_3197e1180b,2026-05-02
U000167,upi_34ogwpnxzd@paytm,2026-02-13
U000168,upi_adktoc1yfm@oksbi,2026-02-14
U000169,upi_oqc3xnchkv@okhdfcbank,2026-02-14
U000170,upi_2o31i0mhb7@oksbi,2026-02-14
U000171,upi_f0jqqnvceq@oksbi,2026-02-15
U000172,card_0769_69e836d44f,2026-02-15
U000173,card_0590_809fce7565,2025-11-06
U000174,card_9989_b43289d82c,2025-11-06
U000175,upi_eln0lvgnp1@paytm,2025-11-06
U000176,card_9103_67561b4eb8,2025-11-06
U000177,upi_q3nwqaeex6@oksbi,2025-11-06
U000178,card_0395_ca79b8f583,2025-11-06
U000179,upi_62f2jd9i82@okhdfcbank,2025-11-07
U000180,card_0378_a131914ec0,2025-11-07
U000181,upi_awo778s676@okaxis,2025-11-07
U000182,upi_2zl15s74nd@okhdfcbank,2025-11-07
U000183,upi_rsxkjkmplb@okhdfcbank,2025-11-07
U000184,upi_1n2ojgfhz5@ybl,2026-02-07
U000185,upi_c33h8g8t92@ybl,2026-02-12
U000186,card_0113_9113ef18bc,2026-02-03
U000187,upi_9i8kcmm7db@oksbi,2026-01-14
U000188,upi_e1mrr9vwe7@oksbi,2026-03-26
U000189,upi_a8nzxc45bn@okhdfcbank,2026-01-31
U000190,card_4038_f91b7a6605,2026-01-17
U000191,card_9373_5d6ec63912,2025-09-25
U000192,card_9713_5f7b74027a,2025-12-05
U000193,card_4376_4bffdaa90b,2025-11-20
U000194,upi_e48m2q6x2o@okicici,2026-01-08
U000195,upi_1fwt9ua09w@okicici,2025-12-03
U000196,upi_sjevts1hn6@okhdfcbank,2026-02-26
U000197,upi_lalq26unvs@okhdfcbank,2026-03-21
U000198,card_9128_2fdb31bcd8,2026-05-07
U000199,upi_ah3gdhvs41@okicici,2025-09-23
U000200,card_6432_db723ab402,2025-11-09
U000201,card_6142_bf5b3fafea,2026-02-01
U000202,card_1502_75ca6f1444,2025-12-25
U000203,upi_krlc0y0bhf@paytm,2025-10-05
U000204,upi_quakx6wb68@okaxis,2025-10-31
U000205,upi_nwbgdqewuh@okaxis,2026-04-21
U000206,card_2708_f19de860b1,2026-01-30
U000207,upi_2hvnyarnne@paytm,2025-12-02
U000208,card_8535_1bc037cf0d,2026-04-09
U000209,card_9025_5695acc919,2026-01-18
U000210,card_1373_6a7f920ee0,2025-12-27
U000211,card_2966_9c516827e3,2026-08-10
U000212,card_5851_09a752b4c3,2026-01-24
U000213,card_7130_cb584a8cb5,2026-02-22
U000214,upi_tkh861pqip@oksbi,2026-07-31
U000215,card_5311_8d3ce53bf0,2026-05-08
U000216,upi_r6tiarontd@oksbi,2026-01-22
U000217,upi_ceaseh5e5r@paytm,2026-03-05
U000218,upi_35vlwojtxc@oksbi,2026-04-29
U000219,card_8785_7ca865057a,2026-05-02
U000220,upi_zl4j4x0ly6@paytm,2026-01-31
U000221,card_7332_496d43f471,2026-01-19
U000222,card_7427_9760e3ee16,2026-03-07
U000223,upi_lky5vtmy8a@ybl,2026-01-15
U000224,upi_2z48egp15c@okhdfcbank,2025-12-26
U000225,card_7409_4aed613448,2026-03-06
U000226,card_6532_f545a09256,2026-05-27
U000227,card_6605_6630398196,2026-07-24
U000228,card_4543_cfe8b9fb7d,2026-05-28
U000229,upi_kzyf2ev4ji@oksbi,2026-05-15
U000230,card_9052_4bba3b7098,2026-05-18
U000231,upi_julp98rl9q@oksbi,2026-02-08
U000232,card_3897_0b3b455c58,2026-02-04
U000233,card_3772_5353f49e2a,2026-06-20
U000234,card_4263_052d9c8a3d,2026-03-15
U000235,upi_92mjeqa2o4@okicici,2025-12-21
U000236,card_0355_20e1f17fd8,2026-03-31
U000237,upi_b2flurmw3u@okaxis,2026-01-29
U000238,card_5505_8bf22aad3e,2025-12-07
U000239,upi_eldwqxke0q@okhdfcbank,2026-05-28
U000240,upi_4ns7nvv28u@okhdfcbank,2026-01-17
U000241,upi_t28ll6dowx@okaxis,2025-10-15
U000242,upi_84rpu9ggso@ybl,2026-03-24
U000243,upi_80zrz79hqt@paytm,2025-12-23
U000244,card_0560_0f054c9512,2026-03-03
U000245,upi_sxlsutothl@okaxis,2026-02-05
U000246,upi_y7ai33993n@okaxis,2026-04-10
U000247,card_5419_713d2cc397,2025-11-25
U000248,card_1265_1aeea497ba,2026-05-22
U000249,card_5746_321a4dc903,2025-11-29
U000250,upi_5fe6ouwzk4@oksbi,2026-03-09
U000251,card_0316_b4f54faa50,2026-04-09
U000252,upi_u88wlxwce7@okhdfcbank,2026-01-08
U000253,upi_fcr6c1py6q@paytm,2026-04-21
U000254,upi_arjhrf34jg@ybl,2026-03-30
U000255,card_2528_77081c9179,2026-02-08
U000256,upi_vkvlablrf3@okaxis,2025-11-11
U000257,upi_b188elnwos@okicici,2026-03-10
U000258,card_8306_9e4843257b,2026-03-24
U000259,card_5527_7b21a07d6f,2025-10-20
U000260,upi_3hycpesbda@ybl,2026-03-31
U000261,upi_rwbrblbz5n@ybl,2026-05-11
U000262,card_0136_d37be12bf9,2026-02-20
U000263,upi_k3lirhxrhg@ybl,2026-04-10
U000264,upi_tll8sn5yz7@ybl,2026-03-22
U000265,upi_entoc3jr7t@okicici,2026-03-22
U000266,upi_vnhdczp0nw@okaxis,2025-12-15
U000267,upi_jffp5gofc5@ybl,2026-01-13
U000268,upi_r1t05qxs2u@paytm,2025-11-08
U000269,card_5098_154801b808,2026-06-21
U000270,card_4048_9fdf48ed5a,2025-10-31
U000271,upi_c0fp672zfb@okaxis,2026-06-15
U000272,upi_724xhqzbc5@oksbi,2025-11-13
U000273,upi_khgbammwmd@ybl,2026-02-15
U000274,card_6455_8cde6b2a06,2026-01-18
U000275,card_1356_3fc556c18c,2025-12-03
U000276,card_2899_57b6042128,2026-03-20
U000277,card_8624_ae9bd73696,2026-05-12
U000278,card_1316_f3740070e0,2025-12-28
U000279,upi_0zpzjho4vu@okhdfcbank,2026-06-04
U000280,card_6088_36519e4655,2026-02-14
U000281,card_9981_f89f69c443,2026-05-07
U000282,upi_y9mbaaxa3b@okicici,2026-06-20
U000283,upi_fneo2s9nbl@oksbi,2026-04-13
U000284,card_5663_40ec2bd61f,2026-04-01
U000285,upi_lzohfddvsz@okhdfcbank,2026-01-20
U000286,card_8636_5e19cda914,2026-07-17
U000287,upi_v31nyc7h81@okicici,2025-09-14
U000288,card_5372_899baf7e48,2025-11-19
U000289,card_8116_958d295a64,2025-10-14
U000290,card_8589_aa05a4e796,2025-12-31
U000291,upi_cykjb85lfo@ybl,2025-10-03
U000292,card_9474_f36c2c5081,2026-05-19
U000293,card_6500_5a8fc0a1e3,2026-03-19
U000294,card_2154_62d923fabd,2026-01-26
U000295,card_0895_23d53c1561,2026-02-06
U000296,upi_2qpkgrmm0y@ybl,2026-04-18
U000297,upi_62zko0e49z@okicici,2026-06-07
U000298,upi_xidb5z8xgq@oksbi,2026-04-28
U000299,upi_q34pggcbi6@okaxis,2025-11-12
U000300,upi_585u7d2xg7@ybl,2025-10-21
U000301,upi_hagxxksf2g@okhdfcbank,2025-10-07
U000302,card_0212_ae54ddaa3b,2026-03-27
U000303,upi_bzl83k88rh@okaxis,2026-04-30
U000304,upi_1t3uzzzuly@paytm,2026-01-27
U000305,upi_7772iy1uv5@ybl,2026-05-30
U000306,upi_sq1u97rwjv@oksbi,2026-05-14
U000307,upi_ozibp9of9s@ybl,2026-02-12
U000308,card_1257_a8fbd78114,2025-12-20
U000309,upi_axu3k8jb79@paytm,2025-12-08
U000310,upi_ck9d643j2x@okhdfcbank,2026-04-10
U000311,upi_u1s5n18byp@okicici,2025-11-07
U000312,upi_fwi45a4520@ybl,2025-12-01
U000313,upi_63xvfiud99@paytm,2026-03-01
U000314,card_1385_dc03c0d625,2025-10-30
U000315,upi_b2pn4u6ave@okhdfcbank,2026-03-24
U000316,card_3804_8092d709f0,2026-05-26
U000317,card_2870_9301650f4b,2026-01-28
U000318,upi_0qvhzjkthk@oksbi,2026-02-22
U000319,card_9861_ece5f0dcb0,2026-05-21
U000320,upi_tw689mw68m@oksbi,2026-02-06
U000321,upi_nj6gdtgcg8@paytm,2026-04-20
U000322,card_8135_1770907152,2026-06-30
U000323,card_5588_4f40182c20,2025-09-25
U000324,upi_9czv7pqovv@oksbi,2026-04-24
U000325,upi_z7dsonkk1j@paytm,2026-01-28
U000326,card_1238_19a43532ff,2026-05-05
U000327,card_1120_b05d9f8d26,2025-09-28
U000328,upi_tmg7c0q6ul@oksbi,2025-11-05
U000329,card_0018_2245af104f,2026-07-01
U000330,upi_ips8qdb9bg@ybl,2025-11-11
U000331,upi_94uzxy4g8o@okaxis,2026-01-21
U000332,card_7035_cea56b19e5,2026-07-22
U000333,upi_v1exyb8z8t@okaxis,2026-03-27
U000334,upi_l7ph6p9jla@oksbi,2025-11-13
U000335,card_3208_96e9c3bd47,2026-08-13
U000336,upi_rv4eibkpk7@oksbi,2026-07-13
U000337,upi_ilkjhdkxzo@paytm,2026-06-08
U000338,card_2114_f3e33471ba,2026-05-14
U000339,card_2847_1eab541c9d,2025-11-29
U000340,upi_b3kbwifd8w@paytm,2026-04-15
U000341,card_3536_d3a79e6a3f,2026-08-07
U000342,card_6903_548a8131ac,2025-11-23
U000343,upi_sill0no8ol@paytm,2026-05-12
U000344,upi_ygaa70tgo5@okhdfcbank,2025-10-11
U000345,upi_dpk1acfsf6@paytm,2026-03-19
U000346,card_8576_5d27489f53,2026-08-09
U000347,card_3358_16c845c2ac,2026-06-03
U000348,upi_hyz1ov5vxa@okicici,2025-10-30
U000349,upi_mv5e71g4ea@oksbi,2026-02-09
U000350,upi_jx0wuzllgy@oksbi,2026-02-20
U000351,card_5619_88ec852834,2026-01-09
U000352,upi_uti7zfztos@okicici,2026-06-20
U000353,upi_6jldj7p1f9@ybl,2026-06-07
U000354,card_0831_6b19c13d29,2026-03-10
U000355,upi_mnnvum2eni@paytm,2026-07-06
U000356,upi_rhe45jjje1@oksbi,2025-09-11
U000357,card_9524_a58b347043,2026-03-25
U000358,card_7399_24f0b8264e,2026-08-06
U000359,card_5046_0135cf0791,2026-01-13
U000360,upi_32rgwhgxmd@oksbi,2025-12-23
U000361,card_9102_d2606bcecf,2026-03-30
U000362,upi_1udjoau4du@paytm,2025-12-10
U000363,upi_j4anliobl7@ybl,2026-03-15
U000364,upi_y7w29max6e@okhdfcbank,2026-05-13
U000365,upi_8ddinz298l@oksbi,2025-12-05
U000366,upi_u99eljhb05@okaxis,2026-05-31
U000367,card_9118_4a4c2d164b,2025-10-29
U000368,upi_naehpitza7@ybl,2025-10-08
U000369,upi_1hog8ev2ny@okaxis,2026-02-01
U000370,upi_ifncrn3tnk@paytm,2026-05-09
U000371,upi_k14nk1qbcd@okaxis,2026-07-26
U000372,card_1987_f38e7b52e6,2026-06-17
U000373,card_0851_236d7302f2,2026-03-06
U000374,upi_5ah9og5bma@okhdfcbank,2026-04-23
U000375,upi_3zqx3qfxmh@okaxis,2026-07-05
U000376,card_8391_e355be3688,2026-06-21
U000377,upi_5xu6m9deoc@oksbi,2025-12-16
U000378,upi_p7qfq9n04f@okhdfcbank,2026-07-05
U000379,upi_1zzrog0jrx@oksbi,2026-05-11
U000380,card_8805_62740b90c9,2026-03-19
U000381,card_1672_bf4fb64d1b,2025-10-04
U000382,upi_51ni4eubyg@ybl,2026-06-12
U000383,card_8934_ed2ec6eec5,2025-09-23
U000384,upi_5rukcasssl@ybl,2025-10-24
U000385,upi_upl5h2qq6a@okaxis,2026-05-26
U000386,upi_tos7nnxxym@paytm,2025-09-11
U000387,card_1660_60eabe61c6,2025-10-04
U000388,upi_o3zin1a7kn@oksbi,2026-02-12
U000389,card_1519_9266ff9635,2026-05-03
U000390,card_9936_304e140895,2025-11-29
U000391,card_0294_12313a5607,2025-12-28
U000392,card_6890_bf28546f0d,2025-10-23
U000393,card_6045_2595f6bb33,2026-04-29
U000394,upi_92yfai6yr8@okicici,2025-12-17
U000395,upi_etxxp4wvah@okhdfcbank,2026-05-27
U000396,upi_k4kl9fg2ne@ybl,2026-05-31
U000397,upi_yl77vlqu01@ybl,2026-01-31
U000398,card_8984_992273e2bd,2025-12-04
U000399,upi_c5s88okr7p@oksbi,2025-11-16
U000400,upi_hv1y04z4vc@ybl,2026-04-19
U000401,upi_37foqsr41s@oksbi,2025-10-22
U000402,upi_edl60yokr7@okaxis,2025-09-25
U000403,card_2912_a00bb8b3fc,2025-09-03
U000404,upi_f5428mt9fs@ybl,2026-04-03
U000405,upi_gvxxyn9t61@okaxis,2026-03-04
U000406,upi_35ty40qcul@ybl,2026-08-03
U000407,upi_eqerftnvij@paytm,2026-08-22
U000408,upi_zkbnsh8llr@okhdfcbank,2026-07-03
U000409,card_4752_1977e9b271,2025-10-25
U000410,upi_xotx76d2kj@okaxis,2026-04-27
U000411,upi_zhwtc908t6@okaxis,2026-02-09
U000412,upi_423l90mczh@okicici,2026-06-21
U000413,upi_ilul7jptgd@okhdfcbank,2026-03-12
U000414,upi_a9o6h0feeb@okicici,2026-02-11
U000415,card_5344_aad3a8a273,2025-10-21
U000416,upi_vkmcx5zphw@oksbi,2025-09-24
U000417,upi_e99oh12pgx@oksbi,2025-09-10
U000418,upi_7pr28j2k3t@paytm,2026-06-18
U000419,card_2146_9a7f938057,2026-02-04
U000420,upi_mlox8gct3m@okicici,2026-03-07
U000421,upi_naabk97ei9@okaxis,2025-10-21
U000422,card_3087_3ffe2a9e0e,2026-08-19
U000423,card_9625_ca1d9e7eed,2026-05-11
U000424,upi_h0wfwojq44@oksbi,2025-12-20
U000425,upi_6fpg5wdfr8@ybl,2025-11-16
U000426,upi_ngmzyzc0mv@okhdfcbank,2026-07-31
U000427,upi_aut3xrbx2w@oksbi,2025-10-22
U000428,upi_pvw4nh81tj@okaxis,2026-05-03
U000429,upi_2knelwl8u8@okaxis,2025-09-26
U000430,upi_hxtdqy89fi@okaxis,2026-05-29
U000431,card_3862_eee90fe4b0,2026-01-21
U000432,upi_4qjd7b52xo@ybl,2026-07-21
U000433,upi_fofq1rucl3@okaxis,2026-02-04
U000434,upi_1klyrsoava@okhdfcbank,2025-10-27
U000435,card_3714_3b2114fb75,2025-11-09
U000436,card_2180_f72a628484,2025-10-12
U000437,card_5059_3b45e92a93,2025-09-18
U000438,card_4486_c1c6b176ea,2026-03-12
U000439,upi_777k1d8nru@ybl,2026-06-09
U000440,upi_xm9f4oheun@okhdfcbank,2026-07-08
U000441,upi_ptt3m5h0jh@okicici,2025-11-10
U000442,upi_g9vhbqi064@ybl,2026-01-19
U000443,upi_4ngydbnigz@okicici,2025-09-23
U000444,upi_2pfv7pivpa@oksbi,2026-04-14
U000445,upi_qvczkakj6s@paytm,2025-12-30
U000446,upi_r1muyrpk40@paytm,2025-10-01
U000447,card_4083_3408203a2c,2025-12-24
U000448,upi_gqtcd21w2k@okicici,2026-07-15
U000449,card_9378_26b0f1c614,2026-04-11
U000450,upi_jn7fdtgske@oksbi,2026-08-23
U000451,upi_i9hdv9nm30@okaxis,2025-10-12
U000452,upi_yv0n1smp85@paytm,2026-02-23
U000453,upi_s01wxpxn2t@oksbi,2026-08-12
U000454,upi_6gil6dtxlj@okicici,2026-03-22
U000455,upi_8innu7pggm@oksbi,2025-10-03
U000456,upi_1u6swnj9rw@okhdfcbank,2026-06-10
U000457,upi_8hs287qmrm@okaxis,2025-11-15
U000458,upi_gn3s2w1ixu@paytm,2025-11-14
U000459,upi_nydz0b545k@okicici,2026-06-05
U000460,upi_qhdlqh1cv2@paytm,2026-01-18
U000461,upi_0q7oc0qpdx@paytm,2025-11-27
U000462,upi_4j0sgq53al@okicici,2026-01-17
U000463,upi_uk52cg99l3@okhdfcbank,2026-03-01
U000464,card_3003_071be9e694,2026-08-10
U000465,upi_f37fd3mwg2@ybl,2026-02-12
U000466,card_9380_82e20cde4f,2025-10-02
U000467,card_6203_cbd8ccb8f9,2026-03-30
U000468,upi_6sp0y3rora@okaxis,2026-03-22
U000469,upi_eotp7a3uh0@oksbi,2026-03-26
U000470,card_4932_e59e0e74bf,2025-11-09
U000471,card_8075_9187519b4c,2026-05-14
U000472,upi_mqebbeljqi@okicici,2026-03-14
U000473,upi_dov9wd0rvz@paytm,2025-12-31
U000474,upi_ymhp9nymso@okaxis,2025-09-16
U000475,upi_9m8yi038z2@oksbi,2026-03-13
U000476,card_1286_197f641c47,2026-04-14
U000477,upi_bks3ii3f4x@okaxis,2026-08-07
U000478,upi_woe58oagp0@okhdfcbank,2026-02-16
U000479,upi_ms66ke6zad@okaxis,2026-05-31
U000480,card_5797_311505477c,2025-11-26
U000481,upi_q1hu3fiqg0@okaxis,2025-12-20
U000482,upi_dsizb25jt3@okicici,2026-06-01
U000483,card_6545_7e83c1cc9c,2026-04-16
U000484,upi_j3izbt1kt7@oksbi,2025-12-21
U000485,card_4026_3752e5fa55,2026-05-06
U000486,upi_54wqrv5nd6@paytm,2026-04-21
U000487,card_1291_7d6e4f59ce,2026-06-02
U000488,upi_qr4zlxb7gi@okaxis,2026-02-09
U000489,upi_imlcbiedbz@okicici,2025-11-23
U000490,card_1569_60c16d1a85,2025-12-08
U000491,card_0834_9faa6fc827,2026-02-28
U000492,upi_kpmvno9i1s@paytm,2026-04-29
U000493,card_8546_382660cc33,2025-10-19
U000494,card_0040_812978c799,2026-03-24
U000495,upi_j725u0332w@paytm,2026-02-18
U000496,upi_d3m6jr8fl9@ybl,2026-03-18
U000497,card_1209_0448748cad,2025-12-05
U000498,upi_fud1ahiia7@okhdfcbank,2026-02-16
U000499,upi_7pnud53qe5@okhdfcbank,2026-05-17
U000500,upi_o4qu280wc8@oksbi,2025-12-18
U000501,card_3240_af30341a96,2026-03-04
U000502,upi_e8el8hpaza@ybl,2025-12-08
U000503,upi_83jqycrho7@okhdfcbank,2026-07-17
U000504,upi_w4teq3cyfw@okaxis,2026-01-20
U000505,card_8460_305e101690,2025-09-12
U000506,upi_bdelflspgq@ybl,2025-09-02
U000507,upi_j1ydot948u@okhdfcbank,2026-07-22
U000508,upi_y05y5fnx74@ybl,2026-04-26
U000509,upi_u7hwlwzub3@paytm,2026-03-27
U000510,upi_10i187yohq@okicici,2026-04-30
U000511,upi_f9xxwnkpzi@okhdfcbank,2026-02-23
U000512,upi_7q7cmdbh4j@ybl,2025-11-16
U000513,upi_qftfofysy0@okhdfcbank,2026-07-19
U000514,upi_wsq7tfs2e2@oksbi,2025-09-20
U000515,card_1057_6d127ab0d0,2025-09-27
U000516,card_8457_74d22aac4a,2026-02-11
U000517,upi_bc82sg0ypj@okhdfcbank,2025-10-11
U000518,upi_33s5r25zfc@okicici,2026-08-13
U000519,upi_a77e799o6a@okicici,2026-05-21
U000520,upi_ewkihpy36z@okaxis,2026-05-09
U000521,upi_6l8jvzslt6@paytm,2025-12-17
U000522,card_3879_b7563add7a,2026-07-10
U000523,upi_2k5qs49mvk@okicici,2026-03-11
U000524,upi_6t9by8nhq4@oksbi,2025-12-12
U000525,card_5706_11a24e7b50,2025-12-24
U000526,card_4908_ae561e1f1c,2026-07-15
U000527,upi_ygou3hpf15@paytm,2025-09-25
U000528,upi_hrx0d9y9b1@paytm,2026-04-24
U000529,card_2855_3e2790928e,2026-04-09
U000530,card_5402_801b4c5214,2026-03-27
U000531,upi_8xerfhs2qj@oksbi,2025-12-20
U000532,upi_wnuk491rz8@okaxis,2025-09-20
U000533,card_2887_f44bd2bae3,2026-01-28
U000534,upi_15r83y7418@oksbi,2026-03-19
U000535,card_1948_bd00380ac6,2026-08-16
U000536,upi_a7bl11cpgw@oksbi,2026-06-18
U000537,card_2142_42fb2f87ed,2026-01-19
U000538,upi_6xnnzl0ydr@paytm,2026-05-16
U000539,card_6710_6eb8ac67f7,2026-04-29
U000540,upi_f3qhyh0g0x@okaxis,2025-10-22
U000541,upi_7zxwuamrij@okaxis,2026-03-01
U000542,upi_i1ijol9gdm@okhdfcbank,2026-07-19
U000543,upi_zodil01av2@okaxis,2025-11-15
U000544,card_9899_df0eb91f3d,2026-07-06
U000545,upi_ep3cce05z2@paytm,2026-08-13
U000546,card_2788_ebb710cd49,2026-07-31
U000547,card_6881_1ff78a1fa6,2026-07-13
U000548,upi_m03al44loc@oksbi,2026-06-09
U000549,upi_64yw5r1f5b@oksbi,2025-10-25
U000550,upi_gxhe68y1tl@oksbi,2025-11-22
U000551,upi_7mv5nlzl7h@ybl,2026-08-22
U000552,upi_9he6vb7hfg@ybl,2026-02-20
U000553,upi_j2vhak2x9p@oksbi,2026-05-22
U000554,upi_jciuhd1o6o@ybl,2025-11-05
U000555,card_2500_bf1ece4794,2026-01-08
U000556,card_2878_0f658bda61,2026-01-16
U000557,upi_1irva0y0wl@oksbi,2026-07-29
U000558,upi_s5quh67qxj@okaxis,2025-12-29
U000559,upi_gq04qpqrw6@ybl,2026-06-09
U000560,card_2574_6dab044220,2026-07-30
U000561,card_4106_ee5f5ff099,2026-03-19
U000562,upi_r4gse74v5d@okicici,2025-12-27
U000563,card_7933_8d8ba7c4c7,2026-03-10
U000564,card_9946_631451a47e,2025-10-24
U000565,upi_u8ssmy9bn1@oksbi,2026-04-27
U000566,upi_k0ojbqu111@ybl,2025-09-12
U000567,upi_6ihruj9ycs@okaxis,2026-08-08
U000568,upi_52gcf9spqd@okicici,2026-02-26
U000569,upi_vtm6x4k3ow@okhdfcbank,2026-08-16
U000570,upi_k2gpm4ghdo@okicici,2026-02-18
U000571,upi_kulc5l36ug@okhdfcbank,2025-10-20
U000572,card_3765_acdea977d8,2025-09-25
U000573,upi_jgatxpxzqu@oksbi,2026-05-07
U000574,upi_x1vop8qw8n@paytm,2026-02-04
U000575,card_6032_a16799f933,2026-02-13
U000576,card_5278_5ca5fb77d1,2026-06-03
U000577,upi_d2ck42vjgk@ybl,2026-04-19
U000578,card_9832_6b2a90d17a,2025-09-26
U000579,card_0595_e56c51a157,2026-01-01
U000580,upi_nkctq7vin5@okicici,2026-04-02
U000581,card_6766_a98ae66708,2025-09-10
U000582,upi_xi6qxcwni3@paytm,2026-06-17
U000583,upi_mh4gblckuh@paytm,2026-04-23
U000584,card_7831_d12bf6c7d1,2026-05-01
U000585,upi_cuu54heagl@okaxis,2026-07-21
U000586,upi_rpncsqc2vd@ybl,2025-12-19
U000587,card_7546_5068de0fbf,2025-11-20
U000588,card_5090_eff8616f26,2025-12-10
U000589,upi_1kedjmnnse@okaxis,2025-11-23
U000590,card_9732_42c1d1aa9b,2025-11-11
U000591,upi_5wqhj2kegz@okaxis,2025-12-23
U000592,upi_pf8m72zkeo@okhdfcbank,2025-09-20
U000593,card_2029_6a267e40af,2026-06-07
U000594,upi_3mbeapfj6w@paytm,2025-10-29
U000595,upi_guwdf1s49m@oksbi,2025-11-29
U000596,upi_iokoqs8d6k@paytm,2026-02-15
U000597,upi_dqiut6hrcf@ybl,2025-12-07
U000598,card_3531_45609cde57,2026-03-07
U000599,upi_6qgcmrrkal@okicici,2026-06-23
U000600,upi_8xnalt4u6o@paytm,2026-02-27
U000601,upi_3qyxpybnrk@okaxis,2026-06-21
U000602,upi_7xl886p5xh@ybl,2025-10-02
U000603,card_1941_2cca9aeb6d,2026-05-28
U000604,card_8641_44c1e07a2a,2025-10-04
U000605,upi_z3ce55h7yd@okaxis,2025-11-21
U000606,upi_fs4s5qtydv@oksbi,2025-11-05
U000607,upi_913sd09oym@ybl,2025-09-22
U000608,card_3739_32951fae9e,2026-08-01
U000609,upi_g2pu2nu4h6@oksbi,2026-02-13
U000610,upi_spzpdyj49i@paytm,2026-03-14
U000611,upi_gbit6rbewv@oksbi,2025-11-08
U000612,upi_wx0s4t0kzx@oksbi,2026-01-22
U000613,upi_jgp2gbudy7@okicici,2026-05-10
U000614,upi_0tuey6emdf@oksbi,2025-09-28
U000615,card_3474_7e9546079c,2025-09-15
U000616,upi_vt1kkeqvi0@okaxis,2026-03-19
U000617,card_0138_4f5a2da84d,2026-08-20
U000618,upi_83uj09asfo@okicici,2025-11-25
U000619,card_7191_e96fdfa128,2025-12-21
U000620,upi_1r1svblrq3@paytm,2025-10-21
U000621,card_1250_5ca555ca77,2026-03-12
U000622,card_5002_8470419122,2026-06-06
U000623,upi_32isnktkp2@okaxis,2026-08-24
U000624,upi_nibw1gix5h@paytm,2026-05-02
U000625,upi_gj9u6v6z8k@ybl,2025-09-07
U000626,card_7960_ba7e0a3b6a,2025-12-22
U000627,card_5473_609516d135,2026-05-27
U000628,upi_kvzarhdvus@okaxis,2026-01-12
U000629,upi_uyf84typ3z@ybl,2025-11-21
U000630,card_1277_2bf571a0cc,2026-04-28
U000631,card_6758_ef984c3ddb,2025-10-16
U000632,upi_4iwh7dca6w@okaxis,2026-03-12
U000633,card_1518_65fcea984d,2026-01-09
U000634,card_0262_d579d0ac28,2026-03-06
U000635,upi_i3d3scpq4r@ybl,2026-06-27
U000636,upi_1mz9k33t9l@paytm,2026-04-07
U000637,upi_8mklbc5504@paytm,2025-10-08
U000638,card_0799_b2c0ff65a4,2026-06-17
U000639,upi_gt6lkwknys@ybl,2025-12-08
U000640,card_0904_c6ff8551c8,2025-11-03
U000641,upi_56j61um04a@okhdfcbank,2026-06-29
U000642,upi_45te3ppmbl@okhdfcbank,2026-01-13
U000643,upi_3lc37srdv4@okhdfcbank,2026-08-14
U000644,upi_pvsf4et7wa@oksbi,2026-02-23
U000645,upi_j3rzql0h5q@okaxis,2025-12-14
U000646,card_8574_71bf915733,2026-04-10
U000647,upi_8a3pwjt7d0@okhdfcbank,2026-01-30
U000648,card_4958_dbff3aeed5,2025-09-14
U000649,upi_wrzqe54pfm@oksbi,2026-04-17
U000650,upi_0gf8e59jmz@ybl,2025-09-25
U000651,upi_mnr1v1zn5h@ybl,2026-02-07
U000652,card_9247_4aeadece87,2026-07-10
U000653,upi_8kpqpjsfy0@ybl,2026-03-07
U000654,upi_075g514a99@paytm,2026-06-24
U000655,upi_3qijtwv1mm@okaxis,2026-07-09
U000656,card_4474_a20e1d4883,2026-08-13
U000657,upi_i3zttsk3a0@paytm,2025-11-02
U000658,upi_9eu0g8lwdk@oksbi,2026-04-27
U000659,card_0763_be4a7aaeb9,2026-03-30
U000660,upi_xub49ozo13@okicici,2026-01-03
U000661,upi_o7dug8poki@okhdfcbank,2026-02-28
U000662,upi_gvvvvdkt97@okhdfcbank,2026-07-31
U000663,upi_2ff2zvii8t@okaxis,2025-11-18
U000664,upi_pvq308n32k@okicici,2025-12-21
U000665,upi_i8nu17uvd1@okaxis,2026-01-26
U000666,card_0793_04b7684599,2025-10-12
U000667,upi_qhxsipnaru@okaxis,2026-08-20
U000668,upi_2ld524qbss@okhdfcbank,2026-08-18
U000669,upi_drra5yu3tt@okhdfcbank,2025-11-12
U000670,card_0021_c107fc9168,2026-02-07
U000671,upi_ffn16db0ic@okicici,2026-01-02
U000672,upi_jo9nifmpeo@ybl,2025-11-16
U000673,upi_x42eh0qbvr@okaxis,2025-12-21
U000674,card_6783_5e80ea8202,2025-11-28
U000675,upi_j38ayix6xh@oksbi,2026-05-08
U000676,upi_tdrjdl2anp@ybl,2026-07-22
U000677,upi_m5po7btpdo@paytm,2026-01-15
U000678,upi_y8lbkyyt86@okaxis,2025-11-10
U000679,upi_3nppablb5y@oksbi,2026-04-15
U000680,card_1425_1c321a0bcf,2026-06-19
U000681,upi_k3lnkoh67p@paytm,2026-03-29
U000682,upi_1x0l420z5t@oksbi,2026-05-04
U000683,card_2972_c005d1b3fe,2026-05-13
U000684,upi_p1f84c3z2l@okicici,2026-02-01
U000685,upi_rx6a990bsh@okhdfcbank,2025-09-07
U000686,upi_jbv6jnsczk@okicici,2026-04-05
U000687,upi_n1b5ou833z@okhdfcbank,2026-08-25
U000688,upi_wcqtjvu1ia@okaxis,2026-06-24
U000689,upi_0hcn1d53i0@okaxis,2026-06-17
U000690,upi_dgj9kku7im@okicici,2026-04-27
U000691,card_8421_f4eaefeea6,2026-06-28
U000692,card_5414_4e92465613,2025-09-18
U000693,upi_ocn8ds7kvk@paytm,2026-05-24
U000694,upi_0u4suxriow@okaxis,2026-08-05
U000695,upi_w4p220x3ob@okicici,2026-02-17
U000696,card_1945_bc79ae7f8f,2026-08-25
U000697,upi_8pm4y2mgbn@okhdfcbank,2025-10-27
U000698,upi_dcf33u699v@okaxis,2025-09-08
U000699,upi_qouqzvisxu@okicici,2026-05-18
U000700,upi_tdwhmbun6x@okhdfcbank,2026-03-02
U000701,card_9618_fa4f6364b6,2026-02-07
U000702,upi_jgojcvj0s1@paytm,2025-12-09
U000703,upi_fc0xef6a9x@okhdfcbank,2025-09-28
U000704,upi_iveh8vfnqg@okicici,2026-05-28
U000705,card_6338_c66f6c5deb,2025-09-17
U000706,upi_34zatz8rbj@paytm,2025-09-22
U000707,upi_ftc46eljc2@ybl,2026-08-18
U000708,upi_qwb7yghb9n@oksbi,2026-06-01
U000709,card_7101_d338a3a6c5,2025-11-13
U000710,card_4591_a16f60ced8,2026-02-16
U000711,upi_ghysbz0oc7@ybl,2026-01-14
U000712,upi_pbla6szo61@okicici,2025-12-30
U000713,upi_spu69cmnjt@ybl,2025-10-16
U000714,card_0617_5a9e7e37f2,2025-10-23
U000715,upi_rmxu7u0c0y@okicici,2026-05-03
U000716,card_7827_1c6acd0974,2025-10-30
U000717,card_2362_e8ced9b3bd,2026-04-17
U000718,card_7649_7a2f396d6c,2026-01-20
U000719,card_7153_99edace001,2026-06-19
U000720,upi_xjv32vuxly@paytm,2025-09-20
U000721,upi_91agxmnkn4@okaxis,2026-02-25
U000722,upi_ce4pevh4ql@okhdfcbank,2025-09-22
U000723,upi_2bzclrl9a3@oksbi,2026-02-03
U000724,upi_kvcm2cd1w6@okaxis,2025-10-28
U000725,upi_9bcdc25dmu@okaxis,2026-04-13
U000726,upi_l4rv2yn9ht@okicici,2026-02-16
U000727,upi_nmpgg0q15f@paytm,2026-02-26
U000728,upi_g7t92zx195@okaxis,2026-06-25
U000729,card_0159_6428bc1063,2026-06-01
U000730,upi_3eehp2z94h@ybl,2026-04-23
U000731,card_0121_d88d892604,2026-05-05
U000732,card_5548_3ae3f51622,2025-09-04
U000733,upi_szatdfnmdl@ybl,2026-01-15
U000734,upi_mao5xxy6wk@oksbi,2025-11-21
U000735,upi_qfjod8vu7j@okhdfcbank,2025-12-02
U000736,upi_d327kjo7rj@ybl,2026-01-09
U000737,upi_60t3i6kdpr@okaxis,2026-03-28
U000738,upi_88rbywcybo@okicici,2025-09-07
U000739,upi_hqr2ime3lm@okaxis,2026-02-07
U000740,upi_uysg61vh0a@okicici,2026-04-18
U000741,upi_6rsofrvaf6@paytm,2026-07-21
U000742,card_6772_0b70a47f4f,2025-09-11
U000743,upi_rrrsuyjmic@paytm,2026-06-21
U000744,card_5331_8c1d7fddb3,2026-07-23
U000745,card_1030_b4b679843b,2025-10-17
U000746,card_6290_2c4d5d99e7,2025-11-24
U000747,card_2257_2d79f367c8,2025-11-15
U000748,upi_xtrazmduyh@ybl,2026-04-13
U000749,upi_8ijumddqg6@paytm,2026-08-25
U000750,upi_4xgq78u42i@okicici,2026-05-11
U000751,upi_kb571wzsv6@paytm,2025-12-02
U000752,upi_cwxxdw2mvh@okaxis,2025-11-04
U000753,card_8343_5e83f33941,2025-12-08
U000754,card_6039_e06eeef306,2026-07-02
U000755,card_7516_ec00b1d312,2025-10-31
U000756,upi_5plwqnv53i@paytm,2026-06-17
U000757,card_2104_dda0d527ff,2026-04-06
U000758,upi_3qcqaooxj9@okicici,2026-05-28
U000759,card_7697_a33a775911,2026-04-07
U000760,upi_f6jzqf2rka@okaxis,2026-06-17
U000761,upi_4o27evcnqi@paytm,2026-03-08
U000762,card_0064_3aa129d3c8,2026-03-09
U000763,upi_eagtnp9baa@ybl,2026-07-17
U000764,card_9007_e72adb4d28,2026-07-08
U000765,upi_jvyc2y3vcq@okicici,2026-03-30
U000766,card_6639_ecd60b4db0,2026-03-14
U000767,upi_ypjqwys36e@paytm,2026-07-06
U000768,upi_ejwska3ylb@paytm,2026-03-22
U000769,card_5226_f47b89b66b,2026-04-21
U000770,upi_bsqh2ziulg@oksbi,2025-12-23
U000771,upi_gfmzdy8im5@okaxis,2025-11-04
U000772,upi_nmintsfjhu@okaxis,2025-12-04
U000773,upi_aoyu534q40@oksbi,2026-05-15
U000774,upi_7m1v9e79gk@paytm,2025-10-23
U000775,upi_f984hzcs7g@oksbi,2026-01-09
U000776,upi_7nw03vm1u0@okicici,2026-03-29
U000777,card_8346_f2a7e8cedf,2025-09-06
U000778,upi_xykfo7iqxb@ybl,2026-07-04
U000779,upi_2nad0stbo1@okaxis,2025-10-10
U000780,upi_p20pvl83od@okhdfcbank,2026-06-08
U000781,card_8885_e01c9bb7d3,2025-11-25
U000782,upi_iauxy9or1a@ybl,2026-04-08
U000783,upi_dewd6l5hrj@okhdfcbank,2026-01-19
U000784,card_8269_73e78270d0,2026-05-09
U000785,card_7913_b2ad6b9eb9,2026-03-01
U000786,card_3827_a5ce2c6608,2026-02-09
U000787,upi_a62dbksrpa@okicici,2026-07-03
U000788,upi_0r6w6nch4h@okaxis,2026-06-16
U000789,upi_osh4lv73qi@ybl,2025-10-01
U000790,upi_l5roszhx14@okhdfcbank,2025-11-09
U000791,card_5654_3e4a74c158,2026-06-06
U000792,upi_o97pbyd4dj@paytm,2025-10-15
U000793,upi_laimi7083d@okhdfcbank,2026-04-12
U000794,upi_o81241uwnz@okhdfcbank,2026-07-06
U000795,upi_9cwnbil8b5@okicici,2026-07-08
U000796,card_3670_90e1d0c5fa,2026-06-17
U000797,card_5270_5cecac1e95,2025-12-15
U000798,upi_s8cg90mx7a@okhdfcbank,2026-01-08
U000799,card_4018_6b41ba01b3,2026-08-14
U000800,upi_8rdzrq8eb7@ybl,2026-03-28
U000801,card_5191_5c6b33e410,2026-07-23
U000802,card_3144_360011d70f,2026-01-31
U000803,card_9504_262d58b469,2026-08-17
U000804,card_6242_6fb52eb3a1,2026-06-20
U000805,upi_26f4dqwml7@okaxis,2025-12-12
U000806,upi_wy1mtjyeou@okicici,2025-10-19
U000807,upi_w856u0rkto@okhdfcbank,2026-06-14
U000808,upi_vqe5kn0w0b@okaxis,2026-02-28
U000809,upi_gvgq2uokff@ybl,2025-12-05
U000810,upi_mbb3rnwyxa@okaxis,2025-12-28
U000811,upi_0jwi0p91le@okaxis,2025-12-13
U000812,card_4900_e202b1b8f5,2025-11-06
U000813,upi_j6ff4yex32@okaxis,2026-07-24
U000814,card_7882_eaf247692a,2026-03-27
U000815,upi_iqa123ncrj@okhdfcbank,2026-03-25
U000816,card_5790_97d747da91,2026-06-21
U000817,upi_e3nhwvl9v7@okhdfcbank,2025-11-10
U000818,upi_jqn33bq85u@ybl,2025-09-23
U000819,card_4473_e4263d3ea8,2025-12-11
U000820,upi_napgfhtn9x@okhdfcbank,2026-03-22
U000821,card_7186_93fce16b33,2026-07-25
U000822,upi_wbmj6v9ic8@oksbi,2026-08-22
U000823,upi_n6mgwnomfu@oksbi,2025-12-08
U000824,upi_lfj8rm4t2k@okaxis,2026-02-01
U000825,upi_0tiw5l5kv4@paytm,2026-05-16
U000826,card_9371_04084188e6,2026-03-18
U000827,upi_45o4dnuyjb@okhdfcbank,2025-12-21
U000828,card_7157_638c9081a2,2025-12-30
U000829,upi_zxri7sis1b@paytm,2026-06-07
U000830,upi_3k77jj6v0p@okicici,2026-01-11
U000831,upi_1zwrjhhr6e@okaxis,2025-12-20
U000832,card_7310_8c9b8b111f,2025-11-06
U000833,upi_407ee6gr37@okaxis,2026-05-27
U000834,upi_qd9anotqlv@okaxis,2025-10-11
U000835,upi_icvkmv4hmm@paytm,2025-09-18
U000836,upi_5vgd1x8l3j@okhdfcbank,2026-02-25
U000837,upi_xp271i1dtt@okaxis,2026-05-12
U000838,card_4786_1065f6c3bc,2026-07-23
U000839,card_0005_537000022b,2026-08-12
U000840,upi_npfc5a23jk@ybl,2026-03-21
U000841,card_7438_2b8730ee93,2026-08-14
U000842,upi_41f2gqn8j0@paytm,2026-02-09
U000843,card_9986_03c76c157f,2025-12-19
U000844,upi_i1ymufxwt4@ybl,2025-09-29
U000845,card_9832_73c4e289c2,2026-02-08
U000846,upi_4gxoh4r0d3@oksbi,2026-07-31
U000847,upi_pkyhecfxw7@okaxis,2025-11-19
U000848,upi_nelgvd3oh6@okaxis,2026-02-06
U000849,upi_6mq9pbnxms@okicici,2025-12-25
U000850,upi_oa48qnpas8@okaxis,2026-07-09
U000851,upi_1p1dhdgdlt@oksbi,2026-05-28
U000852,upi_1mh1nbzoyw@okaxis,2026-05-24
U000853,upi_v601s9bay6@okhdfcbank,2025-12-15
U000854,card_6530_dfbb327868,2025-10-19
U000855,upi_of1qrf87hk@okicici,2026-06-19
U000856,upi_s65o412q4x@paytm,2026-08-03
U000857,card_5674_de38b71e72,2026-08-13
U000858,card_5661_23928e80a7,2026-04-25
U000859,upi_ysrcbjs4t1@okicici,2026-07-20
U000860,card_2615_868e903349,2026-04-06
U000861,upi_toohuainrj@okaxis,2025-09-21
U000862,upi_ffp5ny1li8@okhdfcbank,2026-06-06
U000863,upi_mpggd0twkd@ybl,2026-07-06
U000864,upi_9svuueu7ax@ybl,2026-01-23
U000865,upi_axlw5m4e62@paytm,2026-08-03
U000866,upi_6jc15gyicc@paytm,2026-01-21
U000867,upi_l35bdlhty2@okicici,2025-10-10
U000868,card_0629_c3c16264d9,2025-10-09
U000869,upi_txs83xew1z@paytm,2026-07-17
U000870,upi_6kl9r84a3n@okhdfcbank,2026-07-09
U000871,upi_j6sc3lfqgh@okhdfcbank,2026-08-07
U000872,upi_mlfp36jh83@okicici,2026-08-01
U000873,upi_otxxgsh4vw@ybl,2026-02-16
U000874,upi_k0h2k1l2ks@paytm,2026-03-22
U000875,upi_igt6d97oie@paytm,2026-05-07
U000876,upi_q9uqwfn55l@okicici,2025-10-15
U000877,upi_hfre1vo8s3@ybl,2025-09-06
U000878,upi_m0gz8tbf8a@ybl,2026-04-30
U000879,upi_y7z32ox1g2@okaxis,2026-04-11
U000880,upi_rbeiia7g8u@okaxis,2026-08-03
U000881,upi_xh5y3slgzq@ybl,2025-11-08
U000882,card_1892_5466ac96a6,2025-10-13
U000883,card_5309_993bf79e8c,2026-08-06
U000884,card_6957_7c8a97f678,2025-09-20
U000885,upi_ihw991k8bk@oksbi,2025-10-17
U000886,upi_2o2kp3jr3g@ybl,2025-10-02
U000887,upi_dugtwu5syq@okhdfcbank,2025-09-22
U000888,upi_jajwddwhpo@okaxis,2026-06-22
U000889,upi_8caxjykd0f@oksbi,2026-08-01
U000890,card_8190_8abac356ac,2026-02-05
U000891,upi_kbr3pt47xx@okhdfcbank,2026-02-13
U000892,upi_7ukygnd4zw@okaxis,2025-12-29
U000893,upi_5gx77lkgrp@paytm,2025-09-13
U000894,card_8834_79510b5b27,2025-10-29
U000895,upi_4f0sv3fx6r@okicici,2026-07-07
U000896,upi_gs9hdtrojw@okicici,2025-12-07
U000897,card_7300_ea38a8d98d,2026-03-30
U000898,upi_cksb1tpy3l@okaxis,2025-10-07
U000899,card_8182_b5ee97f44e,2025-11-26
U000900,upi_i1q0ip85lj@paytm,2025-09-16
U000901,upi_crwy9xx4k6@okicici,2025-11-23
U000902,upi_ldai237s4b@oksbi,2026-06-30
U000903,upi_izn1ttkn4e@okhdfcbank,2026-05-16
U000904,card_2774_4866aab6d1,2026-03-23
U000905,card_0030_f86a4933ff,2026-06-28
U000906,upi_i809qc588i@okaxis,2026-01-21
U000907,upi_8u9ewousox@okicici,2025-09-29
U000908,upi_8cunr6rxei@okhdfcbank,2026-03-24
U000909,card_7930_bbe691eab3,2026-02-27
U000910,card_7973_97f9e77bca,2026-03-05
U000911,upi_2s59917v3m@okaxis,2025-09-13
U000912,card_1061_a0e3d5d60a,2026-05-20
U000913,card_0640_338b850e45,2026-06-19
U000914,upi_2h7dbwu5p8@okicici,2025-11-23
U000915,upi_f85i8zuihh@okicici,2026-05-02
U000916,card_1992_d3f8381515,2026-05-17
U000917,card_6041_c0bf24a7f4,2026-02-19
U000918,upi_la26gv7enq@ybl,2025-11-01
U000919,card_1982_4eb325aa01,2026-06-30
U000920,upi_j81dl87xpi@okhdfcbank,2025-12-06
U000921,card_3666_198ad17143,2026-05-09
U000922,upi_dwna2lf4tl@paytm,2026-04-05
U000923,card_1448_d8784266bf,2026-01-17
U000924,card_9764_6b7bda2f3d,2025-10-21
U000925,upi_h1ewcf5yb3@paytm,2025-09-16
U000926,upi_as5dz63mj3@paytm,2025-10-11
U000927,upi_a7g9e8qoni@oksbi,2025-10-07
U000928,upi_tvhygqzt36@paytm,2026-08-12
U000929,upi_fhzyw2k2yk@okicici,2026-01-01
U000930,upi_iw0jufzm8h@okhdfcbank,2026-02-14
U000931,upi_qhbknhtlk2@okhdfcbank,2026-05-18
U000932,upi_9rhykxgxvv@paytm,2026-06-15
U000933,card_8303_e455836728,2025-12-29
U000934,upi_xk25pwi6ru@okhdfcbank,2026-04-17
U000935,card_6276_e4c94eac2f,2026-03-30
U000936,upi_y2u1jbde3x@okicici,2026-02-12
U000937,upi_f21zzspa57@oksbi,2025-11-07
U000938,card_4878_380a0a9867,2026-08-07
U000939,card_1611_f4cf1970bc,2026-04-14
U000940,upi_axta8r80n1@ybl,2026-05-08
U000941,upi_eqi9fc4y7c@okaxis,2026-05-23
U000942,card_1729_e353d3b1e9,2025-11-29
U000943,upi_embmyp8l5i@paytm,2026-05-08
U000944,upi_g787l6k1cn@ybl,2025-10-19
U000945,card_0161_7dad4bb447,2026-02-24
U000946,card_8279_c1612e2bcb,2025-12-14
U000947,card_7469_14590b4963,2026-06-15
U000948,upi_lejp8fwprg@okhdfcbank,2025-12-14
U000949,card_0439_8663808600,2026-05-09
U000950,card_1144_85547a00cc,2026-07-14
U000951,upi_9ol25imzts@oksbi,2025-12-22
U000952,upi_1f3unhhlv6@okaxis,2025-09-03
U000953,upi_w48hmknu0z@ybl,2026-01-20
U000954,upi_f7ab1sxaqi@paytm,2026-01-20
U000955,card_9715_eaa5752470,2025-10-22
U000956,card_0720_c909e34adb,2026-05-21
U000957,card_9646_20e35e7320,2026-07-13
U000958,card_9668_4df8b67105,2026-01-14
U000959,upi_145201v5zd@paytm,2026-08-02
U000960,card_6549_305e538315,2025-11-02
U000961,upi_9pprmqg03j@okicici,2026-08-02
U000962,upi_645ha8g7jo@ybl,2025-10-15
U000963,upi_hnuxg5s07w@ybl,2026-02-25
U000964,upi_jrm97py2z9@okhdfcbank,2025-12-25
U000965,upi_kv781xxwsi@paytm,2026-03-23
U000966,upi_l246kolfpb@okicici,2026-02-09
U000967,upi_yeu3qahkb4@okicici,2025-12-28
U000968,upi_wk06s80bpo@okicici,2026-07-03
U000969,card_8878_878a7785e0,2026-06-17
U000970,card_7767_5022d99e13,2025-12-27
U000971,upi_7kyckn6dyl@okhdfcbank,2026-02-18
U000972,upi_1jfikj1drl@okicici,2025-11-06
U000973,card_5470_295ba01f40,2025-09-25
U000974,upi_3leif05kiy@okicici,2026-01-02
U000975,card_6712_40e0ae5c85,2025-10-22
U000976,upi_cgn7dpwb0b@okaxis,2026-06-17
U000977,card_8601_97bd130027,2026-08-01
U000978,card_8874_cdd3b03985,2026-08-18
U000979,card_6433_c232a8e1fa,2026-03-04
U000980,card_8772_a823ade09a,2025-12-15
U000981,card_1079_c75755ea9f,2026-06-01
U000982,upi_g3v22w1yh6@ybl,2026-08-20
U000983,card_0222_fb6c71672d,2026-01-19
U000984,upi_kwj11vv4o9@paytm,2026-08-22
U000985,card_6096_9f7a98ba18,2026-01-27
U000986,upi_5ghltjby6q@paytm,2026-07-30
U000987,upi_ilfvd98xow@okhdfcbank,2025-12-17
U000988,upi_kbx3av0tte@okaxis,2026-06-20
U000989,upi_s5jdy3f61p@paytm,2025-10-05
U000990,upi_blzzbln9eq@okaxis,2026-05-04
U000991,upi_enepyf0lnw@oksbi,2026-02-24
U000992,card_6650_23a5276b5f,2025-10-26
U000993,upi_b8sdifuh82@okaxis,2025-12-04
U000994,upi_6ru0i7wmdk@okaxis,2026-02-09
U000995,card_2271_981851999b,2025-11-01
U000996,card_0462_06d27e05b9,2025-10-29
U000997,upi_n2virr2k06@oksbi,2026-03-21
U000998,upi_c7mog4z206@okhdfcbank,2025-10-09
U000999,card_9180_d0dcbfbac0,2025-09-10
U001000,card_3672_374042f7b4,2025-11-28
U001001,card_8123_68e84c6443,2026-04-21
U001002,upi_ynuo9rt4yr@oksbi,2025-12-19
U001003,card_8046_7615614bc0,2026-04-16
U001004,card_0609_f06b8d2e0d,2026-03-31
U001005,card_6258_8140ac2b4f,2026-02-24
U001006,card_4186_34c0f50571,2026-07-03
U001007,upi_t0um5yeh22@paytm,2026-01-27
U001008,card_1094_26176b272b,2026-06-18
U001009,upi_iqo60a0ryq@okaxis,2025-10-30
U001010,upi_lcvw20pyoa@paytm,2026-01-11
U001011,card_8206_6df0748ff2,2025-10-13
U001012,card_4773_efd8847169,2026-07-26
U001013,card_8963_e2361b1d11,2026-01-08
U001014,upi_fda6sj9wpb@okicici,2026-06-22
U001015,upi_aadver0drx@okhdfcbank,2026-02-13
U001016,upi_lsvoptnnyv@okicici,2025-09-14
U001017,upi_zqldh0squs@ybl,2025-11-28
U001018,card_5045_855aea2e63,2026-06-19
U001019,upi_m6whwop7le@okaxis,2026-02-18
U001020,card_9405_38a7c90d45,2025-12-31
U001021,card_9901_c2467bdab1,2025-12-05
U001022,card_1637_84128827bf,2026-08-10
U001023,upi_jgvmfcwwil@okicici,2026-07-22
U001024,upi_acoxc3d1hf@okaxis,2026-04-26
U001025,upi_chbe5kr45g@paytm,2026-03-04
U001026,upi_0m6y7e4c5p@okhdfcbank,2025-11-12
U001027,upi_d2h08yuw2n@ybl,2025-10-23
U001028,card_1718_c065490f7f,2025-10-09
U001029,upi_72au5r5lg0@paytm,2026-06-25
U001030,upi_zs9d8ktzkx@okicici,2025-10-16
U001031,upi_uq0fncl27e@okicici,2025-10-04
U001032,upi_ax158x3v3a@okhdfcbank,2026-06-15
U001033,upi_8muzwvlomk@paytm,2026-05-27
U001034,card_5242_7c078c1870,2026-03-03
U001035,card_1353_e4db19da54,2026-08-18
U001036,card_8902_4d061f6125,2025-10-14
U001037,upi_2nog6hvogs@oksbi,2025-11-12
U001038,card_2305_4c3cadc662,2025-11-05
U001039,upi_lqfdt95b12@okaxis,2026-05-06
U001040,upi_zgqeynnsd8@okhdfcbank,2026-03-04
U001041,upi_0s6745ugsy@paytm,2026-07-31
U001042,upi_wqeq7j8m8c@paytm,2026-05-02
U001043,upi_4wg5w28uyg@okhdfcbank,2025-10-27
U001044,upi_0azdkkqahs@ybl,2025-11-08
U001045,card_8864_a692a944ca,2025-10-10
U001046,card_2963_71db9c1e04,2025-10-31
U001047,upi_dag4ygqx4u@oksbi,2025-09-04
U001048,upi_njob3ratq8@okaxis,2026-04-28
U001049,card_2428_4cf4e636ab,2026-02-04
U001050,card_7903_08c541461e,2026-06-29
U001051,upi_yi005im2ct@paytm,2026-05-18
U001052,card_9961_1d22cc9c37,2025-10-04
U001053,upi_zenk5z3gm5@okhdfcbank,2026-06-14
U001054,upi_u5hv3g2vwv@okaxis,2025-11-12
U001055,card_2181_e490469cdd,2026-08-25
U001056,card_0687_7001402ad5,2026-04-07
U001057,card_7424_f340b7550b,2025-11-03
U001058,upi_o0b2tkpz0d@okhdfcbank,2025-12-13
U001059,upi_ipsy0lj2fh@oksbi,2026-05-29
U001060,upi_pxophu0rt7@okaxis,2026-08-05
U001061,card_1719_e55a788a88,2026-07-10
U001062,upi_7gfrd42ywb@okaxis,2026-05-29
U001063,upi_xrkuoa1n9n@okhdfcbank,2025-12-06
U001064,card_5261_de8cedadb9,2025-11-20
U001065,card_7176_66b91c7de2,2025-10-02
U001066,upi_k30tztkrbx@okaxis,2025-09-16
U001067,card_7928_cfa4df9e2a,2026-03-22
U001068,card_9751_11d8b42ff6,2026-08-01
U001069,upi_3p3oolqloi@okicici,2026-01-11
U001070,upi_ty9p0xnlzt@paytm,2026-04-04
U001071,card_4417_35714b6bbf,2026-03-04
U001072,upi_ttnoog9tvp@ybl,2025-12-01
U001073,upi_zmzjzbkvsc@oksbi,2026-03-15
U001074,card_3637_50bec50b41,2025-12-06
U001075,upi_y7nx4hoo8a@paytm,2025-10-17
U001076,upi_wbarqisqr4@okicici,2025-10-02
U001077,card_9871_0896f4d8ae,2026-02-10
U001078,upi_vjntkclrjx@ybl,2026-05-22
U001079,upi_mvohf07273@ybl,2026-01-27
U001080,card_1555_8a4cb4d6b0,2025-12-09
U001081,upi_vkkuc8ak2i@ybl,2026-07-04
U001082,upi_mnoxw2bg8p@okhdfcbank,2025-10-04
U001083,card_0009_b19465659c,2025-12-01
U001084,card_2542_2962810168,2026-07-13
U001085,card_4319_e6d07c2a9f,2026-01-04
U001086,upi_fm3n50bv6s@ybl,2026-03-23
U001087,card_8060_f971ea32e7,2025-11-13
U001088,upi_24b4hfakgp@okaxis,2025-09-24
U001089,upi_dw57iahs3u@okhdfcbank,2026-03-01
U001090,upi_so2hbrupvk@oksbi,2026-01-05
U001091,upi_ltdnqd9pqr@okaxis,2026-08-26
U001092,card_2527_2663e1f8b3,2026-02-14
U001093,card_0413_9c6665e080,2025-12-24
U001094,upi_mnb3d8zbrt@oksbi,2025-12-04
U001095,upi_9lq6cyyozr@okaxis,2026-08-04
U001096,upi_lp0irah0cp@ybl,2026-03-09
U001097,upi_ato45mptbg@paytm,2026-01-20
U001098,upi_xios4kvvrh@okaxis,2025-10-28
U001099,upi_i8nbb2gfwv@paytm,2025-12-07
U001100,upi_eoolmow99w@okhdfcbank,2025-11-19
U001101,upi_rek6kr4fp7@oksbi,2025-12-27
U001102,card_8664_751f5c94b2,2025-10-24
U001103,upi_w2memte1zi@okicici,2026-02-22
U001104,card_5900_9893d5d3e5,2026-04-27
U001105,upi_bakago03s4@okicici,2026-01-21
U001106,upi_y84o6yi8b8@okicici,2025-10-28
U001107,upi_brqf5lnjih@okhdfcbank,2025-10-19
U001108,upi_gbl9tsuh8a@paytm,2026-03-07
U001109,card_2717_c73478203a,2026-08-07
U001110,card_8153_d950cd7803,2026-07-08
U001111,upi_whmrih5egl@okicici,2026-05-27
U001112,card_8419_55ee1ebff0,2025-11-14
U001113,card_0075_f2700b822e,2025-10-15
U001114,upi_nrmepsv6tx@okicici,2026-04-26
U001115,upi_wec74cn9r6@paytm,2026-02-10
U001116,upi_ag3dur5p40@ybl,2026-05-22
U001117,card_9220_aa1168ecea,2025-11-02
U001118,upi_xt3cnry587@paytm,2025-11-26
U001119,card_8514_23da0d33ca,2026-06-05
U001120,card_6378_9441ee86e8,2026-03-06
U001121,upi_3evpzzb25w@okhdfcbank,2026-07-08
U001122,upi_0guql27lih@ybl,2026-02-11
U001123,upi_0h1c9ibc5o@oksbi,2025-11-13
U001124,upi_m1268vofh2@okaxis,2026-06-15
U001125,card_5275_99ea38e411,2026-04-12
U001126,upi_zzsblj8izo@okaxis,2025-10-25
U001127,upi_z2hawc0nba@okaxis,2026-01-23
U001128,card_4864_234bbecf14,2026-04-16
U001129,upi_bhdcgzf2um@okicici,2025-10-25
U001130,card_5475_8cd0aeb20b,2026-01-24
U001131,card_2987_90e8b6b969,2026-06-27
U001132,card_6697_91be059f50,2026-02-04
U001133,upi_hhkup5xbx8@okaxis,2026-06-24
U001134,upi_dsn5gfo947@oksbi,2026-08-02
U001135,upi_diyrm1ki8r@ybl,2026-06-18
U001136,upi_geskgefuew@okaxis,2025-11-15
U001137,upi_l0rkgx1ckj@okicici,2026-08-09
U001138,upi_4p662xqf81@ybl,2026-01-24
U001139,card_4395_d048573596,2025-10-22
U001140,upi_373tbo5zuu@okicici,2026-02-10
U001141,card_8829_acf5e00d09,2025-11-02
U001142,card_6382_9e497304c8,2026-07-12
U001143,upi_f3lrcxxewm@okhdfcbank,2026-01-14
U001144,card_8076_aa6e11edb5,2025-09-03
U001145,upi_fkcaxejcb9@okicici,2026-06-18
U001146,card_1373_289de81011,2025-12-01
U001147,upi_syjfz2vi37@okhdfcbank,2026-07-09
U001148,card_1757_d18c5d47c4,2026-03-31
U001149,card_7250_8771d9efbe,2026-03-17
U001150,upi_m4ymi0jrzh@ybl,2025-09-21
U001151,card_2038_70dbe9c872,2026-07-23
U001152,upi_wcmroe9ghb@oksbi,2026-07-27
U001153,upi_abg098f56n@ybl,2026-06-17
U001154,upi_t1qw64joci@paytm,2025-09-27
U001155,upi_bmk9al7tng@okhdfcbank,2025-10-31
U001156,card_2420_92005b8d72,2026-03-24
U001157,upi_qpla90ueah@okhdfcbank,2026-02-04
U001158,upi_m3smklhgxv@okicici,2026-07-12
U001159,upi_wfp1b4k53n@ybl,2025-12-22
U001160,card_2107_3626f1e270,2026-01-24
U001161,card_7497_0d2ed91858,2026-05-15
U001162,upi_rxp092hmy6@okhdfcbank,2025-10-22
U001163,card_9947_7bf445c6fa,2025-09-08
U001164,upi_9lkca6cun8@oksbi,2026-08-02
U001165,upi_pwko9dqqxi@ybl,2026-05-02
U001166,upi_bnm7w5qub0@okaxis,2026-03-18
U001167,upi_wuns0u5qhy@paytm,2026-06-11
U001168,upi_g9i76go3pz@okhdfcbank,2026-01-25
U001169,upi_iteqik3vmo@okicici,2026-08-16
U001170,upi_yyieihttj9@okicici,2025-11-06
U001171,upi_v3i4bcq62v@paytm,2025-09-08
U001172,card_5772_b2a068f35d,2026-01-03
U001173,upi_rg29flvwul@okaxis,2025-09-03
U001174,upi_t5inxv85sl@okhdfcbank,2026-03-19
U001175,card_6957_1d2d8bcc49,2026-02-04
U001176,upi_znd8h6muhj@ybl,2026-03-04
U001177,card_1363_98e5149333,2025-10-11
U001178,card_0409_49a9527fc8,2025-09-28
U001179,upi_r0t4t1c555@oksbi,2026-07-06
U001180,upi_jrw7gwm3su@oksbi,2026-03-06
U001181,card_3235_d33638ece2,2026-06-29
U001182,upi_v04x538x7y@paytm,2026-04-16
U001183,card_2035_c409f5277a,2026-03-01
U001184,card_3167_10ff8dcda3,2025-10-09
U001185,upi_imv1pqqt3e@paytm,2026-04-20
U001186,upi_kf37p6t7nm@ybl,2025-10-12
U001187,upi_mqo17i4ad8@okaxis,2026-02-21
U001188,card_3872_52aa24d539,2026-07-23
U001189,upi_xm49rxgd8a@ybl,2026-05-26
U001190,upi_s5rcgb077n@paytm,2025-09-13
U001191,upi_65awseb06z@okhdfcbank,2025-09-05
U001192,card_7042_e692e28024,2026-02-12
U001193,card_6296_63c9a9d722,2025-12-28
U001194,upi_itqufwi2zq@ybl,2026-03-09
U001195,card_0569_83a3b6244c,2025-11-19
U001196,upi_7s6fg8ysu3@ybl,2026-01-02
U001197,card_5652_8da5971d18,2026-08-03
U001198,upi_i2kv00i3ky@okicici,2025-09-07
U001199,card_6283_2697d0c223,2025-12-01
U001200,card_0445_6f6aa4590b,2026-08-15
U001201,upi_zabh3vecsz@oksbi,2026-08-24
U001202,upi_oqi19ndrvu@okicici,2026-02-06
U001203,card_0422_beca3a2335,2025-09-11
U001204,upi_4rmas35xj5@ybl,2025-09-17
U001205,upi_yb1guuj2ya@ybl,2025-09-26
U001206,card_6846_4c14243f25,2026-05-13
U001207,upi_6g79qz2dtj@okaxis,2026-07-22
U001208,card_6710_85e12efbd4,2025-10-07
U001209,card_7644_ba6059e23d,2026-07-27
U001210,card_1733_4860acb75f,2026-08-15
U001211,card_3800_9a9d92cf49,2026-01-06
U001212,upi_tfbgnpq4le@okaxis,2025-10-10
U001213,card_1260_c7393407b4,2026-08-16
U001214,upi_u1fh7am1mc@paytm,2025-09-10
U001215,upi_kth72e828w@okicici,2025-10-29
U001216,card_1149_6542b1ec74,2026-02-08
U001217,card_6358_d2b4a0a3d6,2025-10-02
U001218,upi_3ot5931tkw@okicici,2026-07-22
U001219,card_4644_05f8de2e32,2025-09-21
U001220,card_4696_a74c82b3d2,2025-09-06
U001221,upi_2a0jq9q7fa@oksbi,2026-04-24
U001222,upi_lpgu108yjp@okaxis,2025-09-09
U001223,upi_lkb0uzc4q3@ybl,2026-04-04
U001224,upi_ivnvgjtvir@okaxis,2025-11-23
U001225,card_3449_130207a85b,2025-12-19
U001226,upi_qludkezh36@paytm,2025-12-18
U001227,upi_hk0vx3gehl@okhdfcbank,2026-04-17
U001228,upi_40a9z1xed6@okhdfcbank,2025-10-05
U001229,card_2849_c6bd19b96e,2026-07-23
U001230,upi_3whujabf8s@okicici,2026-08-01
U001231,card_6151_794001e58e,2026-01-31
U001232,upi_qcjniyzj3z@oksbi,2026-04-30
U001233,upi_weflgw1bpz@okicici,2026-05-05
U001234,card_3004_4581457c36,2026-08-04
U001235,upi_f9fmkhr6l3@paytm,2026-04-16
U001236,card_5703_fa2b2354aa,2026-03-02
U001237,card_0513_126ff1a279,2026-05-20
U001238,upi_vjaz2eveil@oksbi,2025-09-07
U001239,upi_ah82u972sb@okicici,2026-08-11
U001240,card_8966_bf3bd6ccd3,2026-06-12
U001241,upi_mzdjdk7ztc@okicici,2025-12-26
U001242,card_3413_110f6497e6,2025-09-24
U001243,upi_22sn5q94uj@paytm,2026-02-15
U001244,upi_o5mjwm1wuv@ybl,2025-10-08
U001245,card_9529_94c8180fd5,2026-02-23
U001246,upi_5cmkqgaxkk@ybl,2025-09-09
U001247,upi_t7legv9wad@oksbi,2026-01-03
U001248,upi_lr9sa4ejhf@oksbi,2025-11-23
U001249,card_4608_71fbf646e0,2026-03-17
U001250,card_9252_7d666165a1,2026-02-11
U001251,upi_vereqj4agg@okaxis,2026-02-27
U001252,card_3665_93d72863ea,2026-01-17
U001253,upi_hvg9sxda0b@ybl,2026-08-09
U001254,upi_3aokv2d578@oksbi,2026-05-22
U001255,card_9188_c518e099e6,2026-01-18
U001256,upi_w939p9lakn@okicici,2025-12-18
U001257,upi_z2ds95eebr@okicici,2025-09-04
U001258,upi_xn4rq5j70a@okicici,2026-03-29
U001259,upi_uqgtump1lm@okhdfcbank,2026-03-10
U001260,upi_3bqmn8i95u@okicici,2026-04-03
U001261,card_0059_a6062b19e4,2025-12-16
U001262,upi_f8w42a3685@okicici,2025-09-14
U001263,upi_ad9xqvdwsp@okhdfcbank,2026-06-20
U001264,card_7859_b6f89bf2d1,2026-03-05
U001265,card_3845_1d13492d3f,2025-12-18
U001266,card_5223_d7c8f3efb0,2026-05-28
U001267,upi_95kmsnu42s@okaxis,2026-01-08
U001268,upi_h1dvugfhyz@paytm,2025-10-20
U001269,card_2559_6b4b555144,2026-02-16
U001270,upi_svodb5qphb@ybl,2025-09-29
U001271,card_0494_f1b1be4579,2025-09-28
U001272,card_6648_72164e1629,2025-10-07
U001273,card_9349_056a78995e,2026-07-22
U001274,card_2611_de49066087,2026-05-30
U001275,card_5156_f61518f0b0,2025-11-17
U001276,upi_k3oci9uy0n@paytm,2025-12-20
U001277,upi_yazry1avjy@okaxis,2026-07-15
U001278,card_1359_ff02da16c5,2025-10-06
U001279,card_9818_9f9fabe3f3,2026-08-15
U001280,card_9526_17a3de64fd,2025-09-25
U001281,card_2119_a0d2385140,2026-02-28
U001282,upi_ijcgt1b76m@okicici,2026-01-23
U001283,upi_famff9mors@ybl,2026-08-12
U001284,upi_adcbugug17@oksbi,2026-04-21
U001285,card_9304_982ed014c1,2026-07-01
U001286,card_5349_b915ed2b64,2026-02-04
U001287,card_6895_a26f33ba89,2025-10-13
U001288,upi_spo3u77joy@okhdfcbank,2026-01-06
U001289,upi_np8pfzrscm@okicici,2026-08-04
U001290,upi_t0yt2idvhs@okaxis,2026-05-25
U001291,card_1014_3eb972b0ef,2025-10-25
U001292,card_2051_61b182ecaf,2026-06-07
U001293,upi_8v4pvkfn63@okhdfcbank,2026-01-11
U001294,upi_pvw7zncij2@okhdfcbank,2026-04-28
U001295,upi_8wexcrh6sb@paytm,2025-09-16
U001296,card_1515_83352abdaa,2026-01-10
U001297,upi_gv1of6bcwf@okaxis,2025-11-23
U001298,card_9425_f554709b77,2025-10-02
U001299,upi_naihs87auq@oksbi,2025-12-12
U001300,upi_1auo350tt5@ybl,2025-11-05
U001301,upi_zrliv1o3to@paytm,2026-08-14
U001302,card_6985_5102d3d134,2026-03-21
U001303,card_1569_cfec2f87ba,2026-06-05
U001304,upi_922rfs3s5s@paytm,2026-02-20
U001305,card_1002_cee19dca75,2025-12-30
U001306,card_6953_782618e500,2026-03-29
U001307,upi_ji2zzj0631@okicici,2025-12-11
U001308,upi_isz6pm1oy4@oksbi,2025-09-17
U001309,upi_hegvp6u3t7@okicici,2026-07-25
U001310,card_9379_11af91e30a,2026-01-28
U001311,upi_wagjma4w77@okhdfcbank,2026-03-30
U001312,card_8252_715780582a,2026-06-24
U001313,upi_ij57nbfb6t@oksbi,2026-08-16
U001314,upi_odoxgyltmt@oksbi,2026-02-16
U001315,card_4540_7997c1db83,2025-11-28
U001316,card_0803_4329085095,2026-06-17
U001317,card_8060_fccada3d04,2026-05-12
U001318,card_6735_2c702eeeaf,2025-11-23
U001319,card_8336_c42c79597c,2026-03-18
U001320,card_8736_18b254a3e5,2025-10-23
U001321,upi_1r6qsqgscm@okicici,2026-05-24
U001322,upi_18xwbk9j07@ybl,2025-12-23
U001323,card_7371_0df28a2110,2026-01-08
U001324,card_2533_4db3afecb8,2026-03-02
U001325,card_2521_0541f33e2a,2026-03-02
U001326,upi_zdfd0grvsn@ybl,2025-09-18
U001327,card_7286_e8f772f3c7,2025-09-08
U001328,card_8232_1af7ef1ddc,2026-01-04
U001329,card_9571_f081b7e950,2025-09-04
U001330,upi_4arucvjgly@paytm,2026-04-15
U001331,upi_3gujs4osko@paytm,2026-08-21
U001332,upi_bdixa14oxx@ybl,2025-12-01
U001333,card_4910_1cc9e4d1e6,2025-12-08
U001334,card_4947_b0fe5b5f59,2025-12-31
U001335,upi_5djakcqadc@okicici,2025-11-06
U001336,card_1978_cc73e5040b,2025-10-29
U001337,upi_xoi7y72v0e@okicici,2025-10-09
U001338,card_7421_26b69cab8a,2026-08-10
U001339,card_1905_8abc7ce04c,2026-05-17
U001340,upi_vpyh75ezm5@okhdfcbank,2025-12-01
U001341,upi_myqi0bfxrl@okaxis,2026-06-15
U001342,card_0133_c20484a1b0,2026-06-30
U001343,card_2082_a4fadf8ce1,2026-03-22
U001344,upi_ez8ue5l9pv@ybl,2026-08-15
U001345,upi_2bb1pmnonz@okaxis,2025-12-20
U001346,upi_oefqbki13y@paytm,2025-11-06
U001347,upi_602dffyfwt@paytm,2026-05-08
U001348,upi_q7rthqrh82@oksbi,2026-05-07
U001349,card_9570_f778bc9783,2025-11-08
U001350,card_7771_def07c1b9e,2025-11-28
U001351,upi_wme50zmhpv@ybl,2026-07-15
U001352,upi_ujohqcxp19@paytm,2026-04-30
U001353,upi_653nup3qpy@okhdfcbank,2025-10-29
U001354,upi_8cc8tzph26@okicici,2026-08-04
U001355,upi_35wtcm2tbq@oksbi,2025-12-20
U001356,card_6518_ffee3a1fc7,2026-06-13
U001357,upi_p0rgiddvzz@ybl,2025-09-16
U001358,upi_28bt7irv1q@paytm,2026-03-06
U001359,upi_sqgnvqguf1@ybl,2026-05-18
U001360,upi_bcllhheiav@okicici,2026-05-01
U001361,upi_nkicp2f8qa@oksbi,2025-11-01
U001362,upi_r9mhcf7qrp@okaxis,2026-04-22
U001363,upi_halj8ho18u@okaxis,2025-10-25
U001364,card_3140_a2bd99201c,2026-05-26
U001365,card_4016_198def9e9a,2025-12-20
U001366,upi_2q0cz2uawl@oksbi,2026-07-12
U001367,upi_lycay4luoq@okaxis,2026-08-03
U001368,upi_olhz5v6o98@okhdfcbank,2025-10-30
U001369,upi_yovq7dv8f3@okhdfcbank,2026-01-01
U001370,upi_n6v4jen6ze@oksbi,2026-05-26
U001371,card_6755_9c59106cf6,2026-06-11
U001372,card_2136_786c20d562,2026-03-19
U001373,card_8564_b4e4faf91d,2025-11-01
U001374,upi_nb4rb042og@okicici,2025-11-09
U001375,card_4153_3c006afa23,2026-06-26
U001376,upi_7t9fxl6kpl@paytm,2026-07-26
U001377,card_8050_5b2184bd2a,2025-10-11
U001378,card_6788_d8d57e0665,2026-02-28
U001379,upi_j3oijsniq2@okaxis,2026-02-01
U001380,upi_h1dq11998l@okicici,2026-02-24
U001381,card_7269_b089ef8b8c,2026-05-07
U001382,card_4658_b1f69aa064,2025-11-10
U001383,upi_423dva49x0@oksbi,2026-07-07
U001384,upi_dh6wvwtrwr@oksbi,2025-10-13
U001385,upi_u21khi3eyj@paytm,2025-10-07
U001386,card_8217_bc4aab87a5,2026-07-30
U001387,upi_4sj226w0vq@okhdfcbank,2026-01-28
U001388,card_0010_0bb176ee60,2026-01-28
U001389,upi_ax7h8z5dmq@okicici,2026-04-16
U001390,upi_1feyymsard@oksbi,2025-11-12
U001391,card_7913_d34cb311c7,2026-06-12
U001392,upi_88ws7snyoe@okaxis,2026-04-25
U001393,upi_5b89um37j6@okicici,2025-11-24
U001394,upi_25h19s634t@okhdfcbank,2025-12-26
U001395,card_9905_ca92e76595,2026-02-01
U001396,upi_wdq6fbwcfx@ybl,2026-01-08
U001397,upi_nfiqjtgyvg@okaxis,2025-10-19
U001398,upi_dfucq07bce@oksbi,2026-01-30
U001399,card_9168_d357b71045,2026-08-13
U001400,upi_qljzqarugx@oksbi,2026-05-25
U001401,card_9732_5c0d5713af,2026-04-12
U001402,upi_88363vffj7@ybl,2026-06-04
U001403,card_8308_93a7e5a1f3,2025-12-21
U001404,upi_f9xf3ywq6m@okaxis,2025-12-24
U001405,upi_5cx6zo9d87@okhdfcbank,2025-11-25
U001406,upi_k7xohavkqa@ybl,2025-09-24
U001407,upi_tnp098t09y@okicici,2026-01-17
U001408,upi_ql4xwoh6gl@okhdfcbank,2026-08-01
U001409,upi_z1q461cxik@oksbi,2026-07-06
U001410,upi_9licyalpu3@ybl,2025-11-05
U001411,upi_j36jj04ej7@paytm,2026-01-06
U001412,card_4159_8e8d8e5f5b,2026-07-14
U001413,card_0050_1daa0a037a,2026-05-05
U001414,upi_4pur9ztqrm@paytm,2026-07-19
U001415,upi_5tn2m3pres@okhdfcbank,2026-06-12
U001416,card_7944_1f9eaf2f86,2025-10-28
U001417,upi_fy1wrc2v4j@okaxis,2026-01-12
U001418,card_8735_ea0febadbf,2026-04-18
U001419,upi_2gar0fhteq@okhdfcbank,2026-01-09
U001420,card_1269_7eee206df7,2026-03-18
U001421,upi_ne5pqn7f11@okaxis,2026-04-14
U001422,card_0055_54a8057616,2026-07-19
U001423,card_1036_4138b81837,2025-12-21
U001424,card_5481_fa4224dbf3,2026-07-09
U001425,card_1867_9145b537f7,2026-05-09
U001426,upi_59obnnqt1p@oksbi,2026-07-04
U001427,upi_9mt2s79rzo@okaxis,2025-10-08
U001428,upi_gkje3witf9@okaxis,2026-05-01
U001429,upi_ksgkdtpliw@oksbi,2025-12-24
U001430,upi_fxhp9vgoz7@okicici,2025-09-12
U001431,card_6257_1f4fc3788e,2026-04-21
U001432,card_6094_97d464bb72,2026-01-29
U001433,upi_psbymrsju9@okicici,2025-09-18
U001434,upi_d8whv87wfy@okicici,2025-12-28
U001435,upi_j4an9h4nw4@okhdfcbank,2025-11-24
U001436,upi_585ncxklqb@okaxis,2026-04-22
U001437,card_0547_1b514c75e9,2026-08-20
U001438,upi_wj7d3ycjxq@oksbi,2025-11-10
U001439,upi_32utcgvggp@okicici,2026-05-03
U001440,card_5097_7d36e3826b,2026-03-08
U001441,upi_26heyguj7f@ybl,2026-04-27
U001442,upi_qpo31bgonu@okicici,2026-01-30
U001443,card_7630_76e61857c4,2026-07-10
U001444,card_7532_ca4452217a,2026-03-13
U001445,upi_nuj7qab224@okicici,2026-06-15
U001446,card_5597_2f7ab97a3b,2025-10-10
U001447,upi_a5cszjwfxw@okhdfcbank,2025-11-16
U001448,card_3862_99209e9655,2026-07-05
U001449,card_6316_83b08c0535,2025-12-03
U001450,upi_gwxlxkm6yt@paytm,2025-10-06
U001451,card_4585_6c52b394bf,2026-05-01
U001452,upi_r29aw0a2fm@okicici,2026-08-15
U001453,card_2240_891d78783c,2026-04-22
U001454,upi_j9io2az83w@oksbi,2025-10-23
U001455,upi_4u5r1o4pyo@paytm,2026-06-17
U001456,upi_mdxuyfnmms@ybl,2026-02-18
U001457,upi_nypee9n611@okicici,2025-12-07
U001458,upi_37l9thn45s@okicici,2026-04-30
U001459,card_8847_e999800543,2025-11-28
U001460,upi_4zbtk3ms0t@okaxis,2026-07-12
U001461,card_4555_de8be6e7a4,2026-06-03
U001462,upi_ehg1m1tz2q@oksbi,2026-03-26
U001463,card_0037_7f39184d03,2025-12-31
U001464,upi_g3u57v38dg@okhdfcbank,2025-12-12
U001465,upi_wkrhqd8lzf@ybl,2025-10-02
U001466,upi_nzbvh1khpy@okhdfcbank,2026-05-27
U001467,upi_4a7ccdmbgm@ybl,2026-04-10
U001468,card_8067_2b11b8f83e,2025-09-15
U001469,card_4419_692ec8be66,2025-09-04
U001470,card_3563_933241c944,2025-11-17
U001471,upi_xfd90l4bfq@okaxis,2026-01-12
U001472,upi_xr2r6y78pi@paytm,2026-06-12
U001473,card_2749_9431fd6e89,2025-09-26
U001474,card_7806_227ed552e5,2025-12-29
U001475,upi_2dbr5z4brm@okaxis,2026-05-16
U001476,upi_mqisp06uwe@oksbi,2026-02-16
U001477,upi_lk5r3tvag8@okaxis,2026-06-08
U001478,upi_byfzv1301j@oksbi,2026-03-21
U001479,upi_gbwdy63lvv@ybl,2026-01-17
U001480,upi_8r3xe7v7zq@okaxis,2026-06-06
U001481,upi_fwtzkgvdz9@ybl,2026-04-15
U001482,upi_xz4qc6km6c@okhdfcbank,2025-12-09
U001483,upi_2h7rdk5bbw@ybl,2026-02-10
U001484,card_3936_654e11ac9e,2026-07-17
U001485,card_0649_76029c7474,2026-04-29
U001486,card_5513_397b6f8afc,2026-07-26
U001487,upi_v7nrvryzng@okaxis,2026-01-26
U001488,upi_nc97exp9lv@ybl,2025-09-22
U001489,upi_pwlfnbs1m0@okaxis,2026-05-18
U001490,card_6064_fc5fd28631,2025-10-31
U001491,upi_afsmzzzjum@okicici,2026-08-09
U001492,upi_t9u6n0rggp@paytm,2026-04-16
U001493,card_4541_d2c861e58a,2025-10-11
U001494,upi_w08ts1uq3i@okicici,2026-03-17
U001495,card_6041_856eaad95d,2026-02-25
U001496,card_5867_9d6da5716f,2026-06-04
U001497,upi_uzu9mw2wot@okhdfcbank,2026-04-12
U001498,upi_bf2kgb8oti@okhdfcbank,2026-02-09
U001499,card_2099_0a27341a40,2026-07-03
U001500,upi_bfoixhwoc0@okhdfcbank,2026-02-26
U001501,upi_vayfctcv81@okicici,2025-09-04
U001502,upi_yhphdxx9uh@okhdfcbank,2026-05-02
U001503,upi_6ljmee1r0w@okhdfcbank,2026-04-03
U001504,card_7858_6a43ad0429,2026-04-18
U001505,card_0516_bf335d9408,2026-01-14
U001506,card_7353_9d8a532533,2026-05-05
U001507,card_6479_e585ae2770,2026-05-10
U001508,upi_6spbyfxl6f@paytm,2025-09-06
U001509,upi_7kw3spks33@oksbi,2026-07-29
U001510,upi_po95atdj7x@oksbi,2026-06-17
U001511,card_4843_f7a5cb1147,2026-03-31
U001512,upi_y9dmymwqjk@oksbi,2026-01-22
U001513,card_8562_30bc4b1bbc,2025-09-07
U001514,card_3503_70ae450918,2025-09-12
U001515,upi_s913s7kw56@okhdfcbank,2026-02-28
U001516,upi_aaebvg0byi@oksbi,2025-12-11
U001517,upi_q322unzvz8@okhdfcbank,2026-01-31
U001518,card_2654_d419ddfa9d,2025-12-01
U001519,upi_0zye8n5mbm@okicici,2026-05-01
U001520,upi_ndv0xyj6vg@okaxis,2026-01-19
U001521,upi_0qmg075mm6@okicici,2026-02-22
U001522,card_5008_4754d0664c,2025-10-22
U001523,upi_rdfx9y5ede@paytm,2026-03-27
U001524,upi_0fojjkmaqj@okhdfcbank,2026-04-03
U001525,card_4593_919b87e7eb,2026-03-04
U001526,upi_ds39zbyauu@ybl,2025-09-22
U001527,upi_di8qmvk8xn@oksbi,2026-07-28
U001528,upi_8pjij1foef@ybl,2026-05-17
U001529,card_7413_b8b3a00289,2026-08-08
U001530,card_3848_d8fe86532c,2026-08-13
U001531,card_3793_2d90df2f25,2026-07-25
U001532,upi_csi6euqp2x@ybl,2026-07-13
U001533,card_6546_ced3401348,2025-09-13
U001534,card_6860_551d96778b,2026-08-17
U001535,upi_tjqb4d2idc@okicici,2025-11-21
U001536,upi_96696ja5tx@ybl,2025-11-11
U001537,upi_4yajsq5my5@paytm,2025-11-20
U001538,card_8469_ed65b026f5,2026-06-05
U001539,card_5020_eb59bf2c1c,2025-09-25
U001540,card_7457_e6423de116,2026-07-14
U001541,card_1449_e3ae307175,2026-07-02
U001542,upi_uzvx9v7bem@okhdfcbank,2026-01-28
U001543,upi_4bar1gwnnn@okaxis,2025-12-27
U001544,card_7407_5e42eb1ba3,2026-05-15
U001545,upi_zrdy3ikutc@ybl,2025-11-09
U001546,upi_pxtk87g32i@ybl,2026-04-30
U001547,upi_lmmi9xduuo@okaxis,2025-11-16
U001548,upi_57vmz19jzp@ybl,2026-06-25
U001549,card_3025_bac5daf788,2025-09-20
U001550,card_4510_4ef2e32788,2026-05-04
U001551,upi_1b8w1p8wjj@ybl,2026-02-13
U001552,upi_gy6cu6pd87@paytm,2026-06-11
U001553,upi_ck7p0dt79t@oksbi,2025-12-24
U001554,card_0949_5816742b51,2026-06-09
U001555,upi_3rei5i8jiu@okicici,2025-12-17
U001556,upi_3g0p6bi0mj@okhdfcbank,2026-08-22
U001557,upi_y9i5oz526w@ybl,2025-11-06
U001558,upi_tt7ccb4y56@paytm,2026-06-05
U001559,card_2222_6a846e46e2,2026-07-25
U001560,upi_0coruh2ijw@paytm,2026-03-31
U001561,upi_2yla61t9hx@okhdfcbank,2026-06-14
U001562,upi_lmijv8yza7@okhdfcbank,2025-10-04
U001563,upi_8b53czjy2j@ybl,2025-10-24
U001564,upi_bnbw6gl56i@paytm,2026-01-13
U001565,upi_01s1f642a1@okaxis,2026-04-07
U001566,upi_r3gofs6wxq@oksbi,2026-05-22
U001567,card_0423_733ae79c06,2025-11-28
U001568,card_9638_54a9d46a30,2026-08-01
U001569,upi_umtvht6glz@okaxis,2026-03-28
U001570,card_9542_caeb863088,2026-01-08
U001571,upi_9vgvmqeyl0@okaxis,2026-07-23
U001572,upi_8f7nrygh3d@okhdfcbank,2025-10-12
U001573,upi_wdz3awpg8g@okicici,2025-09-28
U001574,card_7692_8906a99a66,2026-03-15
U001575,upi_ynkwwuzbmk@okicici,2026-03-04
U001576,card_1506_5fc5bb9d3c,2025-09-20
U001577,upi_lde4dlogyx@paytm,2025-10-23
U001578,card_6484_0b09d6fb33,2026-02-28
U001579,upi_uux1gmf9l3@oksbi,2026-03-11
U001580,card_6632_b32082587d,2025-09-26
U001581,card_3663_1a0cae0379,2026-05-08
U001582,card_7960_7b56967e49,2026-03-26
U001583,upi_7tinewkzum@okhdfcbank,2026-06-11
U001584,card_8091_a81a1d477a,2026-08-13
U001585,upi_6eysiqk9k2@okicici,2026-02-10
U001586,upi_ygh999cnfh@ybl,2025-12-30
U001587,upi_4rxj9r5bwn@oksbi,2025-09-30
U001588,card_7206_2e7a17d547,2026-02-20
U001589,card_0357_c33341a2ae,2026-05-23
U001590,card_1163_e3c67a613e,2025-12-04
U001591,upi_n9euobj04g@okaxis,2025-12-15
U001592,card_6557_a71055437a,2026-02-18
U001593,upi_3vaa39gm2j@okaxis,2026-05-09
U001594,card_0016_e7b16bce18,2026-01-16
U001595,upi_3k4bwrha82@oksbi,2026-08-07
U001596,upi_crzfgg78fy@okhdfcbank,2025-12-05
U001597,upi_qqhskb1pmm@paytm,2025-11-09
U001598,card_0763_d135f6c893,2026-07-10
U001599,upi_uqnmmal4dl@okaxis,2026-07-19
U001600,card_4415_64e8149a74,2026-03-01
U001601,upi_pra7kg5rmw@ybl,2026-04-12
U001602,card_4288_6513b9d623,2026-03-24
U001603,card_7153_783a1c9b2a,2025-10-28
U001604,card_0420_045de64e69,2026-04-06
U001605,upi_vy5xn9rpbj@okicici,2026-01-26
U001606,card_1321_619a1e3c1e,2026-06-06
U001607,upi_p84ona0xsb@okicici,2025-11-06
U001608,card_2363_ebf08fc0ab,2026-03-18
U001609,upi_rgr9953c89@okicici,2026-03-25
U001610,card_1230_a7242a11ff,2026-07-06
U001611,upi_vk5ik75uzc@okaxis,2025-10-28
U001612,card_7460_e8c4baade1,2026-04-03
U001613,card_9088_6b49e8ced2,2026-06-12
U001614,upi_dqoaf3jq0h@okaxis,2025-11-14
U001615,card_6595_c5a55bb249,2026-06-11
U001616,card_5021_1246fb34cc,2026-05-09
U001617,upi_7y3gv65axk@paytm,2026-06-19
U001618,upi_iwurpck6ph@okhdfcbank,2026-06-10
U001619,upi_ckny2ughnn@paytm,2025-10-27
U001620,upi_2oogrvk48m@oksbi,2026-04-24
U001621,upi_192wk44j79@okicici,2026-03-21
U001622,upi_64gusra3jb@okaxis,2026-05-30
U001623,card_9259_9872cff267,2026-04-11
U001624,upi_f7ncy6kjzq@okicici,2026-08-07
U001625,card_9435_d26d1a223c,2025-12-04
U001626,card_9423_e8423a52ff,2025-10-18
U001627,card_6829_c842dad706,2025-09-04
U001628,upi_mjg2fpiw43@okaxis,2025-09-29
U001629,upi_bnsr8wiw2c@okaxis,2026-04-21
U001630,card_8914_8d9a56d867,2025-09-09
U001631,upi_ik2gzpzacv@ybl,2026-02-05
U001632,card_0919_b65f01c632,2026-07-11
U001633,upi_syf5tvhooo@okhdfcbank,2025-12-11
U001634,upi_rse9m1t9bb@ybl,2026-05-20
U001635,card_7220_32944bf2d9,2026-02-22
U001636,card_5960_81fd10dc91,2025-11-02
U001637,upi_diurf17kvg@okaxis,2026-01-09
U001638,upi_xp8qn9v4z8@okhdfcbank,2026-08-18
U001639,upi_rgp6q2s6oz@paytm,2026-02-01
U001640,upi_f4m7lor50s@oksbi,2025-11-23
U001641,upi_6dkgl30vxc@ybl,2026-01-24
U001642,card_2188_e88ba75787,2026-08-07
U001643,card_1859_907128d449,2026-06-25
U001644,card_8187_538f85ad9f,2026-03-29
U001645,upi_zfgtw7dn00@okicici,2026-06-10
U001646,card_1735_b18bfd2a53,2025-12-02
U001647,upi_8pea3kk5lu@paytm,2026-03-28
U001648,upi_k2x1rz4ktf@okaxis,2026-07-26
U001649,card_4111_d8444e6dc0,2026-07-28
U001650,upi_8g5ey0hiun@oksbi,2026-04-03
U001651,card_0668_9bd2080126,2026-08-25
U001652,card_9785_52d9608966,2026-05-20
U001653,upi_1uojwhp5s1@paytm,2026-03-22
U001654,card_5592_49d5d982d2,2025-09-07
U001655,upi_i5vtvt4nfm@oksbi,2026-02-18
U001656,upi_80sn7erzg9@ybl,2026-03-28
U001657,card_3183_c51f5b2e76,2025-09-28
U001658,upi_yt2pta9n7y@paytm,2026-01-18
U001659,upi_8li1333xmo@okicici,2026-07-05
U001660,card_6974_6a52db7815,2025-10-11
U001661,card_3357_5da4f91882,2025-09-12
U001662,card_1921_6535bb3229,2026-08-08
U001663,card_8217_2739ac0143,2026-05-24
U001664,card_6634_08ae465263,2026-03-20
U001665,upi_nlxwzvclnl@okhdfcbank,2026-07-28
U001666,upi_b28pjr9r9j@okaxis,2026-04-28
U001667,upi_a0u81e1z3v@paytm,2026-06-07
U001668,card_4529_3b01c24050,2025-09-02
U001669,card_4686_4f72503abb,2026-08-08
U001670,card_0401_b9eb69472b,2025-09-28
U001671,upi_ri56x4s040@okicici,2025-09-12
U001672,card_3216_caa0539b3b,2026-07-17
U001673,upi_ghlw5lxkgq@ybl,2026-04-03
U001674,upi_1h4riw7krg@okaxis,2026-04-16
U001675,card_6566_89c0a932f1,2026-05-30
U001676,upi_4e76pvrtj6@oksbi,2025-12-02
U001677,upi_erf9h7y9zg@okicici,2026-06-28
U001678,upi_r63xtc1a2f@oksbi,2026-07-26
U001679,upi_5dp0gimmhe@okicici,2026-03-29
U001680,upi_kq2d6yecyf@okaxis,2025-10-04
U001681,card_7995_ddcb6bd45f,2026-08-20
U001682,upi_eo80tdzqkt@okicici,2025-10-28
U001683,upi_nsfdp8ppuq@ybl,2026-02-12
U001684,card_8092_2e475148fc,2025-12-02
U001685,card_5302_0213fd6b34,2025-09-05
U001686,upi_v8zpzllc45@okhdfcbank,2026-05-29
U001687,card_4280_21281f6263,2026-05-25
U001688,upi_n7q3be273w@ybl,2026-06-08
U001689,upi_1evam515ki@okicici,2026-01-23
U001690,card_7297_480fac4fd4,2025-11-07
U001691,card_9392_78d5ae6208,2026-08-10
U001692,upi_nb0hohank4@okaxis,2025-12-30
U001693,upi_811033eigo@okhdfcbank,2026-05-17
U001694,upi_0uptrehie5@okaxis,2026-03-01
U001695,card_2267_9e123ff580,2025-09-18
U001696,upi_fygdzdh0wc@paytm,2026-01-25
U001697,upi_dzv28fhuze@paytm,2026-07-27
U001698,card_5628_d771317a09,2026-08-10
U001699,upi_zpe1blhhvh@okaxis,2026-06-22
U001700,card_5742_ac4e3bf7e3,2026-01-19
U001701,upi_qroieh9b1y@paytm,2025-10-23
U001702,card_7731_37239a9d0f,2026-08-17
U001703,upi_edhnnydz8g@okaxis,2025-11-17
U001704,upi_vezslmmnku@okhdfcbank,2025-09-08
U001705,card_5878_6ee2754241,2025-10-02
U001706,card_6381_ae911c4137,2026-08-24
U001707,upi_40jwpesgpq@paytm,2025-11-30
U001708,upi_b06xlp2z7r@okaxis,2025-11-30
U001709,upi_m2t7no3hjf@okicici,2026-06-04
U001710,upi_cn38pnxr2m@oksbi,2026-02-23
U001711,card_9727_49307e2bee,2026-06-07
U001712,card_6394_74f05f8a36,2025-10-14
U001713,upi_zw1zf7xu73@paytm,2026-03-07
U001714,upi_f8rt7x9zq0@okicici,2026-03-10
U001715,upi_nt0ymqcw12@ybl,2026-06-25
U001716,upi_iwdm32cpoy@okicici,2026-05-07
U001717,upi_6r3455nxl1@okaxis,2025-10-03
U001718,card_1065_2fea7653ca,2026-06-23
U001719,upi_ax074miou6@paytm,2026-04-28
U001720,upi_6ovrp19kc2@ybl,2025-10-30
U001721,card_8307_81a1d5fc64,2025-11-17
U001722,upi_fiwfpsdhf2@okhdfcbank,2026-03-13
U001723,upi_dpl68iucsg@okicici,2025-12-20
U001724,upi_a0wxfju17i@paytm,2025-10-23
U001725,upi_gl0b549u9j@ybl,2025-09-01
U001726,upi_1keq0pax44@ybl,2025-09-20
U001727,card_8733_c555682f80,2026-07-27
U001728,upi_6liv6rmghm@oksbi,2026-02-27
U001729,upi_cqc62y7jn3@ybl,2026-02-17
U001730,upi_boqajlha6j@paytm,2026-07-23
U001731,card_1351_ffb0f91fec,2025-09-05
U001732,card_3638_0aef390370,2026-02-11
U001733,upi_jyi7o8ihia@paytm,2026-04-23
U001734,card_2544_5467de560c,2026-06-22
U001735,card_8136_f2c389819b,2026-05-03
U001736,card_3821_0eb62f77ea,2026-08-22
U001737,upi_376469crk3@oksbi,2026-05-11
U001738,card_6106_5b186ad8ac,2026-07-03
U001739,upi_0dxccvkfjd@ybl,2025-09-14
U001740,upi_zaxhr67357@ybl,2025-11-15
U001741,upi_tesd8h6fhw@ybl,2026-02-07
U001742,upi_atezfoa4tz@okicici,2026-01-02
U001743,upi_1i6xmh1tp9@ybl,2026-05-28
U001744,upi_f3j8dvny2z@okicici,2026-05-23
U001745,upi_w92ypghfht@okaxis,2026-07-06
U001746,card_9110_52ee71c8f7,2026-07-13
U001747,upi_kbft5hl9pl@okicici,2026-02-09
U001748,card_6117_deed1c9354,2025-09-07
U001749,upi_ouyvlzja09@okaxis,2026-01-13
U001750,card_0879_773a5e650e,2026-02-26
U001751,card_6162_008103d8f9,2026-06-07
U001752,upi_ysdl64znkt@ybl,2026-05-05
U001753,upi_w6muopxsdd@okicici,2025-12-15
U001754,card_3483_e11912c4d7,2026-02-06
U001755,upi_uqv4pv82an@okaxis,2026-06-29
U001756,upi_eadfywjf74@oksbi,2026-04-26
U001757,upi_huo58f7gtg@paytm,2026-02-19
U001758,card_5393_d116d91059,2026-05-12
U001759,card_7490_b205e5e7c0,2026-01-25
U001760,upi_7kc6z11l0j@paytm,2026-06-04
U001761,card_2092_72eb5cb142,2026-07-14
U001762,card_9509_df0fb2cc88,2026-04-26
U001763,card_1810_c3ee8a6134,2026-06-22
U001764,upi_1e3hvek5de@ybl,2026-07-04
U001765,upi_jumh0kxdjw@paytm,2025-12-16
U001766,card_1021_771d021108,2025-12-14
U001767,upi_oh7qj900v5@okaxis,2025-10-24
U001768,card_3805_d206c9467d,2026-02-11
U001769,upi_tf8pcafk18@oksbi,2026-05-22
U001770,upi_9ix044o4zg@okaxis,2025-10-25
U001771,upi_sdmtpyd277@oksbi,2026-04-29
U001772,upi_exza43mvkp@okaxis,2026-01-06
U001773,upi_rfi75f2qds@okaxis,2025-10-28
U001774,upi_ypod0kesm2@okicici,2025-09-15
U001775,upi_8z5nicmle1@oksbi,2025-09-18
U001776,card_8739_9ab1704eee,2026-01-09
U001777,upi_b1q70ndagf@ybl,2025-11-05
U001778,upi_8nnzbiotyw@paytm,2026-07-19
U001779,card_1486_bfd052ae4b,2025-12-31
U001780,upi_60sim4dz0e@okhdfcbank,2026-06-02
U001781,upi_erbf5uxdlt@oksbi,2025-11-20
U001782,upi_1s9csg0v5i@oksbi,2026-06-27
U001783,upi_a8gcbql2sj@okaxis,2025-09-12
U001784,upi_3oygt3zlbu@ybl,2025-09-09
U001785,card_3199_a8af444cb4,2026-03-02
U001786,card_0802_869b44620d,2026-02-02
U001787,upi_o8yutc0pad@paytm,2026-03-24
U001788,upi_exfu4j3ebm@okicici,2026-01-06
U001789,upi_lxnlptq950@oksbi,2026-05-29
U001790,upi_komunanewe@ybl,2026-06-08
U001791,upi_tarm1znf0z@okhdfcbank,2026-07-03
U001792,upi_3clk6pbqp7@paytm,2026-03-14
U001793,card_4388_aac158f2ac,2026-02-13
U001794,card_3487_701a10f8ee,2026-07-03
U001795,card_7300_44ef3617d8,2026-08-18
U001796,upi_p466q6ie8m@ybl,2026-08-19
U001797,upi_8wo23d01o6@okhdfcbank,2025-10-26
U001798,upi_vw0jm0tpud@okicici,2026-06-25
U001799,upi_yl94nxi14n@ybl,2026-05-16
U001800,card_8025_7c4eb0c760,2026-01-10
U001801,upi_eeauvh1tgn@ybl,2025-09-27
U001802,upi_9tmay2qnr2@oksbi,2025-12-16
U001803,upi_sx2a9rchkm@paytm,2026-08-20
U001804,upi_9ubkww5kjd@ybl,2025-09-25
U001805,card_5496_e2bfd0d27d,2026-07-29
U001806,upi_h5wf5iv740@ybl,2025-11-10
U001807,upi_3liag46qe8@okaxis,2025-11-07
U001808,card_3198_02e1d3c2cc,2025-10-21
U001809,card_2401_45ae423d0c,2025-11-11
U001810,upi_w6gk2n1368@okaxis,2026-01-15
U001811,card_0300_d5f9ee407b,2026-02-10
U001812,upi_xcp6feddh5@paytm,2026-05-20
U001813,upi_r57v8c4qjw@paytm,2025-10-14
U001814,upi_qqcu1691aj@okaxis,2025-09-20
U001815,upi_i8zpdc1pv8@okhdfcbank,2026-07-19
U001816,card_6484_6b497d164b,2026-02-28
U001817,card_1453_7c41b17071,2026-04-21
U001818,upi_ypqpgef4vq@okicici,2025-09-05
U001819,upi_k4j1gwl2ix@okhdfcbank,2025-10-28
U001820,upi_ioqfihi0fy@oksbi,2026-05-31
U001821,card_7732_8cbac333ed,2025-11-25
U001822,card_7934_ec0b9fde5e,2025-11-28
U001823,card_3029_84f6d3404c,2025-12-04
U001824,card_1975_ef4668f7cc,2026-07-05
U001825,upi_uvrcfq2vrl@okaxis,2026-01-04
U001826,card_3812_2d1841e5ce,2026-03-23
U001827,upi_qnjdbu6mne@okicici,2026-05-25
U001828,card_4039_de47699cef,2025-11-03
U001829,upi_mtqk58dl21@ybl,2025-11-17
U001830,upi_h5ud1k4ef3@okicici,2025-11-19
U001831,upi_6019tb9pvt@paytm,2025-11-05
U001832,card_0910_98848a4717,2026-08-15
U001833,card_7770_2995295336,2026-03-19
U001834,card_8328_8976992755,2026-01-21
U001835,card_1142_5dded81d6e,2026-01-11
U001836,upi_egthmhumpn@paytm,2026-08-05
U001837,card_1413_e09450121d,2026-03-01
U001838,card_6802_b9cc719766,2025-12-02
U001839,card_4071_4388552675,2025-11-06
U001840,upi_a6puwvs4vs@paytm,2026-06-13
U001841,upi_oxy0vkwz3r@ybl,2025-12-23
U001842,upi_2qqskdfi8m@okhdfcbank,2025-09-26
U001843,card_0639_13ab9aab02,2025-12-10
U001844,card_6578_6d13f833fe,2026-06-15
U001845,upi_zbyq9h7u8c@ybl,2026-08-07
U001846,upi_budnlwjbhr@ybl,2025-09-23
U001847,upi_5iy394u6pf@paytm,2025-10-01
U001848,upi_3jgz7ncwrg@okhdfcbank,2025-09-05
U001849,card_3522_538a93e799,2025-09-14
U001850,upi_nnafi835jv@ybl,2025-12-18
U001851,card_6859_0bde150c58,2026-05-06
U001852,upi_48hehwqeeu@okicici,2026-03-26
U001853,card_3107_69ca9f1339,2026-05-28
U001854,upi_2iiau7wmg4@okaxis,2025-12-10
U001855,upi_llo3lusxf6@okhdfcbank,2025-12-22
U001856,upi_3om051i9sz@paytm,2026-05-06
U001857,upi_c3t4x2dwwc@ybl,2026-07-13
U001858,upi_6labghu9qa@okhdfcbank,2026-06-07
U001859,upi_g02qxqzbil@paytm,2026-08-11
U001860,upi_kaehly9vqo@oksbi,2026-05-07
U001861,card_7670_65deb5785c,2026-06-11
U001862,upi_zaoosn3p2p@okhdfcbank,2025-10-27
U001863,upi_hopeyvxhpo@oksbi,2025-11-05
U001864,upi_r4rmwddg86@okhdfcbank,2026-06-15
U001865,upi_lloy2i0zkz@ybl,2026-02-15
U001866,card_8958_06266990c9,2026-06-26
U001867,upi_hfgvq5yexa@ybl,2025-11-25
U001868,upi_u00ncv64so@okhdfcbank,2026-03-20
U001869,upi_e37sabqdkn@okaxis,2026-03-23
U001870,upi_7fw0a0ymh4@okicici,2026-06-04
U001871,upi_h55gv4z7of@okhdfcbank,2026-05-25
U001872,card_6553_3525aa0f61,2026-02-11
U001873,upi_n1ur073s7b@paytm,2026-03-10
U001874,card_7876_db9d67e3ff,2026-03-28
U001875,card_4514_d102018c6d,2026-05-27
U001876,card_5069_f60ca1bc76,2025-10-28
U001877,upi_f5ncc3ecba@oksbi,2025-10-12
U001878,upi_20h2kpscj2@ybl,2026-02-17
U001879,card_2699_2608cffcb0,2026-08-19
U001880,card_4600_2eb38a3ee6,2025-11-08
U001881,card_9490_e1dbcf1dfd,2026-06-09
U001882,upi_l3xg6fbsih@okhdfcbank,2026-07-08
U001883,card_3778_270abffd00,2026-08-16
U001884,upi_gk8d98qyy6@ybl,2026-06-06
U001885,upi_lq5cc8i7ht@okhdfcbank,2026-06-22
U001886,card_5226_c7fa905f32,2026-07-09
U001887,card_9426_6d611dd621,2025-10-18
U001888,upi_w8l398hdky@okicici,2026-02-16
U001889,card_2049_06cb235a0b,2026-08-07
U001890,card_0672_8f0d01d395,2025-12-02
U001891,upi_rnt7b0b8qm@ybl,2026-01-18
U001892,card_8914_021a3aa370,2026-06-08
U001893,card_3785_8febbacd5b,2026-04-13
U001894,upi_w5vwzkl8rj@oksbi,2026-02-26
U001895,upi_uip63k23n0@oksbi,2026-05-06
U001896,card_1697_751de6af7c,2025-12-18
U001897,upi_q4hfw1adqd@paytm,2026-04-16
U001898,upi_tzz1xeyrpz@paytm,2026-06-08
U001899,card_7474_ad4dfd7c7a,2026-04-27
U001900,upi_9qisnfdmov@okicici,2026-05-23
U001901,upi_z88legdmgc@okaxis,2025-11-27
U001902,card_1450_e9b50ac6bc,2025-09-24
U001903,upi_p2e7h2hnl1@okicici,2026-03-06
U001904,upi_4v8f4w2cpx@okhdfcbank,2025-09-27
U001905,upi_c6cy9q5yhr@paytm,2026-07-24
U001906,upi_6tt426xc59@paytm,2025-09-03
U001907,card_3299_5dd76252c8,2025-10-03
U001908,upi_pc6eger7yu@okaxis,2025-12-04
U001909,card_6611_7d312117b4,2026-01-09
U001910,upi_f71pz17h5j@okicici,2025-09-25
U001911,upi_fzk27khrz1@oksbi,2026-02-12
U001912,card_8488_0c51593cc2,2026-04-12
U001913,upi_qfrz5m4iy6@oksbi,2026-01-05
U001914,upi_zw9h5plpr3@oksbi,2026-06-04
U001915,upi_o3cpfso7ty@oksbi,2025-10-26
U001916,upi_t5o7nhyyoq@ybl,2026-02-26
U001917,upi_xm5ph4mvii@okicici,2025-10-14
U001918,card_1000_9a344eafd6,2026-06-14
U001919,upi_vtexk30gfz@ybl,2026-08-02
U001920,upi_s9a0kah6uk@ybl,2026-06-20
U001921,card_3670_db4e474cc6,2026-03-20
U001922,upi_iq1ptf2h2r@oksbi,2025-10-18
U001923,card_3745_a36a928288,2026-02-24
U001924,upi_ag5sfhtt0r@okhdfcbank,2025-11-10
U001925,card_4953_317091076a,2026-05-03
U001926,card_0509_a4a905bab1,2026-02-21
U001927,upi_dv7bv5vdeo@ybl,2026-06-19
U001928,upi_rkmc4ix6ap@okicici,2026-02-15
U001929,upi_uesekou2ch@paytm,2026-03-04
U001930,upi_cck3qtmuem@paytm,2025-09-29
U001931,upi_6apdpiqh8p@oksbi,2026-01-16
U001932,card_9705_d8320e867c,2025-09-01
U001933,upi_3478jo9n0j@paytm,2026-01-24
U001934,upi_3sdske6c8e@oksbi,2026-06-22
U001935,upi_jtfsbmhogr@oksbi,2026-06-09
U001936,card_0276_cd5d4f7889,2026-04-26
U001937,upi_5jcx10n43n@okaxis,2026-05-07
U001938,upi_1k7rtinxtr@oksbi,2026-01-22
U001939,card_7913_e55b983991,2026-06-26
U001940,upi_yq00vnaok9@okicici,2025-11-12
U001941,upi_97d6gdbugy@okicici,2026-06-18
U001942,upi_9bgzmhpiog@okicici,2026-04-04
U001943,card_3591_48fed6bcfc,2026-08-08
U001944,upi_63o9lqhf2s@okhdfcbank,2025-12-23
U001945,card_4185_5992f9dd73,2026-06-18
U001946,upi_cwwjft73zg@okhdfcbank,2026-08-05
U001947,upi_7nxrmsninw@ybl,2026-06-29
U001948,upi_bvkfzyrj33@oksbi,2026-05-13
U001949,card_5902_1ad2197d43,2025-09-13
U001950,upi_ac8oqh3n6p@okaxis,2025-11-20
U001951,card_5152_6826efefad,2025-12-17
U001952,upi_zf7d33d06v@okhdfcbank,2025-09-05
U001953,upi_pgik9uac06@paytm,2026-01-02
U001954,upi_9x7a2ee3me@paytm,2026-06-04
U001955,upi_u3vyr3fzkt@okhdfcbank,2026-04-10
U001956,upi_sw2r1xazvp@ybl,2025-10-16
U001957,upi_n3op0q49rq@ybl,2026-04-10
U001958,card_6770_b5a236ddf3,2026-06-19
U001959,card_3753_d19bbfc014,2025-09-28
U001960,card_4731_2d51a397eb,2025-11-23
U001961,upi_eqjwwn36pd@okaxis,2026-07-19
U001962,upi_a2tecc9alm@okicici,2026-07-04
U001963,upi_14gxk740tj@okhdfcbank,2026-02-12
U001964,card_5167_7fe4c92f03,2026-01-21
U001965,upi_5rzxnkbjbi@okaxis,2026-07-11
U001966,upi_zjwomr2dez@paytm,2026-03-10
U001967,card_6818_4fbdb42842,2025-11-23
U001968,card_5661_b199884dc6,2025-10-19
U001969,upi_88qcyo6u2u@ybl,2026-08-14
U001970,upi_3w0493osfz@okaxis,2026-06-11
U001971,upi_2lh68hh8dw@okhdfcbank,2025-10-23
U001972,upi_btpqhlzflf@paytm,2025-09-15
U001973,upi_akowwlijqn@okaxis,2026-06-14
U001974,card_9020_49bba443aa,2026-06-25
U001975,upi_xzg0w4ycmq@okhdfcbank,2026-01-31
U001976,upi_eqgfjbwkua@ybl,2026-04-28
U001977,card_3216_18c683449c,2026-03-02
U001978,upi_9lvhw4e635@paytm,2025-09-11
U001979,card_9503_00255d46d2,2026-07-27
U001980,upi_rj7t7wig6b@okhdfcbank,2026-07-30
U001981,card_9199_054a5c2215,2026-07-10
U001982,card_7649_2eda89e558,2026-05-12
U001983,upi_n67ybx9824@okaxis,2026-08-02
U001984,card_3791_8fee30313f,2026-02-10
U001985,card_1719_b87d79a0ca,2025-12-13
U001986,card_7959_118de10dec,2026-05-08
U001987,upi_uinxsmi614@okaxis,2026-03-05
U001988,upi_zmr2nwdn9q@oksbi,2025-10-21
U001989,upi_ro4om9o7ye@ybl,2025-11-14
U001990,upi_dht9klj96d@oksbi,2025-11-05
U001991,card_0986_c37046be09,2025-11-03
U001992,card_3238_ea0516c043,2025-09-27
U001993,upi_ijndwce043@paytm,2026-01-12
U001994,upi_l64df0mblt@paytm,2025-09-01
U001995,upi_un0fnhsuhi@paytm,2026-01-14
U001996,card_9745_e9fd254d59,2026-05-01
U001997,upi_yoebsf434u@okicici,2025-10-21
U001998,upi_t6rya8gva4@okicici,2026-05-19
U001999,upi_rjykcbt0ej@okhdfcbank,2025-12-19
U002000,upi_0kcnrffq85@okhdfcbank,2025-12-22
U002001,upi_ufti6cterm@paytm,2025-10-03
U002002,card_9387_1048f6ca4b,2026-08-18
U002003,card_5491_7092ac1dcd,2025-12-24
U002004,card_9755_653ba4b967,2026-01-19
U002005,upi_3ba6hveest@okaxis,2026-01-05
U002006,upi_6jhaxi328t@okhdfcbank,2026-05-09
U002007,card_7547_3bac03e2af,2025-10-27
U002008,upi_d6c040x2cr@oksbi,2026-08-07
U002009,upi_c19xt9r1ev@okicici,2026-01-11
U002010,upi_m7aqy28tkj@ybl,2026-02-15
U002011,upi_t4rbpwel6b@paytm,2026-06-25
U002012,card_3490_72bd5635d6,2026-06-17
U002013,upi_6saw1v9r2u@oksbi,2026-02-05
U002014,card_9292_7693126bc1,2025-12-03
U002015,upi_8vw3kvesub@okaxis,2025-11-07
U002016,card_7188_a6236c275d,2026-01-17
U002017,card_2398_f7a1d01c70,2026-05-18
U002018,upi_05vwop4xup@okhdfcbank,2026-03-09
U002019,upi_h8ec5fbxu2@ybl,2025-09-06
U002020,card_2287_04396540f6,2025-11-23
U002021,card_1369_c8033568ef,2026-07-25
U002022,card_9349_9cd878705d,2026-08-16
U002023,upi_xvgsf18rnv@okicici,2025-11-12
U002024,upi_t7otcfwezp@okicici,2025-09-04
U002025,card_2685_b305c47a50,2025-09-11
U002026,upi_76it0gdufd@okhdfcbank,2026-07-09
U002027,upi_w0ka1c9nbd@paytm,2026-06-22
U002028,upi_bhxx9eintz@paytm,2025-10-03
U002029,upi_geieasnll3@okhdfcbank,2025-12-13
U002030,upi_184hit2vu4@okicici,2026-03-28
U002031,upi_5l8f34dohr@okhdfcbank,2026-06-23
U002032,card_9422_4b6ce325f4,2026-08-11
U002033,upi_1hs4ov810n@oksbi,2025-10-13
U002034,upi_2p4c9h4kx7@paytm,2025-10-03
U002035,card_3018_4f2d302e95,2026-06-02
U002036,card_6138_9d857d3dd3,2026-02-17
U002037,upi_h1juu4smo1@okhdfcbank,2025-10-03
U002038,card_6029_fffb85889b,2025-10-29
U002039,card_8329_2e9fb60561,2025-12-06
U002040,card_6690_89fdf1dc6b,2026-04-02
U002041,card_9635_9f04110f46,2025-12-13
U002042,upi_ekrxgta421@ybl,2026-02-24
U002043,card_2545_5772f1a67e,2026-06-08
U002044,card_3932_95848601e8,2026-06-26
U002045,upi_4rca70nbv9@okicici,2025-09-05
U002046,card_0532_fad1bb89bd,2026-01-09
U002047,card_5533_afe75e3760,2025-10-27
U002048,card_9351_908553f40a,2026-07-13
U002049,upi_cqgceighy4@okaxis,2025-12-12
U002050,card_5852_ab954f91f6,2026-02-06
U002051,card_8435_902806e25d,2026-08-22
U002052,upi_gcxvq8wpcg@okicici,2025-11-23
U002053,card_0199_4f4fa62ca7,2025-10-12
U002054,card_4738_464442bec4,2026-01-16
U002055,upi_ru62152deo@oksbi,2025-09-14
U002056,upi_cj1nqvu1nz@okicici,2026-01-25
U002057,card_5670_e091e0ac97,2026-07-04
U002058,upi_gm7vm07qte@oksbi,2026-03-14
U002059,upi_y79loznkdc@okicici,2026-02-04
U002060,card_0436_1cdaebff04,2026-01-04
U002061,upi_s53v4iw2kh@paytm,2026-08-20
U002062,card_8250_aea32ebea9,2025-11-10
U002063,upi_znsezcjaac@okaxis,2026-03-26
U002064,card_0830_1bfc94ea0f,2026-06-29
U002065,upi_yv25fn6l67@okicici,2025-12-03
U002066,upi_p5pe43konp@ybl,2025-12-28
U002067,card_9224_f35e57d039,2026-08-15
U002068,card_1074_080ed5c01f,2026-07-20
U002069,upi_45bolfyh0s@okhdfcbank,2026-02-01
U002070,card_6825_3feb1e2de9,2026-02-17
U002071,card_9469_b0c4b6fbee,2025-10-16
U002072,card_2789_5cdd1b5f1d,2026-06-19
U002073,card_5667_a516967428,2025-09-10
U002074,card_4328_6e2ddd1103,2026-06-10
U002075,card_5265_2142464e7e,2025-11-21
U002076,card_6607_fdb036cab7,2026-01-30
U002077,upi_y3amwyj1jm@okaxis,2026-07-25
U002078,card_7977_33557fc9af,2026-05-28
U002079,upi_eyasr3ocve@ybl,2025-12-23
U002080,card_3670_be864200fb,2025-09-12
U002081,upi_rb9pnn2kit@ybl,2026-01-15
U002082,upi_6twxy5frkx@okaxis,2026-05-15
U002083,card_8806_55e0d2d48f,2026-07-21
U002084,card_5836_aa4f6f1b6e,2026-06-24
U002085,upi_jpeoaak3t9@paytm,2026-08-07
U002086,upi_ki2khifvwh@okicici,2026-01-04
U002087,card_5361_ba22a3dd8b,2026-03-25
U002088,card_3526_b3d34ec36f,2026-02-27
U002089,card_5784_100baa3b07,2026-05-10
U002090,card_2810_e1efda9e66,2026-08-14
U002091,upi_9k4cd0txfg@ybl,2025-09-13
U002092,upi_4sydu5ir2t@paytm,2026-05-31
U002093,upi_03yp9qz7ns@okaxis,2026-07-16
U002094,upi_gf1nny79lp@ybl,2026-08-03
U002095,upi_p8382vc1lq@ybl,2026-02-27
U002096,upi_zgnnxz6ego@paytm,2025-10-15
U002097,upi_ydvswu0ngu@paytm,2025-10-17
U002098,card_8238_0c2ba77ec8,2025-11-25
U002099,card_1323_1c3c80f676,2026-08-23
U002100,upi_1frx9zxofq@paytm,2026-07-07
U002101,card_5955_0c09adae5d,2025-12-30
U002102,upi_gqki3qblrh@okaxis,2026-02-26
U002103,card_5070_0d84a4a2c1,2026-08-26
U002104,upi_ibx1jfe92o@paytm,2025-11-21
U002105,upi_abwffdlh0m@ybl,2026-01-26
U002106,upi_3sndrwe3j9@ybl,2025-11-30
U002107,card_8050_f77c8e110a,2025-09-23
U002108,upi_a8yu2zh014@oksbi,2026-06-10
U002109,upi_wcvo770igm@okicici,2026-03-06
U002110,upi_iyolx2dfkn@okicici,2025-11-18
U002111,card_4342_5db88bba83,2026-06-26
U002112,card_9385_5e4ef46072,2025-09-21
U002113,upi_avo03hjhr6@okaxis,2026-07-26
U002114,upi_d6r3kwm2bi@okicici,2026-05-08
U002115,upi_1baacou0oz@ybl,2026-02-01
U002116,upi_wj66plss90@ybl,2025-09-30
U002117,card_6724_762dd577a4,2025-10-29
U002118,card_2565_4a2605be9d,2025-10-22
U002119,upi_rdk340m8ti@okaxis,2026-02-24
U002120,upi_wrbmvhcnvw@oksbi,2025-11-06
U002121,upi_brie19494d@ybl,2025-10-13
U002122,card_6933_99b86236bd,2026-08-08
U002123,upi_r93pne3pzq@okhdfcbank,2026-04-05
U002124,card_0357_2d16641a70,2026-01-03
U002125,upi_tkmrv7hexo@okhdfcbank,2026-07-24
U002126,card_8830_f7ef8d28c5,2025-09-16
U002127,upi_wbiug5v3vf@okaxis,2026-07-30
U002128,card_1729_cd6107f289,2025-09-06
U002129,upi_k7xgk98zzy@okicici,2026-07-31
U002130,upi_8qtnnx08xp@ybl,2026-06-18
U002131,upi_37aft128e6@paytm,2025-12-21
U002132,upi_wlb85iskcz@oksbi,2025-12-21
U002133,upi_afymdpv1iw@okhdfcbank,2026-04-02
U002134,upi_bu3gpuux94@okicici,2026-03-19
U002135,upi_c4x1g12idb@okhdfcbank,2026-02-19
U002136,card_5242_25dbe48c29,2026-01-05
U002137,card_9874_b0500677f8,2026-08-18
U002138,upi_rm0fehly3q@okaxis,2026-08-23
U002139,upi_uj7g869w25@okhdfcbank,2026-08-24
U002140,card_5600_d6d1daf0e6,2025-12-28
U002141,upi_ti8iyufjig@paytm,2026-06-26
U002142,upi_p109rzqkvm@paytm,2025-11-06
U002143,card_4918_923bc82d20,2026-04-21
U002144,upi_3px9wvrzwo@paytm,2025-10-07
U002145,upi_an504zv9uc@okhdfcbank,2026-05-14
U002146,card_4950_121daf8dd7,2026-02-23
U002147,upi_0yfn6ygli1@paytm,2026-08-23
U002148,upi_9pkbi0n82e@paytm,2026-03-10
U002149,upi_vexygt7ig2@okaxis,2026-03-05
U002150,upi_nz2dz2lwzu@oksbi,2026-03-02
U002151,upi_8r7ekxp3m6@okicici,2025-12-18
U002152,card_6364_68dc907406,2026-08-11
U002153,upi_iel1t9jnvy@okicici,2026-06-05
U002154,card_3221_3ab17813b8,2025-10-21
U002155,upi_yn8gv9bfw3@okhdfcbank,2025-12-13
U002156,card_2103_a7c7e1fb99,2026-04-13
U002157,upi_mxqqf4syas@okicici,2025-09-24
U002158,card_3234_012e7a74c8,2025-10-18
U002159,upi_fio1e1g8ri@okaxis,2026-04-03
U002160,card_0711_a4be6f7eb4,2025-09-30
U002161,card_3321_5cb85fd3d9,2025-11-05
U002162,upi_ors4bzfpea@okhdfcbank,2025-09-10
U002163,upi_lsinnp6ws3@paytm,2026-08-15
U002164,upi_cxp36azfmv@okaxis,2026-02-14
U002165,upi_269j7tfylc@ybl,2025-11-20
U002166,card_0543_52526add28,2026-02-06
U002167,upi_d0si3fiqjk@okicici,2026-05-08
U002168,upi_31ju8szfwi@okhdfcbank,2025-12-25
U002169,card_4629_d8556d8558,2026-04-27
U002170,card_1961_47deec0a49,2025-11-24
U002171,upi_tr273aslqy@okhdfcbank,2026-01-13
U002172,card_7183_439d87a7aa,2025-10-22
U002173,upi_hrlhmas4k6@okicici,2026-01-14
U002174,card_6036_a866aa9f44,2026-04-08
U002175,card_7929_bbaecff6e2,2026-07-07
U002176,upi_94oln5tpi0@oksbi,2025-09-30
U002177,upi_28lhyzalo4@oksbi,2026-06-08
U002178,card_0492_d076e7e6b6,2025-10-05
U002179,card_1576_38fcf6e682,2025-10-29
U002180,upi_r2lwkmsn5v@okhdfcbank,2026-08-15
U002181,card_3837_77ccba16f4,2026-03-04
U002182,upi_jrk0cebuqp@okhdfcbank,2025-09-02
U002183,upi_oldcz59sz6@okaxis,2025-10-09
U002184,upi_ugtm4kv4vv@paytm,2025-09-11
U002185,upi_urua1c2lz5@okhdfcbank,2026-07-28
U002186,upi_c8hd5zpxpj@okicici,2025-11-27
U002187,upi_rr202kkrqv@paytm,2025-11-22
U002188,card_3642_087c39f7dd,2026-06-18
U002189,upi_8j53xp8gjp@paytm,2026-03-01
U002190,card_2510_11ff09ec0f,2025-10-10
U002191,card_3340_135a40a669,2025-11-22
U002192,card_0221_25b6dac5c9,2026-08-22
U002193,card_7915_9271597ac8,2025-11-16
U002194,card_6626_7e34858574,2026-07-14
U002195,card_0061_0c733dc752,2026-07-14
U002196,card_8085_4537e840c7,2026-03-30
U002197,card_3982_933e6f66a0,2026-08-01
U002198,upi_8mbnhz0ctx@okaxis,2026-04-03
U002199,card_3501_d88acb2a33,2026-04-02
U002200,upi_5t2wsfnrwm@okicici,2026-01-09
U002201,upi_tcd6cxd96w@okaxis,2025-12-11
U002202,upi_3mhtbcxmz5@okhdfcbank,2025-10-12
U002203,card_5940_51995fccb8,2026-05-23
U002204,card_9181_02a74c2e33,2026-01-22
U002205,upi_z2rpo48tey@ybl,2026-02-08
U002206,upi_475pvgqp3u@okhdfcbank,2025-10-07
U002207,card_0375_98939d9ec6,2026-01-12
U002208,card_3879_26f110e6a3,2025-10-21
U002209,card_0126_0c563f9f81,2026-04-22
U002210,upi_w8rdjia5av@okaxis,2026-02-25
U002211,card_1881_0ca264ec69,2026-05-08
U002212,upi_8fevyci2so@okaxis,2025-09-03
U002213,card_8653_4f132468f4,2026-07-17
U002214,upi_mxp49z037w@okhdfcbank,2026-05-03
U002215,upi_9s3mgj7dzt@oksbi,2026-02-22
U002216,upi_e371w6yx67@paytm,2026-01-09
U002217,card_2462_aef2db7e08,2026-04-12
U002218,upi_a0v7bzveqe@ybl,2026-02-28
U002219,upi_lx6pc67vm6@ybl,2025-11-20
U002220,upi_jp2fh6a9j6@paytm,2025-09-12
U002221,upi_xnnhm8jghi@paytm,2025-12-23
U002222,card_7319_1aaf97d2bb,2026-01-25
U002223,upi_wkuomz7xm6@ybl,2025-09-04
U002224,upi_qhztzzezsp@oksbi,2026-02-04
U002225,upi_fvg1m373j2@okaxis,2026-03-08
U002226,card_9349_15c3dc8952,2026-04-13
U002227,upi_x984pa8nqn@ybl,2026-02-10
U002228,card_9486_45cedf3e5a,2025-12-23
U002229,card_1500_829b2563c8,2025-09-02
U002230,card_7795_4f608edc3b,2026-01-01
U002231,card_4590_7f01b329fd,2026-07-16
U002232,upi_cqty0oi7xc@oksbi,2025-11-29
U002233,upi_t12f0bjiew@okhdfcbank,2026-07-26
U002234,upi_ojchhv8dy9@ybl,2026-02-06
U002235,card_2385_d60e18a034,2026-02-17
U002236,upi_r89mh2gc18@okhdfcbank,2026-02-08
U002237,card_6094_f35e7f864c,2026-05-11
U002238,upi_lv5scqwajd@okicici,2026-01-18
U002239,upi_5kqavu4ofe@okicici,2025-10-02
U002240,upi_6yqqswkpaw@okaxis,2025-12-13
U002241,card_4418_af2d5a34f3,2026-02-20
U002242,card_2969_6aacbee815,2025-11-05
U002243,upi_wolpmr1rw7@paytm,2026-07-02
U002244,card_9858_ba16830218,2025-09-15
U002245,card_5319_51d03a6ef2,2026-05-06
U002246,card_2506_1ae883f70e,2026-03-16
U002247,upi_wcdw0xke9i@ybl,2026-03-25
U002248,card_7094_a576148b56,2026-01-13
U002249,upi_m8y312zzjz@okicici,2025-10-04
U002250,card_5744_84af59a9fd,2026-08-13
U002251,card_8719_b6f7816527,2026-02-15
U002252,card_6118_fbcd8172ac,2026-02-14
U002253,upi_l8kyvej11p@okicici,2026-06-23
U002254,card_9826_8d839886e8,2026-02-21
U002255,upi_ht1ce17tzf@oksbi,2026-06-16
U002256,upi_g0mgum2d0h@okicici,2026-06-04
U002257,upi_ljfmgyxkmk@ybl,2025-10-17
U002258,card_7771_aeae9dc414,2026-03-27
U002259,upi_f8f5gj9j1m@oksbi,2026-01-16
U002260,upi_ma47pwwum1@paytm,2026-05-25
U002261,card_3210_fb2504a5d7,2025-09-21
U002262,card_9915_00e111f722,2026-08-12
U002263,card_4204_032da3f3b1,2026-06-06
U002264,card_9028_2cadd2e7fc,2026-01-07
U002265,upi_egh6ufxtm0@oksbi,2026-05-08
U002266,upi_c1zkexo2kq@okaxis,2026-08-03
U002267,upi_qmtsu2k2qj@okhdfcbank,2026-06-12
U002268,upi_kfhhe8wrxx@ybl,2026-08-17
U002269,upi_t8xms1kg49@okicici,2025-12-19
U002270,upi_qjt3kbxqce@okhdfcbank,2026-07-26
U002271,card_6024_91a5cd421e,2026-07-06
U002272,upi_d70uo6wjh4@ybl,2026-07-26
U002273,upi_z7erejto2t@okicici,2026-06-17
U002274,upi_vagipl8kv6@oksbi,2026-06-18
U002275,upi_3uyghbxb8r@paytm,2025-12-01
U002276,card_6257_c720a5fe71,2026-02-24
U002277,card_6890_f2e712cbdd,2026-01-05
U002278,card_1708_090e0f9a8c,2025-09-06
U002279,card_2291_9847d88b18,2026-04-03
U002280,upi_eqqvusm8gr@okhdfcbank,2026-03-10
U002281,upi_bza5xdvtma@okaxis,2026-08-07
U002282,card_5806_c9a5e339d4,2025-12-10
U002283,card_6545_ded4386f57,2026-07-17
U002284,upi_9ngh3l8x2l@oksbi,2026-04-22
U002285,upi_8l9chtb3lu@okicici,2026-02-13
U002286,card_8976_8d2eb7dd20,2026-07-12
U002287,upi_ur1s0cborz@okaxis,2025-10-12
U002288,upi_np9du3erv4@okicici,2025-12-12
U002289,card_4335_ee22cbe8aa,2026-03-02
U002290,upi_wip2yaltlf@paytm,2026-04-26
U002291,upi_xzt336p4vy@okhdfcbank,2025-11-06
U002292,upi_pso5yk0k94@okaxis,2026-05-12
U002293,upi_gq4jk5xt6m@oksbi,2026-05-30
U002294,upi_v7rdgd2d2r@okicici,2026-08-07
U002295,card_1358_df786ac139,2026-06-30
U002296,upi_ym9uc7vdi5@oksbi,2026-06-20
U002297,upi_w2sp1hy30i@paytm,2026-07-29
U002298,upi_iiemyfhz99@okicici,2026-05-02
U002299,card_4174_6703e46af4,2025-12-12
U002300,card_2174_5a2d0a468c,2025-11-09
U002301,upi_og7bs94cku@okicici,2026-04-21
U002302,upi_z0pjoewxlh@paytm,2026-04-08
U002303,card_1469_3b15ce74bd,2025-10-09
U002304,upi_qiu03v6eg1@okicici,2026-04-02
U002305,upi_xlrh4sv07f@ybl,2026-08-01
U002306,upi_arl0gll25p@okaxis,2026-02-12
U002307,card_7346_39c47496a2,2026-04-19
U002308,card_4278_54bf7772d5,2025-09-08
U002309,card_7664_7741733e63,2026-03-20
U002310,upi_mxf2haqale@okhdfcbank,2026-08-25
U002311,upi_k0bwzrarnl@okhdfcbank,2025-12-21
U002312,card_6265_65a6208e98,2025-09-07
U002313,upi_i6bw4rnq7s@oksbi,2025-12-13
U002314,card_0539_a8678972cc,2026-03-20
U002315,upi_739qaknwkv@ybl,2025-09-14
U002316,upi_qoek60kfjp@oksbi,2025-09-05
U002317,upi_i12u5jcp0a@oksbi,2026-01-04
U002318,upi_030n4h9yk6@okaxis,2026-01-08
U002319,card_6052_a8f0c96b4d,2025-12-24
U002320,upi_tg8gtzsuqz@okhdfcbank,2025-09-26
U002321,upi_al2tdwcbyu@ybl,2026-07-22
U002322,upi_bnooqxzyku@okaxis,2026-04-18
U002323,upi_m4mcw2by9t@oksbi,2026-04-06
U002324,upi_ub32ql4k0g@okaxis,2026-07-05
U002325,upi_tb33xn2su2@paytm,2025-12-19
U002326,upi_0b1x5jywis@oksbi,2026-06-02
U002327,upi_u9hl3rosj1@okhdfcbank,2026-04-03
U002328,upi_f1u31r8jwh@ybl,2026-04-27
U002329,card_4416_d5d47e65e4,2025-09-22
U002330,upi_0xlx3dews6@okicici,2025-09-02
U002331,upi_82m1mzl30s@okhdfcbank,2025-11-04
U002332,upi_6qywlm73ev@okicici,2026-08-21
U002333,card_9196_d3b1acec99,2025-10-19
U002334,card_4748_307cd2ba64,2026-05-12
U002335,upi_sngdll1ngq@okhdfcbank,2025-09-02
U002336,upi_3f2hspudwd@ybl,2025-09-22
U002337,upi_aqrrqes5if@ybl,2026-02-23
U002338,upi_etrqxkhgzh@oksbi,2025-12-04
U002339,card_2767_4c2613c0a5,2026-06-06
U002340,card_3337_850cbc7c11,2025-09-16
U002341,card_4203_8077af9248,2025-12-10
U002342,upi_qvrwjt9i3k@okicici,2026-08-10
U002343,upi_o0futzpfd3@okaxis,2026-03-03
U002344,card_8070_786e5e802b,2025-11-09
U002345,upi_3wee7asok4@paytm,2025-11-06
U002346,upi_leq3djlfvd@okicici,2026-07-08
U002347,card_2577_3bd09c239d,2026-05-14
U002348,card_0926_5a0211c362,2025-09-19
U002349,upi_u4eqrueszg@okhdfcbank,2026-04-30
U002350,card_8399_5a57eb728d,2026-07-10
U002351,upi_7omaci4ilk@okaxis,2026-06-09
U002352,upi_jiyeldw96n@ybl,2026-03-23
U002353,upi_opd3ktla4c@okicici,2026-06-07
U002354,upi_zxwtbdwxfo@okicici,2026-03-22
U002355,upi_p1e55jnbrx@okicici,2026-05-19
U002356,card_1442_111f9d9b4b,2025-10-30
U002357,card_2725_93283f729c,2026-05-20
U002358,upi_ux16y111mw@paytm,2025-09-16
U002359,card_4806_44c8eab3a0,2026-06-27
U002360,upi_q6vpxw1ma3@paytm,2026-07-10
U002361,upi_jyn8almsyw@okaxis,2025-10-02
U002362,upi_mq374853xc@okhdfcbank,2026-01-20
U002363,upi_ztnb4lvmg5@okicici,2025-09-21
U002364,card_7728_be7a84707c,2026-07-06
U002365,card_5570_0b43e83ee9,2026-04-13
U002366,upi_f5zwilk2vc@oksbi,2025-10-06
U002367,upi_1805f08gcl@okaxis,2026-08-25
U002368,upi_f1xkzv72lx@okaxis,2026-02-21
U002369,card_3903_138a61fee2,2025-12-30
U002370,card_2101_e9adb3bfa0,2025-09-29
U002371,card_8935_060e83bddb,2026-02-13
U002372,upi_scfvz2cnqh@okaxis,2025-10-22
U002373,upi_t3x5me43i9@paytm,2026-03-22
U002374,card_4488_e0bc2fe513,2026-02-16
U002375,upi_nceoezfvvh@okicici,2026-07-11
U002376,upi_80dcokvkxz@okaxis,2025-12-09
U002377,upi_i7j8j6a5tt@okaxis,2026-04-05
U002378,card_5631_71699f55b7,2026-07-15
U002379,card_8315_ab00e9b157,2026-08-04
U002380,upi_8efio9sqjr@okicici,2025-12-05
U002381,upi_fg3o22ssxo@okhdfcbank,2026-05-03
U002382,upi_56h05lowz4@paytm,2026-01-07
U002383,upi_45gazvvmi1@okaxis,2026-01-31
U002384,upi_y7axf3g1fa@oksbi,2025-09-22
U002385,upi_x1exqz24me@okaxis,2025-12-25
U002386,upi_9tb8cwjj4f@paytm,2025-09-20
U002387,upi_o8gfjrsj89@okaxis,2025-10-21
U002388,upi_h5ya0hi02a@oksbi,2025-09-21
U002389,upi_d2f1p46o05@ybl,2026-03-20
U002390,upi_n7mc3odavd@okaxis,2025-10-06
U002391,upi_ogq6iud3yl@okaxis,2026-06-23
U002392,card_4568_e3a89d181c,2025-11-08
U002393,upi_bmpz7b5dzh@oksbi,2026-07-11
U002394,upi_bpl0ksir3g@okaxis,2026-05-18
U002395,card_1801_ada998ebf7,2025-10-30
U002396,upi_6h4yfv0gzu@paytm,2025-10-05
U002397,upi_pk8w9d2m8f@ybl,2025-11-29
U002398,card_7889_6b495b6dfa,2026-06-12
U002399,card_4809_60f4125509,2025-10-30
U002400,upi_nv165kx9k4@okaxis,2026-01-08
U002401,card_6392_2ce9a25981,2026-03-02
U002402,upi_oiy3x18sr4@paytm,2026-06-19
U002403,card_3789_aa35fff9e8,2026-05-12
U002404,card_1237_acfee0c331,2025-10-15
U002405,card_6044_2926ac30e3,2026-07-12
U002406,upi_4unejixeia@okicici,2026-05-10
U002407,card_8839_6e132d67cd,2026-07-28
U002408,upi_83dcl366c2@ybl,2025-12-09
U002409,upi_z0e74fppal@okaxis,2026-04-08
U002410,card_4617_2ba4d2dd17,2026-04-21
U002411,upi_eaasi39kzt@paytm,2026-04-07
U002412,card_4648_b2f28ad613,2025-11-10
U002413,upi_9i1jc3rprh@oksbi,2026-03-26
U002414,card_4029_25a108f3ab,2025-12-04
U002415,card_2861_40183b0271,2025-10-27
U002416,card_8729_c39b4a051d,2025-12-12
U002417,upi_2yj03dldsm@okicici,2026-03-01
U002418,upi_vpgocs1dvt@paytm,2025-09-28
U002419,upi_o12v788nif@okhdfcbank,2025-10-26
U002420,card_8993_2b6c72db77,2025-10-07
U002421,upi_jnjwits5nb@ybl,2026-04-05
U002422,upi_iaw66nyoe6@oksbi,2025-09-03
U002423,upi_iv91bvczec@oksbi,2026-04-19
U002424,card_7463_8399148ad0,2026-01-24
U002425,card_6103_1d48f898e3,2026-03-11
U002426,card_6996_5a26fbbc45,2026-07-05
U002427,card_8764_bf13e876f1,2025-09-28
U002428,upi_lwdhtfoo98@oksbi,2026-02-01
U002429,upi_4ycsyjozjj@okhdfcbank,2026-03-27
U002430,upi_t5fk9dflv8@okhdfcbank,2026-03-24
U002431,upi_oxlpdc2rb2@oksbi,2026-01-28
U002432,upi_8s5szjnktp@okhdfcbank,2026-06-11
U002433,card_4845_a1835bee00,2025-10-07
U002434,upi_yyh5aq78so@okhdfcbank,2025-11-05
U002435,card_3947_ddd6522c38,2025-09-24
U002436,upi_6kfezy5pck@okhdfcbank,2025-10-03
U002437,card_6891_f7939866bd,2025-11-11
U002438,upi_eaxmrfel8f@ybl,2025-10-18
U002439,upi_r3kjy0y7ab@okicici,2026-03-24
U002440,card_9238_352776c954,2026-06-10
U002441,upi_a082fhzzts@paytm,2026-05-30
U002442,upi_3fdtphxr9j@okaxis,2025-11-29
U002443,card_2858_89ffbde098,2026-01-31
U002444,upi_d7gftpdajb@okaxis,2025-09-02
U002445,upi_3xtigythlq@oksbi,2026-02-14
U002446,upi_7p4y8o8dm8@okicici,2026-06-10
U002447,upi_vj9lcn8gua@okicici,2026-04-23
U002448,card_0112_1c1f35bc26,2026-05-01
U002449,upi_0inhwsmhld@okicici,2026-04-25
U002450,upi_xshfnu20mk@okaxis,2026-07-22
U002451,card_9684_b21de0d008,2026-03-23
U002452,card_2994_16b745b79e,2026-08-10
U002453,card_5033_cde0749677,2025-10-02
U002454,upi_xv4elcfcna@okaxis,2026-08-21
U002455,upi_520f5tvyrg@okaxis,2025-10-22
U002456,card_5946_573658cd17,2026-02-04
U002457,upi_jdgwn6b46p@okicici,2026-03-17
U002458,upi_2w5j871ywn@paytm,2025-12-29
U002459,upi_0k4seps62d@okhdfcbank,2026-04-04
U002460,card_0532_209f12fabf,2025-09-12
U002461,card_0625_783a3b801e,2026-03-25
U002462,card_8275_ff3666143b,2026-04-21
U002463,card_6259_93b32b3e85,2026-05-31
U002464,upi_2ut6ycdzn7@paytm,2026-07-01
U002465,upi_pxdhfott0b@okicici,2025-09-01
U002466,card_0256_70b92ce709,2026-03-11
U002467,upi_u0cjxohnh6@okhdfcbank,2025-10-07
U002468,upi_b324umjrt8@okaxis,2025-12-16
U002469,upi_eke0mc4djk@okhdfcbank,2025-12-18
U002470,upi_rrm3c6fnue@okhdfcbank,2026-02-14
U002471,upi_29kwfjttf6@oksbi,2026-01-15
U002472,card_8047_b8aba08b9e,2025-12-11
U002473,upi_m9yuq17i60@okaxis,2025-12-11
U002474,upi_eau66ka10u@oksbi,2026-08-01
U002475,upi_o01pop7sem@okhdfcbank,2026-04-02
U002476,upi_m8721cvce8@ybl,2026-01-06
U002477,card_5960_d528e49a45,2025-12-17
U002478,card_5656_5e11f4c939,2026-01-06
U002479,upi_9k64anck8l@paytm,2025-12-20
U002480,card_1878_2b85dcb60a,2026-04-28
U002481,upi_h32yri2kll@okaxis,2026-03-26
U002482,upi_nvvubi9zjl@okhdfcbank,2026-02-03
U002483,upi_3e9kd5cyol@okaxis,2025-10-15
U002484,upi_ab128zns4q@oksbi,2026-04-25
U002485,upi_hhkovlhgnx@ybl,2025-11-02
U002486,upi_ea6lbz66hv@ybl,2025-09-19
U002487,card_9841_28c9639667,2026-08-20
U002488,card_5225_14f6da3e9e,2026-06-06
U002489,upi_txb70bo1xo@okaxis,2026-06-13
U002490,upi_2yl7ffddif@ybl,2026-01-24
U002491,upi_ev87u5gf7o@okaxis,2026-05-01
U002492,upi_n5yh87z24x@paytm,2025-12-21
U002493,card_1221_8022505e01,2026-05-07
U002494,upi_qkhv9i2qrb@okhdfcbank,2026-08-05
U002495,card_5514_ebf7cfc247,2026-01-12
U002496,upi_3shvaow3nl@okhdfcbank,2026-06-18
U002497,card_8057_8e7b133366,2026-01-19
U002498,upi_5g1dci5k8g@okicici,2026-05-09
U002499,card_8123_8d574be863,2026-07-05
U002500,upi_2ti0sq6549@ybl,2025-11-05
U002501,upi_m22r1t65cw@ybl,2025-12-01
U002502,upi_hw68g7h39k@ybl,2025-09-08
U002503,card_9571_da247af702,2026-07-04
U002504,card_4731_44ee3e8ef7,2025-10-26
U002505,card_1019_1b608255c7,2025-10-24
U002506,upi_142twdxsdc@okaxis,2026-02-25
U002507,upi_e5iyb1rmqh@okhdfcbank,2026-07-31
U002508,card_1779_830ff456a7,2026-01-10
U002509,upi_95lyio6136@ybl,2025-11-28
U002510,card_2895_a3bd71452a,2026-06-20
U002511,upi_j2wjgsdu1t@paytm,2026-05-25
U002512,card_4937_cd4c1f2b6a,2025-09-04
U002513,card_6943_cdda45b188,2026-06-27
U002514,upi_yboy8eqta3@ybl,2026-02-28
U002515,upi_f7b7py0tdv@ybl,2026-01-28
U002516,upi_lli29o2nxa@ybl,2025-11-06
U002517,upi_cwmc0igvtg@oksbi,2026-04-28
U002518,upi_7xpmaew4tq@okhdfcbank,2025-09-16
U002519,upi_53ak3ecxyi@oksbi,2026-02-13
U002520,card_6388_b78abdb3e2,2026-05-20
U002521,card_0924_cef4fdb938,2026-08-01
U002522,upi_uf26vn0dco@ybl,2025-10-29
U002523,card_1100_6af87a8eb5,2025-12-11
U002524,upi_e6f2srb64x@ybl,2026-03-25
U002525,upi_64zbt2w3at@paytm,2025-09-20
U002526,upi_y4v18q8xfd@ybl,2026-02-22
U002527,upi_kydctwitln@oksbi,2025-12-19
U002528,upi_09lgz07ywa@okhdfcbank,2025-11-23
U002529,card_9370_6a878ede01,2026-05-13
U002530,card_3012_444ea21ff1,2025-12-10
U002531,upi_jvybhypi7d@okicici,2026-05-25
U002532,card_1239_54dd1954da,2025-10-23
U002533,upi_ispas2fq8x@paytm,2025-12-07
U002534,upi_h6r8ofrjmt@oksbi,2026-02-02
U002535,upi_8230lwf99i@okicici,2026-06-08
U002536,upi_u6r49s2kz6@paytm,2025-09-06
U002537,upi_20sdyke6kq@okaxis,2026-07-11
U002538,upi_osjkhl6dd7@okhdfcbank,2025-10-17
U002539,card_8348_e1b4910e90,2026-08-14
U002540,upi_yi98gr7lvo@okaxis,2026-07-11
U002541,upi_8himretxmp@okicici,2025-09-27
U002542,card_4411_2d98a72211,2026-01-20
U002543,upi_8z0n7njwo6@okhdfcbank,2025-11-14
U002544,upi_wovhdeie2l@oksbi,2025-11-15
U002545,card_4709_46229ccbd4,2025-09-23
U002546,upi_vuo4m23f0r@okhdfcbank,2026-03-01
U002547,upi_656nya4sm6@ybl,2026-03-08
U002548,card_7941_1c6848ad39,2025-12-25
U002549,card_6642_1b604bb426,2025-10-01
U002550,upi_pd1bgmwvvq@okhdfcbank,2025-10-03
U002551,upi_27ekis01af@oksbi,2026-01-18
U002552,card_9364_ad0023ece2,2026-06-21
U002553,upi_oijsdvln1m@ybl,2025-10-23
U002554,card_6419_bedcf78f46,2026-05-29
U002555,upi_3r0ibitinz@okicici,2026-04-04
U002556,card_7927_a111ff0347,2026-06-28
U002557,upi_8ndny8xqjd@okhdfcbank,2026-01-29
U002558,upi_a3o7gmfgv5@okaxis,2025-12-25
U002559,upi_r7h0tdeemf@okhdfcbank,2026-07-31
U002560,upi_yj8wbvo7dh@okicici,2026-03-04
U002561,upi_5gddfgwm1v@ybl,2025-09-28
U002562,card_9197_58ddae4582,2026-05-12
U002563,card_2152_6d6f7c1c4b,2026-07-08
U002564,upi_dncifnacqo@okhdfcbank,2026-02-08
U002565,upi_vtz17bsv1g@okicici,2026-03-01
U002566,upi_b7df0cf4bc@okaxis,2026-06-12
U002567,upi_28musq00cn@paytm,2025-09-28
U002568,card_0279_098d16cef7,2026-05-30
U002569,upi_mypbpy24lz@oksbi,2026-01-15
U002570,upi_2kw5owd0bu@oksbi,2026-08-21
U002571,upi_hwcnc1njcn@okaxis,2025-11-29
U002572,upi_bgkbz1obql@okhdfcbank,2025-11-13
U002573,card_1284_f4bfde0040,2025-09-29
U002574,upi_5bqnw5i6v0@paytm,2026-08-16
U002575,card_8250_fa418c806b,2025-10-27
U002576,upi_0barht4yze@okicici,2025-12-27
U002577,upi_exg8tr0p2b@paytm,2026-04-02
U002578,upi_633obfvggl@ybl,2025-10-08
U002579,upi_qqfpgsqt02@oksbi,2026-01-04
U002580,card_4809_4809fa0c09,2025-12-12
U002581,upi_te3p3zjdiy@okhdfcbank,2025-10-18
U002582,upi_hng7bto4ga@okaxis,2025-11-18
U002583,upi_vtz1672xi8@okicici,2025-10-01
U002584,card_3300_791d7991ee,2026-01-16
U002585,card_1770_24421b83e0,2026-08-18
U002586,upi_8gmg6cmnbv@ybl,2026-02-10
U002587,upi_u7twao21z4@okhdfcbank,2025-09-12
U002588,upi_xx1j11u9p8@ybl,2026-02-22
U002589,upi_n3fbgjn2mz@okicici,2026-01-20
U002590,upi_vr3fvjis1s@okaxis,2025-11-26
U002591,upi_z7dggfaj2y@oksbi,2026-06-18
U002592,card_3131_080c4453e7,2026-02-15
U002593,card_5442_bc69bdf883,2026-01-09
U002594,card_3278_49c9e74c89,2026-04-09
U002595,upi_8xwfs84zz2@oksbi,2026-05-23
U002596,card_9215_f012b77c36,2026-02-16
U002597,card_9064_93ac58a1c3,2025-10-07
U002598,card_6077_e014aa2cc7,2026-05-22
U002599,upi_scq96m0e1t@ybl,2026-05-10
U002600,upi_diu9nqkvkv@paytm,2026-02-22
U002601,upi_p7xjgvo6yk@oksbi,2026-02-25
U002602,upi_tz3f7vf7nc@paytm,2026-08-03
U002603,upi_pkr9vmfwhr@okaxis,2026-06-25
U002604,upi_pwa0vzkkic@oksbi,2025-12-15
U002605,upi_344ngtozes@okaxis,2025-11-17
U002606,upi_4jq5l6n6jc@okicici,2025-12-25
U002607,card_3390_faf3ff03ed,2026-08-19
U002608,upi_h3ei38px0o@okicici,2026-04-14
U002609,card_1310_7deba2656a,2026-01-05
U002610,upi_inbbk6afrw@okaxis,2025-11-27
U002611,card_2588_3a0af10f05,2025-10-30
U002612,upi_i5ljuktxe1@ybl,2026-01-06
U002613,card_2354_50364b5efd,2025-10-01
U002614,upi_2v6uz9udw4@okaxis,2025-09-11
U002615,upi_bcznc9bou1@okicici,2026-05-12
U002616,card_5775_7165cfe626,2025-12-29
U002617,upi_az7ob38onh@okicici,2026-05-02
U002618,upi_bxnay2lf4v@okaxis,2025-12-20
U002619,card_5259_37f8a6c30e,2026-08-04
U002620,card_1777_a2a0f9bbef,2026-06-20
U002621,upi_agseoykxbe@okhdfcbank,2026-05-01
U002622,upi_e72t4dv80q@oksbi,2026-03-12
U002623,upi_6lqe7sxabu@okhdfcbank,2025-09-25
U002624,upi_kqyeq7xjmn@oksbi,2026-06-07
U002625,card_5561_43669c73ca,2026-04-14
U002626,upi_nz3wldl6ai@ybl,2026-07-04
U002627,card_6715_01e16f13fa,2026-03-21
U002628,card_7659_880677f33c,2026-03-01
U002629,card_3317_45db0cfc9d,2026-04-11
U002630,upi_2n5fzmltbi@okhdfcbank,2025-12-19
U002631,upi_n4j3o8piur@okaxis,2026-01-04
U002632,upi_v15ogbnief@ybl,2026-04-02
U002633,card_5906_3d1368b82f,2025-12-07
U002634,upi_7ibt12m6lo@okhdfcbank,2026-03-26
U002635,card_2391_a4be939b98,2025-11-22
U002636,card_5586_2d73f1fb81,2025-12-21
U002637,upi_f35mrro6k2@oksbi,2026-07-28
U002638,upi_puxq3gwhsc@ybl,2026-08-04
U002639,upi_vexuldsq4e@okaxis,2025-12-06
U002640,upi_vvc79xju26@okicici,2026-08-12
U002641,upi_1kfvk8wgd0@okicici,2025-10-30
U002642,card_4362_5b08d88bb5,2026-03-24
U002643,upi_r6p9zx40yc@okaxis,2026-04-05
U002644,card_0781_e0dca333da,2026-07-17
U002645,upi_g4vpcd2pkh@okhdfcbank,2026-08-06
U002646,upi_iy7rulbd0d@okicici,2026-04-15
U002647,card_0879_dc04fffb7f,2025-12-29
U002648,card_3016_86503b6108,2026-01-01
U002649,upi_iwhkth7siv@oksbi,2026-05-31
U002650,upi_o7p792qwlq@okicici,2026-03-10
U002651,card_4362_b5b45fb1ee,2026-04-24
U002652,card_6250_1f3f44dd9d,2026-05-02
U002653,upi_9k337d502i@oksbi,2026-08-22
U002654,upi_5vfg8s46iy@okaxis,2025-11-26
U002655,card_3399_6dd71eee20,2026-07-04
U002656,upi_03c4dakrhl@okaxis,2026-01-26
U002657,upi_5yol0pouof@okaxis,2025-09-05
U002658,upi_xipn5jhnp5@oksbi,2026-06-28
U002659,upi_efqd47mxy5@okhdfcbank,2025-09-21
U002660,card_2507_1ca3ece247,2026-01-09
U002661,upi_2411ecjtld@ybl,2026-01-17
U002662,upi_848i9ewbpw@okicici,2025-11-06
U002663,card_2267_e689dffc32,2025-09-23
U002664,card_5586_bb81a150bc,2026-06-16
U002665,upi_dyd6ag332m@paytm,2025-12-07
U002666,upi_xgeaphr67s@ybl,2025-11-27
U002667,upi_7996guk80j@oksbi,2026-06-04
U002668,card_9050_0f5068c4a7,2026-03-09
U002669,upi_7cw04wuzo3@okaxis,2025-12-27
U002670,upi_ojxe39y8tq@ybl,2026-05-10
U002671,upi_hepsjefqz3@ybl,2026-02-02
U002672,upi_8e80asuf5s@okicici,2026-04-13
U002673,card_4632_11633020cb,2026-03-19
U002674,card_0969_bcc97be6b3,2026-06-26
U002675,card_9615_b319e2f492,2026-01-22
U002676,card_3702_ffe56db66d,2025-09-02
U002677,card_2746_ad23d30837,2025-10-30
U002678,card_6746_147560eeeb,2025-11-16
U002679,card_6494_54c1023126,2026-04-21
U002680,upi_vw5hx2s2mn@okicici,2026-06-21
U002681,upi_fzghjz6lv7@ybl,2025-11-08
U002682,upi_qtmid82ohj@okicici,2026-02-02
U002683,card_5057_152edd6678,2025-12-21
U002684,card_7911_750e143d95,2025-11-06
U002685,upi_yr47smm5bg@okicici,2026-05-22
U002686,card_5955_40b6d461f0,2025-10-11
U002687,upi_j7nophkwti@oksbi,2025-12-31
U002688,upi_vrgvnvi2l5@paytm,2025-09-03
U002689,card_3040_a84c2120cc,2025-10-09
U002690,upi_t4g0tbyc1q@oksbi,2026-04-02
U002691,upi_9zoweufjk0@ybl,2026-02-16
U002692,card_4522_c6aa2abd31,2025-09-23
U002693,card_5497_2f23cb783d,2025-10-25
U002694,upi_v9xaur5ovb@oksbi,2025-09-24
U002695,card_2213_102ced204a,2025-10-05
U002696,upi_szoymgjmdq@okaxis,2026-08-04
U002697,card_3659_5405f4d746,2025-10-10
U002698,upi_9xqt9exbtk@ybl,2025-10-05
U002699,upi_iquj76azyj@ybl,2026-01-03
U002700,card_5164_b510f0cb5a,2026-02-15
U002701,card_8094_924e9e0bcd,2026-04-23
U002702,upi_b0djjznd7y@okaxis,2025-11-25
U002703,upi_wwffqekdiz@oksbi,2025-10-23
U002704,card_7321_75a64e1699,2026-06-12
U002705,card_8377_54c64f979c,2025-11-12
U002706,upi_cbtacl5p9e@paytm,2025-12-29
U002707,upi_hnohq0xpev@paytm,2025-12-21
U002708,card_5328_03428512e2,2026-07-05
U002709,upi_npylb28cvw@paytm,2025-09-15
U002710,upi_r9lkfmhu47@okaxis,2026-02-19
U002711,card_2028_7c95b37e10,2026-08-21
U002712,card_6167_cba148ace5,2026-07-04
U002713,upi_ol1waodxoa@oksbi,2026-08-11
U002714,upi_rorn0dzwte@okhdfcbank,2026-07-15
U002715,upi_548psi5t6q@okhdfcbank,2026-07-28
U002716,upi_s8suzvg2za@ybl,2025-09-14
U002717,card_3934_55f8de40fc,2026-01-16
U002718,card_2236_eb999beb96,2026-08-09
U002719,card_2888_507d6ecdfa,2026-07-10
U002720,upi_62j2n0rtnd@okhdfcbank,2026-04-14
U002721,upi_ny1rc7g7sw@okhdfcbank,2026-03-19
U002722,upi_2j6o57sm31@okhdfcbank,2026-01-29
U002723,card_0292_1cfb3a03b0,2026-01-25
U002724,upi_9708zd7vun@paytm,2026-03-24
U002725,upi_wry602ig6h@okaxis,2025-12-17
U002726,upi_9nfvti8mv8@ybl,2026-01-31
U002727,card_0979_624fbcba0d,2026-04-06
U002728,card_7561_85a63af92a,2025-12-09
U002729,upi_umnvp7hw3x@ybl,2026-01-19
U002730,upi_c44f50gz01@paytm,2026-05-01
U002731,card_2424_5a3094d04b,2025-10-01
U002732,card_2139_595acd2197,2025-11-02
U002733,card_7692_b050c41638,2026-03-18
U002734,upi_9l8ktgxt2a@okhdfcbank,2026-03-14
U002735,card_5404_8cc6f5bc22,2026-07-20
U002736,upi_qilyfjojhi@okaxis,2026-05-30
U002737,upi_wbiaqeyo7y@oksbi,2025-09-04
U002738,card_8605_5d85e1d1b4,2026-03-31
U002739,upi_xzss89jwul@okhdfcbank,2025-09-19
U002740,card_4004_3284057ec5,2025-12-31
U002741,card_5795_6066275d34,2025-11-19
U002742,upi_fvd136fsox@ybl,2025-09-13
U002743,upi_ijijykasxp@okhdfcbank,2026-03-03
U002744,upi_7y8zm6czzq@oksbi,2026-04-01
U002745,upi_ufhfiywqs9@oksbi,2025-10-10
U002746,upi_zwnk3fl2nx@oksbi,2026-07-01
U002747,upi_vb965gzplu@ybl,2026-03-25
U002748,upi_s763warj7o@paytm,2026-03-29
U002749,upi_71w3ovx5vy@paytm,2026-07-31
U002750,upi_xxtxk27rl0@oksbi,2025-09-09
U002751,upi_5x4zf5b8y2@okicici,2026-02-13
U002752,upi_3pcz17cywf@paytm,2026-07-29
U002753,upi_8w9b58w0z1@oksbi,2026-07-01
U002754,upi_la5qd2xnke@okaxis,2026-07-06
U002755,card_6814_0c66f212db,2026-05-04
U002756,card_8601_83c4e60c40,2025-10-14
U002757,card_4858_98f542e1ca,2026-06-09
U002758,upi_7racwgifdp@paytm,2026-08-23
U002759,upi_mdxixzmft9@oksbi,2025-12-01
U002760,upi_5s14mn7f4x@paytm,2026-07-01
U002761,upi_z9sok1s22c@oksbi,2025-10-29
U002762,upi_e5mugjo3fy@okicici,2026-06-20
U002763,upi_733h3itgvr@okaxis,2026-02-25
U002764,upi_iydw4gzxcf@okicici,2026-03-12
U002765,upi_1qp0m7d2mz@okaxis,2025-11-24
U002766,upi_gilh3tgpw3@ybl,2026-02-21
U002767,card_1147_a720caa5cf,2026-06-13
U002768,upi_gbbttzmjei@okhdfcbank,2026-04-09
U002769,card_3318_3024fdc1c0,2026-06-22
U002770,card_7698_a14abaec40,2025-12-05
U002771,card_3681_5bc429d4bc,2025-10-24
U002772,card_9674_473d2cfdf3,2026-07-10
U002773,card_7049_2a4dfc41cc,2026-02-25
U002774,upi_86987kaj46@paytm,2026-05-20
U002775,card_3486_1f018abd5d,2026-02-12
U002776,upi_q4el3it87s@okaxis,2025-12-27
U002777,upi_5a0ijg5i1f@paytm,2026-06-02
U002778,card_6263_e276f984af,2026-08-09
U002779,upi_4rcblspny0@oksbi,2025-10-30
U002780,upi_6pkxvintmy@oksbi,2026-02-23
U002781,upi_c4b4ds807x@oksbi,2026-05-11
U002782,upi_rjy9ohn4go@okhdfcbank,2025-09-08
U002783,card_7629_02b9f52475,2026-02-05
U002784,card_8536_cdfba5c216,2026-07-21
U002785,card_1224_2eab44e446,2025-11-02
U002786,upi_o0m9rg5n25@oksbi,2026-07-24
U002787,card_7577_fdde678395,2026-05-08
U002788,card_1361_bc5fcef85f,2026-05-26
U002789,card_3090_4d4d72cd38,2026-06-09
U002790,upi_r3ifz5ibtz@okaxis,2026-06-20
U002791,upi_6x19gd5nla@ybl,2025-10-05
U002792,upi_m8phy9vgqu@okicici,2025-10-19
U002793,card_9049_f5fe528315,2026-02-16
U002794,card_1908_f38a89f5bc,2025-12-26
U002795,upi_5amf3wpzex@okicici,2026-01-26
U002796,card_5242_e445dac037,2026-07-21
U002797,upi_ob6oo4xhuy@okaxis,2026-03-29
U002798,card_2107_93072a9bcc,2025-12-27
U002799,upi_4au71ijfvt@okaxis,2026-03-27
U002800,card_3646_5e60bf4710,2026-07-27
U002801,card_1196_ca22152502,2025-12-24
U002802,upi_bnn6q4koi5@paytm,2026-04-24
U002803,card_1150_cccbf26f86,2025-11-02
U002804,card_8886_3f4b85646c,2025-10-04
U002805,card_4994_a37904732b,2026-02-08
U002806,card_6742_dd896a8b9e,2026-06-08
U002807,card_7394_e69cbd7507,2025-11-29
U002808,upi_lm2l7aiv79@oksbi,2025-10-19
U002809,card_7833_1c2054121d,2026-01-30
U002810,card_4868_d0ba86bf50,2026-04-14
U002811,upi_f53qzhl7eb@okicici,2026-08-05
U002812,upi_liisqrua6f@oksbi,2025-10-25
U002813,upi_cifruivhs9@okicici,2026-01-22
U002814,card_1455_4d2bd591cb,2025-11-18
U002815,card_4813_4c7881e065,2026-03-02
U002816,upi_nigg5d4zw4@ybl,2026-02-01
U002817,upi_v2y0s39a7d@oksbi,2025-12-08
U002818,upi_tfco9vbtj8@oksbi,2025-09-07
U002819,card_0555_3ab98e1b34,2025-12-21
U002820,upi_5g1y23wo6q@okhdfcbank,2026-05-16
U002821,upi_tiw6xfyngn@oksbi,2026-04-13
U002822,card_9159_a16b2d84c6,2026-05-29
U002823,card_4430_34e43b693b,2026-08-11
U002824,card_4152_6a4e4c644e,2026-05-17
U002825,card_8266_acc14d0a31,2025-11-06
U002826,upi_jicxat9vha@okhdfcbank,2025-11-02
U002827,upi_tkbt7l7lsu@okaxis,2025-10-20
U002828,upi_pvjn85zqoj@ybl,2026-05-12
U002829,upi_eno0wv9khs@okaxis,2026-07-08
U002830,upi_mqwynqy7bd@okaxis,2026-06-16
U002831,card_7457_d35c912f41,2026-03-19
U002832,upi_spj74sgqyy@okicici,2026-01-14
U002833,card_9838_505c89ba56,2026-05-12
U002834,upi_jq5lt5q4gp@okaxis,2025-09-13
U002835,card_8121_1eb497d149,2026-01-06
U002836,upi_zmw4fnfl74@paytm,2026-06-18
U002837,upi_nwvmdmfuqv@okhdfcbank,2025-12-09
U002838,card_6665_f94f3a8f25,2026-06-07
U002839,card_8717_576651e932,2025-11-02
U002840,card_0121_5f84c4ba85,2025-11-30
U002841,card_4508_8655473107,2025-10-05
U002842,upi_e7ddeqnx6i@ybl,2026-04-02
U002843,upi_d1rlzs2rxr@okaxis,2025-09-24
U002844,card_2946_2ca77d22fa,2025-09-16
U002845,upi_ae13n29gxy@okaxis,2025-10-02
U002846,card_5154_30ccfe285e,2026-03-10
U002847,upi_kgtwsnpp9j@oksbi,2026-07-24
U002848,upi_xnc2zjjfh4@okaxis,2026-06-16
U002849,upi_0jzr0s2v8u@okicici,2026-01-19
U002850,upi_cf1uy1v7mw@ybl,2026-03-13
U002851,card_4489_1f126e79e1,2026-06-13
U002852,card_2322_c932bb57d4,2026-07-15
U002853,upi_rk3bs53p9n@okaxis,2026-05-07
U002854,upi_0ilxy2jp2l@paytm,2026-01-26
U002855,card_1986_0bf7500205,2025-11-14
U002856,upi_7kb6jnp8oy@okicici,2026-03-31
U002857,card_8128_d125f34717,2025-11-30
U002858,card_8002_c443701602,2026-08-24
U002859,card_8763_63cc4b8d85,2026-02-18
U002860,upi_a7t762yxhh@okicici,2025-12-03
U002861,card_6085_8e28a1bc30,2025-11-11
U002862,card_2554_e4aaceccdb,2026-08-07
U002863,upi_c7q4uek4kb@okicici,2026-01-06
U002864,upi_j3ffpb7rqq@okicici,2025-10-07
U002865,card_0185_0ebeb40ac3,2026-06-18
U002866,upi_vvuksyckgk@okaxis,2026-05-29
U002867,card_9496_9d92d70f48,2026-03-11
U002868,upi_0t4o7vbcig@okhdfcbank,2025-10-26
U002869,upi_3nqp0umqtj@okhdfcbank,2026-03-21
U002870,upi_51qg48jztz@paytm,2026-03-02
U002871,upi_330mcei409@ybl,2025-10-28
U002872,upi_yqa4ar4uob@okhdfcbank,2026-06-22
U002873,upi_9xqm8ivwhi@okhdfcbank,2026-01-29
U002874,upi_tkqjae3gp6@okicici,2026-01-13
U002875,upi_yzrrs26big@okhdfcbank,2026-05-17
U002876,upi_0mzwa4t1rv@okicici,2025-09-17
U002877,upi_sojeyz1iby@paytm,2025-10-07
U002878,upi_r7l697d5s3@okaxis,2025-09-11
U002879,upi_to5djj4bzs@paytm,2025-12-04
U002880,card_4059_393cfb16d1,2026-07-15
U002881,card_3152_5108c83e95,2025-12-27
U002882,upi_xk61957eqk@ybl,2026-08-26
U002883,card_7551_f41506c7d6,2026-02-05
U002884,upi_8chtqavpyu@okaxis,2026-04-02
U002885,upi_3b7lf574zk@ybl,2026-01-16
U002886,card_6721_9b5b11eb4d,2026-02-10
U002887,card_7210_70517d7357,2026-07-16
U002888,upi_l4bla7wdvy@paytm,2025-10-30
U002889,upi_5ckle1tlje@okhdfcbank,2026-03-02
U002890,card_2477_5ca1913c4b,2026-08-09
U002891,upi_607cj71qlb@okaxis,2026-04-10
U002892,card_4071_dafac22e1f,2026-06-06
U002893,upi_nex7bai3hu@oksbi,2025-09-09
U002894,card_6480_2d5940eee8,2026-03-15
U002895,card_8476_7e180abd15,2026-03-16
U002896,upi_8neccl5bxt@okaxis,2026-08-02
U002897,card_6361_4505b5a4c1,2026-04-29
U002898,upi_z6moh2qrqo@oksbi,2025-09-17
U002899,card_5201_f1a018d460,2026-02-16
U002900,card_2607_d1d887a053,2025-10-18
U002901,upi_sxmzruap1b@okaxis,2026-05-20
U002902,card_4755_a7e47b5302,2026-07-09
U002903,upi_hp6mmxpk2d@okaxis,2025-11-02
U002904,upi_k219r1b0g0@okicici,2026-02-02
U002905,upi_o3233i2b0r@oksbi,2026-01-29
U002906,card_9878_898cc7aaf9,2025-10-20
U002907,upi_20uwbob1av@okaxis,2026-06-22
U002908,upi_iytguujfup@okhdfcbank,2026-01-13
U002909,upi_yruq8v3oej@okhdfcbank,2025-12-17
U002910,upi_vlbr5o6ebl@paytm,2025-10-14
U002911,upi_2t3tatxejs@okhdfcbank,2025-10-27
U002912,upi_1o7dmpf4r6@oksbi,2026-03-09
U002913,card_1289_9655a940d9,2026-08-12
U002914,card_9577_36cf0792b3,2026-05-19
U002915,card_3273_c6e4cf9772,2026-03-26
U002916,card_8628_bc5bbd6daf,2026-07-29
U002917,upi_xidaexh0j4@okaxis,2026-08-06
U002918,upi_9jh2wmnsst@oksbi,2026-06-13
U002919,upi_1cvs0qlmxc@oksbi,2026-06-13
U002920,upi_s1t984lzra@okaxis,2025-12-10
U002921,upi_jclsf8fwws@ybl,2026-03-02
U002922,card_4738_775eb1f526,2026-08-21
U002923,upi_ngoqum8vtu@okhdfcbank,2026-03-16
U002924,card_2819_1d3b347bda,2026-03-20
U002925,upi_m7zo1k9a96@okhdfcbank,2026-02-28
U002926,card_8014_c0ba5f5dbb,2026-03-08
U002927,upi_pivxwrp1k4@okhdfcbank,2026-08-04
U002928,card_9491_ef83efd0c8,2026-05-19
U002929,upi_r0cakbjjoh@okhdfcbank,2026-05-18
U002930,upi_08ndq5ect0@paytm,2026-04-05
U002931,card_6830_d912f71f3e,2025-12-11
U002932,upi_trta2egr9f@okicici,2026-08-21
U002933,upi_lxz854i5n5@okicici,2025-11-07
U002934,upi_s00dkzmua2@okaxis,2025-10-24
U002935,upi_yv2217450z@paytm,2026-06-20
U002936,upi_syfzm31wrh@okaxis,2026-08-13
U002937,upi_jaj4s5u4q1@okaxis,2025-12-07
U002938,upi_tp16acaooz@okaxis,2026-07-28
U002939,card_9547_a41c79c9e8,2026-07-08
U002940,card_6581_9a790f9539,2025-10-12
U002941,card_3385_4013f851f6,2026-07-05
U002942,card_1180_3e47d561d5,2025-11-20
U002943,card_7363_14e33f2a15,2025-09-20
U002944,upi_ae9cpdrcvs@okicici,2026-06-03
U002945,card_5579_f653dd17b7,2026-06-29
U002946,card_1894_65228ab5dd,2026-07-04
U002947,card_2843_e992327a2a,2025-12-22
U002948,card_5338_4232a1e276,2026-05-03
U002949,card_3481_941f975227,2026-01-22
U002950,card_9503_b5785d3ca9,2025-12-01
U002951,upi_0dhojgxy8j@okicici,2026-04-29
U002952,upi_lpr3551uxl@okaxis,2025-10-19
U002953,upi_sm8h3bwdgb@okaxis,2025-11-17
U002954,upi_mqy2sjrqvv@paytm,2026-07-26
U002955,upi_rue0odqhzs@okaxis,2025-09-27
U002956,card_3944_fabf5c2f28,2025-12-07
U002957,card_3311_49f785b61d,2026-05-12
U002958,upi_3wrc6kbmr9@paytm,2026-04-27
U002959,upi_02m4j9jpuv@ybl,2025-10-30
U002960,card_4843_b3e1bb1462,2025-09-05
U002961,upi_f848liwttu@ybl,2026-01-16
U002962,card_7082_bff988be45,2026-04-18
U002963,upi_bha9aiqvij@okaxis,2026-01-03
U002964,card_1792_e8bcd82245,2026-05-03
U002965,upi_ug930bo9lo@paytm,2026-04-16
U002966,card_6354_313d636c77,2025-10-30
U002967,upi_jj3tu65q89@ybl,2026-07-01
U002968,card_9987_a71c2a9803,2025-11-05
U002969,upi_8a336nwg1a@paytm,2026-07-10
U002970,upi_hvdma3z4rm@oksbi,2025-11-14
U002971,upi_kt7zqz75ca@paytm,2026-05-19
U002972,upi_1n338dig4x@oksbi,2026-03-07
U002973,card_1757_e4d5aa9e02,2026-03-16
U002974,upi_ps8xhvfboh@oksbi,2025-12-07
U002975,card_7479_9f429baaa6,2026-01-11
U002976,card_4582_3706af571f,2026-06-25
U002977,upi_1s6lchni7t@okaxis,2025-10-13
U002978,upi_iuvyce19hw@okhdfcbank,2025-12-15
U002979,card_0582_3d3835e1dc,2026-06-08
U002980,card_6222_72782e9aca,2026-03-05
U002981,upi_ofo9plpbn7@ybl,2026-04-28
U002982,upi_aiwt4l36ld@okicici,2026-03-30
U002983,card_4259_5a8b841e33,2025-11-01
U002984,upi_gvsuslgu70@okicici,2026-05-19
U002985,card_5062_b0bc1660d7,2025-12-04
U002986,card_2873_3ed9ad7b33,2025-09-08
U002987,upi_qt8lr2aa47@okicici,2025-09-25
U002988,upi_cyjpc2d0dh@oksbi,2026-02-21
U002989,upi_alpja3w9q0@ybl,2025-12-20
U002990,card_5315_28c21df447,2025-09-15
U002991,upi_2xui4owxpd@okhdfcbank,2026-02-12
U002992,upi_y0ppo35h0q@paytm,2026-01-03
U002993,upi_coni8okhnn@okicici,2026-01-30
U002994,card_3701_0e065f3db7,2025-09-09
U002995,upi_lqebkn8qb5@okaxis,2026-03-31
U002996,card_9877_9ba9534fd2,2025-11-16
U002997,card_8431_dcafe689f7,2026-04-18
U002998,upi_ptozou7ns1@okicici,2026-02-24
U002999,upi_qnz3wwsbeo@okaxis,2026-06-17
U003000,card_5135_84ce625d8d,2026-01-28
U003001,upi_wrw9bb9hki@okhdfcbank,2025-10-31
U003002,upi_jl9jpsp8h4@paytm,2026-04-21
U003003,upi_17hwc9m6zs@oksbi,2025-09-27
U003004,upi_5pq034cbfc@okhdfcbank,2026-04-02
U003005,card_9350_de1da4fd84,2025-09-14
U003006,upi_24mpzqiw8g@okhdfcbank,2026-04-11
U003007,card_5112_8c8ac391b6,2026-08-26
U003008,card_2292_07554a25dd,2026-04-02
U003009,upi_izbv56mgcf@ybl,2026-02-28
U003010,card_3669_7731c56305,2025-11-15
U003011,card_5021_0e6f711cf5,2025-11-27
U003012,card_7990_399ae5033b,2025-11-20
U003013,upi_07grzkvsu4@okicici,2026-04-07
U003014,upi_2czynqki6u@okaxis,2026-05-03
U003015,upi_i3q8ggifzx@paytm,2025-10-09
U003016,card_8059_83b3e92a69,2026-08-15
U003017,card_5620_cafb3fa00b,2026-03-09
U003018,card_3970_056a53fd60,2026-08-14
U003019,upi_c3wuulkd8w@oksbi,2025-11-20
U003020,card_7528_43a344238f,2026-03-15
U003021,card_0497_e4420feeb2,2026-06-18
U003022,upi_jpv567gf1f@okaxis,2026-04-29
U003023,card_4605_8def642169,2025-10-04
U003024,upi_8rezyq760z@okhdfcbank,2025-11-26
U003025,card_4888_448b688e19,2025-09-27
U003026,upi_6gugkh7r0c@oksbi,2026-07-29
U003027,upi_ai3sqpafvf@ybl,2026-06-07
U003028,card_3312_e813118ea4,2025-10-26
U003029,upi_8t84c6pv76@oksbi,2026-02-28
U003030,card_4203_e74a4cf951,2025-10-29
U003031,upi_po94x1v4se@paytm,2025-12-06
U003032,upi_avadisukyu@okicici,2026-05-08
U003033,upi_x5myutkzjy@okhdfcbank,2026-05-15
U003034,card_5255_f761981c96,2026-06-23
U003035,card_2978_f90ac3f47f,2025-10-08
U003036,upi_5nxr50i2gq@okicici,2026-03-22
U003037,upi_jh75rk4jj2@okaxis,2026-03-30
U003038,upi_t5ckbc2d93@okicici,2026-05-01
U003039,upi_kqg8h18obv@okicici,2025-11-05
U003040,card_7007_91ae16cff8,2026-01-26
U003041,card_3904_4a9bb2d321,2026-04-28
U003042,upi_9y2wtg1b9i@okhdfcbank,2026-02-28
U003043,card_3252_309976f6df,2025-11-09
U003044,upi_uyjyt6syet@ybl,2026-01-27
U003045,upi_tnqfrupe3s@paytm,2026-03-08
U003046,card_4692_f7d57e163d,2025-09-24
U003047,upi_9snf2zkapw@ybl,2026-03-21
U003048,card_3263_55d7380aa2,2025-09-11
U003049,upi_g28ipzpbko@oksbi,2026-08-02
U003050,card_0631_ed689d14e6,2025-09-30
U003051,upi_96b7oev5r5@paytm,2026-04-06
U003052,upi_1nwhah1a3p@paytm,2026-07-25
U003053,card_6329_20de1e1954,2025-10-07
U003054,upi_vnq9cqf9oo@paytm,2026-01-02
U003055,upi_zmzf7w4n3a@okicici,2025-12-11
U003056,upi_nyym81f8mb@paytm,2026-02-08
U003057,card_8637_8a948dd9ad,2025-10-05
U003058,card_8573_a221d32ab3,2026-07-20
U003059,card_7452_cd34aaaaa1,2025-09-18
U003060,card_5054_7f7f1870ac,2026-07-20
U003061,card_6746_de0fb72365,2026-06-22
U003062,card_8961_2d2c259894,2026-06-03
U003063,upi_riaom1866n@okicici,2026-03-15
U003064,upi_knfwoc57hw@oksbi,2025-10-15
U003065,upi_0uyqmqtic7@oksbi,2026-02-21
U003066,upi_iesib20yw8@okicici,2026-08-26
U003067,upi_6x16tunftv@okicici,2026-03-11
U003068,upi_gxs2gxlv3y@paytm,2026-07-01
U003069,upi_i5k3fyvnsp@ybl,2026-04-15
U003070,card_6329_0e5f54c291,2026-01-27
U003071,upi_632u1sxt05@ybl,2026-01-18
U003072,upi_x2bxg6kaqj@okaxis,2026-06-13
U003073,card_6799_e879da3172,2026-02-25
U003074,upi_glivl70pny@paytm,2026-01-21
U003075,upi_xix57sqavg@ybl,2026-01-21
U003076,upi_hwtd64xqhm@okaxis,2026-03-26
U003077,card_2166_1c2bf23c05,2025-12-12
U003078,card_9780_8d44e610b3,2026-05-16
U003079,upi_s39ssj346i@ybl,2026-04-10
U003080,upi_k0udvvz2hx@okicici,2026-07-15
U003081,upi_1ry19sx7d3@okaxis,2026-08-09
U003082,card_5155_3bb87cb087,2026-08-02
U003083,upi_s4urwzdtbf@okhdfcbank,2025-11-20
U003084,upi_7vn7a9dwrf@paytm,2026-07-11
U003085,upi_82pst1h5we@paytm,2026-05-15
U003086,upi_0e77owkbz6@oksbi,2026-08-22
U003087,upi_42yg0uapkc@paytm,2026-08-07
U003088,card_3295_5469f5fda7,2026-08-09
U003089,upi_9m284vcqwk@ybl,2025-10-23
U003090,upi_8drnmp9ln7@oksbi,2026-05-08
U003091,card_7029_ace6f33da5,2025-10-14
U003092,card_1311_fabae3fbe8,2026-06-13
U003093,upi_pq6jket4wn@okaxis,2025-12-16
U003094,card_2155_d8d3d464bd,2026-05-30
U003095,upi_50jriswvna@ybl,2025-12-25
U003096,upi_z0d78xpj4d@okhdfcbank,2025-12-21
U003097,upi_aws47f4iit@oksbi,2026-08-19
U003098,upi_ke5gjsxqro@okaxis,2026-01-18
U003099,upi_zl47hj2omf@paytm,2025-10-21
U003100,upi_6pyg695e2h@okaxis,2026-05-16
U003101,card_7496_4a0b8eb16e,2026-04-29
U003102,upi_jepkruafwc@okhdfcbank,2026-03-28
U003103,card_1488_d8c590d15c,2025-09-14
U003104,upi_vyhbaii11q@okaxis,2026-06-15
U003105,upi_z39alhgyhi@okhdfcbank,2026-04-26
U003106,upi_8q9a4hb7vl@paytm,2026-03-28
U003107,upi_1gwxt61581@paytm,2026-07-07
U003108,card_4601_2ea44c0d08,2026-03-01
U003109,upi_swntp98j4d@paytm,2025-12-18
U003110,upi_rv7a8vn08o@oksbi,2026-03-11
U003111,upi_tyfi7r9f67@ybl,2026-05-27
U003112,upi_vvwutoftod@okaxis,2026-06-04
U003113,upi_9x4d5x5044@okaxis,2026-03-26
U003114,upi_ri1syzb44a@okaxis,2026-04-11
U003115,card_7177_3411942273,2026-03-19
U003116,upi_45l22f8jrx@oksbi,2025-12-08
U003117,upi_1zdebk4rui@paytm,2026-01-10
U003118,card_5107_c73f5fe062,2025-10-24
U003119,upi_slm6b6sjq7@okhdfcbank,2025-12-07
U003120,upi_0f3r89khob@ybl,2026-04-25
U003121,upi_77myt7deny@oksbi,2025-12-11
U003122,card_9926_0b854f242e,2026-06-16
U003123,upi_a7bp5svi5p@paytm,2025-12-03
U003124,card_7515_498d052cf6,2026-08-19
U003125,card_5691_fa7c7c2756,2026-05-01
U003126,card_3388_8219e0ad5b,2026-01-04
U003127,card_7890_33f888a166,2026-01-26
U003128,card_3964_2c921bb176,2025-11-25
U003129,upi_k3qxj94hpd@paytm,2026-04-14
U003130,upi_2zokjj13hv@okaxis,2026-02-06
U003131,card_4897_0868b1cf80,2025-12-03
U003132,upi_ishavkuwtk@okhdfcbank,2026-07-07
U003133,upi_fwqa36sl78@okaxis,2026-05-05
U003134,card_2000_e64fb92911,2025-10-31
U003135,upi_umv0c3v8e6@ybl,2026-08-26
U003136,card_4229_aab4bf3f05,2026-02-21
U003137,card_1211_c2f93659cb,2026-06-10
U003138,upi_ql8mmy047r@okhdfcbank,2025-11-03
U003139,card_0921_d55e6bd9d5,2026-03-31
U003140,upi_kaeff7ml6b@okicici,2026-04-27
U003141,upi_8oh18jvsdh@okhdfcbank,2026-06-13
U003142,card_9653_c24476b61b,2025-11-25
U003143,card_8982_23b2db3c55,2025-12-25
U003144,upi_loc9w89ka5@oksbi,2026-05-18
U003145,upi_50fcmalplw@oksbi,2026-05-31
U003146,upi_1sfnfhoqad@okhdfcbank,2026-03-08
U003147,card_8159_2b2497c88e,2025-12-11
U003148,card_1628_6dbd46f11f,2026-07-29
U003149,card_0645_a2eb0913cf,2025-09-08
U003150,card_0497_7ad8259e20,2025-12-28
U003151,upi_tlh741i67k@ybl,2025-09-08
U003152,upi_7jo4qikmek@oksbi,2026-07-29
U003153,upi_n6kkl79725@okhdfcbank,2026-04-05
U003154,card_1979_ddcd63d9fe,2025-10-06
U003155,upi_lq790k3qjr@okaxis,2025-11-04
U003156,card_5442_ccfb4bd4e1,2026-07-05
U003157,card_7451_720a26692c,2026-07-12
U003158,upi_2f04v0dgb3@paytm,2026-05-29
U003159,card_7565_f5081c2d8c,2026-08-03
U003160,upi_1na6vj3jtx@okaxis,2025-11-07
U003161,card_2768_3ee86eaba5,2025-09-19
U003162,upi_4fvwjypdtq@okhdfcbank,2025-11-09
U003163,upi_fyzq7cymbm@okaxis,2025-09-12
U003164,card_3436_e53b9dd2ed,2026-04-09
U003165,upi_cb68jzat9f@okicici,2026-02-17
U003166,card_2395_f3a4cc91e6,2026-07-23
U003167,upi_zyeemjnfrj@okicici,2025-11-11
U003168,card_5218_b54199ff60,2026-04-30
U003169,card_7882_2c07bad4c0,2026-03-07
U003170,upi_m976oue4ah@okicici,2026-05-15
U003171,upi_79r16pddtj@okicici,2026-08-12
U003172,upi_ht97008nn3@ybl,2025-09-04
U003173,upi_vjlglxb5jk@okaxis,2026-01-23
U003174,upi_6rbg90i2ld@ybl,2026-05-31
U003175,upi_oqagwessoy@ybl,2026-01-29
U003176,upi_m03xqdbevn@okaxis,2026-05-13
U003177,upi_jmol1wm2sp@okaxis,2026-04-17
U003178,upi_he3uhui1bi@paytm,2026-08-05
U003179,card_3074_4cc30d96ba,2025-10-17
U003180,upi_6m20z67pb2@ybl,2026-07-31
U003181,upi_oqipwd2x9a@okicici,2026-04-07
U003182,upi_dbr2c4og6h@okhdfcbank,2025-11-17
U003183,upi_2uj2tdfiqn@okicici,2026-08-25
U003184,upi_tfxo0uxock@okicici,2026-05-04
U003185,upi_o7g9jbk5aa@okhdfcbank,2025-09-23
U003186,upi_stmdq7g8ey@paytm,2025-09-09
U003187,upi_0vme82a1yi@okicici,2025-12-04
U003188,card_8998_35a81367bf,2026-07-23
U003189,upi_xt4oscr9a0@okhdfcbank,2026-06-25
U003190,upi_nbm3a41738@okicici,2026-04-09
U003191,upi_86x5ngfz0f@okhdfcbank,2026-05-19
U003192,upi_3lq1bgur9q@oksbi,2026-04-01
U003193,upi_vfrtii2lqu@okicici,2025-10-14
U003194,upi_y1s2c5ds9n@okaxis,2025-10-07
U003195,card_6920_6ed2604c9d,2025-12-28
U003196,upi_gujszt1r8h@okhdfcbank,2026-03-04
U003197,upi_h4sln974y0@oksbi,2026-05-30
U003198,upi_7gpmh2tsn8@okicici,2025-09-19
U003199,card_4380_b5f96f9b61,2026-05-02
U003200,card_1035_aad226c398,2026-02-23
U003201,card_5086_0438a4688e,2026-04-04
U003202,card_8127_758ec5de36,2026-02-18
U003203,upi_8wk9cl01mp@paytm,2026-05-27
U003204,upi_0l6bpyivx1@ybl,2026-06-03
U003205,upi_9o6wf48pui@oksbi,2026-04-18
U003206,upi_7y935ok6yw@okicici,2026-03-09
U003207,upi_9qbtqijy9j@paytm,2026-05-14
U003208,upi_3m0lxcauwu@okaxis,2026-05-20
U003209,card_7507_dc93969958,2026-08-25
U003210,upi_97bgpf68bu@okicici,2026-08-11
U003211,upi_x4mc11vyvw@ybl,2026-01-15
U003212,card_2528_4cdec0a480,2026-01-04
U003213,upi_frn84mj4yo@ybl,2026-07-30
U003214,card_6774_85ba734e9c,2026-08-24
U003215,card_4215_f7016bccf9,2025-11-12
U003216,upi_juted221c2@ybl,2026-04-27
U003217,card_6131_3baff7a1b3,2026-07-04
U003218,upi_1xc53e39xm@paytm,2025-09-13
U003219,upi_rcuk6hkbxb@ybl,2026-06-24
U003220,upi_qj7m31ltob@oksbi,2026-03-17
U003221,upi_tz53rcfj9j@okicici,2025-11-15
U003222,card_5863_25247effda,2026-02-13
U003223,upi_zt8ri4fw3m@oksbi,2025-09-23
U003224,upi_vgkq5m4w4d@okaxis,2026-08-02
U003225,upi_dc2hzgozoj@ybl,2025-11-22
U003226,card_1953_cb4c9b5b3f,2025-11-08
U003227,upi_d4oy3neie1@paytm,2026-06-26
U003228,card_2164_a3bcddb250,2026-06-23
U003229,upi_0t4dhfcf0a@oksbi,2026-07-22
U003230,card_4026_17ad3bf2e2,2026-06-26
U003231,card_5538_9262d10d92,2026-01-13
U003232,upi_wr9mvrgkat@okaxis,2026-04-19
U003233,upi_y11stxr0bo@oksbi,2026-02-02
U003234,upi_ghaggwasu8@oksbi,2025-11-20
U003235,upi_jmzizrnbu8@okaxis,2026-02-25
U003236,card_1022_bfe25a0f97,2025-11-07
U003237,upi_yxx5pd4uli@okhdfcbank,2026-04-09
U003238,upi_mjls78kctl@okhdfcbank,2025-12-23
U003239,upi_vyuwwgdcgz@ybl,2026-08-25
U003240,card_5198_10679c5a46,2026-07-21
U003241,upi_zipm5hysd2@okaxis,2025-09-24
U003242,upi_z91cwy9gtu@ybl,2025-12-15
U003243,card_9896_c055a28e33,2025-11-24
U003244,upi_q6qdqc64f1@okaxis,2026-06-09
U003245,upi_34fd8jwwnn@ybl,2026-07-08
U003246,upi_4bn0wkl036@okaxis,2025-11-08
U003247,upi_b8o51dbdod@okicici,2025-10-04
U003248,upi_n32ttvwppc@okhdfcbank,2026-02-07
U003249,upi_3atx0baio5@okhdfcbank,2026-08-14
U003250,upi_nzn997gjn1@okhdfcbank,2026-01-06
U003251,upi_cmeydy0jya@oksbi,2025-10-19
U003252,upi_8fzpccjy0k@oksbi,2026-06-05
U003253,upi_bh4wit79j2@okaxis,2026-03-30
U003254,upi_aupi03l4o2@ybl,2026-06-20
U003255,upi_m5tq5qnhps@paytm,2026-02-07
U003256,upi_247kw15gge@oksbi,2026-03-09
U003257,upi_03losolnmn@paytm,2025-10-09
U003258,upi_oaszixdql1@oksbi,2026-03-10
U003259,upi_qbzlekp3ou@oksbi,2025-11-15
U003260,card_5852_fa61e56f29,2025-11-07
U003261,upi_6clc2tlz8a@paytm,2026-03-03
U003262,card_4498_b7e60783ad,2025-11-12
U003263,upi_n269witk02@oksbi,2026-08-19
U003264,upi_yltlbgnkvc@okhdfcbank,2026-05-18
U003265,card_6655_5e1a1549b2,2025-10-01
U003266,card_2929_aaafb48c15,2026-03-04
U003267,upi_6oc7vqxrbb@oksbi,2025-12-14
U003268,card_1087_cdda3f845a,2025-12-01
U003269,card_4167_1cb21a4a83,2026-07-07
U003270,upi_mopbgi9jc0@ybl,2025-09-01
U003271,card_1985_67daeafd6b,2026-05-04
U003272,card_3126_c2681422e2,2025-10-24
U003273,upi_kgwug8pvxg@okicici,2025-10-01
U003274,card_2574_2dbda7aa1e,2025-12-07
U003275,card_6482_eefa644c52,2025-10-14
U003276,upi_ve2298ys17@okhdfcbank,2026-06-12
U003277,card_6046_784431c549,2026-03-18
U003278,upi_1umabkh5zz@ybl,2026-04-28
U003279,upi_vlb28sm8dr@oksbi,2026-01-25
U003280,upi_eyldwh9hd2@paytm,2025-10-05
U003281,card_7037_47cf99ffcd,2026-03-28
U003282,card_3988_4a34987831,2026-02-01
U003283,card_9251_b919c9708c,2026-03-19
U003284,upi_kw348d9vrv@oksbi,2026-02-11
U003285,upi_w03hjnah2g@paytm,2026-03-11
U003286,upi_0by81evgy0@oksbi,2026-02-21
U003287,card_9887_b1d062cd83,2026-07-08
U003288,upi_09tqak7x1m@okaxis,2025-11-18
U003289,upi_8be11umzba@ybl,2025-10-11
U003290,upi_w6pujn9xhu@paytm,2026-08-19
U003291,upi_czeyd4uulj@okaxis,2026-08-10
U003292,card_8766_d692b1013a,2025-09-28
U003293,card_9442_02f5b0d293,2026-01-11
U003294,upi_c6j4et2qhn@oksbi,2026-04-28
U003295,upi_tfiwq03r26@paytm,2026-06-19
U003296,card_5658_d69188fe94,2026-01-24
U003297,card_5293_db09198d68,2026-05-27
U003298,card_8928_f1894e4af3,2026-03-28
U003299,card_4535_2f8b89444d,2026-01-21
U003300,upi_thvpsvahbj@paytm,2025-09-07
U003301,card_1775_80b3401995,2025-11-23
U003302,card_0391_dbc3a4267a,2025-12-19
U003303,upi_i9imw71tbw@okaxis,2026-06-05
U003304,card_6064_fe584f4f33,2026-07-28
U003305,upi_wqc5f0qx24@okaxis,2026-06-12
U003306,card_0324_863d2bf148,2026-06-04
U003307,upi_mh29wpjo1x@oksbi,2026-01-31
U003308,upi_7zbk55ab4k@okhdfcbank,2025-11-14
U003309,upi_7mrdt3wuda@okaxis,2026-03-01
U003310,upi_b2to2kbtcz@okhdfcbank,2026-07-05
U003311,card_9491_b3105fbddc,2026-01-19
U003312,upi_ksv6ned256@okaxis,2026-07-25
U003313,upi_o8jduffxtn@okicici,2025-11-23
U003314,card_9026_dc4c55c7f9,2025-10-26
U003315,upi_w6aigcqr4s@ybl,2026-01-10
U003316,upi_jv54pql55w@okaxis,2026-02-09
U003317,upi_j1dxlejslz@ybl,2025-11-15
U003318,upi_itn9q6c4wm@paytm,2025-09-04
U003319,card_7522_66ff61d774,2025-11-15
U003320,card_4614_c966a89244,2026-06-01
U003321,upi_96nosmzmhh@oksbi,2025-12-16
U003322,upi_wkehczkrlk@paytm,2026-05-02
U003323,upi_zklfmw7cg4@paytm,2025-10-18
U003324,upi_83fbtg81qw@okaxis,2026-07-11
U003325,upi_7zd1pmjnqm@oksbi,2025-10-03
U003326,upi_c4ph2zg7ej@paytm,2026-01-31
U003327,upi_o35vm6ac82@oksbi,2026-02-27
U003328,card_1267_77574d64b7,2025-11-13
U003329,card_2098_239dcff199,2025-09-25
U003330,upi_3kn6fi05kf@okaxis,2025-11-04
U003331,upi_92xfyg1ib5@okicici,2026-05-24
U003332,card_7670_8eda81f922,2026-07-21
U003333,upi_ckt1dm5e7o@okicici,2025-10-08
U003334,upi_mjmdoiecfe@okhdfcbank,2025-11-05
U003335,upi_3oa6c2kc0d@ybl,2026-04-17
U003336,card_4262_9dd5e80003,2026-03-27
U003337,upi_2hq81ivyzd@okaxis,2026-03-01
U003338,upi_2z522j8fd1@ybl,2025-12-13
U003339,upi_60p180dhc0@okaxis,2026-04-12
U003340,upi_vx7ov239qv@okhdfcbank,2025-09-15
U003341,card_0251_e159a0a3d5,2025-10-19
U003342,card_0246_e2f95d23fb,2026-03-13
U003343,upi_1p0knlcn3x@paytm,2026-08-14
U003344,upi_y36df272x6@okaxis,2026-06-12
U003345,upi_ud4xm9059q@paytm,2025-11-05
U003346,upi_sl8idekzz7@ybl,2026-04-16
U003347,upi_spbrlb626z@okicici,2026-02-14
U003348,upi_v760lyb6jr@ybl,2025-10-15
U003349,upi_k5jr5r39zu@okaxis,2026-03-11
U003350,upi_nx09df4vok@okaxis,2025-09-23
U003351,card_8860_42fdafddcb,2025-12-22
U003352,upi_02g334ekpq@paytm,2025-12-24
U003353,card_4271_c766cd017e,2025-09-27
U003354,card_2347_511d578ee3,2025-10-07
U003355,upi_xxjd4v8rql@okhdfcbank,2025-10-08
U003356,upi_ruhqcvnj36@paytm,2026-01-22
U003357,upi_wcahc4xo6l@okaxis,2026-04-26
U003358,card_3969_97b6e88803,2026-08-13
U003359,upi_fd1ti1u1mz@ybl,2026-05-23
U003360,card_0671_2c9a613542,2026-05-10
U003361,upi_vztzsnaxvs@okaxis,2026-05-03
U003362,upi_xymxddsztu@okhdfcbank,2026-02-03
U003363,upi_yh0hs1i6um@okhdfcbank,2026-07-07
U003364,card_3877_de5f7aa7e8,2026-06-29
U003365,upi_ivofvyc6is@ybl,2026-07-12
U003366,upi_j7x2ah4thj@oksbi,2026-03-02
U003367,card_2517_dc4d82a66f,2026-08-02
U003368,card_6772_a35090999a,2026-07-03
U003369,card_7164_510e8e21ee,2026-02-07
U003370,upi_448ltii3gq@okaxis,2025-09-28
U003371,upi_b1djamdxah@okaxis,2025-10-11
U003372,upi_e0gjud9ssk@okhdfcbank,2026-04-07
U003373,card_6476_aee444381f,2025-12-02
U003374,card_9226_9ade603526,2026-01-04
U003375,card_5188_7a5b5e0865,2025-12-08
U003376,card_0212_9e4becb06c,2026-02-04
U003377,card_0896_92a07babed,2026-03-21
U003378,card_6871_6d92545d7a,2026-05-15
U003379,card_3032_bfce612706,2026-08-19
U003380,upi_hdy5m6utu4@paytm,2026-03-14
U003381,card_8693_5db932dc2a,2026-07-18
U003382,upi_wo9gayqyrw@okhdfcbank,2026-07-31
U003383,card_2941_817d62987e,2025-12-14
U003384,upi_gigr3qeguc@oksbi,2026-01-27
U003385,upi_z84jat0i9v@okhdfcbank,2025-11-15
U003386,card_2192_15827669d4,2025-09-04
U003387,upi_rca2npispi@okaxis,2025-11-11
U003388,upi_28n2qopz8o@oksbi,2026-03-20
U003389,card_9197_29391463b3,2026-06-04
U003390,card_6578_4d3a219800,2025-10-25
U003391,upi_urp8jqss2l@ybl,2025-11-14
U003392,upi_29i28ss1my@okhdfcbank,2025-10-13
U003393,upi_3fwba6b9tl@oksbi,2026-01-16
U003394,card_1611_fa36c08ae7,2025-11-08
U003395,upi_dvoku6cmpe@okhdfcbank,2026-01-25
U003396,upi_b4ll9dwb3u@oksbi,2026-01-29
U003397,upi_ph7hgys4l6@okaxis,2026-01-11
U003398,card_5273_b59b0950bf,2026-05-28
U003399,upi_87aeaf7lmf@paytm,2026-02-25
U003400,upi_u0e11wrz50@paytm,2026-08-06
U003401,card_7027_c6d7b81741,2026-02-03
U003402,upi_prxfn3mo76@ybl,2026-07-18
U003403,upi_fjskfn8awn@okhdfcbank,2026-01-04
U003404,upi_tbf0rumwy3@paytm,2026-01-23
U003405,card_8047_6df6d833df,2025-12-30
U003406,upi_w0lmrsw9iv@okicici,2026-02-18
U003407,upi_hpx9bq4yvb@okaxis,2025-09-30
U003408,upi_r9kn3vgfyi@ybl,2025-09-08
U003409,upi_essa120nlr@okaxis,2026-01-18
U003410,upi_zhisvi8qpq@paytm,2025-10-16
U003411,upi_rtjndojxet@okicici,2026-06-21
U003412,upi_nh5b78klxz@okicici,2025-11-02
U003413,upi_z5cpgbarxs@oksbi,2026-06-05
U003414,upi_lv3lwe79px@okaxis,2026-03-03
U003415,upi_ggvcr0pmgc@ybl,2026-02-23
U003416,upi_49b9fs8x6r@ybl,2026-02-02
U003417,upi_audsgq78ow@okaxis,2025-09-21
U003418,upi_zrhp6n5wif@paytm,2025-10-23
U003419,card_0646_d20fe972e0,2026-07-04
U003420,card_7053_c4e99351a4,2026-04-30
U003421,upi_fbjr3yk4ev@okicici,2026-02-20
U003422,upi_qccunedcgi@ybl,2026-06-22
U003423,upi_3osiih15mb@paytm,2025-11-09
U003424,upi_gbteu4vnk2@ybl,2026-04-28
U003425,card_7480_ef44633a93,2025-12-20
U003426,card_1373_3729f94e69,2026-07-26
U003427,upi_z6dahghdar@ybl,2026-04-25
U003428,card_7975_da76864ec2,2026-07-23
U003429,upi_4rqh8qa0li@paytm,2026-06-01
U003430,card_2588_60426fc98f,2025-11-05
U003431,card_2967_2d2fc74a1f,2025-09-17
U003432,upi_gyzii8su6p@okhdfcbank,2026-03-31
U003433,upi_h0sk9m3p20@okaxis,2026-04-18
U003434,upi_4tzoh28p0l@ybl,2026-04-27
U003435,upi_lxo3tu4w2x@ybl,2026-01-30
U003436,upi_qtwp95918e@ybl,2025-09-03
U003437,card_7639_70934aa1b6,2025-10-22
U003438,card_1862_c8794d0a02,2026-01-29
U003439,upi_mj4jmxaraq@okicici,2026-04-16
U003440,card_9630_070748aec1,2026-03-02
U003441,upi_3wj6xuqz91@ybl,2026-08-07
U003442,upi_x87rzlxk1u@paytm,2025-12-04
U003443,upi_lisb8ysync@okicici,2025-11-26
U003444,card_8560_6cf0fda076,2026-02-15
U003445,upi_chmjqbxohp@ybl,2026-02-21
U003446,card_4913_23846f5bb5,2026-01-26
U003447,upi_20cvq2lodo@okaxis,2025-11-30
U003448,upi_3h9r7sljej@okaxis,2026-07-18
U003449,card_6549_9337d2b2be,2026-06-01
U003450,upi_5xt5iqtnw3@okhdfcbank,2026-07-10
U003451,card_0316_529db64cfe,2026-07-12
U003452,upi_38s41799np@oksbi,2025-12-03
U003453,upi_1nmg335805@paytm,2026-01-02
U003454,upi_g5jvkixfv5@okaxis,2025-11-18
U003455,card_2622_49ffbd4735,2026-01-21
U003456,card_4006_3c51121a47,2026-05-24
U003457,upi_zk1i4wvtps@okhdfcbank,2025-12-21
U003458,upi_uvpvatdknd@okhdfcbank,2025-09-13
U003459,upi_t7ynet34n3@oksbi,2026-04-29
U003460,card_8297_44f41fd75e,2026-04-29
U003461,card_8041_8d443c0a14,2026-04-19
U003462,card_3196_8b56989084,2025-09-03
U003463,card_7201_746e5421d2,2025-11-15
U003464,card_2130_3bc1180533,2025-09-09
U003465,upi_k7zmasg9i6@oksbi,2026-01-23
U003466,upi_3iesfdsjh6@okhdfcbank,2025-09-25
U003467,upi_8u4wex2u27@okicici,2026-06-03
U003468,upi_0hy488rect@oksbi,2026-01-12
U003469,upi_gsz7ee39q2@oksbi,2026-08-16
U003470,upi_ialghrbzhq@okaxis,2026-02-27
U003471,upi_ifz4zd1q1x@okaxis,2026-02-02
U003472,card_4066_ef7d97ec00,2025-09-04
U003473,card_7267_4b839afc9d,2025-12-03
U003474,upi_ugcyqke6is@okaxis,2026-05-21
U003475,upi_wmq07s2zto@oksbi,2026-01-08
U003476,upi_am0xkfsism@okaxis,2026-03-27
U003477,card_6289_19166c20de,2026-07-06
U003478,card_8966_2600734780,2025-12-28
U003479,upi_5r8bw3guog@okicici,2026-05-01
U003480,card_0334_c4ceaeed8f,2026-05-27
U003481,card_1214_371e731183,2026-04-08
U003482,card_9167_47fd38be36,2026-06-27
U003483,card_8593_096ba43628,2026-03-17
U003484,upi_ukc660fjst@paytm,2025-09-10
U003485,upi_5ul6mkcosd@okaxis,2026-08-12
U003486,upi_fzdvgm9rv5@ybl,2025-12-05
U003487,upi_oxd7v8kugf@okaxis,2025-10-23
U003488,card_7433_9c12f25c24,2025-10-21
U003489,upi_6n2ggkpv5k@ybl,2025-10-20
U003490,upi_cpw1809vay@oksbi,2026-08-18
U003491,card_7569_638cd60513,2025-11-05
U003492,card_7157_70be02d339,2025-10-29
U003493,upi_32i7bkyjiw@okicici,2025-12-14
U003494,upi_kk3f43kmhz@paytm,2026-02-02
U003495,upi_i33uai5vo5@oksbi,2026-05-27
U003496,upi_ssrcy1pdqc@paytm,2026-04-12
U003497,card_4705_a0dd9981e0,2026-08-25
U003498,upi_slyiqkxuzv@paytm,2025-10-14
U003499,card_8116_f115db67df,2026-04-16
U003500,upi_cwug0cwiz5@okicici,2026-08-17
U003501,card_8894_a3b7f3ad9f,2025-10-08
U003502,card_0049_2a6522f04b,2026-06-19
U003503,upi_z3zaa5b3d1@paytm,2026-04-14
U003504,upi_84j5ruz38r@ybl,2026-03-14
U003505,upi_rd2hew5fkr@okicici,2026-03-24
U003506,card_5610_78e505e09d,2025-12-20
U003507,card_7829_983d805b34,2026-04-21
U003508,card_0855_13a4cd6959,2025-10-14
U003509,upi_6m6mv0vdy3@okicici,2026-04-10
U003510,card_3715_8080dd16ea,2026-07-22
U003511,card_4146_658c89f4bf,2026-01-10
U003512,card_9511_541f5a2a6f,2026-05-16
U003513,upi_gbeo19xdbz@okhdfcbank,2025-11-30
U003514,upi_0859c4780m@paytm,2026-01-19
U003515,card_0212_6bb322e26c,2025-11-03
U003516,upi_oybgtwxsab@paytm,2025-12-26
U003517,card_7975_11219c4190,2025-11-25
U003518,upi_mnr4fe623c@ybl,2026-01-24
U003519,card_9568_916bb499e5,2025-11-02
U003520,card_1051_d3a7b330d2,2025-11-11
U003521,card_4261_693b76eca8,2026-03-26
U003522,upi_lgdnkzqvb1@okicici,2025-09-25
U003523,upi_i4fhysbd84@ybl,2026-06-13
U003524,card_7046_4dfcdf0fec,2025-11-19
U003525,card_9641_8a5d0ca281,2025-09-03
U003526,card_0819_3a06183676,2026-01-04
U003527,card_6220_d035142b76,2026-08-18
U003528,card_3336_6da220d0b0,2025-09-03
U003529,upi_y9uxil5gji@oksbi,2025-09-21
U003530,upi_s4b2w0f6ye@okhdfcbank,2026-06-28
U003531,card_7228_47427b00b5,2025-10-19
U003532,upi_3zsukc8ro2@ybl,2026-07-01
U003533,upi_oe3fb498tc@ybl,2026-02-26
U003534,card_3349_795cec5bed,2026-04-10
U003535,upi_su0qi2pevf@paytm,2025-11-16
U003536,card_0371_40122ee89e,2025-10-27
U003537,upi_g9dxrhstpz@ybl,2026-03-01
U003538,upi_4vtka4y45i@paytm,2025-09-29
U003539,upi_9pt1v9fsl2@okicici,2026-05-11
U003540,upi_icqvl5elzq@ybl,2025-11-17
U003541,upi_6uo9mt5ho7@okhdfcbank,2025-09-20
U003542,card_2027_e099b563eb,2026-07-16
U003543,card_4330_6b9674f759,2026-05-30
U003544,upi_nw9ncnqdcn@okhdfcbank,2026-07-13
U003545,upi_21a65k1h0c@oksbi,2025-12-03
U003546,card_8363_0102ae180e,2025-12-24
U003547,upi_zwgfl8ad76@ybl,2026-07-03
U003548,upi_dip8cdkcsr@okicici,2026-07-19
U003549,upi_xaflbubdel@ybl,2025-11-01
U003550,upi_ntkgknvq9w@okicici,2026-01-20
U003551,upi_zfl3ntlc24@oksbi,2026-03-19
U003552,upi_uxwanc17iq@paytm,2025-09-22
U003553,upi_c52eu5fof6@okicici,2026-07-04
U003554,card_9277_433442cee6,2026-01-04
U003555,card_1344_20236c9813,2026-05-22
U003556,upi_ch7w8gmvvq@okhdfcbank,2026-06-22
U003557,upi_gv7xwqx9pv@okhdfcbank,2026-05-26
U003558,upi_ec5od2046g@oksbi,2025-10-24
U003559,upi_mf52d0hfca@okhdfcbank,2026-07-22
U003560,upi_03o15rcuy1@okhdfcbank,2026-07-21
U003561,upi_3u2rche8en@oksbi,2026-01-03
U003562,upi_x47reizipn@okicici,2026-04-11
U003563,upi_d4o4snyrd4@okicici,2026-08-08
U003564,upi_9h060lwlc2@okicici,2026-07-27
U003565,upi_4cdreopet9@okaxis,2025-12-22
U003566,upi_y8sh3py6yj@okhdfcbank,2025-12-03
U003567,card_7163_285ddd33a9,2026-06-11
U003568,upi_crrfswdzey@okicici,2025-10-12
U003569,card_6514_4bc447e268,2025-10-26
U003570,card_7789_c121754766,2025-10-11
U003571,card_6355_40f079f240,2026-08-03
U003572,upi_x8o92wfqlm@okhdfcbank,2026-01-18
U003573,card_1663_338c4f18e1,2026-02-05
U003574,card_7656_3c205b8359,2025-10-02
U003575,card_4194_88ab800ef1,2026-06-07
U003576,card_7975_75f72a4c2d,2025-09-08
U003577,upi_l4lqjlax56@ybl,2026-06-14
U003578,card_3519_3a910ddae0,2026-02-26
U003579,upi_y3ck6faw2j@paytm,2026-03-01
U003580,card_2049_0485eaf3fd,2025-12-30
U003581,upi_5nh5ul10c1@okicici,2025-10-15
U003582,card_2866_0a16153135,2026-01-19
U003583,card_2607_4e05f2ea39,2025-11-30
U003584,card_9906_c4654c9531,2026-01-04
U003585,upi_apseupyizt@okicici,2025-12-20
U003586,card_6483_cea0d45788,2026-08-02
U003587,upi_fb02g5510h@okhdfcbank,2025-10-05
U003588,upi_znm1dnnlav@okhdfcbank,2026-03-14
U003589,upi_vs7yieyn0k@okicici,2026-02-21
U003590,upi_iuphl4tmoo@okicici,2026-03-09
U003591,upi_ou4q4wq43x@paytm,2025-11-29
U003592,card_0601_b6819c9f63,2026-03-19
U003593,upi_euke31g2vp@okicici,2026-02-04
U003594,upi_nk5peu5fyq@okaxis,2026-02-27
U003595,card_6239_ee2ee4e17d,2026-01-13
U003596,upi_55l6ibdivk@okaxis,2026-03-27
U003597,upi_lrkrh0735d@okaxis,2026-05-07
U003598,upi_3o5u56t28r@okhdfcbank,2026-01-26
U003599,card_3715_ae119692a8,2026-01-20
U003600,upi_3usgbe7kop@ybl,2025-11-02
U003601,upi_rsrqm8pz2q@okicici,2025-10-03
U003602,upi_ra6j7wzv9q@okaxis,2025-10-07
U003603,upi_cwarnre6j0@okaxis,2026-04-12
U003604,card_6120_0881c6a23c,2025-11-02
U003605,card_3836_066c9e4dd2,2025-12-17
U003606,upi_xkua7fi1h4@paytm,2026-04-21
U003607,upi_x7r7eftsql@paytm,2026-03-20
U003608,upi_j0b3oumplx@okicici,2025-12-17
U003609,card_0819_22ab34625c,2026-03-28
U003610,card_3813_7d96905e7c,2026-08-05
U003611,upi_kxzu2k4cfg@okicici,2026-05-21
U003612,upi_woqgq5rzru@paytm,2026-05-29
U003613,card_9223_64f18604be,2025-12-24
U003614,upi_rkmfb3bhnf@okaxis,2025-11-16
U003615,upi_36n99vey9z@okhdfcbank,2025-10-06
U003616,upi_g7m1kmun8f@okaxis,2025-10-23
U003617,upi_qpvjc3qa29@okaxis,2026-05-13
U003618,card_1262_94c9b774f4,2026-03-13
U003619,card_3295_877ecf0730,2026-03-04
U003620,upi_tggxf2z1u2@okaxis,2025-10-18
U003621,upi_ce8y42j0c0@paytm,2026-01-04
U003622,card_0083_7ff9770efc,2025-12-10
U003623,card_3402_7996091d40,2025-09-15
U003624,card_5366_5c99726b38,2026-04-08
U003625,upi_zf32mowd1b@ybl,2026-01-17
U003626,upi_t3m3o2idyv@okicici,2026-02-01
U003627,upi_3mv1gltt9m@okicici,2025-12-30
U003628,card_8510_9ae7e0e41f,2025-10-19
U003629,upi_9i9i61cr19@okicici,2026-06-04
U003630,upi_tw1pn0t4zw@paytm,2026-02-17
U003631,upi_vy9tma0oau@okicici,2026-01-19
U003632,upi_nas1kwzutm@oksbi,2026-04-01
U003633,card_0995_681bc5ccfc,2025-11-19
U003634,upi_3t945psl1o@oksbi,2025-09-09
U003635,card_9286_a188505380,2026-06-06
U003636,card_3277_5a013bf0a2,2026-03-16
U003637,upi_fa8i52viw0@ybl,2026-06-04
U003638,upi_uui4ougmqq@okicici,2025-12-22
U003639,upi_srj7m9nmg5@okicici,2025-09-25
U003640,upi_imhlm5ch5y@ybl,2026-06-29
U003641,upi_qwoidxai0i@paytm,2026-03-13
U003642,upi_vgszgeur8f@paytm,2026-05-28
U003643,card_1162_e025d31c5a,2026-04-05
U003644,upi_9ay2ucoy92@okhdfcbank,2026-06-21
U003645,upi_7sbjyieih1@oksbi,2026-06-22
U003646,upi_fcjt0x4trl@oksbi,2026-06-16
U003647,upi_3y4fqesi0o@okhdfcbank,2025-12-20
U003648,upi_37ch4tbq3d@oksbi,2025-11-01
U003649,upi_lzvbewtjbo@ybl,2026-06-16
U003650,card_0328_cab53d3821,2025-09-27
U003651,upi_1suqd35go3@okaxis,2026-05-24
U003652,upi_f72p5xt9x7@okaxis,2026-07-08
U003653,card_0991_35e46705d2,2026-03-20
U003654,card_5035_575027c2e9,2026-03-18
U003655,upi_ky93vp2kbb@okicici,2025-12-05
U003656,upi_8fhoc958n2@okaxis,2026-04-29
U003657,upi_e0zbzdonoj@ybl,2026-07-05
U003658,upi_0efug3sy3k@oksbi,2025-12-04
U003659,card_9746_39b682ea64,2026-06-16
U003660,upi_12o1665kk5@okicici,2025-10-25
U003661,upi_gqfpvvoxhd@paytm,2026-08-18
U003662,upi_2rhcywoilh@paytm,2026-07-02
U003663,upi_h0z5gm1vul@okhdfcbank,2026-01-27
U003664,card_7595_42c9ac2750,2026-02-03
U003665,upi_0pselh600g@paytm,2026-04-12
U003666,card_2234_a7d416e2fe,2026-08-02
U003667,card_1490_686a8c53b6,2026-02-23
U003668,upi_7uziat7k6g@okhdfcbank,2025-12-29
U003669,upi_qgm9yk72wc@okaxis,2026-08-09
U003670,upi_19f34u11jx@okicici,2026-05-25
U003671,upi_u0wqudlhmb@okhdfcbank,2026-03-22
U003672,upi_6uibc4gqkl@okaxis,2026-06-28
U003673,upi_thkqrh55n0@okhdfcbank,2026-07-23
U003674,card_5368_15d104a5bf,2025-12-27
U003675,upi_yk7337ljkb@oksbi,2026-05-09
U003676,card_3866_f79faf75e4,2026-08-26
U003677,upi_gdgvsv3xfz@oksbi,2025-12-12
U003678,upi_yhgv97d4jo@paytm,2025-11-19
U003679,upi_5xybrkvui4@ybl,2026-06-17
U003680,card_1117_4148ae6734,2026-02-28
U003681,card_4169_07b68695f0,2026-06-03
U003682,card_3665_ec424403de,2025-11-20
U003683,card_4053_214adf93a4,2025-09-19
U003684,upi_s34lg6rxjc@okicici,2026-07-15
U003685,upi_12npvswh70@paytm,2026-04-02
U003686,upi_2vehmihgvl@paytm,2026-06-07
U003687,upi_gof2v8c0h1@okhdfcbank,2026-05-14
U003688,card_2114_8c64151d2d,2026-03-04
U003689,upi_13wrdn05x3@ybl,2025-12-13
U003690,card_7998_0e963b36ba,2026-01-01
U003691,upi_qjx0fkyvxy@okhdfcbank,2025-10-07
U003692,upi_a4paknsjv4@okicici,2025-12-05
U003693,upi_peycp22ur4@okhdfcbank,2026-06-28
U003694,card_5206_a47b9bb369,2025-09-26
U003695,card_4580_0636bb22ed,2026-02-04
U003696,upi_o3lnxqe0d2@okaxis,2026-04-19
U003697,card_6623_78f728f76d,2025-10-25
U003698,card_5050_89e20d8459,2026-06-11
U003699,upi_v4dab2w7ia@okaxis,2025-10-30
U003700,upi_7f4ffa1oiu@paytm,2026-01-07
U003701,card_2833_a8248f9da3,2026-06-01
U003702,card_9377_16f0d923b8,2025-12-14
U003703,upi_lf2p0qd9gk@okicici,2025-09-05
U003704,upi_48dvlyroau@okaxis,2025-10-12
U003705,card_0546_92d34e726c,2025-10-14
U003706,card_6953_920eca21b3,2026-03-26
U003707,upi_ezpa5cvoj3@paytm,2026-07-23
U003708,upi_wpeatj9he8@okaxis,2026-02-07
U003709,upi_tb54p23c9p@paytm,2026-08-20
U003710,upi_1k1hkv9qpp@ybl,2026-02-04
U003711,card_2760_215dbf3f36,2025-10-04
U003712,upi_v6jsluk4l8@paytm,2025-09-16
U003713,card_8184_15ad009d8d,2026-06-09
U003714,upi_e41an90sjn@paytm,2025-12-01
U003715,upi_336iik21ws@oksbi,2026-04-12
U003716,card_9405_8d22d68f3a,2026-01-31
U003717,upi_uw07ec9gi2@okicici,2026-02-12
U003718,upi_4bibfjp2kf@paytm,2025-09-08
U003719,card_1378_6e65f15b9d,2026-04-12
U003720,card_2008_15973ceee3,2025-11-26
U003721,upi_p1p2ze9j5y@okaxis,2026-05-13
U003722,card_7914_f98ee3e81b,2026-08-14
U003723,upi_nbjpw2tzqs@paytm,2026-08-02
U003724,upi_y015951mf2@ybl,2026-04-21
U003725,upi_vvd5x78jl8@okicici,2026-03-31
U003726,upi_oqr138qtgy@okaxis,2026-01-20
U003727,card_6738_f58ed50932,2026-01-22
U003728,card_4826_aa8a361580,2026-03-03
U003729,upi_fde9jlfad9@ybl,2026-07-26
U003730,card_4143_76c48e5f6c,2026-03-27
U003731,card_0234_a5958d577e,2025-10-31
U003732,upi_gsak8taoy3@okicici,2026-06-13
U003733,card_0889_606aa25ad3,2026-03-31
U003734,card_6825_c06f9dae9c,2026-05-12
U003735,card_8231_039de5b4ae,2025-10-27
U003736,upi_ynefqhynj5@oksbi,2026-01-19
U003737,upi_oe8t0pp7nd@okicici,2026-03-24
U003738,upi_bp0kmergpm@paytm,2026-03-17
U003739,card_0209_051ba3f052,2026-03-19
U003740,upi_yu07em0v0b@okaxis,2025-10-09
U003741,upi_tdkco4gt5t@paytm,2026-07-08
U003742,card_6371_3a1761f88d,2026-01-17
U003743,card_5187_27460c2953,2026-01-31
U003744,upi_u0r8rucx5x@okicici,2026-06-24
U003745,upi_h7dtnqru7w@paytm,2026-08-10
U003746,upi_lxjbkpa566@okicici,2025-12-13
U003747,upi_xapywucqas@okhdfcbank,2025-09-20
U003748,card_7060_6b5b4c39d6,2026-07-30
U003749,upi_2apw3s46fl@ybl,2026-07-15
U003750,card_8095_869b6f2a4a,2026-05-21
U003751,upi_ivtuoxc3ly@ybl,2026-03-15
U003752,upi_doxf94aptl@okicici,2026-02-28
U003753,upi_i62qvz0bv2@okicici,2026-02-18
U003754,upi_22fsx3njzh@ybl,2026-02-28
U003755,card_6220_1b3ece3daa,2025-10-15
U003756,upi_sc2e8cx2zl@okhdfcbank,2026-03-30
U003757,upi_90y011yhod@oksbi,2026-02-13
U003758,card_3220_ebc946dbeb,2026-05-30
U003759,card_2669_bab174cd4a,2026-04-26
U003760,upi_ik8tiuhr97@oksbi,2025-10-04
U003761,card_6990_a9faa95299,2025-09-12
U003762,card_2239_8cb5f4a322,2025-11-01
U003763,upi_ctepoj3784@okicici,2026-03-20
U003764,upi_ipriyyaylq@oksbi,2025-12-25
U003765,upi_6f3f5m0qbn@paytm,2025-10-27
U003766,upi_4lp10xemtw@okicici,2025-12-14
U003767,upi_0v1q5px87e@paytm,2026-02-21
U003768,card_2646_d3c34405dc,2026-07-14
U003769,upi_kmy5tujun9@oksbi,2026-01-09
U003770,card_3670_b9fe812828,2026-02-02
U003771,upi_yjioaqbz5x@paytm,2026-01-17
U003772,upi_z2frkt41de@ybl,2026-07-16
U003773,card_3596_6e6146a60c,2026-03-26
U003774,card_1645_e9c170d4c1,2026-03-12
U003775,card_8137_a439b53215,2026-03-01
U003776,upi_3w0szcp6l5@oksbi,2026-05-12
U003777,card_9953_9cd20c328a,2025-09-08
U003778,card_3334_c9efe7d1e9,2026-07-02
U003779,upi_in9kvih8mx@okaxis,2026-08-22
U003780,upi_02i1m8avd9@okhdfcbank,2026-02-25
U003781,card_1751_64a63805fc,2026-06-10
U003782,upi_egmt9yg4b8@oksbi,2025-11-07
U003783,upi_lvfqt0zrql@okicici,2025-11-24
U003784,upi_r0hv6uqm9z@oksbi,2026-03-27
U003785,card_9504_046db2fed4,2026-07-07
U003786,upi_t3ysxou1kc@oksbi,2026-03-18
U003787,upi_3ypav6x92k@okaxis,2026-04-11
U003788,upi_43p5dv5ht3@oksbi,2026-03-30
U003789,card_8782_c7ad0265d0,2026-07-18
U003790,card_3432_8c16fbc97f,2026-06-07
U003791,upi_k3adb7gsdn@paytm,2025-10-13
U003792,upi_t0je68ue06@okaxis,2026-06-12
U003793,card_2331_bea6184c22,2025-12-14
U003794,card_4479_1a20ab1901,2025-12-22
U003795,card_2640_e09ffa501e,2026-08-13
U003796,card_6077_8166b66dca,2026-01-25
U003797,card_2507_28f5bdaa4f,2026-03-11
U003798,upi_6tbxk6w61z@ybl,2026-05-28
U003799,upi_ruosnjpu74@paytm,2026-03-25
U003800,card_3962_3ed0eb3a35,2026-08-07
U003801,card_0212_66fc80a41c,2026-07-01
U003802,upi_r7ao7xsaz7@okaxis,2026-06-27
U003803,upi_dtreua7qmw@paytm,2025-09-18
U003804,card_4085_b91357ef16,2025-10-16
U003805,upi_kelhnu0r7j@okaxis,2026-04-18
U003806,card_0355_c3b93476ab,2025-10-30
U003807,card_7057_99a0e6d84a,2025-11-09
U003808,upi_7v42faks2v@oksbi,2025-12-19
U003809,card_1622_028660f2f3,2026-02-02
U003810,upi_bj0hrkauix@okicici,2026-04-24
U003811,card_0148_08ec34c113,2025-09-16
U003812,card_8021_946b844483,2026-01-10
U003813,card_2881_32bb9c7064,2026-06-10
U003814,upi_g4h1d60qjw@okaxis,2025-11-09
U003815,upi_7nzlkwkbcv@okicici,2026-02-02
U003816,upi_egw0ictx41@okhdfcbank,2026-04-23
U003817,card_5072_ce52ac9fb9,2026-08-10
U003818,card_1215_840e658147,2025-09-06
U003819,upi_gw4mwsx3hc@oksbi,2025-12-11
U003820,card_6650_be15288d0c,2025-10-03
U003821,card_9701_3cdabeb071,2025-09-29
U003822,upi_7x0qory6e0@ybl,2026-06-20
U003823,upi_0lj6p1ayzg@paytm,2026-06-18
U003824,card_7255_7b7ffaff22,2026-05-16
U003825,card_5500_f0cac5f54c,2026-04-04
U003826,upi_fi39g25uua@okicici,2026-04-11
U003827,upi_lw8zi7nviv@okicici,2026-05-17
U003828,card_1565_7017b55b40,2026-01-16
U003829,card_9096_f1e8bda118,2026-05-14
U003830,upi_ng0ac6fi6o@ybl,2025-12-29
U003831,card_4999_55dad16843,2026-04-07
U003832,card_9949_0735a0d9e5,2026-06-19
U003833,upi_s5e1kkxvjl@okaxis,2026-03-28
U003834,upi_wvnnizvgch@ybl,2025-12-02
U003835,card_4590_d5c300447e,2025-10-21
U003836,card_3592_7c359b2bb8,2026-08-23
U003837,card_8668_cf61de63f1,2025-09-04
U003838,upi_hf3m1baj6n@okaxis,2026-03-18
U003839,upi_276ji6j5b7@ybl,2025-09-16
U003840,card_4453_1453daabf5,2025-12-23
U003841,card_6902_d302c33371,2026-03-20
U003842,upi_nwzlyeiw0p@okicici,2026-08-24
U003843,upi_v31ix1obj9@okicici,2026-01-23
U003844,upi_h9tbjkwcud@paytm,2026-08-24
U003845,upi_qey9enlkk3@paytm,2026-03-27
U003846,upi_ohxdr6nkbj@okaxis,2025-11-05
U003847,upi_fjho1ot4sx@oksbi,2026-04-28
U003848,upi_r8uopbtir1@ybl,2026-02-01
U003849,card_0723_ff838ed030,2026-04-01
U003850,card_9256_ac539cb51c,2026-01-09
U003851,card_7513_4395e97644,2026-07-23
U003852,upi_esjwqpwdf3@oksbi,2026-01-10
U003853,card_3903_7603460fb0,2026-04-15
U003854,upi_meeje8g1ob@okhdfcbank,2025-09-30
U003855,upi_o35f6s7pfr@okaxis,2026-02-09
U003856,card_5409_fa913c53aa,2026-07-04
U003857,card_5965_37fc71e42e,2025-09-08
U003858,card_6324_5f06d0f3a2,2026-05-27
U003859,upi_qhohabjel7@okhdfcbank,2026-08-15
U003860,card_8449_bed58996f4,2025-10-29
U003861,upi_45zxtv7ypi@okhdfcbank,2026-01-15
U003862,card_3779_f3b7e0d07e,2026-05-06
U003863,upi_0zja63m9p5@okhdfcbank,2026-07-19
U003864,upi_yxpznoypce@okaxis,2025-09-01
U003865,upi_ai9b8m875e@okaxis,2026-01-05
U003866,card_7425_d62168e04b,2026-05-19
U003867,upi_kcl9aziqew@okhdfcbank,2026-04-26
U003868,upi_t2oipsdgrr@oksbi,2025-12-08
U003869,upi_bg77127eso@okicici,2026-03-22
U003870,card_3813_dd20bc9155,2026-02-21
U003871,upi_r3fcogp01y@oksbi,2026-08-14
U003872,upi_axon58cpvf@okaxis,2025-12-24
U003873,upi_ntgs2mx74i@oksbi,2026-02-17
U003874,card_4897_f86dff93b3,2026-07-27
U003875,card_5370_5bafb80bff,2026-04-26
U003876,upi_af6xhog9uv@oksbi,2026-08-02
U003877,card_4329_c73f4bf7e8,2026-07-01
U003878,upi_7hqnd2m93d@oksbi,2026-04-01
U003879,upi_kw92ppwkdq@okhdfcbank,2025-11-22
U003880,upi_op56cwovgf@paytm,2026-04-24
U003881,upi_g25g4ga22l@okicici,2026-04-20
U003882,upi_768psqfdvd@okhdfcbank,2026-03-01
U003883,upi_7ip3f84c2s@okicici,2026-08-12
U003884,upi_hcbv0zvxem@okaxis,2026-06-06
U003885,card_0793_ae5962a11c,2026-07-21
U003886,card_4742_fa5b0e0e90,2025-11-14
U003887,upi_t2gqiasqph@oksbi,2026-06-15
U003888,card_4122_d3456c1a4f,2026-08-24
U003889,card_4147_acbdfac7f4,2026-01-15
U003890,upi_3gtolfc37a@okaxis,2026-08-08
U003891,upi_0g4rphnqgz@okhdfcbank,2026-04-21
U003892,card_3114_0726fd2e88,2026-07-08
U003893,card_1876_09c0a088b1,2025-09-25
U003894,upi_r6boo6hghh@ybl,2026-02-03
U003895,upi_hi95k0h652@okicici,2026-06-05
U003896,upi_ehwl1mqed8@oksbi,2025-11-29
U003897,card_3625_a5b53cdcfd,2025-11-25
U003898,card_4148_6fc202de2d,2025-10-23
U003899,card_3897_b28d641b8f,2026-05-13
U003900,card_8276_045ad00a04,2026-01-20
U003901,upi_zqtgvg48y8@okaxis,2026-05-12
U003902,upi_ccqlmqjcs8@paytm,2025-09-23
U003903,card_1940_c0e7619d53,2025-10-25
U003904,upi_tzrrro1xvt@okhdfcbank,2026-01-23
U003905,card_9295_186968ce8b,2026-01-19
U003906,upi_042d1dfcch@ybl,2025-12-05
U003907,upi_hc6evxd4up@paytm,2026-01-01
U003908,card_4800_5e9d1ceecf,2026-08-25
U003909,upi_uokx9fli5a@okicici,2026-08-12
U003910,card_9864_e5aaea8f31,2025-09-10
U003911,upi_6xxapmzpt8@ybl,2025-09-26
U003912,upi_60lp0ht03m@paytm,2026-06-26
U003913,upi_8j9hsrg638@oksbi,2026-03-04
U003914,card_7229_02234220be,2026-04-02
U003915,upi_2tg0e4tg2r@oksbi,2026-07-09
U003916,upi_ktr0qpm383@okicici,2026-03-03
U003917,card_0030_b3e1658a78,2026-02-17
U003918,upi_qzaz44lrho@oksbi,2026-06-28
U003919,card_9917_28f567381e,2026-02-27
U003920,card_7805_2a66a4d96f,2026-02-15
U003921,upi_ha4sacigfm@ybl,2026-05-13
U003922,card_4740_29da324378,2026-01-24
U003923,upi_6b8xy5ludw@okaxis,2026-05-02
U003924,upi_l5uqx0js99@okicici,2026-03-09
U003925,card_3580_c2d7d7680d,2025-12-02
U003926,card_1974_98eeef2bcd,2025-10-13
U003927,card_3398_bce6b3a2fa,2026-04-26
U003928,upi_j805kdwq46@okicici,2026-01-22
U003929,upi_3np5zeiccr@okicici,2026-07-05
U003930,upi_1ur4dzjnum@paytm,2026-01-04
U003931,upi_nr64h24wie@paytm,2026-02-12
U003932,upi_kdipjh86pc@okaxis,2025-12-13
U003933,upi_u0auscvyu9@okhdfcbank,2026-06-19
U003934,upi_asih6vhgvh@okhdfcbank,2025-11-28
U003935,upi_mgnolg8saj@okhdfcbank,2026-08-12
U003936,card_5620_4835d029aa,2026-04-07
U003937,upi_d5mj0npzqu@okaxis,2025-09-28
U003938,upi_0wy4g1s1rb@paytm,2026-05-24
U003939,upi_35o1fpx29w@ybl,2025-09-07
U003940,card_9795_b61db9ca27,2026-02-20
U003941,card_2547_db708e9beb,2026-04-25
U003942,card_8568_36ddb6c332,2026-01-06
U003943,card_0788_8a07337ac2,2025-10-23
U003944,upi_q0t5bvygwm@okaxis,2025-10-31
U003945,upi_5xuddmy9w1@ybl,2026-04-23
U003946,card_5507_02a26de881,2025-10-17
U003947,upi_cp8898wjje@okhdfcbank,2026-07-11
U003948,upi_rkqsye1rlo@okicici,2026-08-10
U003949,card_0799_c25c65a6cb,2025-12-10
U003950,upi_5pxii0bqi5@okaxis,2026-08-09
U003951,upi_ew5jbtvhzd@okhdfcbank,2026-03-18
U003952,card_6075_d584e72893,2026-06-01
U003953,upi_x39496wk7h@okaxis,2025-12-20
U003954,upi_7dmxdik58e@oksbi,2025-12-17
U003955,card_0682_61db38a759,2026-01-22
U003956,upi_x1aoasd4sw@paytm,2026-08-03
U003957,upi_3nzget3z1r@okhdfcbank,2025-11-29
U003958,card_2893_374c177e61,2025-11-12
U003959,upi_vq8yboy86r@okhdfcbank,2025-11-25
U003960,upi_eheowtojk0@paytm,2026-06-20
U003961,upi_5jbubyz67s@paytm,2026-04-13
U003962,upi_6u1aqda80s@paytm,2025-11-18
U003963,upi_r34b0e03dp@oksbi,2026-02-13
U003964,card_3157_b205a5edd7,2026-07-11
U003965,upi_v71l94ckaf@paytm,2025-10-06
U003966,upi_6jotcs4si0@ybl,2025-10-10
U003967,card_6682_2f21c3cace,2025-12-28
U003968,upi_2jugpcxwce@paytm,2025-10-02
U003969,upi_qdk1pwxxg2@ybl,2025-09-25
U003970,upi_f582wqwk7y@okhdfcbank,2026-07-25
U003971,upi_xtvp85peju@okhdfcbank,2026-05-01
U003972,card_9361_12badf74a3,2026-04-23
U003973,upi_q92286gswl@okhdfcbank,2026-02-10
U003974,card_2484_499050878e,2026-04-18
U003975,upi_1kapu1z4xj@okicici,2026-07-30
U003976,upi_dkknefv2gd@okhdfcbank,2025-12-23
U003977,card_5819_bde4b18c14,2026-02-01
U003978,card_6677_dacab17b67,2025-11-26
U003979,upi_c8wbv3z51h@okicici,2025-10-08
U003980,card_6657_6565c5fd9a,2026-07-10
U003981,upi_nnexwr37yb@ybl,2026-08-15
U003982,card_0558_3268b43f26,2026-03-31
U003983,card_3796_f1ad088816,2026-07-09
U003984,upi_k2fpbm967g@okhdfcbank,2026-03-03
U003985,upi_2szk0ir68q@paytm,2026-08-04
U003986,upi_cd7u0d5zel@okicici,2026-02-25
U003987,upi_ch77zkmcdn@okaxis,2026-06-15
U003988,upi_6wl2readwb@okaxis,2026-05-09
U003989,upi_x4o9dgcn9h@paytm,2026-04-08
U003990,upi_9y78o9ou7p@oksbi,2026-06-05
U003991,card_2060_752a2edd68,2026-02-26
U003992,upi_1gvb96875w@oksbi,2025-10-20
U003993,upi_e8ztrvxxoj@okicici,2026-08-13
U003994,card_7248_d0c3957485,2025-09-07
U003995,upi_euxs6toh9j@okaxis,2025-10-05
U003996,upi_8zf48deyv9@okhdfcbank,2025-12-31
U003997,upi_bpufgofywe@okicici,2026-06-13
U003998,card_5450_ef420b8982,2026-07-22
U003999,card_6792_e9e4daa2ca,2026-02-06
U004000,upi_s0m9dyc8yq@okhdfcbank,2026-01-26
